"generator","scenario","correlation","correlation_level","n_time","family","gamlss_family","rep","seed","method","success","fit_success","sandwich_success","elapsed_sec","fit_elapsed_sec","sandwich_elapsed_sec","error","warning"
"external","external_exchangeable_moderate_t20","exchangeable","moderate",20,"gaussian","NO",1,20260613,"rs_joint_sandwich",TRUE,TRUE,TRUE,4.64569687843323,3.64977788925171,0.995918989181519,,""
"external","external_exchangeable_moderate_t20","exchangeable","moderate",20,"gaussian","NO",2,20260614,"rs_joint_sandwich",TRUE,TRUE,TRUE,2.28508996963501,1.58935189247131,0.695738077163696,,""
"external","external_exchangeable_moderate_t20","exchangeable","moderate",20,"gaussian","NO",3,20260615,"rs_joint_sandwich",TRUE,TRUE,TRUE,3.06263518333435,2.16617107391357,0.896464109420776,,""
"external","external_exchangeable_moderate_t20","exchangeable","moderate",20,"gaussian","NO",4,20260616,"rs_joint_sandwich",TRUE,TRUE,TRUE,2.01449990272522,1.3917088508606,0.622791051864624,,""
"external","external_exchangeable_moderate_t20","exchangeable","moderate",20,"gaussian","NO",5,20260617,"rs_joint_sandwich",TRUE,TRUE,TRUE,2.82277679443359,2.20883893966675,0.613937854766846,,""
"external","external_exchangeable_moderate_t20","exchangeable","moderate",20,"gaussian","NO",6,20260618,"rs_joint_sandwich",TRUE,TRUE,TRUE,2.39404392242432,1.82061409950256,0.573429822921753,,""
"external","external_exchangeable_moderate_t20","exchangeable","moderate",20,"gaussian","NO",7,20260619,"rs_joint_sandwich",TRUE,TRUE,TRUE,2.33044624328613,1.7101731300354,0.620273113250732,,""
"external","external_exchangeable_moderate_t20","exchangeable","moderate",20,"gaussian","NO",8,20260620,"rs_joint_sandwich",TRUE,TRUE,TRUE,2.06625986099243,1.54263091087341,0.523628950119019,,""
"external","external_exchangeable_moderate_t20","exchangeable","moderate",20,"gaussian","NO",9,20260621,"rs_joint_sandwich",TRUE,TRUE,TRUE,2.54465675354004,1.9182288646698,0.626427888870239,,""
"external","external_exchangeable_moderate_t20","exchangeable","moderate",20,"gaussian","NO",10,20260622,"rs_joint_sandwich",TRUE,TRUE,TRUE,2.13636374473572,1.533686876297,0.602676868438721,,""
"external","external_exchangeable_moderate_t20","exchangeable","moderate",20,"gaussian","NO",11,20260623,"rs_joint_sandwich",TRUE,TRUE,TRUE,3.13195419311523,2.64698505401611,0.484969139099121,,""
"external","external_exchangeable_moderate_t20","exchangeable","moderate",20,"gaussian","NO",12,20260624,"rs_joint_sandwich",TRUE,TRUE,TRUE,3.50186991691589,3.01762795448303,0.484241962432861,,""
"external","external_exchangeable_moderate_t20","exchangeable","moderate",20,"gaussian","NO",13,20260625,"rs_joint_sandwich",TRUE,TRUE,TRUE,2.55144095420837,2.10718703269958,0.444253921508789,,""
"external","external_exchangeable_moderate_t20","exchangeable","moderate",20,"gaussian","NO",14,20260626,"rs_joint_sandwich",TRUE,TRUE,TRUE,2.60697484016418,2.05661392211914,0.550360918045044,,""
"external","external_exchangeable_moderate_t20","exchangeable","moderate",20,"gaussian","NO",15,20260627,"rs_joint_sandwich",TRUE,TRUE,TRUE,2.71873712539673,2.22806596755981,0.490671157836914,,""
"external","external_exchangeable_moderate_t20","exchangeable","moderate",20,"gaussian","NO",16,20260628,"rs_joint_sandwich",TRUE,TRUE,TRUE,2.92643117904663,2.38267111778259,0.543760061264038,,""
"external","external_exchangeable_moderate_t20","exchangeable","moderate",20,"gaussian","NO",17,20260629,"rs_joint_sandwich",TRUE,TRUE,TRUE,1.86925506591797,1.3764910697937,0.492763996124268,,""
"external","external_exchangeable_moderate_t20","exchangeable","moderate",20,"gaussian","NO",18,20260630,"rs_joint_sandwich",TRUE,TRUE,TRUE,2.82172918319702,2.37938022613525,0.442348957061768,,""
"external","external_exchangeable_moderate_t20","exchangeable","moderate",20,"gaussian","NO",19,20260631,"rs_joint_sandwich",TRUE,TRUE,TRUE,2.61814904212952,2.02778506278992,0.5903639793396,,""
"external","external_exchangeable_moderate_t20","exchangeable","moderate",20,"gaussian","NO",20,20260632,"rs_joint_sandwich",TRUE,TRUE,TRUE,2.00787472724915,1.51964092254639,0.488233804702759,,""
"external","external_exchangeable_moderate_t20","exchangeable","moderate",20,"gamma","GA",1,20260633,"rs_joint_sandwich",TRUE,TRUE,TRUE,3.74281406402588,3.12106513977051,0.621748924255371,,""
"external","external_exchangeable_moderate_t20","exchangeable","moderate",20,"gamma","GA",2,20260634,"rs_joint_sandwich",TRUE,TRUE,TRUE,3.34068512916565,2.80610299110413,0.534582138061523,,""
"external","external_exchangeable_moderate_t20","exchangeable","moderate",20,"gamma","GA",3,20260635,"rs_joint_sandwich",TRUE,TRUE,TRUE,3.43518805503845,2.86885809898376,0.566329956054688,,""
"external","external_exchangeable_moderate_t20","exchangeable","moderate",20,"gamma","GA",4,20260636,"rs_joint_sandwich",TRUE,TRUE,TRUE,3.97995495796204,3.31162285804749,0.668332099914551,,""
"external","external_exchangeable_moderate_t20","exchangeable","moderate",20,"gamma","GA",5,20260637,"rs_joint_sandwich",TRUE,TRUE,TRUE,3.19646120071411,2.69185304641724,0.504608154296875,,""
"external","external_exchangeable_moderate_t20","exchangeable","moderate",20,"gamma","GA",6,20260638,"rs_joint_sandwich",TRUE,TRUE,TRUE,3.20825624465942,2.71529603004456,0.492960214614868,,""
"external","external_exchangeable_moderate_t20","exchangeable","moderate",20,"gamma","GA",7,20260639,"rs_joint_sandwich",TRUE,TRUE,TRUE,4.31184792518616,3.7043149471283,0.607532978057861,,""
"external","external_exchangeable_moderate_t20","exchangeable","moderate",20,"gamma","GA",8,20260640,"rs_joint_sandwich",TRUE,TRUE,TRUE,3.2996141910553,2.7031581401825,0.596456050872803,,""
"external","external_exchangeable_moderate_t20","exchangeable","moderate",20,"gamma","GA",9,20260641,"rs_joint_sandwich",TRUE,TRUE,TRUE,3.53123307228088,3.01226496696472,0.518968105316162,,""
"external","external_exchangeable_moderate_t20","exchangeable","moderate",20,"gamma","GA",10,20260642,"rs_joint_sandwich",TRUE,TRUE,TRUE,3.0272319316864,2.45853900909424,0.568692922592163,,""
"external","external_exchangeable_moderate_t20","exchangeable","moderate",20,"gamma","GA",11,20260643,"rs_joint_sandwich",TRUE,TRUE,TRUE,3.46542763710022,2.83593082427979,0.629496812820435,,""
"external","external_exchangeable_moderate_t20","exchangeable","moderate",20,"gamma","GA",12,20260644,"rs_joint_sandwich",TRUE,TRUE,TRUE,4.12684178352356,3.56716084480286,0.559680938720703,,""
"external","external_exchangeable_moderate_t20","exchangeable","moderate",20,"gamma","GA",13,20260645,"rs_joint_sandwich",TRUE,TRUE,TRUE,3.65340185165405,3.00696396827698,0.646437883377075,,""
"external","external_exchangeable_moderate_t20","exchangeable","moderate",20,"gamma","GA",14,20260646,"rs_joint_sandwich",TRUE,TRUE,TRUE,3.48247480392456,2.65140199661255,0.831072807312012,,""
"external","external_exchangeable_moderate_t20","exchangeable","moderate",20,"gamma","GA",15,20260647,"rs_joint_sandwich",TRUE,TRUE,TRUE,3.27933096885681,2.77903413772583,0.500296831130981,,""
"external","external_exchangeable_moderate_t20","exchangeable","moderate",20,"gamma","GA",16,20260648,"rs_joint_sandwich",TRUE,TRUE,TRUE,3.67274165153503,3.17772579193115,0.495015859603882,,""
"external","external_exchangeable_moderate_t20","exchangeable","moderate",20,"gamma","GA",17,20260649,"rs_joint_sandwich",TRUE,TRUE,TRUE,2.66640400886536,2.08612895011902,0.580275058746338,,""
"external","external_exchangeable_moderate_t20","exchangeable","moderate",20,"gamma","GA",18,20260650,"rs_joint_sandwich",TRUE,TRUE,TRUE,2.93089389801025,2.31235790252686,0.618535995483398,,""
"external","external_exchangeable_moderate_t20","exchangeable","moderate",20,"gamma","GA",19,20260651,"rs_joint_sandwich",TRUE,TRUE,TRUE,3.77433919906616,3.14043712615967,0.633902072906494,,""
"external","external_exchangeable_moderate_t20","exchangeable","moderate",20,"gamma","GA",20,20260652,"rs_joint_sandwich",TRUE,TRUE,TRUE,3.43777990341187,2.6837010383606,0.75407886505127,,""
"external","external_exchangeable_moderate_t20","exchangeable","moderate",20,"binary","BI",1,20260673,"rs_joint_sandwich",TRUE,TRUE,TRUE,12.9969930648804,10.4507870674133,2.54620599746704,,"Analytical Hessian for zero-heavy discrete margins may be numerically delicate; Analytical Hessian is not yet implemented for exact discrete rectangle likelihoods; falling back to numerical Hessian. | Analytical Hessian for zero-heavy discrete margins may be numerically delicate; Analytical Hessian is not yet implemented for exact discrete rectangle likelihoods; falling back to numerical Hessian."
"external","external_exchangeable_moderate_t20","exchangeable","moderate",20,"binary","BI",2,20260674,"rs_joint_sandwich",TRUE,TRUE,TRUE,12.0804541110992,9.22879910469055,2.85165500640869,,"Analytical Hessian for zero-heavy discrete margins may be numerically delicate; Analytical Hessian is not yet implemented for exact discrete rectangle likelihoods; falling back to numerical Hessian. | Analytical Hessian for zero-heavy discrete margins may be numerically delicate; Analytical Hessian is not yet implemented for exact discrete rectangle likelihoods; falling back to numerical Hessian."
"external","external_exchangeable_moderate_t20","exchangeable","moderate",20,"binary","BI",3,20260675,"rs_joint_sandwich",TRUE,TRUE,TRUE,14.2930870056152,11.5196211338043,2.77346587181091,,"Analytical Hessian for zero-heavy discrete margins may be numerically delicate; Analytical Hessian is not yet implemented for exact discrete rectangle likelihoods; falling back to numerical Hessian. | Analytical Hessian for zero-heavy discrete margins may be numerically delicate; Analytical Hessian is not yet implemented for exact discrete rectangle likelihoods; falling back to numerical Hessian."
"external","external_exchangeable_moderate_t20","exchangeable","moderate",20,"binary","BI",4,20260676,"rs_joint_sandwich",TRUE,TRUE,TRUE,13.1647899150848,10.536721944809,2.62806797027588,,"Analytical Hessian for zero-heavy discrete margins may be numerically delicate; Analytical Hessian is not yet implemented for exact discrete rectangle likelihoods; falling back to numerical Hessian. | Analytical Hessian for zero-heavy discrete margins may be numerically delicate; Analytical Hessian is not yet implemented for exact discrete rectangle likelihoods; falling back to numerical Hessian."
"external","external_exchangeable_moderate_t20","exchangeable","moderate",20,"binary","BI",5,20260677,"rs_joint_sandwich",TRUE,TRUE,TRUE,14.2338600158691,11.6481709480286,2.58568906784058,,"Analytical Hessian for zero-heavy discrete margins may be numerically delicate; Analytical Hessian is not yet implemented for exact discrete rectangle likelihoods; falling back to numerical Hessian. | Analytical Hessian for zero-heavy discrete margins may be numerically delicate; Analytical Hessian is not yet implemented for exact discrete rectangle likelihoods; falling back to numerical Hessian."
"external","external_exchangeable_moderate_t20","exchangeable","moderate",20,"binary","BI",6,20260678,"rs_joint_sandwich",TRUE,TRUE,TRUE,16.2019731998444,13.7935020923615,2.40847110748291,,"Analytical Hessian for zero-heavy discrete margins may be numerically delicate; Analytical Hessian is not yet implemented for exact discrete rectangle likelihoods; falling back to numerical Hessian. | Analytical Hessian for zero-heavy discrete margins may be numerically delicate; Analytical Hessian is not yet implemented for exact discrete rectangle likelihoods; falling back to numerical Hessian."
"external","external_exchangeable_moderate_t20","exchangeable","moderate",20,"binary","BI",7,20260679,"rs_joint_sandwich",TRUE,TRUE,TRUE,13.8544209003448,11.042603969574,2.81181693077087,,"Analytical Hessian for zero-heavy discrete margins may be numerically delicate; Analytical Hessian is not yet implemented for exact discrete rectangle likelihoods; falling back to numerical Hessian. | Analytical Hessian for zero-heavy discrete margins may be numerically delicate; Analytical Hessian is not yet implemented for exact discrete rectangle likelihoods; falling back to numerical Hessian."
"external","external_exchangeable_moderate_t20","exchangeable","moderate",20,"binary","BI",8,20260680,"rs_joint_sandwich",TRUE,TRUE,TRUE,17.4199740886688,15.0287020206451,2.39127206802368,,"Analytical Hessian for zero-heavy discrete margins may be numerically delicate; Analytical Hessian is not yet implemented for exact discrete rectangle likelihoods; falling back to numerical Hessian. | Analytical Hessian for zero-heavy discrete margins may be numerically delicate; Analytical Hessian is not yet implemented for exact discrete rectangle likelihoods; falling back to numerical Hessian."
"external","external_exchangeable_moderate_t20","exchangeable","moderate",20,"binary","BI",9,20260681,"rs_joint_sandwich",TRUE,TRUE,TRUE,14.263200044632,11.4704711437225,2.79272890090942,,"Analytical Hessian for zero-heavy discrete margins may be numerically delicate; Analytical Hessian is not yet implemented for exact discrete rectangle likelihoods; falling back to numerical Hessian. | Analytical Hessian for zero-heavy discrete margins may be numerically delicate; Analytical Hessian is not yet implemented for exact discrete rectangle likelihoods; falling back to numerical Hessian."
"external","external_exchangeable_moderate_t20","exchangeable","moderate",20,"binary","BI",10,20260682,"rs_joint_sandwich",TRUE,TRUE,TRUE,14.8514561653137,12.3615431785583,2.48991298675537,,"Analytical Hessian for zero-heavy discrete margins may be numerically delicate; Analytical Hessian is not yet implemented for exact discrete rectangle likelihoods; falling back to numerical Hessian. | Analytical Hessian for zero-heavy discrete margins may be numerically delicate; Analytical Hessian is not yet implemented for exact discrete rectangle likelihoods; falling back to numerical Hessian."
"external","external_exchangeable_moderate_t20","exchangeable","moderate",20,"binary","BI",11,20260683,"rs_joint_sandwich",TRUE,TRUE,TRUE,19.5523688793182,15.6270189285278,3.92534995079041,,"Analytical Hessian for zero-heavy discrete margins may be numerically delicate; Analytical Hessian is not yet implemented for exact discrete rectangle likelihoods; falling back to numerical Hessian. | Analytical Hessian for zero-heavy discrete margins may be numerically delicate; Analytical Hessian is not yet implemented for exact discrete rectangle likelihoods; falling back to numerical Hessian."
"external","external_exchangeable_moderate_t20","exchangeable","moderate",20,"binary","BI",12,20260684,"rs_joint_sandwich",TRUE,TRUE,TRUE,20.6706490516663,16.7590808868408,3.91156816482544,,"Analytical Hessian for zero-heavy discrete margins may be numerically delicate; Analytical Hessian is not yet implemented for exact discrete rectangle likelihoods; falling back to numerical Hessian. | Analytical Hessian for zero-heavy discrete margins may be numerically delicate; Analytical Hessian is not yet implemented for exact discrete rectangle likelihoods; falling back to numerical Hessian."
"external","external_exchangeable_moderate_t20","exchangeable","moderate",20,"binary","BI",13,20260685,"rs_joint_sandwich",TRUE,TRUE,TRUE,16.3514809608459,12.7534229755402,3.59805798530579,,"Analytical Hessian for zero-heavy discrete margins may be numerically delicate; Analytical Hessian is not yet implemented for exact discrete rectangle likelihoods; falling back to numerical Hessian. | Analytical Hessian for zero-heavy discrete margins may be numerically delicate; Analytical Hessian is not yet implemented for exact discrete rectangle likelihoods; falling back to numerical Hessian."
"external","external_exchangeable_moderate_t20","exchangeable","moderate",20,"binary","BI",14,20260686,"rs_joint_sandwich",TRUE,TRUE,TRUE,21.3868229389191,17.7253770828247,3.66144585609436,,"Analytical Hessian for zero-heavy discrete margins may be numerically delicate; Analytical Hessian is not yet implemented for exact discrete rectangle likelihoods; falling back to numerical Hessian. | Analytical Hessian for zero-heavy discrete margins may be numerically delicate; Analytical Hessian is not yet implemented for exact discrete rectangle likelihoods; falling back to numerical Hessian."
"external","external_exchangeable_moderate_t20","exchangeable","moderate",20,"binary","BI",15,20260687,"rs_joint_sandwich",TRUE,TRUE,TRUE,16.6039001941681,12.8363699913025,3.7675302028656,,"Analytical Hessian for zero-heavy discrete margins may be numerically delicate; Analytical Hessian is not yet implemented for exact discrete rectangle likelihoods; falling back to numerical Hessian. | Analytical Hessian for zero-heavy discrete margins may be numerically delicate; Analytical Hessian is not yet implemented for exact discrete rectangle likelihoods; falling back to numerical Hessian."
"external","external_exchangeable_moderate_t20","exchangeable","moderate",20,"binary","BI",16,20260688,"rs_joint_sandwich",TRUE,TRUE,TRUE,17.9574048519135,14.2982769012451,3.65912795066833,,"Analytical Hessian for zero-heavy discrete margins may be numerically delicate; Analytical Hessian is not yet implemented for exact discrete rectangle likelihoods; falling back to numerical Hessian. | Analytical Hessian for zero-heavy discrete margins may be numerically delicate; Analytical Hessian is not yet implemented for exact discrete rectangle likelihoods; falling back to numerical Hessian."
"external","external_exchangeable_moderate_t20","exchangeable","moderate",20,"binary","BI",17,20260689,"rs_joint_sandwich",TRUE,TRUE,TRUE,20.6668269634247,16.9067139625549,3.76011300086975,,"Analytical Hessian for zero-heavy discrete margins may be numerically delicate; Analytical Hessian is not yet implemented for exact discrete rectangle likelihoods; falling back to numerical Hessian. | Analytical Hessian for zero-heavy discrete margins may be numerically delicate; Analytical Hessian is not yet implemented for exact discrete rectangle likelihoods; falling back to numerical Hessian."
"external","external_exchangeable_moderate_t20","exchangeable","moderate",20,"binary","BI",18,20260690,"rs_joint_sandwich",TRUE,TRUE,TRUE,20.557165145874,16.5686590671539,3.98850607872009,,"Analytical Hessian for zero-heavy discrete margins may be numerically delicate; Analytical Hessian is not yet implemented for exact discrete rectangle likelihoods; falling back to numerical Hessian. | Analytical Hessian for zero-heavy discrete margins may be numerically delicate; Analytical Hessian is not yet implemented for exact discrete rectangle likelihoods; falling back to numerical Hessian."
"external","external_exchangeable_moderate_t20","exchangeable","moderate",20,"binary","BI",19,20260691,"rs_joint_sandwich",TRUE,TRUE,TRUE,20.1044270992279,16.4784080982208,3.62601900100708,,"Analytical Hessian for zero-heavy discrete margins may be numerically delicate; Analytical Hessian is not yet implemented for exact discrete rectangle likelihoods; falling back to numerical Hessian. | Analytical Hessian for zero-heavy discrete margins may be numerically delicate; Analytical Hessian is not yet implemented for exact discrete rectangle likelihoods; falling back to numerical Hessian."
"external","external_exchangeable_moderate_t20","exchangeable","moderate",20,"binary","BI",20,20260692,"rs_joint_sandwich",TRUE,TRUE,TRUE,21.7887709140778,18.2482509613037,3.54051995277405,,"Analytical Hessian for zero-heavy discrete margins may be numerically delicate; Analytical Hessian is not yet implemented for exact discrete rectangle likelihoods; falling back to numerical Hessian. | Analytical Hessian for zero-heavy discrete margins may be numerically delicate; Analytical Hessian is not yet implemented for exact discrete rectangle likelihoods; falling back to numerical Hessian."
"external","external_exchangeable_high_t20","exchangeable","high",20,"gaussian","NO",1,20260693,"rs_joint_sandwich",TRUE,TRUE,TRUE,3.22469305992126,2.31470799446106,0.909985065460205,,""
"external","external_exchangeable_high_t20","exchangeable","high",20,"gaussian","NO",2,20260694,"rs_joint_sandwich",TRUE,TRUE,TRUE,6.29477214813232,5.60576295852661,0.689009189605713,,""
"external","external_exchangeable_high_t20","exchangeable","high",20,"gaussian","NO",3,20260695,"rs_joint_sandwich",TRUE,TRUE,TRUE,6.34551215171814,5.52039003372192,0.825122117996216,,""
"external","external_exchangeable_high_t20","exchangeable","high",20,"gaussian","NO",4,20260696,"rs_joint_sandwich",TRUE,TRUE,TRUE,5.39038276672363,4.5763418674469,0.814040899276733,,""
"external","external_exchangeable_high_t20","exchangeable","high",20,"gaussian","NO",5,20260697,"rs_joint_sandwich",TRUE,TRUE,TRUE,8.52268385887146,7.81064891815186,0.712034940719604,,""
"external","external_exchangeable_high_t20","exchangeable","high",20,"gaussian","NO",6,20260698,"rs_joint_sandwich",TRUE,TRUE,TRUE,5.93263387680054,5.12223410606384,0.810399770736694,,""
"external","external_exchangeable_high_t20","exchangeable","high",20,"gaussian","NO",7,20260699,"rs_joint_sandwich",TRUE,TRUE,TRUE,5.40372705459595,4.71739196777344,0.68633508682251,,""
"external","external_exchangeable_high_t20","exchangeable","high",20,"gaussian","NO",8,20260700,"rs_joint_sandwich",TRUE,TRUE,TRUE,5.90056991577148,5.12729096412659,0.773278951644897,,""
"external","external_exchangeable_high_t20","exchangeable","high",20,"gaussian","NO",9,20260701,"rs_joint_sandwich",TRUE,TRUE,TRUE,7.22715711593628,6.44141101837158,0.785746097564697,,""
"external","external_exchangeable_high_t20","exchangeable","high",20,"gaussian","NO",10,20260702,"rs_joint_sandwich",TRUE,TRUE,TRUE,4.96995401382446,4.24307703971863,0.726876974105835,,""
"external","external_exchangeable_high_t20","exchangeable","high",20,"gaussian","NO",11,20260703,"rs_joint_sandwich",TRUE,TRUE,TRUE,4.190105676651,3.31239080429077,0.877714872360229,,""
"external","external_exchangeable_high_t20","exchangeable","high",20,"gaussian","NO",12,20260704,"rs_joint_sandwich",TRUE,TRUE,TRUE,4.82362604141235,4.09103894233704,0.732587099075317,,""
"external","external_exchangeable_high_t20","exchangeable","high",20,"gaussian","NO",13,20260705,"rs_joint_sandwich",TRUE,TRUE,TRUE,9.29739308357239,8.47482705116272,0.822566032409668,,""
"external","external_exchangeable_high_t20","exchangeable","high",20,"gaussian","NO",14,20260706,"rs_joint_sandwich",TRUE,TRUE,TRUE,5.30116105079651,4.60131597518921,0.6998450756073,,""
"external","external_exchangeable_high_t20","exchangeable","high",20,"gaussian","NO",15,20260707,"rs_joint_sandwich",TRUE,TRUE,TRUE,6.16908693313599,5.27995991706848,0.889127016067505,,""
"external","external_exchangeable_high_t20","exchangeable","high",20,"gaussian","NO",16,20260708,"rs_joint_sandwich",TRUE,TRUE,TRUE,6.33761811256409,5.59456706047058,0.743051052093506,,""
"external","external_exchangeable_high_t20","exchangeable","high",20,"gaussian","NO",17,20260709,"rs_joint_sandwich",TRUE,TRUE,TRUE,5.9980411529541,5.22994709014893,0.768094062805176,,""
"external","external_exchangeable_high_t20","exchangeable","high",20,"gaussian","NO",18,20260710,"rs_joint_sandwich",TRUE,TRUE,TRUE,5.67948293685913,4.88766598701477,0.79181694984436,,""
"external","external_exchangeable_high_t20","exchangeable","high",20,"gaussian","NO",19,20260711,"rs_joint_sandwich",TRUE,TRUE,TRUE,6.30699992179871,4.99439692497253,1.31260299682617,,""
"external","external_exchangeable_high_t20","exchangeable","high",20,"gaussian","NO",20,20260712,"rs_joint_sandwich",TRUE,TRUE,TRUE,5.2421510219574,4.56971788406372,0.672433137893677,,""
"external","external_exchangeable_high_t20","exchangeable","high",20,"gamma","GA",1,20260713,"rs_joint_sandwich",TRUE,TRUE,TRUE,7.9746150970459,7.13880491256714,0.83581018447876,,""
"external","external_exchangeable_high_t20","exchangeable","high",20,"gamma","GA",2,20260714,"rs_joint_sandwich",TRUE,TRUE,TRUE,12.7797410488129,11.9479231834412,0.831817865371704,,""
"external","external_exchangeable_high_t20","exchangeable","high",20,"gamma","GA",3,20260715,"rs_joint_sandwich",TRUE,TRUE,TRUE,10.5803251266479,9.79350399971008,0.786821126937866,,""
"external","external_exchangeable_high_t20","exchangeable","high",20,"gamma","GA",4,20260716,"rs_joint_sandwich",TRUE,TRUE,TRUE,10.3378391265869,9.49697399139404,0.840865135192871,,""
"external","external_exchangeable_high_t20","exchangeable","high",20,"gamma","GA",5,20260717,"rs_joint_sandwich",TRUE,TRUE,TRUE,11.3401131629944,10.432165145874,0.907948017120361,,""
"external","external_exchangeable_high_t20","exchangeable","high",20,"gamma","GA",6,20260718,"rs_joint_sandwich",TRUE,TRUE,TRUE,8.47710299491882,7.55134797096252,0.925755023956299,,""
"external","external_exchangeable_high_t20","exchangeable","high",20,"gamma","GA",7,20260719,"rs_joint_sandwich",TRUE,TRUE,TRUE,11.6512799263,10.8911149501801,0.760164976119995,,""
"external","external_exchangeable_high_t20","exchangeable","high",20,"gamma","GA",8,20260720,"rs_joint_sandwich",TRUE,TRUE,TRUE,7.10959410667419,6.31737995147705,0.792214155197144,,""
"external","external_exchangeable_high_t20","exchangeable","high",20,"gamma","GA",9,20260721,"rs_joint_sandwich",TRUE,TRUE,TRUE,10.6374490261078,9.84439396858215,0.793055057525635,,""
"external","external_exchangeable_high_t20","exchangeable","high",20,"gamma","GA",10,20260722,"rs_joint_sandwich",TRUE,TRUE,TRUE,12.9343140125275,12.2105259895325,0.723788022994995,,""
"external","external_exchangeable_high_t20","exchangeable","high",20,"gamma","GA",11,20260723,"rs_joint_sandwich",TRUE,TRUE,TRUE,8.3321738243103,7.49394202232361,0.838231801986694,,""
"external","external_exchangeable_high_t20","exchangeable","high",20,"gamma","GA",12,20260724,"rs_joint_sandwich",TRUE,TRUE,TRUE,10.3423190116882,9.5644428730011,0.777876138687134,,""
"external","external_exchangeable_high_t20","exchangeable","high",20,"gamma","GA",13,20260725,"rs_joint_sandwich",TRUE,TRUE,TRUE,7.57452726364136,6.32995510101318,1.24457216262817,,""
"external","external_exchangeable_high_t20","exchangeable","high",20,"gamma","GA",14,20260726,"rs_joint_sandwich",TRUE,TRUE,TRUE,8.50456094741821,7.65109586715698,0.85346508026123,,""
"external","external_exchangeable_high_t20","exchangeable","high",20,"gamma","GA",15,20260727,"rs_joint_sandwich",TRUE,TRUE,TRUE,11.7331690788269,10.8918550014496,0.841314077377319,,""
"external","external_exchangeable_high_t20","exchangeable","high",20,"gamma","GA",16,20260728,"rs_joint_sandwich",TRUE,TRUE,TRUE,7.13221621513367,6.33200407028198,0.800212144851685,,""
"external","external_exchangeable_high_t20","exchangeable","high",20,"gamma","GA",17,20260729,"rs_joint_sandwich",TRUE,TRUE,TRUE,9.75173997879028,8.98372602462769,0.768013954162598,,""
"external","external_exchangeable_high_t20","exchangeable","high",20,"gamma","GA",18,20260730,"rs_joint_sandwich",TRUE,TRUE,TRUE,5.63883304595947,4.75802993774414,0.880803108215332,,""
"external","external_exchangeable_high_t20","exchangeable","high",20,"gamma","GA",19,20260731,"rs_joint_sandwich",TRUE,TRUE,TRUE,10.1895799636841,9.37302088737488,0.816559076309204,,""
"external","external_exchangeable_high_t20","exchangeable","high",20,"gamma","GA",20,20260732,"rs_joint_sandwich",TRUE,TRUE,TRUE,11.7834079265594,10.2728588581085,1.51054906845093,,""
"external","external_exchangeable_high_t20","exchangeable","high",20,"binary","BI",1,20260753,"rs_joint_sandwich",TRUE,TRUE,TRUE,18.0983180999756,14.5514740943909,3.54684400558472,,"Analytical Hessian for zero-heavy discrete margins may be numerically delicate; Analytical Hessian is not yet implemented for exact discrete rectangle likelihoods; falling back to numerical Hessian. | Analytical Hessian for zero-heavy discrete margins may be numerically delicate; Analytical Hessian is not yet implemented for exact discrete rectangle likelihoods; falling back to numerical Hessian."
"external","external_exchangeable_high_t20","exchangeable","high",20,"binary","BI",2,20260754,"rs_joint_sandwich",TRUE,TRUE,TRUE,21.0627357959747,17.2878928184509,3.7748429775238,,"Analytical Hessian for zero-heavy discrete margins may be numerically delicate; Analytical Hessian is not yet implemented for exact discrete rectangle likelihoods; falling back to numerical Hessian. | Analytical Hessian for zero-heavy discrete margins may be numerically delicate; Analytical Hessian is not yet implemented for exact discrete rectangle likelihoods; falling back to numerical Hessian."
"external","external_exchangeable_high_t20","exchangeable","high",20,"binary","BI",3,20260755,"rs_joint_sandwich",TRUE,TRUE,TRUE,20.4767777919769,16.2640650272369,4.21271276473999,,"Analytical Hessian for zero-heavy discrete margins may be numerically delicate; Analytical Hessian is not yet implemented for exact discrete rectangle likelihoods; falling back to numerical Hessian. | Analytical Hessian for zero-heavy discrete margins may be numerically delicate; Analytical Hessian is not yet implemented for exact discrete rectangle likelihoods; falling back to numerical Hessian."
"external","external_exchangeable_high_t20","exchangeable","high",20,"binary","BI",4,20260756,"rs_joint_sandwich",TRUE,TRUE,TRUE,17.9796211719513,13.7989890575409,4.1806321144104,,"Analytical Hessian for zero-heavy discrete margins may be numerically delicate; Analytical Hessian is not yet implemented for exact discrete rectangle likelihoods; falling back to numerical Hessian. | Analytical Hessian for zero-heavy discrete margins may be numerically delicate; Analytical Hessian is not yet implemented for exact discrete rectangle likelihoods; falling back to numerical Hessian."
"external","external_exchangeable_high_t20","exchangeable","high",20,"binary","BI",5,20260757,"rs_joint_sandwich",TRUE,TRUE,TRUE,27.9632208347321,24.2115588188171,3.75166201591492,,"Analytical Hessian for zero-heavy discrete margins may be numerically delicate; Analytical Hessian is not yet implemented for exact discrete rectangle likelihoods; falling back to numerical Hessian. | Analytical Hessian for zero-heavy discrete margins may be numerically delicate; Analytical Hessian is not yet implemented for exact discrete rectangle likelihoods; falling back to numerical Hessian."
"external","external_exchangeable_high_t20","exchangeable","high",20,"binary","BI",6,20260758,"rs_joint_sandwich",TRUE,TRUE,TRUE,19.9336121082306,15.8366980552673,4.09691405296326,,"Analytical Hessian for zero-heavy discrete margins may be numerically delicate; Analytical Hessian is not yet implemented for exact discrete rectangle likelihoods; falling back to numerical Hessian. | Analytical Hessian for zero-heavy discrete margins may be numerically delicate; Analytical Hessian is not yet implemented for exact discrete rectangle likelihoods; falling back to numerical Hessian."
"external","external_exchangeable_high_t20","exchangeable","high",20,"binary","BI",7,20260759,"rs_joint_sandwich",TRUE,TRUE,TRUE,20.1249289512634,15.9954199790955,4.12950897216797,,"Analytical Hessian for zero-heavy discrete margins may be numerically delicate; Analytical Hessian is not yet implemented for exact discrete rectangle likelihoods; falling back to numerical Hessian. | Analytical Hessian for zero-heavy discrete margins may be numerically delicate; Analytical Hessian is not yet implemented for exact discrete rectangle likelihoods; falling back to numerical Hessian."
"external","external_exchangeable_high_t20","exchangeable","high",20,"binary","BI",8,20260760,"rs_joint_sandwich",TRUE,TRUE,TRUE,22.7429802417755,18.8497531414032,3.89322710037231,,"Analytical Hessian for zero-heavy discrete margins may be numerically delicate; Analytical Hessian is not yet implemented for exact discrete rectangle likelihoods; falling back to numerical Hessian. | Analytical Hessian for zero-heavy discrete margins may be numerically delicate; Analytical Hessian is not yet implemented for exact discrete rectangle likelihoods; falling back to numerical Hessian."
"external","external_exchangeable_high_t20","exchangeable","high",20,"binary","BI",9,20260761,"rs_joint_sandwich",TRUE,TRUE,TRUE,17.8131430149078,13.6203849315643,4.19275808334351,,"Analytical Hessian for zero-heavy discrete margins may be numerically delicate; Analytical Hessian is not yet implemented for exact discrete rectangle likelihoods; falling back to numerical Hessian. | Analytical Hessian for zero-heavy discrete margins may be numerically delicate; Analytical Hessian is not yet implemented for exact discrete rectangle likelihoods; falling back to numerical Hessian."
"external","external_exchangeable_high_t20","exchangeable","high",20,"binary","BI",10,20260762,"rs_joint_sandwich",TRUE,TRUE,TRUE,31.7323999404907,27.3631660938263,4.36923384666443,,"Analytical Hessian for zero-heavy discrete margins may be numerically delicate; Analytical Hessian is not yet implemented for exact discrete rectangle likelihoods; falling back to numerical Hessian. | Analytical Hessian for zero-heavy discrete margins may be numerically delicate; Analytical Hessian is not yet implemented for exact discrete rectangle likelihoods; falling back to numerical Hessian."
"external","external_exchangeable_high_t20","exchangeable","high",20,"binary","BI",11,20260763,"rs_joint_sandwich",TRUE,TRUE,TRUE,22.1245586872101,17.9708468914032,4.15371179580688,,"Analytical Hessian for zero-heavy discrete margins may be numerically delicate; Analytical Hessian is not yet implemented for exact discrete rectangle likelihoods; falling back to numerical Hessian. | Analytical Hessian for zero-heavy discrete margins may be numerically delicate; Analytical Hessian is not yet implemented for exact discrete rectangle likelihoods; falling back to numerical Hessian."
"external","external_exchangeable_high_t20","exchangeable","high",20,"binary","BI",12,20260764,"rs_joint_sandwich",TRUE,TRUE,TRUE,27.7476258277893,23.3472728729248,4.4003529548645,,"Analytical Hessian for zero-heavy discrete margins may be numerically delicate; Analytical Hessian is not yet implemented for exact discrete rectangle likelihoods; falling back to numerical Hessian. | Analytical Hessian for zero-heavy discrete margins may be numerically delicate; Analytical Hessian is not yet implemented for exact discrete rectangle likelihoods; falling back to numerical Hessian."
"external","external_exchangeable_high_t20","exchangeable","high",20,"binary","BI",13,20260765,"rs_joint_sandwich",TRUE,TRUE,TRUE,15.3356809616089,10.9370851516724,4.39859580993652,,"Analytical Hessian for zero-heavy discrete margins may be numerically delicate; Analytical Hessian is not yet implemented for exact discrete rectangle likelihoods; falling back to numerical Hessian. | Analytical Hessian for zero-heavy discrete margins may be numerically delicate; Analytical Hessian is not yet implemented for exact discrete rectangle likelihoods; falling back to numerical Hessian."
"external","external_exchangeable_high_t20","exchangeable","high",20,"binary","BI",14,20260766,"rs_joint_sandwich",TRUE,TRUE,TRUE,26.8091928958893,22.5611929893494,4.24799990653992,,"Analytical Hessian for zero-heavy discrete margins may be numerically delicate; Analytical Hessian is not yet implemented for exact discrete rectangle likelihoods; falling back to numerical Hessian. | Analytical Hessian for zero-heavy discrete margins may be numerically delicate; Analytical Hessian is not yet implemented for exact discrete rectangle likelihoods; falling back to numerical Hessian."
"external","external_exchangeable_high_t20","exchangeable","high",20,"binary","BI",15,20260767,"rs_joint_sandwich",TRUE,TRUE,TRUE,22.0173122882843,17.4475901126862,4.56972217559814,,"Analytical Hessian for zero-heavy discrete margins may be numerically delicate; Analytical Hessian is not yet implemented for exact discrete rectangle likelihoods; falling back to numerical Hessian. | Analytical Hessian for zero-heavy discrete margins may be numerically delicate; Analytical Hessian is not yet implemented for exact discrete rectangle likelihoods; falling back to numerical Hessian."
"external","external_exchangeable_high_t20","exchangeable","high",20,"binary","BI",16,20260768,"rs_joint_sandwich",TRUE,TRUE,TRUE,33.1822350025177,28.1959691047668,4.98626589775085,,"Analytical Hessian for zero-heavy discrete margins may be numerically delicate; Analytical Hessian is not yet implemented for exact discrete rectangle likelihoods; falling back to numerical Hessian. | Analytical Hessian for zero-heavy discrete margins may be numerically delicate; Analytical Hessian is not yet implemented for exact discrete rectangle likelihoods; falling back to numerical Hessian."
"external","external_exchangeable_high_t20","exchangeable","high",20,"binary","BI",17,20260769,"rs_joint_sandwich",TRUE,TRUE,TRUE,30.3031768798828,25.6383950710297,4.66478180885315,,"Analytical Hessian for zero-heavy discrete margins may be numerically delicate; Analytical Hessian is not yet implemented for exact discrete rectangle likelihoods; falling back to numerical Hessian. | Analytical Hessian for zero-heavy discrete margins may be numerically delicate; Analytical Hessian is not yet implemented for exact discrete rectangle likelihoods; falling back to numerical Hessian."
"external","external_exchangeable_high_t20","exchangeable","high",20,"binary","BI",18,20260770,"rs_joint_sandwich",TRUE,TRUE,TRUE,24.4293990135193,19.2125689983368,5.2168300151825,,"Analytical Hessian for zero-heavy discrete margins may be numerically delicate; Analytical Hessian is not yet implemented for exact discrete rectangle likelihoods; falling back to numerical Hessian. | Analytical Hessian for zero-heavy discrete margins may be numerically delicate; Analytical Hessian is not yet implemented for exact discrete rectangle likelihoods; falling back to numerical Hessian."
"external","external_exchangeable_high_t20","exchangeable","high",20,"binary","BI",19,20260771,"rs_joint_sandwich",TRUE,TRUE,TRUE,28.8358597755432,24.2254369258881,4.61042284965515,,"Analytical Hessian for zero-heavy discrete margins may be numerically delicate; Analytical Hessian is not yet implemented for exact discrete rectangle likelihoods; falling back to numerical Hessian. | Analytical Hessian for zero-heavy discrete margins may be numerically delicate; Analytical Hessian is not yet implemented for exact discrete rectangle likelihoods; falling back to numerical Hessian."
"external","external_exchangeable_high_t20","exchangeable","high",20,"binary","BI",20,20260772,"rs_joint_sandwich",TRUE,TRUE,TRUE,24.6159996986389,19.4343798160553,5.18161988258362,,"Analytical Hessian for zero-heavy discrete margins may be numerically delicate; Analytical Hessian is not yet implemented for exact discrete rectangle likelihoods; falling back to numerical Hessian. | Analytical Hessian for zero-heavy discrete margins may be numerically delicate; Analytical Hessian is not yet implemented for exact discrete rectangle likelihoods; falling back to numerical Hessian."
"external","external_ar1_moderate_t20","ar1","moderate",20,"gaussian","NO",1,20260773,"rs_joint_sandwich",TRUE,TRUE,TRUE,5.7991988658905,4.85447096824646,0.944727897644043,,""
"external","external_ar1_moderate_t20","ar1","moderate",20,"gaussian","NO",2,20260774,"rs_joint_sandwich",TRUE,TRUE,TRUE,4.38739514350891,3.4321620464325,0.955233097076416,,""
"external","external_ar1_moderate_t20","ar1","moderate",20,"gaussian","NO",3,20260775,"rs_joint_sandwich",TRUE,TRUE,TRUE,4.91125798225403,3.92488789558411,0.986370086669922,,""
"external","external_ar1_moderate_t20","ar1","moderate",20,"gaussian","NO",4,20260776,"rs_joint_sandwich",TRUE,TRUE,TRUE,5.18720626831055,4.16024708747864,1.02695918083191,,""
"external","external_ar1_moderate_t20","ar1","moderate",20,"gaussian","NO",5,20260777,"rs_joint_sandwich",TRUE,TRUE,TRUE,6.10784792900085,4.91678786277771,1.19106006622314,,""
"external","external_ar1_moderate_t20","ar1","moderate",20,"gaussian","NO",6,20260778,"rs_joint_sandwich",TRUE,TRUE,TRUE,4.90156078338623,3.85948586463928,1.04207491874695,,""
"external","external_ar1_moderate_t20","ar1","moderate",20,"gaussian","NO",7,20260779,"rs_joint_sandwich",TRUE,TRUE,TRUE,6.62865591049194,5.64032196998596,0.988333940505981,,""
"external","external_ar1_moderate_t20","ar1","moderate",20,"gaussian","NO",8,20260780,"rs_joint_sandwich",TRUE,TRUE,TRUE,7.56539416313171,6.44322609901428,1.12216806411743,,""
"external","external_ar1_moderate_t20","ar1","moderate",20,"gaussian","NO",9,20260781,"rs_joint_sandwich",TRUE,TRUE,TRUE,4.57550477981567,3.56504392623901,1.01046085357666,,""
"external","external_ar1_moderate_t20","ar1","moderate",20,"gaussian","NO",10,20260782,"rs_joint_sandwich",TRUE,TRUE,TRUE,5.61779403686523,4.57047510147095,1.04731893539429,,""
"external","external_ar1_moderate_t20","ar1","moderate",20,"gaussian","NO",11,20260783,"rs_joint_sandwich",TRUE,TRUE,TRUE,5.06138110160828,4.09027910232544,0.971101999282837,,""
"external","external_ar1_moderate_t20","ar1","moderate",20,"gaussian","NO",12,20260784,"rs_joint_sandwich",TRUE,TRUE,TRUE,6.39919710159302,5.43275213241577,0.966444969177246,,""
"external","external_ar1_moderate_t20","ar1","moderate",20,"gaussian","NO",13,20260785,"rs_joint_sandwich",TRUE,TRUE,TRUE,5.49444007873535,4.48539805412292,1.00904202461243,,""
"external","external_ar1_moderate_t20","ar1","moderate",20,"gaussian","NO",14,20260786,"rs_joint_sandwich",TRUE,TRUE,TRUE,6.12556910514832,5.11324000358582,1.0123291015625,,""
"external","external_ar1_moderate_t20","ar1","moderate",20,"gaussian","NO",15,20260787,"rs_joint_sandwich",TRUE,TRUE,TRUE,4.78255987167358,3.83336782455444,0.949192047119141,,""
"external","external_ar1_moderate_t20","ar1","moderate",20,"gaussian","NO",16,20260788,"rs_joint_sandwich",TRUE,TRUE,TRUE,6.20358204841614,5.20936799049377,0.994214057922363,,""
"external","external_ar1_moderate_t20","ar1","moderate",20,"gaussian","NO",17,20260789,"rs_joint_sandwich",TRUE,TRUE,TRUE,3.80872011184692,2.7569739818573,1.05174612998962,,""
"external","external_ar1_moderate_t20","ar1","moderate",20,"gaussian","NO",18,20260790,"rs_joint_sandwich",TRUE,TRUE,TRUE,6.0769248008728,5.0209219455719,1.0560028553009,,""
"external","external_ar1_moderate_t20","ar1","moderate",20,"gaussian","NO",19,20260791,"rs_joint_sandwich",TRUE,TRUE,TRUE,5.92053174972534,4.92728686332703,0.993244886398315,,""
"external","external_ar1_moderate_t20","ar1","moderate",20,"gaussian","NO",20,20260792,"rs_joint_sandwich",TRUE,TRUE,TRUE,4.51355195045471,3.55684900283813,0.956702947616577,,""
"external","external_ar1_moderate_t20","ar1","moderate",20,"gamma","GA",1,20260793,"rs_joint_sandwich",TRUE,TRUE,TRUE,7.05067110061646,5.96851420402527,1.08215689659119,,""
"external","external_ar1_moderate_t20","ar1","moderate",20,"gamma","GA",2,20260794,"rs_joint_sandwich",TRUE,TRUE,TRUE,6.46216201782227,5.45308613777161,1.00907588005066,,""
"external","external_ar1_moderate_t20","ar1","moderate",20,"gamma","GA",3,20260795,"rs_joint_sandwich",TRUE,TRUE,TRUE,8.85488820075989,7.75972318649292,1.09516501426697,,""
"external","external_ar1_moderate_t20","ar1","moderate",20,"gamma","GA",4,20260796,"rs_joint_sandwich",TRUE,TRUE,TRUE,9.18015599250793,8.12949395179749,1.05066204071045,,""
"external","external_ar1_moderate_t20","ar1","moderate",20,"gamma","GA",5,20260797,"rs_joint_sandwich",TRUE,TRUE,TRUE,7.11418199539185,6.07300305366516,1.04117894172668,,""
"external","external_ar1_moderate_t20","ar1","moderate",20,"gamma","GA",6,20260798,"rs_joint_sandwich",TRUE,TRUE,TRUE,5.94894289970398,4.87141704559326,1.07752585411072,,""
"external","external_ar1_moderate_t20","ar1","moderate",20,"gamma","GA",7,20260799,"rs_joint_sandwich",TRUE,TRUE,TRUE,8.02701210975647,6.78084516525269,1.24616694450378,,""
"external","external_ar1_moderate_t20","ar1","moderate",20,"gamma","GA",8,20260800,"rs_joint_sandwich",TRUE,TRUE,TRUE,8.05695104598999,6.85309195518494,1.20385909080505,,""
"external","external_ar1_moderate_t20","ar1","moderate",20,"gamma","GA",9,20260801,"rs_joint_sandwich",TRUE,TRUE,TRUE,7.28683972358704,6.30004382133484,0.986795902252197,,""
"external","external_ar1_moderate_t20","ar1","moderate",20,"gamma","GA",10,20260802,"rs_joint_sandwich",TRUE,TRUE,TRUE,6.74510908126831,5.64253711700439,1.10257196426392,,""
"external","external_ar1_moderate_t20","ar1","moderate",20,"gamma","GA",11,20260803,"rs_joint_sandwich",TRUE,TRUE,TRUE,7.63135266304016,6.55773687362671,1.07361578941345,,""
"external","external_ar1_moderate_t20","ar1","moderate",20,"gamma","GA",12,20260804,"rs_joint_sandwich",TRUE,TRUE,TRUE,8.0883150100708,6.91868901252747,1.16962599754333,,""
"external","external_ar1_moderate_t20","ar1","moderate",20,"gamma","GA",13,20260805,"rs_joint_sandwich",TRUE,TRUE,TRUE,7.14532923698425,6.06450009346008,1.08082914352417,,""
"external","external_ar1_moderate_t20","ar1","moderate",20,"gamma","GA",14,20260806,"rs_joint_sandwich",TRUE,TRUE,TRUE,7.16839671134949,5.86120080947876,1.30719590187073,,""
"external","external_ar1_moderate_t20","ar1","moderate",20,"gamma","GA",15,20260807,"rs_joint_sandwich",TRUE,TRUE,TRUE,9.87998175621033,8.77451395988464,1.10546779632568,,""
"external","external_ar1_moderate_t20","ar1","moderate",20,"gamma","GA",16,20260808,"rs_joint_sandwich",TRUE,TRUE,TRUE,8.44629788398743,7.56490993499756,0.881387948989868,,""
"external","external_ar1_moderate_t20","ar1","moderate",20,"gamma","GA",17,20260809,"rs_joint_sandwich",TRUE,TRUE,TRUE,6.88619613647461,5.68997097015381,1.1962251663208,,""
"external","external_ar1_moderate_t20","ar1","moderate",20,"gamma","GA",18,20260810,"rs_joint_sandwich",TRUE,TRUE,TRUE,7.96531820297241,6.67428016662598,1.29103803634644,,""
"external","external_ar1_moderate_t20","ar1","moderate",20,"gamma","GA",19,20260811,"rs_joint_sandwich",TRUE,TRUE,TRUE,8.53757405281067,7.31167197227478,1.22590208053589,,""
"external","external_ar1_moderate_t20","ar1","moderate",20,"gamma","GA",20,20260812,"rs_joint_sandwich",TRUE,TRUE,TRUE,6.70661807060242,5.85466909408569,0.851948976516724,,""
"external","external_ar1_moderate_t20","ar1","moderate",20,"binary","BI",1,20260833,"rs_joint_sandwich",TRUE,TRUE,TRUE,25.2086198329926,20.9937019348145,4.2149178981781,,"Analytical Hessian for zero-heavy discrete margins may be numerically delicate; Analytical Hessian is not yet implemented for exact discrete rectangle likelihoods; falling back to numerical Hessian. | Analytical Hessian for zero-heavy discrete margins may be numerically delicate; Analytical Hessian is not yet implemented for exact discrete rectangle likelihoods; falling back to numerical Hessian."
"external","external_ar1_moderate_t20","ar1","moderate",20,"binary","BI",2,20260834,"rs_joint_sandwich",TRUE,TRUE,TRUE,24.6736841201782,20.2335810661316,4.44010305404663,,"Analytical Hessian for zero-heavy discrete margins may be numerically delicate; Analytical Hessian is not yet implemented for exact discrete rectangle likelihoods; falling back to numerical Hessian. | Analytical Hessian for zero-heavy discrete margins may be numerically delicate; Analytical Hessian is not yet implemented for exact discrete rectangle likelihoods; falling back to numerical Hessian."
"external","external_ar1_moderate_t20","ar1","moderate",20,"binary","BI",3,20260835,"rs_joint_sandwich",TRUE,TRUE,TRUE,22.2062191963196,17.6087641716003,4.59745502471924,,"Analytical Hessian for zero-heavy discrete margins may be numerically delicate; Analytical Hessian is not yet implemented for exact discrete rectangle likelihoods; falling back to numerical Hessian. | Analytical Hessian for zero-heavy discrete margins may be numerically delicate; Analytical Hessian is not yet implemented for exact discrete rectangle likelihoods; falling back to numerical Hessian."
"external","external_ar1_moderate_t20","ar1","moderate",20,"binary","BI",4,20260836,"rs_joint_sandwich",TRUE,TRUE,TRUE,23.1962790489197,17.014365196228,6.18191385269165,,"Analytical Hessian for zero-heavy discrete margins may be numerically delicate; Analytical Hessian is not yet implemented for exact discrete rectangle likelihoods; falling back to numerical Hessian. | Analytical Hessian for zero-heavy discrete margins may be numerically delicate; Analytical Hessian is not yet implemented for exact discrete rectangle likelihoods; falling back to numerical Hessian."
"external","external_ar1_moderate_t20","ar1","moderate",20,"binary","BI",5,20260837,"rs_joint_sandwich",TRUE,TRUE,TRUE,22.3335869312286,17.9133908748627,4.42019605636597,,"Analytical Hessian for zero-heavy discrete margins may be numerically delicate; Analytical Hessian is not yet implemented for exact discrete rectangle likelihoods; falling back to numerical Hessian. | Analytical Hessian for zero-heavy discrete margins may be numerically delicate; Analytical Hessian is not yet implemented for exact discrete rectangle likelihoods; falling back to numerical Hessian."
"external","external_ar1_moderate_t20","ar1","moderate",20,"binary","BI",6,20260838,"rs_joint_sandwich",TRUE,TRUE,TRUE,30.7820618152618,25.8425688743591,4.93949294090271,,"Analytical Hessian for zero-heavy discrete margins may be numerically delicate; Analytical Hessian is not yet implemented for exact discrete rectangle likelihoods; falling back to numerical Hessian. | Analytical Hessian for zero-heavy discrete margins may be numerically delicate; Analytical Hessian is not yet implemented for exact discrete rectangle likelihoods; falling back to numerical Hessian."
"external","external_ar1_moderate_t20","ar1","moderate",20,"binary","BI",7,20260839,"rs_joint_sandwich",TRUE,TRUE,TRUE,25.152841091156,20.2224540710449,4.93038702011108,,"Analytical Hessian for zero-heavy discrete margins may be numerically delicate; Analytical Hessian is not yet implemented for exact discrete rectangle likelihoods; falling back to numerical Hessian. | Analytical Hessian for zero-heavy discrete margins may be numerically delicate; Analytical Hessian is not yet implemented for exact discrete rectangle likelihoods; falling back to numerical Hessian."
"external","external_ar1_moderate_t20","ar1","moderate",20,"binary","BI",8,20260840,"rs_joint_sandwich",TRUE,TRUE,TRUE,21.8673329353333,16.7012450695038,5.16608786582947,,"Analytical Hessian for zero-heavy discrete margins may be numerically delicate; Analytical Hessian is not yet implemented for exact discrete rectangle likelihoods; falling back to numerical Hessian. | Analytical Hessian for zero-heavy discrete margins may be numerically delicate; Analytical Hessian is not yet implemented for exact discrete rectangle likelihoods; falling back to numerical Hessian."
"external","external_ar1_moderate_t20","ar1","moderate",20,"binary","BI",9,20260841,"rs_joint_sandwich",TRUE,TRUE,TRUE,23.4477670192719,18.0287840366364,5.4189829826355,,"Analytical Hessian for zero-heavy discrete margins may be numerically delicate; Analytical Hessian is not yet implemented for exact discrete rectangle likelihoods; falling back to numerical Hessian. | Analytical Hessian for zero-heavy discrete margins may be numerically delicate; Analytical Hessian is not yet implemented for exact discrete rectangle likelihoods; falling back to numerical Hessian."
"external","external_ar1_moderate_t20","ar1","moderate",20,"binary","BI",10,20260842,"rs_joint_sandwich",TRUE,TRUE,TRUE,25.3382019996643,19.8645739555359,5.47362804412842,,"Analytical Hessian for zero-heavy discrete margins may be numerically delicate; Analytical Hessian is not yet implemented for exact discrete rectangle likelihoods; falling back to numerical Hessian. | Analytical Hessian for zero-heavy discrete margins may be numerically delicate; Analytical Hessian is not yet implemented for exact discrete rectangle likelihoods; falling back to numerical Hessian."
"external","external_ar1_moderate_t20","ar1","moderate",20,"binary","BI",11,20260843,"rs_joint_sandwich",TRUE,TRUE,TRUE,31.5067069530487,26.1577110290527,5.34899592399597,,"Analytical Hessian for zero-heavy discrete margins may be numerically delicate; Analytical Hessian is not yet implemented for exact discrete rectangle likelihoods; falling back to numerical Hessian. | Analytical Hessian for zero-heavy discrete margins may be numerically delicate; Analytical Hessian is not yet implemented for exact discrete rectangle likelihoods; falling back to numerical Hessian."
"external","external_ar1_moderate_t20","ar1","moderate",20,"binary","BI",12,20260844,"rs_joint_sandwich",TRUE,TRUE,TRUE,34.3527860641479,28.7974610328674,5.55532503128052,,"Analytical Hessian for zero-heavy discrete margins may be numerically delicate; Analytical Hessian is not yet implemented for exact discrete rectangle likelihoods; falling back to numerical Hessian. | Analytical Hessian for zero-heavy discrete margins may be numerically delicate; Analytical Hessian is not yet implemented for exact discrete rectangle likelihoods; falling back to numerical Hessian."
"external","external_ar1_moderate_t20","ar1","moderate",20,"binary","BI",13,20260845,"rs_joint_sandwich",TRUE,TRUE,TRUE,22.606861114502,17.7849659919739,4.82189512252808,,"Analytical Hessian for zero-heavy discrete margins may be numerically delicate; Analytical Hessian is not yet implemented for exact discrete rectangle likelihoods; falling back to numerical Hessian. | Analytical Hessian for zero-heavy discrete margins may be numerically delicate; Analytical Hessian is not yet implemented for exact discrete rectangle likelihoods; falling back to numerical Hessian."
"external","external_ar1_moderate_t20","ar1","moderate",20,"binary","BI",14,20260846,"rs_joint_sandwich",TRUE,TRUE,TRUE,24.7317419052124,19.8529059886932,4.87883591651917,,"Analytical Hessian for zero-heavy discrete margins may be numerically delicate; Analytical Hessian is not yet implemented for exact discrete rectangle likelihoods; falling back to numerical Hessian. | Analytical Hessian for zero-heavy discrete margins may be numerically delicate; Analytical Hessian is not yet implemented for exact discrete rectangle likelihoods; falling back to numerical Hessian."
"external","external_ar1_moderate_t20","ar1","moderate",20,"binary","BI",15,20260847,"rs_joint_sandwich",TRUE,TRUE,TRUE,30.0998890399933,24.7463459968567,5.3535430431366,,"Analytical Hessian for zero-heavy discrete margins may be numerically delicate; Analytical Hessian is not yet implemented for exact discrete rectangle likelihoods; falling back to numerical Hessian. | Analytical Hessian for zero-heavy discrete margins may be numerically delicate; Analytical Hessian is not yet implemented for exact discrete rectangle likelihoods; falling back to numerical Hessian."
"external","external_ar1_moderate_t20","ar1","moderate",20,"binary","BI",16,20260848,"rs_joint_sandwich",TRUE,TRUE,TRUE,28.0225961208344,21.8358750343323,6.18672108650208,,"Analytical Hessian for zero-heavy discrete margins may be numerically delicate; Analytical Hessian is not yet implemented for exact discrete rectangle likelihoods; falling back to numerical Hessian. | Analytical Hessian for zero-heavy discrete margins may be numerically delicate; Analytical Hessian is not yet implemented for exact discrete rectangle likelihoods; falling back to numerical Hessian."
"external","external_ar1_moderate_t20","ar1","moderate",20,"binary","BI",17,20260849,"rs_joint_sandwich",TRUE,TRUE,TRUE,29.4598369598389,22.9730739593506,6.48676300048828,,"Analytical Hessian for zero-heavy discrete margins may be numerically delicate; Analytical Hessian is not yet implemented for exact discrete rectangle likelihoods; falling back to numerical Hessian. | Analytical Hessian for zero-heavy discrete margins may be numerically delicate; Analytical Hessian is not yet implemented for exact discrete rectangle likelihoods; falling back to numerical Hessian."
"external","external_ar1_moderate_t20","ar1","moderate",20,"binary","BI",18,20260850,"rs_joint_sandwich",TRUE,TRUE,TRUE,27.5520770549774,21.3941609859467,6.15791606903076,,"Analytical Hessian for zero-heavy discrete margins may be numerically delicate; Analytical Hessian is not yet implemented for exact discrete rectangle likelihoods; falling back to numerical Hessian. | Analytical Hessian for zero-heavy discrete margins may be numerically delicate; Analytical Hessian is not yet implemented for exact discrete rectangle likelihoods; falling back to numerical Hessian."
"external","external_ar1_moderate_t20","ar1","moderate",20,"binary","BI",19,20260851,"rs_joint_sandwich",TRUE,TRUE,TRUE,31.7788157463074,26.7009339332581,5.07788181304932,,"Analytical Hessian for zero-heavy discrete margins may be numerically delicate; Analytical Hessian is not yet implemented for exact discrete rectangle likelihoods; falling back to numerical Hessian. | Analytical Hessian for zero-heavy discrete margins may be numerically delicate; Analytical Hessian is not yet implemented for exact discrete rectangle likelihoods; falling back to numerical Hessian."
"external","external_ar1_moderate_t20","ar1","moderate",20,"binary","BI",20,20260852,"rs_joint_sandwich",TRUE,TRUE,TRUE,27.5998618602753,22.1265788078308,5.47328305244446,,"Analytical Hessian for zero-heavy discrete margins may be numerically delicate; Analytical Hessian is not yet implemented for exact discrete rectangle likelihoods; falling back to numerical Hessian. | Analytical Hessian for zero-heavy discrete margins may be numerically delicate; Analytical Hessian is not yet implemented for exact discrete rectangle likelihoods; falling back to numerical Hessian."
"external","external_ar1_high_t20","ar1","high",20,"gaussian","NO",1,20260853,"rs_joint_sandwich",TRUE,TRUE,TRUE,10.018500328064,8.82338118553162,1.19511914253235,,""
"external","external_ar1_high_t20","ar1","high",20,"gaussian","NO",2,20260854,"rs_joint_sandwich",TRUE,TRUE,TRUE,10.6671049594879,9.2063319683075,1.46077299118042,,""
"external","external_ar1_high_t20","ar1","high",20,"gaussian","NO",3,20260855,"rs_joint_sandwich",TRUE,TRUE,TRUE,10.170431137085,8.65434503555298,1.51608610153198,,""
"external","external_ar1_high_t20","ar1","high",20,"gaussian","NO",4,20260856,"rs_joint_sandwich",TRUE,TRUE,TRUE,6.81366777420044,5.62911581993103,1.18455195426941,,""
"external","external_ar1_high_t20","ar1","high",20,"gaussian","NO",5,20260857,"rs_joint_sandwich",TRUE,TRUE,TRUE,13.4232950210571,12.2372400760651,1.18605494499207,,""
"external","external_ar1_high_t20","ar1","high",20,"gaussian","NO",6,20260858,"rs_joint_sandwich",TRUE,TRUE,TRUE,11.8420910835266,10.6698999404907,1.17219114303589,,""
"external","external_ar1_high_t20","ar1","high",20,"gaussian","NO",7,20260859,"rs_joint_sandwich",TRUE,TRUE,TRUE,13.4843788146973,10.8032479286194,2.68113088607788,,""
"external","external_ar1_high_t20","ar1","high",20,"gaussian","NO",8,20260860,"rs_joint_sandwich",TRUE,TRUE,TRUE,16.2833621501923,14.7791512012482,1.50421094894409,,""
"external","external_ar1_high_t20","ar1","high",20,"gaussian","NO",9,20260861,"rs_joint_sandwich",TRUE,TRUE,TRUE,11.3148999214172,9.80232501029968,1.51257491111755,,""
"external","external_ar1_high_t20","ar1","high",20,"gaussian","NO",10,20260862,"rs_joint_sandwich",TRUE,TRUE,TRUE,10.13734126091,8.96499419212341,1.17234706878662,,""
"external","external_ar1_high_t20","ar1","high",20,"gaussian","NO",11,20260863,"rs_joint_sandwich",TRUE,TRUE,TRUE,18.647185087204,17.2608640193939,1.38632106781006,,""
"external","external_ar1_high_t20","ar1","high",20,"gaussian","NO",12,20260864,"rs_joint_sandwich",TRUE,TRUE,TRUE,14.7853648662567,13.4678049087524,1.31755995750427,,""
"external","external_ar1_high_t20","ar1","high",20,"gaussian","NO",13,20260865,"rs_joint_sandwich",TRUE,TRUE,TRUE,15.0431010723114,13.5591881275177,1.4839129447937,,""
"external","external_ar1_high_t20","ar1","high",20,"gaussian","NO",14,20260866,"rs_joint_sandwich",TRUE,TRUE,TRUE,11.5720438957214,9.78112101554871,1.79092288017273,,""
"external","external_ar1_high_t20","ar1","high",20,"gaussian","NO",15,20260867,"rs_joint_sandwich",TRUE,TRUE,TRUE,12.4064469337463,10.877347946167,1.52909898757935,,""
"external","external_ar1_high_t20","ar1","high",20,"gaussian","NO",16,20260868,"rs_joint_sandwich",TRUE,TRUE,TRUE,17.0582141876221,15.861319065094,1.19689512252808,,""
"external","external_ar1_high_t20","ar1","high",20,"gaussian","NO",17,20260869,"rs_joint_sandwich",TRUE,TRUE,TRUE,11.8480219841003,10.6497650146484,1.1982569694519,,""
"external","external_ar1_high_t20","ar1","high",20,"gaussian","NO",18,20260870,"rs_joint_sandwich",TRUE,TRUE,TRUE,12.8324017524719,11.3454258441925,1.48697590827942,,""
"external","external_ar1_high_t20","ar1","high",20,"gaussian","NO",19,20260871,"rs_joint_sandwich",TRUE,TRUE,TRUE,12.5041878223419,11.263121843338,1.24106597900391,,""
"external","external_ar1_high_t20","ar1","high",20,"gaussian","NO",20,20260872,"rs_joint_sandwich",TRUE,TRUE,TRUE,9.51038599014282,8.33278298377991,1.17760300636292,,""
"external","external_ar1_high_t20","ar1","high",20,"gamma","GA",1,20260873,"rs_joint_sandwich",TRUE,TRUE,TRUE,13.826523065567,12.5126321315765,1.31389093399048,,""
"external","external_ar1_high_t20","ar1","high",20,"gamma","GA",2,20260874,"rs_joint_sandwich",TRUE,TRUE,TRUE,17.2233011722565,15.9984600543976,1.22484111785889,,""
"external","external_ar1_high_t20","ar1","high",20,"gamma","GA",3,20260875,"rs_joint_sandwich",TRUE,TRUE,TRUE,22.8897988796234,21.3545398712158,1.53525900840759,,""
"external","external_ar1_high_t20","ar1","high",20,"gamma","GA",4,20260876,"rs_joint_sandwich",TRUE,TRUE,TRUE,15.7400419712067,14.502748966217,1.23729300498962,,""
"external","external_ar1_high_t20","ar1","high",20,"gamma","GA",5,20260877,"rs_joint_sandwich",TRUE,TRUE,TRUE,9.73560690879822,8.53849506378174,1.19711184501648,,""
"external","external_ar1_high_t20","ar1","high",20,"gamma","GA",6,20260878,"rs_joint_sandwich",TRUE,TRUE,TRUE,17.6701910495758,16.9747619628906,0.695429086685181,,""
"external","external_ar1_high_t20","ar1","high",20,"gamma","GA",7,20260879,"rs_joint_sandwich",TRUE,TRUE,TRUE,8.79369688034058,7.95170187950134,0.841995000839233,,""
"external","external_ar1_high_t20","ar1","high",20,"gamma","GA",8,20260880,"rs_joint_sandwich",TRUE,TRUE,TRUE,13.2537858486176,12.2222068309784,1.03157901763916,,""
"external","external_ar1_high_t20","ar1","high",20,"gamma","GA",9,20260881,"rs_joint_sandwich",TRUE,TRUE,TRUE,15.1211624145508,13.9401152133942,1.18104720115662,,""
"external","external_ar1_high_t20","ar1","high",20,"gamma","GA",10,20260882,"rs_joint_sandwich",TRUE,TRUE,TRUE,13.4023139476776,12.2081429958344,1.19417095184326,,""
"external","external_ar1_high_t20","ar1","high",20,"gamma","GA",11,20260883,"rs_joint_sandwich",TRUE,TRUE,TRUE,14.0589401721954,13.151978969574,0.90696120262146,,""
"external","external_ar1_high_t20","ar1","high",20,"gamma","GA",12,20260884,"rs_joint_sandwich",TRUE,TRUE,TRUE,13.8333871364594,13.0305869579315,0.802800178527832,,""
"external","external_ar1_high_t20","ar1","high",20,"gamma","GA",13,20260885,"rs_joint_sandwich",TRUE,TRUE,TRUE,8.37359690666199,7.08975195884705,1.28384494781494,,""
"external","external_ar1_high_t20","ar1","high",20,"gamma","GA",14,20260886,"rs_joint_sandwich",TRUE,TRUE,TRUE,15.8243260383606,14.5628190040588,1.26150703430176,,""
"external","external_ar1_high_t20","ar1","high",20,"gamma","GA",15,20260887,"rs_joint_sandwich",TRUE,TRUE,TRUE,17.9404780864716,16.6294240951538,1.31105399131775,,""
"external","external_ar1_high_t20","ar1","high",20,"gamma","GA",16,20260888,"rs_joint_sandwich",TRUE,TRUE,TRUE,14.3682878017426,13.0530579090118,1.31522989273071,,""
"external","external_ar1_high_t20","ar1","high",20,"gamma","GA",17,20260889,"rs_joint_sandwich",TRUE,TRUE,TRUE,13.3512177467346,12.338455915451,1.01276183128357,,""
"external","external_ar1_high_t20","ar1","high",20,"gamma","GA",18,20260890,"rs_joint_sandwich",TRUE,TRUE,TRUE,13.6179218292236,12.2950937747955,1.3228280544281,,""
"external","external_ar1_high_t20","ar1","high",20,"gamma","GA",19,20260891,"rs_joint_sandwich",TRUE,TRUE,TRUE,10.9871211051941,9.94149494171143,1.04562616348267,,""
"external","external_ar1_high_t20","ar1","high",20,"gamma","GA",20,20260892,"rs_joint_sandwich",TRUE,TRUE,TRUE,18.2774760723114,17.3543190956116,0.923156976699829,,""
"external","external_ar1_high_t20","ar1","high",20,"binary","BI",1,20260913,"rs_joint_sandwich",TRUE,TRUE,TRUE,30.6815438270569,26.3247089385986,4.35683488845825,,"Analytical Hessian for zero-heavy discrete margins may be numerically delicate; Analytical Hessian is not yet implemented for exact discrete rectangle likelihoods; falling back to numerical Hessian. | Analytical Hessian for zero-heavy discrete margins may be numerically delicate; Analytical Hessian is not yet implemented for exact discrete rectangle likelihoods; falling back to numerical Hessian."
"external","external_ar1_high_t20","ar1","high",20,"binary","BI",2,20260914,"rs_joint_sandwich",TRUE,TRUE,TRUE,22.6858079433441,18.2725689411163,4.41323900222778,,"Analytical Hessian for zero-heavy discrete margins may be numerically delicate; Analytical Hessian is not yet implemented for exact discrete rectangle likelihoods; falling back to numerical Hessian. | Analytical Hessian for zero-heavy discrete margins may be numerically delicate; Analytical Hessian is not yet implemented for exact discrete rectangle likelihoods; falling back to numerical Hessian."
"external","external_ar1_high_t20","ar1","high",20,"binary","BI",3,20260915,"rs_joint_sandwich",TRUE,TRUE,TRUE,21.5526440143585,17.7273540496826,3.8252899646759,,"Analytical Hessian for zero-heavy discrete margins may be numerically delicate; Analytical Hessian is not yet implemented for exact discrete rectangle likelihoods; falling back to numerical Hessian. | Analytical Hessian for zero-heavy discrete margins may be numerically delicate; Analytical Hessian is not yet implemented for exact discrete rectangle likelihoods; falling back to numerical Hessian."
"external","external_ar1_high_t20","ar1","high",20,"binary","BI",4,20260916,"rs_joint_sandwich",TRUE,TRUE,TRUE,34.1205079555511,29.9612309932709,4.15927696228027,,"Analytical Hessian for zero-heavy discrete margins may be numerically delicate; Analytical Hessian is not yet implemented for exact discrete rectangle likelihoods; falling back to numerical Hessian. | Analytical Hessian for zero-heavy discrete margins may be numerically delicate; Analytical Hessian is not yet implemented for exact discrete rectangle likelihoods; falling back to numerical Hessian."
"external","external_ar1_high_t20","ar1","high",20,"binary","BI",5,20260917,"rs_joint_sandwich",TRUE,TRUE,TRUE,27.6843822002411,22.8201031684875,4.86427903175354,,"Analytical Hessian for zero-heavy discrete margins may be numerically delicate; Analytical Hessian is not yet implemented for exact discrete rectangle likelihoods; falling back to numerical Hessian. | Analytical Hessian for zero-heavy discrete margins may be numerically delicate; Analytical Hessian is not yet implemented for exact discrete rectangle likelihoods; falling back to numerical Hessian."
"external","external_ar1_high_t20","ar1","high",20,"binary","BI",6,20260918,"rs_joint_sandwich",TRUE,TRUE,TRUE,21.5259702205658,16.9956080913544,4.53036212921143,,"Analytical Hessian for zero-heavy discrete margins may be numerically delicate; Analytical Hessian is not yet implemented for exact discrete rectangle likelihoods; falling back to numerical Hessian. | Analytical Hessian for zero-heavy discrete margins may be numerically delicate; Analytical Hessian is not yet implemented for exact discrete rectangle likelihoods; falling back to numerical Hessian."
"external","external_ar1_high_t20","ar1","high",20,"binary","BI",7,20260919,"rs_joint_sandwich",TRUE,TRUE,TRUE,18.9547119140625,14.5947830677032,4.35992884635925,,"Analytical Hessian for zero-heavy discrete margins may be numerically delicate; Analytical Hessian is not yet implemented for exact discrete rectangle likelihoods; falling back to numerical Hessian. | Analytical Hessian for zero-heavy discrete margins may be numerically delicate; Analytical Hessian is not yet implemented for exact discrete rectangle likelihoods; falling back to numerical Hessian."
"external","external_ar1_high_t20","ar1","high",20,"binary","BI",8,20260920,"rs_joint_sandwich",TRUE,TRUE,TRUE,31.7138438224792,27.0640888214111,4.64975500106812,,"Analytical Hessian for zero-heavy discrete margins may be numerically delicate; Analytical Hessian is not yet implemented for exact discrete rectangle likelihoods; falling back to numerical Hessian. | Analytical Hessian for zero-heavy discrete margins may be numerically delicate; Analytical Hessian is not yet implemented for exact discrete rectangle likelihoods; falling back to numerical Hessian."
"external","external_ar1_high_t20","ar1","high",20,"binary","BI",9,20260921,"rs_joint_sandwich",TRUE,TRUE,TRUE,25.2813348770142,20.5952780246735,4.6860568523407,,"Analytical Hessian for zero-heavy discrete margins may be numerically delicate; Analytical Hessian is not yet implemented for exact discrete rectangle likelihoods; falling back to numerical Hessian. | Analytical Hessian for zero-heavy discrete margins may be numerically delicate; Analytical Hessian is not yet implemented for exact discrete rectangle likelihoods; falling back to numerical Hessian."
"external","external_ar1_high_t20","ar1","high",20,"binary","BI",10,20260922,"rs_joint_sandwich",TRUE,TRUE,TRUE,25.7407190799713,21.629812002182,4.11090707778931,,"Analytical Hessian for zero-heavy discrete margins may be numerically delicate; Analytical Hessian is not yet implemented for exact discrete rectangle likelihoods; falling back to numerical Hessian. | Analytical Hessian for zero-heavy discrete margins may be numerically delicate; Analytical Hessian is not yet implemented for exact discrete rectangle likelihoods; falling back to numerical Hessian."
"external","external_ar1_high_t20","ar1","high",20,"binary","BI",11,20260923,"rs_joint_sandwich",TRUE,TRUE,TRUE,23.8919339179993,19.6259939670563,4.26593995094299,,"Analytical Hessian for zero-heavy discrete margins may be numerically delicate; Analytical Hessian is not yet implemented for exact discrete rectangle likelihoods; falling back to numerical Hessian. | Analytical Hessian for zero-heavy discrete margins may be numerically delicate; Analytical Hessian is not yet implemented for exact discrete rectangle likelihoods; falling back to numerical Hessian."
"external","external_ar1_high_t20","ar1","high",20,"binary","BI",12,20260924,"rs_joint_sandwich",TRUE,TRUE,TRUE,30.726686000824,25.6275780200958,5.09910798072815,,"Analytical Hessian for zero-heavy discrete margins may be numerically delicate; Analytical Hessian is not yet implemented for exact discrete rectangle likelihoods; falling back to numerical Hessian. | Analytical Hessian for zero-heavy discrete margins may be numerically delicate; Analytical Hessian is not yet implemented for exact discrete rectangle likelihoods; falling back to numerical Hessian."
"external","external_ar1_high_t20","ar1","high",20,"binary","BI",13,20260925,"rs_joint_sandwich",TRUE,TRUE,TRUE,36.3169231414795,30.8489110469818,5.46801209449768,,"Analytical Hessian for zero-heavy discrete margins may be numerically delicate; Analytical Hessian is not yet implemented for exact discrete rectangle likelihoods; falling back to numerical Hessian. | Analytical Hessian for zero-heavy discrete margins may be numerically delicate; Analytical Hessian is not yet implemented for exact discrete rectangle likelihoods; falling back to numerical Hessian."
"external","external_ar1_high_t20","ar1","high",20,"binary","BI",14,20260926,"rs_joint_sandwich",TRUE,TRUE,TRUE,22.8502831459045,17.7042360305786,5.14604711532593,,"Analytical Hessian for zero-heavy discrete margins may be numerically delicate; Analytical Hessian is not yet implemented for exact discrete rectangle likelihoods; falling back to numerical Hessian. | Analytical Hessian for zero-heavy discrete margins may be numerically delicate; Analytical Hessian is not yet implemented for exact discrete rectangle likelihoods; falling back to numerical Hessian."
"external","external_ar1_high_t20","ar1","high",20,"binary","BI",15,20260927,"rs_joint_sandwich",TRUE,TRUE,TRUE,20.1283929347992,14.9930310249329,5.13536190986633,,"Analytical Hessian for zero-heavy discrete margins may be numerically delicate; Analytical Hessian is not yet implemented for exact discrete rectangle likelihoods; falling back to numerical Hessian. | Analytical Hessian for zero-heavy discrete margins may be numerically delicate; Analytical Hessian is not yet implemented for exact discrete rectangle likelihoods; falling back to numerical Hessian."
"external","external_ar1_high_t20","ar1","high",20,"binary","BI",16,20260928,"rs_joint_sandwich",TRUE,TRUE,TRUE,33.9660038948059,29.0634229183197,4.90258097648621,,"Analytical Hessian for zero-heavy discrete margins may be numerically delicate; Analytical Hessian is not yet implemented for exact discrete rectangle likelihoods; falling back to numerical Hessian. | Analytical Hessian for zero-heavy discrete margins may be numerically delicate; Analytical Hessian is not yet implemented for exact discrete rectangle likelihoods; falling back to numerical Hessian."
"external","external_ar1_high_t20","ar1","high",20,"binary","BI",17,20260929,"rs_joint_sandwich",TRUE,TRUE,TRUE,35.5908160209656,31.4485750198364,4.14224100112915,,"Analytical Hessian for zero-heavy discrete margins may be numerically delicate; Analytical Hessian is not yet implemented for exact discrete rectangle likelihoods; falling back to numerical Hessian. | Analytical Hessian for zero-heavy discrete margins may be numerically delicate; Analytical Hessian is not yet implemented for exact discrete rectangle likelihoods; falling back to numerical Hessian."
"external","external_ar1_high_t20","ar1","high",20,"binary","BI",18,20260930,"rs_joint_sandwich",TRUE,TRUE,TRUE,23.8389499187469,17.8843479156494,5.95460200309753,,"Analytical Hessian for zero-heavy discrete margins may be numerically delicate; Analytical Hessian is not yet implemented for exact discrete rectangle likelihoods; falling back to numerical Hessian. | Analytical Hessian for zero-heavy discrete margins may be numerically delicate; Analytical Hessian is not yet implemented for exact discrete rectangle likelihoods; falling back to numerical Hessian."
"external","external_ar1_high_t20","ar1","high",20,"binary","BI",19,20260931,"rs_joint_sandwich",TRUE,TRUE,TRUE,26.2650468349457,21.1181859970093,5.1468608379364,,"Analytical Hessian for zero-heavy discrete margins may be numerically delicate; Analytical Hessian is not yet implemented for exact discrete rectangle likelihoods; falling back to numerical Hessian. | Analytical Hessian for zero-heavy discrete margins may be numerically delicate; Analytical Hessian is not yet implemented for exact discrete rectangle likelihoods; falling back to numerical Hessian."
"external","external_ar1_high_t20","ar1","high",20,"binary","BI",20,20260932,"rs_joint_sandwich",TRUE,TRUE,TRUE,25.5084648132324,20.1391627788544,5.36930203437805,,"Analytical Hessian for zero-heavy discrete margins may be numerically delicate; Analytical Hessian is not yet implemented for exact discrete rectangle likelihoods; falling back to numerical Hessian. | Analytical Hessian for zero-heavy discrete margins may be numerically delicate; Analytical Hessian is not yet implemented for exact discrete rectangle likelihoods; falling back to numerical Hessian."
"internal","internal_time_varying_high_t20","time_varying_adjacent","moderate_high",20,"gaussian","NO",1,20260933,"rs_joint_sandwich",TRUE,TRUE,TRUE,9.70155072212219,8.37232685089111,1.32922387123108,,""
"internal","internal_time_varying_high_t20","time_varying_adjacent","moderate_high",20,"gaussian","NO",2,20260934,"rs_joint_sandwich",TRUE,TRUE,TRUE,11.8658239841461,10.5452129840851,1.32061100006104,,""
"internal","internal_time_varying_high_t20","time_varying_adjacent","moderate_high",20,"gaussian","NO",3,20260935,"rs_joint_sandwich",TRUE,TRUE,TRUE,12.344322681427,10.8718078136444,1.47251486778259,,""
"internal","internal_time_varying_high_t20","time_varying_adjacent","moderate_high",20,"gaussian","NO",4,20260936,"rs_joint_sandwich",TRUE,TRUE,TRUE,13.5748131275177,12.313658952713,1.26115417480469,,""
"internal","internal_time_varying_high_t20","time_varying_adjacent","moderate_high",20,"gaussian","NO",5,20260937,"rs_joint_sandwich",TRUE,TRUE,TRUE,13.3818111419678,11.6513299942017,1.73048114776611,,""
"internal","internal_time_varying_high_t20","time_varying_adjacent","moderate_high",20,"gaussian","NO",6,20260938,"rs_joint_sandwich",TRUE,TRUE,TRUE,11.4705338478088,9.97613286972046,1.49440097808838,,""
"internal","internal_time_varying_high_t20","time_varying_adjacent","moderate_high",20,"gaussian","NO",7,20260939,"rs_joint_sandwich",TRUE,TRUE,TRUE,12.4140610694885,11.162789106369,1.25127196311951,,""
"internal","internal_time_varying_high_t20","time_varying_adjacent","moderate_high",20,"gaussian","NO",8,20260940,"rs_joint_sandwich",TRUE,TRUE,TRUE,14.5948259830475,13.0584959983826,1.53632998466492,,""
"internal","internal_time_varying_high_t20","time_varying_adjacent","moderate_high",20,"gaussian","NO",9,20260941,"rs_joint_sandwich",TRUE,TRUE,TRUE,9.96747922897339,8.4566330909729,1.51084613800049,,""
"internal","internal_time_varying_high_t20","time_varying_adjacent","moderate_high",20,"gaussian","NO",10,20260942,"rs_joint_sandwich",TRUE,TRUE,TRUE,16.9467351436615,15.5819110870361,1.36482405662537,,""
"internal","internal_time_varying_high_t20","time_varying_adjacent","moderate_high",20,"gaussian","NO",11,20260943,"rs_joint_sandwich",TRUE,TRUE,TRUE,13.0079729557037,11.1308200359344,1.87715291976929,,""
"internal","internal_time_varying_high_t20","time_varying_adjacent","moderate_high",20,"gaussian","NO",12,20260944,"rs_joint_sandwich",TRUE,TRUE,TRUE,11.9377028942108,10.4681289196014,1.46957397460938,,""
"internal","internal_time_varying_high_t20","time_varying_adjacent","moderate_high",20,"gaussian","NO",13,20260945,"rs_joint_sandwich",TRUE,TRUE,TRUE,13.9698288440704,12.5635159015656,1.40631294250488,,""
"internal","internal_time_varying_high_t20","time_varying_adjacent","moderate_high",20,"gaussian","NO",14,20260946,"rs_joint_sandwich",TRUE,TRUE,TRUE,12.5920717716217,11.3378129005432,1.25425887107849,,""
"internal","internal_time_varying_high_t20","time_varying_adjacent","moderate_high",20,"gaussian","NO",15,20260947,"rs_joint_sandwich",TRUE,TRUE,TRUE,16.5499379634857,15.1533119678497,1.39662599563599,,""
"internal","internal_time_varying_high_t20","time_varying_adjacent","moderate_high",20,"gaussian","NO",16,20260948,"rs_joint_sandwich",TRUE,TRUE,TRUE,15.6424031257629,14.2123191356659,1.43008399009705,,""
"internal","internal_time_varying_high_t20","time_varying_adjacent","moderate_high",20,"gaussian","NO",17,20260949,"rs_joint_sandwich",TRUE,TRUE,TRUE,11.069390296936,9.71558618545532,1.35380411148071,,""
"internal","internal_time_varying_high_t20","time_varying_adjacent","moderate_high",20,"gaussian","NO",18,20260950,"rs_joint_sandwich",TRUE,TRUE,TRUE,15.329393863678,13.8635430335999,1.46585083007812,,""
"internal","internal_time_varying_high_t20","time_varying_adjacent","moderate_high",20,"gaussian","NO",19,20260951,"rs_joint_sandwich",TRUE,TRUE,TRUE,13.9137399196625,12.527382850647,1.3863570690155,,""
"internal","internal_time_varying_high_t20","time_varying_adjacent","moderate_high",20,"gaussian","NO",20,20260952,"rs_joint_sandwich",TRUE,TRUE,TRUE,17.3926689624786,16.0238950252533,1.36877393722534,,""
"internal","internal_time_varying_high_t20","time_varying_adjacent","moderate_high",20,"gamma","GA",1,20260953,"rs_joint_sandwich",TRUE,TRUE,TRUE,23.8601939678192,22.3592629432678,1.50093102455139,,""
"internal","internal_time_varying_high_t20","time_varying_adjacent","moderate_high",20,"gamma","GA",2,20260954,"rs_joint_sandwich",TRUE,TRUE,TRUE,18.9770858287811,17.5429348945618,1.43415093421936,,""
"internal","internal_time_varying_high_t20","time_varying_adjacent","moderate_high",20,"gamma","GA",3,20260955,"rs_joint_sandwich",TRUE,TRUE,TRUE,20.1008741855621,18.6944630146027,1.40641117095947,,""
"internal","internal_time_varying_high_t20","time_varying_adjacent","moderate_high",20,"gamma","GA",4,20260956,"rs_joint_sandwich",TRUE,TRUE,TRUE,19.0397069454193,17.2183539867401,1.8213529586792,,""
"internal","internal_time_varying_high_t20","time_varying_adjacent","moderate_high",20,"gamma","GA",5,20260957,"rs_joint_sandwich",TRUE,TRUE,TRUE,19.2585170269012,17.7020709514618,1.55644607543945,,""
"internal","internal_time_varying_high_t20","time_varying_adjacent","moderate_high",20,"gamma","GA",6,20260958,"rs_joint_sandwich",TRUE,TRUE,TRUE,21.9747667312622,20.993567943573,0.981198787689209,,""
"internal","internal_time_varying_high_t20","time_varying_adjacent","moderate_high",20,"gamma","GA",7,20260959,"rs_joint_sandwich",TRUE,TRUE,TRUE,14.235729932785,12.7705240249634,1.46520590782166,,""
"internal","internal_time_varying_high_t20","time_varying_adjacent","moderate_high",20,"gamma","GA",8,20260960,"rs_joint_sandwich",TRUE,TRUE,TRUE,14.8760619163513,12.9746789932251,1.90138292312622,,""
"internal","internal_time_varying_high_t20","time_varying_adjacent","moderate_high",20,"gamma","GA",9,20260961,"rs_joint_sandwich",TRUE,TRUE,TRUE,18.0106618404388,16.5639939308167,1.44666790962219,,""
"internal","internal_time_varying_high_t20","time_varying_adjacent","moderate_high",20,"gamma","GA",10,20260962,"rs_joint_sandwich",TRUE,TRUE,TRUE,16.4534339904785,14.6071350574493,1.84629893302917,,""
"internal","internal_time_varying_high_t20","time_varying_adjacent","moderate_high",20,"gamma","GA",11,20260963,"rs_joint_sandwich",TRUE,TRUE,TRUE,15.253201007843,13.4585499763489,1.79465103149414,,""
"internal","internal_time_varying_high_t20","time_varying_adjacent","moderate_high",20,"gamma","GA",12,20260964,"rs_joint_sandwich",TRUE,TRUE,TRUE,21.1047790050507,19.5846619606018,1.52011704444885,,""
"internal","internal_time_varying_high_t20","time_varying_adjacent","moderate_high",20,"gamma","GA",13,20260965,"rs_joint_sandwich",TRUE,TRUE,TRUE,20.3256740570068,18.89097905159,1.43469500541687,,""
"internal","internal_time_varying_high_t20","time_varying_adjacent","moderate_high",20,"gamma","GA",14,20260966,"rs_joint_sandwich",TRUE,TRUE,TRUE,19.9169199466705,18.0461540222168,1.87076592445374,,""
"internal","internal_time_varying_high_t20","time_varying_adjacent","moderate_high",20,"gamma","GA",15,20260967,"rs_joint_sandwich",TRUE,TRUE,TRUE,19.5075562000275,18.0836620330811,1.42389416694641,,""
"internal","internal_time_varying_high_t20","time_varying_adjacent","moderate_high",20,"gamma","GA",16,20260968,"rs_joint_sandwich",TRUE,TRUE,TRUE,18.3918759822845,16.9097440242767,1.48213195800781,,""
"internal","internal_time_varying_high_t20","time_varying_adjacent","moderate_high",20,"gamma","GA",17,20260969,"rs_joint_sandwich",TRUE,TRUE,TRUE,23.9745590686798,22.5043511390686,1.47020792961121,,""
"internal","internal_time_varying_high_t20","time_varying_adjacent","moderate_high",20,"gamma","GA",18,20260970,"rs_joint_sandwich",TRUE,TRUE,TRUE,18.6580631732941,17.185506105423,1.47255706787109,,""
"internal","internal_time_varying_high_t20","time_varying_adjacent","moderate_high",20,"gamma","GA",19,20260971,"rs_joint_sandwich",TRUE,TRUE,TRUE,18.9996078014374,17.2201969623566,1.77941083908081,,""
"internal","internal_time_varying_high_t20","time_varying_adjacent","moderate_high",20,"gamma","GA",20,20260972,"rs_joint_sandwich",TRUE,TRUE,TRUE,17.0939509868622,15.6506819725037,1.44326901435852,,""
"internal","internal_time_varying_high_t20","time_varying_adjacent","moderate_high",20,"binary","BI",1,20260993,"rs_joint_sandwich",TRUE,TRUE,TRUE,118.597026109695,88.7256460189819,29.8713800907135,,"Analytical Hessian for zero-heavy discrete margins may be numerically delicate; Analytical Hessian is not yet implemented for exact discrete rectangle likelihoods; falling back to numerical Hessian. | Analytical Hessian for zero-heavy discrete margins may be numerically delicate; Analytical Hessian is not yet implemented for exact discrete rectangle likelihoods; falling back to numerical Hessian."
"internal","internal_time_varying_high_t20","time_varying_adjacent","moderate_high",20,"binary","BI",2,20260994,"rs_joint_sandwich",TRUE,TRUE,TRUE,156.445243835449,124.109704971313,32.3355388641357,,"Analytical Hessian for zero-heavy discrete margins may be numerically delicate; Analytical Hessian is not yet implemented for exact discrete rectangle likelihoods; falling back to numerical Hessian. | Analytical Hessian for zero-heavy discrete margins may be numerically delicate; Analytical Hessian is not yet implemented for exact discrete rectangle likelihoods; falling back to numerical Hessian."
"internal","internal_time_varying_high_t20","time_varying_adjacent","moderate_high",20,"binary","BI",3,20260995,"rs_joint_sandwich",TRUE,TRUE,TRUE,102.242416858673,70.8708639144897,31.3715529441833,,"Analytical Hessian for zero-heavy discrete margins may be numerically delicate; Analytical Hessian is not yet implemented for exact discrete rectangle likelihoods; falling back to numerical Hessian. | Analytical Hessian for zero-heavy discrete margins may be numerically delicate; Analytical Hessian is not yet implemented for exact discrete rectangle likelihoods; falling back to numerical Hessian."
"internal","internal_time_varying_high_t20","time_varying_adjacent","moderate_high",20,"binary","BI",4,20260996,"rs_joint_sandwich",TRUE,TRUE,TRUE,185.136954069138,154.256649971008,30.8803040981293,,"Analytical Hessian for zero-heavy discrete margins may be numerically delicate; Analytical Hessian is not yet implemented for exact discrete rectangle likelihoods; falling back to numerical Hessian. | Analytical Hessian for zero-heavy discrete margins may be numerically delicate; Analytical Hessian is not yet implemented for exact discrete rectangle likelihoods; falling back to numerical Hessian."
"internal","internal_time_varying_high_t20","time_varying_adjacent","moderate_high",20,"binary","BI",5,20260997,"rs_joint_sandwich",TRUE,TRUE,TRUE,203.417375087738,170.353497028351,33.0638780593872,,"Analytical Hessian for zero-heavy discrete margins may be numerically delicate; Analytical Hessian is not yet implemented for exact discrete rectangle likelihoods; falling back to numerical Hessian. | Analytical Hessian for zero-heavy discrete margins may be numerically delicate; Analytical Hessian is not yet implemented for exact discrete rectangle likelihoods; falling back to numerical Hessian."
"internal","internal_time_varying_high_t20","time_varying_adjacent","moderate_high",20,"binary","BI",6,20260998,"rs_joint_sandwich",TRUE,TRUE,TRUE,232.846888065338,198.758149147034,34.0887389183044,,"Analytical Hessian for zero-heavy discrete margins may be numerically delicate; Analytical Hessian is not yet implemented for exact discrete rectangle likelihoods; falling back to numerical Hessian. | Analytical Hessian for zero-heavy discrete margins may be numerically delicate; Analytical Hessian is not yet implemented for exact discrete rectangle likelihoods; falling back to numerical Hessian."
"internal","internal_time_varying_high_t20","time_varying_adjacent","moderate_high",20,"binary","BI",7,20260999,"rs_joint_sandwich",TRUE,TRUE,TRUE,133.142092943192,96.7165009975433,36.4255919456482,,"Analytical Hessian for zero-heavy discrete margins may be numerically delicate; Analytical Hessian is not yet implemented for exact discrete rectangle likelihoods; falling back to numerical Hessian. | Analytical Hessian for zero-heavy discrete margins may be numerically delicate; Analytical Hessian is not yet implemented for exact discrete rectangle likelihoods; falling back to numerical Hessian."
"internal","internal_time_varying_high_t20","time_varying_adjacent","moderate_high",20,"binary","BI",8,20261000,"rs_joint_sandwich",TRUE,TRUE,TRUE,174.965617656708,138.438625812531,36.5269918441772,,"Analytical Hessian for zero-heavy discrete margins may be numerically delicate; Analytical Hessian is not yet implemented for exact discrete rectangle likelihoods; falling back to numerical Hessian. | Analytical Hessian for zero-heavy discrete margins may be numerically delicate; Analytical Hessian is not yet implemented for exact discrete rectangle likelihoods; falling back to numerical Hessian."
"internal","internal_time_varying_high_t20","time_varying_adjacent","moderate_high",20,"binary","BI",9,20261001,"rs_joint_sandwich",TRUE,TRUE,TRUE,141.785180807114,108.559688806534,33.2254920005798,,"Analytical Hessian for zero-heavy discrete margins may be numerically delicate; Analytical Hessian is not yet implemented for exact discrete rectangle likelihoods; falling back to numerical Hessian. | Analytical Hessian for zero-heavy discrete margins may be numerically delicate; Analytical Hessian is not yet implemented for exact discrete rectangle likelihoods; falling back to numerical Hessian."
"internal","internal_time_varying_high_t20","time_varying_adjacent","moderate_high",20,"binary","BI",10,20261002,"rs_joint_sandwich",TRUE,TRUE,TRUE,164.180158376694,130.121759176254,34.0583992004395,,"Analytical Hessian for zero-heavy discrete margins may be numerically delicate; Analytical Hessian is not yet implemented for exact discrete rectangle likelihoods; falling back to numerical Hessian. | Analytical Hessian for zero-heavy discrete margins may be numerically delicate; Analytical Hessian is not yet implemented for exact discrete rectangle likelihoods; falling back to numerical Hessian."
"internal","internal_time_varying_high_t20","time_varying_adjacent","moderate_high",20,"binary","BI",11,20261003,"rs_joint_sandwich",TRUE,TRUE,TRUE,148.607636213303,111.89182806015,36.7158081531525,,"Analytical Hessian for zero-heavy discrete margins may be numerically delicate; Analytical Hessian is not yet implemented for exact discrete rectangle likelihoods; falling back to numerical Hessian. | Analytical Hessian for zero-heavy discrete margins may be numerically delicate; Analytical Hessian is not yet implemented for exact discrete rectangle likelihoods; falling back to numerical Hessian."
"internal","internal_time_varying_high_t20","time_varying_adjacent","moderate_high",20,"binary","BI",12,20261004,"rs_joint_sandwich",TRUE,TRUE,TRUE,256.309981822968,214.822443962097,41.4875378608704,,"Analytical Hessian for zero-heavy discrete margins may be numerically delicate; Analytical Hessian is not yet implemented for exact discrete rectangle likelihoods; falling back to numerical Hessian. | Analytical Hessian for zero-heavy discrete margins may be numerically delicate; Analytical Hessian is not yet implemented for exact discrete rectangle likelihoods; falling back to numerical Hessian."
"internal","internal_time_varying_high_t20","time_varying_adjacent","moderate_high",20,"binary","BI",13,20261005,"rs_joint_sandwich",TRUE,TRUE,TRUE,143.606605052948,102.44669008255,41.1599149703979,,"Analytical Hessian for zero-heavy discrete margins may be numerically delicate; Analytical Hessian is not yet implemented for exact discrete rectangle likelihoods; falling back to numerical Hessian. | Analytical Hessian for zero-heavy discrete margins may be numerically delicate; Analytical Hessian is not yet implemented for exact discrete rectangle likelihoods; falling back to numerical Hessian."
"internal","internal_time_varying_high_t20","time_varying_adjacent","moderate_high",20,"binary","BI",14,20261006,"rs_joint_sandwich",TRUE,TRUE,TRUE,185.727952957153,144.088877916336,41.6390750408173,,"Analytical Hessian for zero-heavy discrete margins may be numerically delicate; Analytical Hessian is not yet implemented for exact discrete rectangle likelihoods; falling back to numerical Hessian. | Analytical Hessian for zero-heavy discrete margins may be numerically delicate; Analytical Hessian is not yet implemented for exact discrete rectangle likelihoods; falling back to numerical Hessian."
"internal","internal_time_varying_high_t20","time_varying_adjacent","moderate_high",20,"binary","BI",15,20261007,"rs_joint_sandwich",TRUE,TRUE,TRUE,164.42998290062,121.78560090065,42.6443819999695,,"Analytical Hessian for zero-heavy discrete margins may be numerically delicate; Analytical Hessian is not yet implemented for exact discrete rectangle likelihoods; falling back to numerical Hessian. | Analytical Hessian for zero-heavy discrete margins may be numerically delicate; Analytical Hessian is not yet implemented for exact discrete rectangle likelihoods; falling back to numerical Hessian."
"internal","internal_time_varying_high_t20","time_varying_adjacent","moderate_high",20,"binary","BI",16,20261008,"rs_joint_sandwich",TRUE,TRUE,TRUE,161.783556938171,119.671792984009,42.1117639541626,,"Analytical Hessian for zero-heavy discrete margins may be numerically delicate; Analytical Hessian is not yet implemented for exact discrete rectangle likelihoods; falling back to numerical Hessian. | Analytical Hessian for zero-heavy discrete margins may be numerically delicate; Analytical Hessian is not yet implemented for exact discrete rectangle likelihoods; falling back to numerical Hessian."
"internal","internal_time_varying_high_t20","time_varying_adjacent","moderate_high",20,"binary","BI",17,20261009,"rs_joint_sandwich",TRUE,TRUE,TRUE,180.398916959763,138.569097995758,41.8298189640045,,"Analytical Hessian for zero-heavy discrete margins may be numerically delicate; Analytical Hessian is not yet implemented for exact discrete rectangle likelihoods; falling back to numerical Hessian. | Analytical Hessian for zero-heavy discrete margins may be numerically delicate; Analytical Hessian is not yet implemented for exact discrete rectangle likelihoods; falling back to numerical Hessian."
"internal","internal_time_varying_high_t20","time_varying_adjacent","moderate_high",20,"binary","BI",18,20261010,"rs_joint_sandwich",TRUE,TRUE,TRUE,178.116927146912,135.876470088959,42.2404570579529,,"Analytical Hessian for zero-heavy discrete margins may be numerically delicate; Analytical Hessian is not yet implemented for exact discrete rectangle likelihoods; falling back to numerical Hessian. | Analytical Hessian for zero-heavy discrete margins may be numerically delicate; Analytical Hessian is not yet implemented for exact discrete rectangle likelihoods; falling back to numerical Hessian."
"internal","internal_time_varying_high_t20","time_varying_adjacent","moderate_high",20,"binary","BI",19,20261011,"rs_joint_sandwich",TRUE,TRUE,TRUE,257.693901062012,214.529314994812,43.1645860671997,,"Analytical Hessian for zero-heavy discrete margins may be numerically delicate; Analytical Hessian is not yet implemented for exact discrete rectangle likelihoods; falling back to numerical Hessian. | Analytical Hessian for zero-heavy discrete margins may be numerically delicate; Analytical Hessian is not yet implemented for exact discrete rectangle likelihoods; falling back to numerical Hessian."
"internal","internal_covariate_dependent_high_t20","covariate_dependent_adjacent","moderate_high",20,"gaussian","NO",1,20261013,"rs_joint_sandwich",TRUE,TRUE,TRUE,7.80735492706299,6.03108811378479,1.7762668132782,,""
"internal","internal_covariate_dependent_high_t20","covariate_dependent_adjacent","moderate_high",20,"gaussian","NO",2,20261014,"rs_joint_sandwich",TRUE,TRUE,TRUE,13.3064811229706,11.6823010444641,1.62418007850647,,""
"internal","internal_covariate_dependent_high_t20","covariate_dependent_adjacent","moderate_high",20,"gaussian","NO",3,20261015,"rs_joint_sandwich",TRUE,TRUE,TRUE,8.52845072746277,7.59840679168701,0.930043935775757,,""
"internal","internal_covariate_dependent_high_t20","covariate_dependent_adjacent","moderate_high",20,"gaussian","NO",4,20261016,"rs_joint_sandwich",TRUE,TRUE,TRUE,14.5194900035858,13.3765890598297,1.1429009437561,,""
"internal","internal_covariate_dependent_high_t20","covariate_dependent_adjacent","moderate_high",20,"gaussian","NO",5,20261017,"rs_joint_sandwich",TRUE,TRUE,TRUE,13.6516737937927,11.9463918209076,1.70528197288513,,""
"internal","internal_covariate_dependent_high_t20","covariate_dependent_adjacent","moderate_high",20,"gaussian","NO",6,20261018,"rs_joint_sandwich",TRUE,TRUE,TRUE,8.41219186782837,6.78906607627869,1.62312579154968,,""
"internal","internal_covariate_dependent_high_t20","covariate_dependent_adjacent","moderate_high",20,"gaussian","NO",7,20261019,"rs_joint_sandwich",TRUE,TRUE,TRUE,18.7430608272552,16.9961278438568,1.74693298339844,,""
"internal","internal_covariate_dependent_high_t20","covariate_dependent_adjacent","moderate_high",20,"gaussian","NO",8,20261020,"rs_joint_sandwich",TRUE,TRUE,TRUE,12.6517610549927,11.1837739944458,1.46798706054688,,""
"internal","internal_covariate_dependent_high_t20","covariate_dependent_adjacent","moderate_high",20,"gaussian","NO",9,20261021,"rs_joint_sandwich",TRUE,TRUE,TRUE,16.4229679107666,14.6529128551483,1.77005505561829,,""
"internal","internal_covariate_dependent_high_t20","covariate_dependent_adjacent","moderate_high",20,"gaussian","NO",10,20261022,"rs_joint_sandwich",TRUE,TRUE,TRUE,14.4449019432068,12.9195170402527,1.5253849029541,,""
"internal","internal_covariate_dependent_high_t20","covariate_dependent_adjacent","moderate_high",20,"gaussian","NO",11,20261023,"rs_joint_sandwich",TRUE,TRUE,TRUE,16.8369288444519,15.2291588783264,1.60776996612549,,""
"internal","internal_covariate_dependent_high_t20","covariate_dependent_adjacent","moderate_high",20,"gaussian","NO",12,20261024,"rs_joint_sandwich",TRUE,TRUE,TRUE,9.60393118858337,8.39808320999146,1.20584797859192,,""
"internal","internal_covariate_dependent_high_t20","covariate_dependent_adjacent","moderate_high",20,"gaussian","NO",13,20261025,"rs_joint_sandwich",TRUE,TRUE,TRUE,8.57925486564636,7.42461895942688,1.15463590621948,,""
"internal","internal_covariate_dependent_high_t20","covariate_dependent_adjacent","moderate_high",20,"gaussian","NO",14,20261026,"rs_joint_sandwich",TRUE,TRUE,TRUE,14.0741972923279,12.4830951690674,1.5911021232605,,""
"internal","internal_covariate_dependent_high_t20","covariate_dependent_adjacent","moderate_high",20,"gaussian","NO",15,20261027,"rs_joint_sandwich",TRUE,TRUE,TRUE,16.1958429813385,14.6472380161285,1.54860496520996,,""
"internal","internal_covariate_dependent_high_t20","covariate_dependent_adjacent","moderate_high",20,"gaussian","NO",16,20261028,"rs_joint_sandwich",TRUE,TRUE,TRUE,13.36106300354,12.094703912735,1.26635909080505,,""
"internal","internal_covariate_dependent_high_t20","covariate_dependent_adjacent","moderate_high",20,"gaussian","NO",17,20261029,"rs_joint_sandwich",TRUE,TRUE,TRUE,9.76853394508362,8.30451393127441,1.4640200138092,,""
"internal","internal_covariate_dependent_high_t20","covariate_dependent_adjacent","moderate_high",20,"gaussian","NO",18,20261030,"rs_joint_sandwich",TRUE,TRUE,TRUE,12.8892571926117,11.7449960708618,1.14426112174988,,""
"internal","internal_covariate_dependent_high_t20","covariate_dependent_adjacent","moderate_high",20,"gaussian","NO",19,20261031,"rs_joint_sandwich",TRUE,TRUE,TRUE,12.2276039123535,10.5439670085907,1.68363690376282,,""
"internal","internal_covariate_dependent_high_t20","covariate_dependent_adjacent","moderate_high",20,"gaussian","NO",20,20261032,"rs_joint_sandwich",TRUE,TRUE,TRUE,10.6046500205994,9.39824104309082,1.20640897750854,,""
"internal","internal_covariate_dependent_high_t20","covariate_dependent_adjacent","moderate_high",20,"gamma","GA",1,20261033,"rs_joint_sandwich",TRUE,TRUE,TRUE,19.4720098972321,17.9876909255981,1.48431897163391,,""
"internal","internal_covariate_dependent_high_t20","covariate_dependent_adjacent","moderate_high",20,"gamma","GA",2,20261034,"rs_joint_sandwich",TRUE,TRUE,TRUE,16.8020796775818,15.4968988895416,1.30518078804016,,""
"internal","internal_covariate_dependent_high_t20","covariate_dependent_adjacent","moderate_high",20,"gamma","GA",3,20261035,"rs_joint_sandwich",TRUE,TRUE,TRUE,21.3698852062225,20.3571770191193,1.01270818710327,,""
"internal","internal_covariate_dependent_high_t20","covariate_dependent_adjacent","moderate_high",20,"gamma","GA",4,20261036,"rs_joint_sandwich",TRUE,TRUE,TRUE,12.4550318717957,11.0162239074707,1.43880796432495,,""
"internal","internal_covariate_dependent_high_t20","covariate_dependent_adjacent","moderate_high",20,"gamma","GA",5,20261037,"rs_joint_sandwich",TRUE,TRUE,TRUE,17.209125995636,14.8865919113159,2.32253408432007,,""
"internal","internal_covariate_dependent_high_t20","covariate_dependent_adjacent","moderate_high",20,"gamma","GA",6,20261038,"rs_joint_sandwich",TRUE,TRUE,TRUE,20.2403280735016,18.6189680099487,1.62136006355286,,""
"internal","internal_covariate_dependent_high_t20","covariate_dependent_adjacent","moderate_high",20,"gamma","GA",7,20261039,"rs_joint_sandwich",TRUE,TRUE,TRUE,21.7864141464233,20.5606532096863,1.22576093673706,,""
"internal","internal_covariate_dependent_high_t20","covariate_dependent_adjacent","moderate_high",20,"gamma","GA",8,20261040,"rs_joint_sandwich",TRUE,TRUE,TRUE,17.6427159309387,16.528018951416,1.11469697952271,,""
"internal","internal_covariate_dependent_high_t20","covariate_dependent_adjacent","moderate_high",20,"gamma","GA",9,20261041,"rs_joint_sandwich",TRUE,TRUE,TRUE,19.0932579040527,17.6266849040985,1.46657299995422,,""
"internal","internal_covariate_dependent_high_t20","covariate_dependent_adjacent","moderate_high",20,"gamma","GA",10,20261042,"rs_joint_sandwich",TRUE,TRUE,TRUE,13.6449320316315,11.8934218883514,1.75151014328003,,""
"internal","internal_covariate_dependent_high_t20","covariate_dependent_adjacent","moderate_high",20,"gamma","GA",11,20261043,"rs_joint_sandwich",TRUE,TRUE,TRUE,22.4035649299622,20.9889390468597,1.41462588310242,,""
"internal","internal_covariate_dependent_high_t20","covariate_dependent_adjacent","moderate_high",20,"gamma","GA",12,20261044,"rs_joint_sandwich",TRUE,TRUE,TRUE,16.2836949825287,14.6164870262146,1.66720795631409,,""
"internal","internal_covariate_dependent_high_t20","covariate_dependent_adjacent","moderate_high",20,"gamma","GA",13,20261045,"rs_joint_sandwich",TRUE,TRUE,TRUE,14.7170157432556,13.0122308731079,1.70478487014771,,""
"internal","internal_covariate_dependent_high_t20","covariate_dependent_adjacent","moderate_high",20,"gamma","GA",14,20261046,"rs_joint_sandwich",TRUE,TRUE,TRUE,21.2104477882385,19.4474258422852,1.76302194595337,,""
"internal","internal_covariate_dependent_high_t20","covariate_dependent_adjacent","moderate_high",20,"gamma","GA",15,20261047,"rs_joint_sandwich",TRUE,TRUE,TRUE,20.3906443119049,18.698902130127,1.69174218177795,,""
"internal","internal_covariate_dependent_high_t20","covariate_dependent_adjacent","moderate_high",20,"gamma","GA",16,20261048,"rs_joint_sandwich",TRUE,TRUE,TRUE,24.3108961582184,23.1116120815277,1.19928407669067,,""
"internal","internal_covariate_dependent_high_t20","covariate_dependent_adjacent","moderate_high",20,"gamma","GA",17,20261049,"rs_joint_sandwich",TRUE,TRUE,TRUE,20.5214948654175,18.7782900333405,1.74320483207703,,""
"internal","internal_covariate_dependent_high_t20","covariate_dependent_adjacent","moderate_high",20,"gamma","GA",18,20261050,"rs_joint_sandwich",TRUE,TRUE,TRUE,18.386773109436,16.8812921047211,1.50548100471497,,""
"internal","internal_covariate_dependent_high_t20","covariate_dependent_adjacent","moderate_high",20,"gamma","GA",19,20261051,"rs_joint_sandwich",TRUE,TRUE,TRUE,17.923327922821,16.2321510314941,1.6911768913269,,""
"internal","internal_covariate_dependent_high_t20","covariate_dependent_adjacent","moderate_high",20,"gamma","GA",20,20261052,"rs_joint_sandwich",TRUE,TRUE,TRUE,18.174889087677,16.4777121543884,1.69717693328857,,""
"internal","internal_covariate_dependent_high_t20","covariate_dependent_adjacent","moderate_high",20,"binary","BI",1,20261073,"rs_joint_sandwich",TRUE,TRUE,TRUE,29.1682441234589,22.0827848911285,7.08545923233032,,"Analytical Hessian for zero-heavy discrete margins may be numerically delicate; Analytical Hessian is not yet implemented for exact discrete rectangle likelihoods; falling back to numerical Hessian. | Analytical Hessian for zero-heavy discrete margins may be numerically delicate; Analytical Hessian is not yet implemented for exact discrete rectangle likelihoods; falling back to numerical Hessian."
"internal","internal_covariate_dependent_high_t20","covariate_dependent_adjacent","moderate_high",20,"binary","BI",2,20261074,"rs_joint_sandwich",TRUE,TRUE,TRUE,34.7077651023865,27.273106098175,7.43465900421143,,"Analytical Hessian for zero-heavy discrete margins may be numerically delicate; Analytical Hessian is not yet implemented for exact discrete rectangle likelihoods; falling back to numerical Hessian. | Analytical Hessian for zero-heavy discrete margins may be numerically delicate; Analytical Hessian is not yet implemented for exact discrete rectangle likelihoods; falling back to numerical Hessian."
"internal","internal_covariate_dependent_high_t20","covariate_dependent_adjacent","moderate_high",20,"binary","BI",3,20261075,"rs_joint_sandwich",TRUE,TRUE,TRUE,29.8515040874481,22.1866660118103,7.66483807563782,,"Analytical Hessian for zero-heavy discrete margins may be numerically delicate; Analytical Hessian is not yet implemented for exact discrete rectangle likelihoods; falling back to numerical Hessian. | Analytical Hessian for zero-heavy discrete margins may be numerically delicate; Analytical Hessian is not yet implemented for exact discrete rectangle likelihoods; falling back to numerical Hessian."
"internal","internal_covariate_dependent_high_t20","covariate_dependent_adjacent","moderate_high",20,"binary","BI",4,20261076,"rs_joint_sandwich",TRUE,TRUE,TRUE,40.1668939590454,32.8014590740204,7.36543488502502,,"Analytical Hessian for zero-heavy discrete margins may be numerically delicate; Analytical Hessian is not yet implemented for exact discrete rectangle likelihoods; falling back to numerical Hessian. | Analytical Hessian for zero-heavy discrete margins may be numerically delicate; Analytical Hessian is not yet implemented for exact discrete rectangle likelihoods; falling back to numerical Hessian."
"internal","internal_covariate_dependent_high_t20","covariate_dependent_adjacent","moderate_high",20,"binary","BI",5,20261077,"rs_joint_sandwich",TRUE,TRUE,TRUE,30.3003029823303,22.98268699646,7.31761598587036,,"Analytical Hessian for zero-heavy discrete margins may be numerically delicate; Analytical Hessian is not yet implemented for exact discrete rectangle likelihoods; falling back to numerical Hessian. | Analytical Hessian for zero-heavy discrete margins may be numerically delicate; Analytical Hessian is not yet implemented for exact discrete rectangle likelihoods; falling back to numerical Hessian."
"internal","internal_covariate_dependent_high_t20","covariate_dependent_adjacent","moderate_high",20,"binary","BI",6,20261078,"rs_joint_sandwich",TRUE,TRUE,TRUE,39.0403470993042,31.2474009990692,7.79294610023499,,"Analytical Hessian for zero-heavy discrete margins may be numerically delicate; Analytical Hessian is not yet implemented for exact discrete rectangle likelihoods; falling back to numerical Hessian. | Analytical Hessian for zero-heavy discrete margins may be numerically delicate; Analytical Hessian is not yet implemented for exact discrete rectangle likelihoods; falling back to numerical Hessian."
"internal","internal_covariate_dependent_high_t20","covariate_dependent_adjacent","moderate_high",20,"binary","BI",7,20261079,"rs_joint_sandwich",TRUE,TRUE,TRUE,42.5906200408936,35.3074719905853,7.28314805030823,,"Analytical Hessian for zero-heavy discrete margins may be numerically delicate; Analytical Hessian is not yet implemented for exact discrete rectangle likelihoods; falling back to numerical Hessian. | Analytical Hessian for zero-heavy discrete margins may be numerically delicate; Analytical Hessian is not yet implemented for exact discrete rectangle likelihoods; falling back to numerical Hessian."
"internal","internal_covariate_dependent_high_t20","covariate_dependent_adjacent","moderate_high",20,"binary","BI",8,20261080,"rs_joint_sandwich",TRUE,TRUE,TRUE,45.1818838119507,36.2196350097656,8.96224880218506,,"Analytical Hessian for zero-heavy discrete margins may be numerically delicate; Analytical Hessian is not yet implemented for exact discrete rectangle likelihoods; falling back to numerical Hessian. | Analytical Hessian for zero-heavy discrete margins may be numerically delicate; Analytical Hessian is not yet implemented for exact discrete rectangle likelihoods; falling back to numerical Hessian."
"internal","internal_covariate_dependent_high_t20","covariate_dependent_adjacent","moderate_high",20,"binary","BI",9,20261081,"rs_joint_sandwich",TRUE,TRUE,TRUE,39.8094050884247,30.6435930728912,9.16581201553345,,"Analytical Hessian for zero-heavy discrete margins may be numerically delicate; Analytical Hessian is not yet implemented for exact discrete rectangle likelihoods; falling back to numerical Hessian. | Analytical Hessian for zero-heavy discrete margins may be numerically delicate; Analytical Hessian is not yet implemented for exact discrete rectangle likelihoods; falling back to numerical Hessian."
"internal","internal_covariate_dependent_high_t20","covariate_dependent_adjacent","moderate_high",20,"binary","BI",10,20261082,"rs_joint_sandwich",TRUE,TRUE,TRUE,33.1619689464569,25.0920000076294,8.06996893882751,,"Analytical Hessian for zero-heavy discrete margins may be numerically delicate; Analytical Hessian is not yet implemented for exact discrete rectangle likelihoods; falling back to numerical Hessian. | Analytical Hessian for zero-heavy discrete margins may be numerically delicate; Analytical Hessian is not yet implemented for exact discrete rectangle likelihoods; falling back to numerical Hessian."
"internal","internal_covariate_dependent_high_t20","covariate_dependent_adjacent","moderate_high",20,"binary","BI",11,20261083,"rs_joint_sandwich",TRUE,TRUE,TRUE,46.0142590999603,38.4278559684753,7.58640313148499,,"Analytical Hessian for zero-heavy discrete margins may be numerically delicate; Analytical Hessian is not yet implemented for exact discrete rectangle likelihoods; falling back to numerical Hessian. | Analytical Hessian for zero-heavy discrete margins may be numerically delicate; Analytical Hessian is not yet implemented for exact discrete rectangle likelihoods; falling back to numerical Hessian."
"internal","internal_covariate_dependent_high_t20","covariate_dependent_adjacent","moderate_high",20,"binary","BI",12,20261084,"rs_joint_sandwich",TRUE,TRUE,TRUE,37.3836390972137,28.8531880378723,8.53045105934143,,"Analytical Hessian for zero-heavy discrete margins may be numerically delicate; Analytical Hessian is not yet implemented for exact discrete rectangle likelihoods; falling back to numerical Hessian. | Analytical Hessian for zero-heavy discrete margins may be numerically delicate; Analytical Hessian is not yet implemented for exact discrete rectangle likelihoods; falling back to numerical Hessian."
"internal","internal_covariate_dependent_high_t20","covariate_dependent_adjacent","moderate_high",20,"binary","BI",13,20261085,"rs_joint_sandwich",TRUE,TRUE,TRUE,50.0993721485138,41.5107700824738,8.58860206604004,,"Analytical Hessian for zero-heavy discrete margins may be numerically delicate; Analytical Hessian is not yet implemented for exact discrete rectangle likelihoods; falling back to numerical Hessian. | Analytical Hessian for zero-heavy discrete margins may be numerically delicate; Analytical Hessian is not yet implemented for exact discrete rectangle likelihoods; falling back to numerical Hessian."
"internal","internal_covariate_dependent_high_t20","covariate_dependent_adjacent","moderate_high",20,"binary","BI",14,20261086,"rs_joint_sandwich",TRUE,TRUE,TRUE,41.6638698577881,33.4705557823181,8.19331407546997,,"Analytical Hessian for zero-heavy discrete margins may be numerically delicate; Analytical Hessian is not yet implemented for exact discrete rectangle likelihoods; falling back to numerical Hessian. | Analytical Hessian for zero-heavy discrete margins may be numerically delicate; Analytical Hessian is not yet implemented for exact discrete rectangle likelihoods; falling back to numerical Hessian."
"internal","internal_covariate_dependent_high_t20","covariate_dependent_adjacent","moderate_high",20,"binary","BI",15,20261087,"rs_joint_sandwich",TRUE,TRUE,TRUE,46.5190939903259,38.7017369270325,7.81735706329346,,"Analytical Hessian for zero-heavy discrete margins may be numerically delicate; Analytical Hessian is not yet implemented for exact discrete rectangle likelihoods; falling back to numerical Hessian. | Analytical Hessian for zero-heavy discrete margins may be numerically delicate; Analytical Hessian is not yet implemented for exact discrete rectangle likelihoods; falling back to numerical Hessian."
"internal","internal_covariate_dependent_high_t20","covariate_dependent_adjacent","moderate_high",20,"binary","BI",16,20261088,"rs_joint_sandwich",TRUE,TRUE,TRUE,56.2407631874084,43.3978190422058,12.8429441452026,,"Analytical Hessian for zero-heavy discrete margins may be numerically delicate; Analytical Hessian is not yet implemented for exact discrete rectangle likelihoods; falling back to numerical Hessian. | Analytical Hessian for zero-heavy discrete margins may be numerically delicate; Analytical Hessian is not yet implemented for exact discrete rectangle likelihoods; falling back to numerical Hessian."
"internal","internal_covariate_dependent_high_t20","covariate_dependent_adjacent","moderate_high",20,"binary","BI",17,20261089,"rs_joint_sandwich",TRUE,TRUE,TRUE,50.1074929237366,40.310399055481,9.79709386825562,,"Analytical Hessian for zero-heavy discrete margins may be numerically delicate; Analytical Hessian is not yet implemented for exact discrete rectangle likelihoods; falling back to numerical Hessian. | Analytical Hessian for zero-heavy discrete margins may be numerically delicate; Analytical Hessian is not yet implemented for exact discrete rectangle likelihoods; falling back to numerical Hessian."
"internal","internal_covariate_dependent_high_t20","covariate_dependent_adjacent","moderate_high",20,"binary","BI",18,20261090,"rs_joint_sandwich",TRUE,TRUE,TRUE,40.8465130329132,30.8492519855499,9.99726104736328,,"Analytical Hessian for zero-heavy discrete margins may be numerically delicate; Analytical Hessian is not yet implemented for exact discrete rectangle likelihoods; falling back to numerical Hessian. | Analytical Hessian for zero-heavy discrete margins may be numerically delicate; Analytical Hessian is not yet implemented for exact discrete rectangle likelihoods; falling back to numerical Hessian."
"internal","internal_covariate_dependent_high_t20","covariate_dependent_adjacent","moderate_high",20,"binary","BI",19,20261091,"rs_joint_sandwich",TRUE,TRUE,TRUE,41.4385681152344,32.6389811038971,8.79958701133728,,"Analytical Hessian for zero-heavy discrete margins may be numerically delicate; Analytical Hessian is not yet implemented for exact discrete rectangle likelihoods; falling back to numerical Hessian. | Analytical Hessian for zero-heavy discrete margins may be numerically delicate; Analytical Hessian is not yet implemented for exact discrete rectangle likelihoods; falling back to numerical Hessian."
"internal","internal_covariate_dependent_high_t20","covariate_dependent_adjacent","moderate_high",20,"binary","BI",20,20261092,"rs_joint_sandwich",TRUE,TRUE,TRUE,41.7350487709045,32.4119589328766,9.32308983802795,,"Analytical Hessian for zero-heavy discrete margins may be numerically delicate; Analytical Hessian is not yet implemented for exact discrete rectangle likelihoods; falling back to numerical Hessian. | Analytical Hessian for zero-heavy discrete margins may be numerically delicate; Analytical Hessian is not yet implemented for exact discrete rectangle likelihoods; falling back to numerical Hessian."
"internal","internal_time_varying_high_t20","time_varying_adjacent","moderate_high",20,"binary","BI",20,20261012,"rs_joint_sandwich",TRUE,TRUE,TRUE,107.531224012375,89.7095749378204,17.8216490745544,,"Analytical Hessian for zero-heavy discrete margins may be numerically delicate; Analytical Hessian is not yet implemented for exact discrete rectangle likelihoods; falling back to numerical Hessian. | Analytical Hessian for zero-heavy discrete margins may be numerically delicate; Analytical Hessian is not yet implemented for exact discrete rectangle likelihoods; falling back to numerical Hessian."
