"subject","time","response","u","true_mu","true_sigma","true_theta","true_zeta"
"1","t1",-1.43553803598289,0.0755669188220054,0,1,NA,NA
"1","t2",-1.11723004474217,0.131947988728151,0,1,0.8,0
"1","t3",-1.26777932734482,0.10243838331879,0,1,0.8,0
"1","t4",-0.635050574197088,0.262697715515568,0,1,0.8,0
"1","t5",0.431846896454998,0.667073653715746,0,1,0.8,0
"2","t1",0.612050221452384,0.729747734731063,0,1,NA,NA
"2","t2",-0.0144980574023145,0.494216314534917,0,1,0.8,0
"2","t3",0.370946807883588,0.644661424656559,0,1,0.8,0
"2","t4",1.40525517934657,0.920027294428034,0,1,0.8,0
"2","t5",2.21717805152303,0.986694536593164,0,1,0.8,0
"3","t1",-0.117666283458011,0.453166041523218,0,1,NA,NA
"3","t2",0.866315926647411,0.806841532694384,0,1,0.8,0
"3","t3",0.344732116006035,0.63485211429243,0,1,0.8,0
"3","t4",-0.330353613316082,0.370566393506562,0,1,0.8,0
"3","t5",0.354297818485615,0.638442148771627,0,1,0.8,0
"4","t1",1.18296402069292,0.881588296499103,0,1,NA,NA
"4","t2",-0.0595370192481468,0.476262190331419,0,1,0.8,0
"4","t3",0.237649703814164,0.593923601698176,0,1,0.8,0
"4","t4",0.0356805066106872,0.514231442937529,0,1,0.8,0
"4","t5",0.143696127788061,0.557129785478645,0,1,0.8,0
"5","t1",-0.425167803958578,0.335357176372781,0,1,NA,NA
"5","t2",-0.790338417766385,0.214665078107169,0,1,0.8,0
"5","t3",-0.405906145141312,0.34240578133094,0,1,0.8,0
"5","t4",-0.075977355826247,0.469718556774067,0,1,0.8,0
"5","t5",0.0925399433242109,0.536865471413827,0,1,0.8,0
"6","t1",-1.30114042385716,0.096605196595192,0,1,NA,NA
"6","t2",-1.39238535824083,0.0819028679217298,0,1,0.8,0
"6","t3",-0.654271608200979,0.256468417117804,0,1,0.8,0
"6","t4",-0.234982762952037,0.407111055928936,0,1,0.8,0
"6","t5",0.397594015150722,0.654535263585258,0,1,0.8,0
"7","t1",-1.6481771420305,0.049658162984997,0,1,NA,NA
"7","t2",-1.57664887452377,0.0574381701213173,0,1,0.8,0
"7","t3",-1.32468230544882,0.0926382721979308,0,1,0.8,0
"7","t4",-1.00109711919764,0.158389928830808,0,1,0.8,0
"7","t5",-0.369001236251258,0.3560634016532,0,1,0.8,0
"8","t1",-1.80647512220971,0.0354220783337951,0,1,NA,NA
"8","t2",-0.613650495719873,0.269723153903764,0,1,0.8,0
"8","t3",-0.279729056107419,0.389842692167552,0,1,0.8,0
"8","t4",-0.380301165321842,0.351860935295886,0,1,0.8,0
"8","t5",0.997245972272027,0.840677434351127,0,1,0.8,0
"9","t1",1.29534946812134,0.902400149265304,0,1,NA,NA
"9","t2",0.98009000207884,0.836479153059903,0,1,0.8,0
"9","t3",0.691545087915034,0.755388471806559,0,1,0.8,0
"9","t4",-0.109676329575652,0.456333036704685,0,1,0.8,0
"9","t5",-0.0276312193489446,0.488978140863206,0,1,0.8,0
"10","t1",1.01370005850687,0.8446370519232,0,1,NA,NA
"10","t2",1.15137725331436,0.875211466190857,0,1,0.8,0
"10","t3",1.64134018200103,0.94963659027207,0,1,0.8,0
"10","t4",1.5508411165875,0.939530117775465,0,1,0.8,0
"10","t5",1.37356161247283,0.915211089380182,0,1,0.8,0
"11","t1",2.44699050603171,0.992797268321738,0,1,NA,NA
"11","t2",2.41099304257528,0.992045424038551,0,1,0.8,0
"11","t3",1.64068423643182,0.949568510592779,0,1,0.8,0
"11","t4",1.48867485611331,0.931713495394699,0,1,0.8,0
"11","t5",1.11366033368524,0.867287533808145,0,1,0.8,0
"12","t1",-1.52671774281088,0.0634156067389995,0,1,NA,NA
"12","t2",-0.823455865396598,0.205124402655087,0,1,0.8,0
"12","t3",-0.807316711925127,0.209742019058365,0,1,0.8,0
"12","t4",-0.114969348541312,0.454234708614448,0,1,0.8,0
"12","t5",0.0299347076807364,0.511940437240795,0,1,0.8,0
"13","t1",0.443047717979858,0.671134389936924,0,1,NA,NA
"13","t2",0.683434564808575,0.752833857494269,0,1,0.8,0
"13","t3",-0.0226394172257412,0.490968950738759,0,1,0.8,0
"13","t4",0.796814821274789,0.787220706999456,0,1,0.8,0
"13","t5",0.513144345772133,0.696074823406414,0,1,0.8,0
"14","t1",-0.279924016919222,0.389767900342122,0,1,NA,NA
"14","t2",-0.279695130527274,0.389855707282178,0,1,0.8,0
"14","t3",-0.403082595347777,0.34344373196671,0,1,0.8,0
"14","t4",-0.986481999757984,0.161948321990073,0,1,0.8,0
"14","t5",-1.62320996431572,0.0522722642494389,0,1,0.8,0
"15","t1",-0.477470543420001,0.316513545811176,0,1,NA,NA
"15","t2",0.0154791107992452,0.506175025167559,0,1,0.8,0
"15","t3",-0.355346404664445,0.361165047487212,0,1,0.8,0
"15","t4",0.196552717370227,0.577911212611518,0,1,0.8,0
"15","t5",0.238920266675636,0.594416294970888,0,1,0.8,0
"16","t1",-0.793489679471815,0.213746289955452,0,1,NA,NA
"16","t2",-0.544327384026129,0.293108103026279,0,1,0.8,0
"16","t3",-0.704399089751605,0.240592136353173,0,1,0.8,0
"16","t4",0.0982159728704518,0.539119600365046,0,1,0.8,0
"16","t5",0.250327068035287,0.598832787291676,0,1,0.8,0
"17","t1",2.11950089487366,0.982975920895115,0,1,NA,NA
"17","t2",1.72593034175759,0.957820027339072,0,1,0.8,0
"17","t3",1.540749007413,0.938311057830037,0,1,0.8,0
"17","t4",1.58183838736688,0.943156765397269,0,1,0.8,0
"17","t5",1.87492026846094,0.969598153389134,0,1,0.8,0
"18","t1",1.13731719704316,0.872297145891935,0,1,NA,NA
"18","t2",0.360885428193224,0.640907451406965,0,1,0.8,0
"18","t3",0.508172985503631,0.694333982862668,0,1,0.8,0
"18","t4",0.589504601826681,0.722238586975263,0,1,0.8,0
"18","t5",0.108320194741408,0.543129148110046,0,1,0.8,0
"19","t1",-0.442136946870297,0.329195054946467,0,1,NA,NA
"19","t2",-0.741238542348982,0.229274408928286,0,1,0.8,0
"19","t3",0.102640585783865,0.540875884933656,0,1,0.8,0
"19","t4",-0.00382375844585692,0.498474544803219,0,1,0.8,0
"19","t5",0.712039898289879,0.761779965110206,0,1,0.8,0
"20","t1",-1.38758919843134,0.0826310862321407,0,1,NA,NA
"20","t2",-1.89692720615945,0.0289187730870558,0,1,0.8,0
"20","t3",-0.96427528230153,0.167453964910235,0,1,0.8,0
"20","t4",-0.0705633795686076,0.471872628300436,0,1,0.8,0
"20","t5",0.096275474920045,0.538349105615367,0,1,0.8,0
"21","t1",-0.223591067586637,0.411537757376209,0,1,NA,NA
"21","t2",0.069523696553577,0.527713614417868,0,1,0.8,0
"21","t3",0.464439714842542,0.678833629136671,0,1,0.8,0
"21","t4",1.88833584600915,0.970509561027359,0,1,0.8,0
"21","t5",1.66112578141928,0.951655906230208,0,1,0.8,0
"22","t1",-1.1939454646131,0.116249650716782,0,1,NA,NA
"22","t2",-0.54434466598273,0.293102157889134,0,1,0.8,0
"22","t3",0.492076591360781,0.688667400092005,0,1,0.8,0
"22","t4",0.094082626856882,0.537478239539688,0,1,0.8,0
"22","t5",0.690942045287124,0.755199018893835,0,1,0.8,0
"23","t1",-2.77023804949999,0.00280076684430242,0,1,NA,NA
"23","t2",-1.6493503873787,0.0495379362306516,0,1,0.8,0
"23","t3",-0.234346123960692,0.407358140460878,0,1,0.8,0
"23","t4",-0.200178432556262,0.420670517058767,0,1,0.8,0
"23","t5",0.126502790835117,0.550333029985872,0,1,0.8,0
"24","t1",0.385135534062256,0.649931498803198,0,1,NA,NA
"24","t2",0.125450675219877,0.549916614035902,0,1,0.8,0
"24","t3",0.997683022030977,0.84078345573503,0,1,0.8,0
"24","t4",0.201794117912095,0.579961159908401,0,1,0.8,0
"24","t5",-0.232255227623751,0.408169892411739,0,1,0.8,0
"25","t1",1.68442410257486,0.953950132010505,0,1,NA,NA
"25","t2",1.83034416366436,0.966400754309198,0,1,0.8,0
"25","t3",1.51520345494774,0.935139555791953,0,1,0.8,0
"25","t4",1.90543379855922,0.971638147366088,0,1,0.8,0
"25","t5",1.3801698399887,0.916232821096277,0,1,0.8,0
"26","t1",-0.456211521974598,0.324118940392509,0,1,NA,NA
"26","t2",-0.0123151927387199,0.495087073111214,0,1,0.8,0
"26","t3",-0.147689210646902,0.441294023455932,0,1,0.8,0
"26","t4",-0.106443900532215,0.457615081657811,0,1,0.8,0
"26","t5",-0.630377105652837,0.264223943076739,0,1,0.8,0
"27","t1",-1.58491609322113,0.0564926997758448,0,1,NA,NA
"27","t2",-2.32933625670358,0.00992062953077451,0,1,0.8,0
"27","t3",-1.71728869892599,0.0429632179331595,0,1,0.8,0
"27","t4",-0.611096104569906,0.270567979274613,0,1,0.8,0
"27","t5",-0.489578045316457,0.312216257634574,0,1,0.8,0
"28","t1",-1.05110516788643,0.146605145419016,0,1,NA,NA
"28","t2",-0.550542671760261,0.290973608622713,0,1,0.8,0
"28","t3",0.466751078241337,0.679661009566507,0,1,0.8,0
"28","t4",0.674837132032697,0.750110376875773,0,1,0.8,0
"28","t5",0.631937212017575,0.736286046866635,0,1,0.8,0
"29","t1",0.758695701701621,0.775982695631683,0,1,NA,NA
"29","t2",0.534386130537552,0.703462793636625,0,1,0.8,0
"29","t3",-0.0319304684441126,0.487263750358827,0,1,0.8,0
"29","t4",1.44081012663458,0.925180834119238,0,1,0.8,0
"29","t5",2.34139313584435,0.990394037479898,0,1,0.8,0
"30","t1",-0.319604632845359,0.374634030973539,0,1,NA,NA
"30","t2",-0.0908111094245834,0.463821341241937,0,1,0.8,0
"30","t3",-1.41109254242202,0.0791086643339851,0,1,0.8,0
"30","t4",-1.58734001070931,0.0562178290095848,0,1,0.8,0
"30","t5",-0.901927935929117,0.183547575153294,0,1,0.8,0
"31","t1",0.846919390351107,0.801479973131791,0,1,NA,NA
"31","t2",1.6764123271156,0.953171271998904,0,1,0.8,0
"31","t3",0.977598802933813,0.835863605180715,0,1,0.8,0
"31","t4",0.373617844590697,0.645655672088687,0,1,0.8,0
"31","t5",0.178478778473921,0.570826507029336,0,1,0.8,0
"32","t1",-1.54209862937137,0.0615248139947653,0,1,NA,NA
"32","t2",-1.72884527520843,0.0419183952889379,0,1,0.8,0
"32","t3",-0.347214269039683,0.364215175884916,0,1,0.8,0
"32","t4",-0.385358684230994,0.349985844260486,0,1,0.8,0
"32","t5",0.237676036346231,0.593933814324016,0,1,0.8,0
"33","t1",-0.862764511249827,0.194133477518335,0,1,NA,NA
"33","t2",-1.49362356906728,0.0676370177870772,0,1,0.8,0
"33","t3",-0.964282562052255,0.167452140528476,0,1,0.8,0
"33","t4",-1.19067946293556,0.116889721606695,0,1,0.8,0
"33","t5",-0.59145709760983,0.277107096466477,0,1,0.8,0
"34","t1",-1.70269586844812,0.0443124992307276,0,1,NA,NA
"34","t2",-1.41448173975777,0.0786102525610328,0,1,0.8,0
"34","t3",-0.455769741013603,0.324277782699196,0,1,0.8,0
"34","t4",-0.855088547823996,0.196251064543556,0,1,0.8,0
"34","t5",-0.518592168467538,0.302022585761152,0,1,0.8,0
"35","t1",-0.16631263000164,0.433955463580787,0,1,NA,NA
"35","t2",-0.400553176451713,0.344374562567358,0,1,0.8,0
"35","t3",0.110200537170983,0.543874831865543,0,1,0.8,0
"35","t4",0.784334764013136,0.783578146992578,0,1,0.8,0
"35","t5",0.803171211023127,0.789062108587574,0,1,0.8,0
"36","t1",1.41428036269788,0.921360199805349,0,1,NA,NA
"36","t2",1.47256969980404,0.92956644997235,0,1,0.8,0
"36","t3",1.25104781903674,0.894541484207232,0,1,0.8,0
"36","t4",1.51583636834103,0.935219633281123,0,1,0.8,0
"36","t5",2.48040507646293,0.993438339966466,0,1,0.8,0
"37","t1",-1.16276225356772,0.12246298789978,0,1,NA,NA
"37","t2",-0.422612038820585,0.336289170800233,0,1,0.8,0
"37","t3",-0.25695926568038,0.3986051093563,0,1,0.8,0
"37","t4",-0.618974403142836,0.267966610806174,0,1,0.8,0
"37","t5",-0.156659151680727,0.437756740861866,0,1,0.8,0
"38","t1",-0.874211041850032,0.191001666942611,0,1,NA,NA
"38","t2",-1.6377513755007,0.0507367843138257,0,1,0.8,0
"38","t3",-0.502728070388328,0.307577735675612,0,1,0.8,0
"38","t4",-0.539766060034873,0.294679188021624,0,1,0.8,0
"38","t5",0.23589629261228,0.593243427426418,0,1,0.8,0
"39","t1",0.172119470130087,0.568328196881339,0,1,NA,NA
"39","t2",0.241977671796509,0.59560126774977,0,1,0.8,0
"39","t3",-0.0533226851268765,0.478737402896884,0,1,0.8,0
"39","t4",0.269906352070507,0.606383849880886,0,1,0.8,0
"39","t5",-0.924263699402007,0.177674518860143,0,1,0.8,0
"40","t1",-0.581497939424997,0.280452453298494,0,1,NA,NA
"40","t2",-0.577878775020875,0.281672983041746,0,1,0.8,0
"40","t3",-0.0600447967293361,0.47605997819994,0,1,0.8,0
"40","t4",-1.35432095006527,0.0878170025680239,0,1,0.8,0
"40","t5",-0.122592573651634,0.451214867725609,0,1,0.8,0
"41","t1",0.974111164355586,0.834999326616526,0,1,NA,NA
"41","t2",1.09100859435665,0.862365449546581,0,1,0.8,0
"41","t3",0.956261679287789,0.830529977421314,0,1,0.8,0
"41","t4",1.61148564582508,0.946463043328323,0,1,0.8,0
"41","t5",2.28492959080109,0.988841521691643,0,1,0.8,0
"42","t1",-1.22791999929303,0.109738500555977,0,1,NA,NA
"42","t2",-0.761004930956426,0.223327061020652,0,1,0.8,0
"42","t3",-0.22655929564982,0.410383223303134,0,1,0.8,0
"42","t4",-0.253607004431302,0.399899592381885,0,1,0.8,0
"42","t5",-0.694957411993664,0.243540995708515,0,1,0.8,0
"43","t1",1.24879064994717,0.894129172665998,0,1,NA,NA
"43","t2",1.33732410654583,0.909441567261584,0,1,0.8,0
"43","t3",0.281703818106342,0.610914686705685,0,1,0.8,0
"43","t4",0.0612615660057333,0.524424550415918,0,1,0.8,0
"43","t5",0.346777030488358,0.635620582698213,0,1,0.8,0
"44","t1",-0.394569386201522,0.346580355195329,0,1,NA,NA
"44","t2",-1.2435742119754,0.106828156066111,0,1,0.8,0
"44","t3",-1.20040802415966,0.114990457016128,0,1,0.8,0
"44","t4",-1.67716728823383,0.046754886883227,0,1,0.8,0
"44","t5",-2.09199971619529,0.0182192705429591,0,1,0.8,0
"45","t1",0.883597202849615,0.811543155228719,0,1,NA,NA
"45","t2",0.958955939891408,0.831209529051087,0,1,0.8,0
"45","t3",-0.0688546420856394,0.472552661578558,0,1,0.8,0
"45","t4",-0.144046267021293,0.442731967390665,0,1,0.8,0
"45","t5",-0.509171681728917,0.305315945322696,0,1,0.8,0
"46","t1",0.500971320309394,0.691804346395656,0,1,NA,NA
"46","t2",-0.11255750515878,0.455190688422972,0,1,0.8,0
"46","t3",-0.311993414919581,0.37752276393364,0,1,0.8,0
"46","t4",-0.875414088472552,0.190674318423504,0,1,0.8,0
"46","t5",-0.898006291345821,0.18459109769004,0,1,0.8,0
"47","t1",0.830872420957846,0.796977147459984,0,1,NA,NA
"47","t2",0.549888114995514,0.708801941756361,0,1,0.8,0
"47","t3",-0.0523705383027033,0.479116724460026,0,1,0.8,0
"47","t4",-0.941924234376044,0.173115715818964,0,1,0.8,0
"47","t5",-1.35461009660357,0.0877709074679488,0,1,0.8,0
"48","t1",-0.0761874034340759,0.469635002082214,0,1,NA,NA
"48","t2",0.314463924013361,0.623415643911076,0,1,0.8,0
"48","t3",0.0910942728628091,0.536291158341476,0,1,0.8,0
"48","t4",-0.334824354810819,0.368878793698888,0,1,0.8,0
"48","t5",0.68221400316378,0.752448179299809,0,1,0.8,0
"49","t1",-0.221795034228542,0.412236722651869,0,1,NA,NA
"49","t2",-0.710178626525356,0.238796686610898,0,1,0.8,0
"49","t3",-1.01566001592823,0.154895657300718,0,1,0.8,0
"49","t4",-1.755021486176,0.0396278163167498,0,1,0.8,0
"49","t5",-1.71522439227992,0.0431520471952283,0,1,0.8,0
"50","t1",-0.104660626359326,0.458322552964091,0,1,NA,NA
"50","t2",0.0758484505384318,0.53023016542063,0,1,0.8,0
"50","t3",0.382538810431197,0.648969126363404,0,1,0.8,0
"50","t4",0.344480335338963,0.634757458878183,0,1,0.8,0
"50","t5",0.566338727057887,0.714418230567085,0,1,0.8,0
"51","t1",-1.45706065944264,0.0725498183164746,0,1,NA,NA
"51","t2",-1.9480879986195,0.0257022172932517,0,1,0.8,0
"51","t3",-2.42576812926859,0.00763801338089778,0,1,0.8,0
"51","t4",-2.16618784640383,0.0151484177381721,0,1,0.8,0
"51","t5",-2.12323165611947,0.0168672222497918,0,1,0.8,0
"52","t1",0.755490907352257,0.775022757006809,0,1,NA,NA
"52","t2",-0.162681885411827,0.435384455161078,0,1,0.8,0
"52","t3",-0.145393368192241,0.442200150222238,0,1,0.8,0
"52","t4",-1.04465530425533,0.148091154608476,0,1,0.8,0
"52","t5",-1.02164196604123,0.153475193806313,0,1,0.8,0
"53","t1",-1.23744479428319,0.107960998779163,0,1,NA,NA
"53","t2",-1.65435536003598,0.0490276654427482,0,1,0.8,0
"53","t3",-2.05697053636581,0.0198445300504897,0,1,0.8,0
"53","t4",-1.14035669807395,0.127068862681954,0,1,0.8,0
"53","t5",-1.07539870923371,0.141098129725872,0,1,0.8,0
"54","t1",-0.268049631932254,0.394330557668582,0,1,NA,NA
"54","t2",0.0908530873129261,0.536195336570564,0,1,0.8,0
"54","t3",-0.669516863729424,0.251582913488328,0,1,0.8,0
"54","t4",-0.158791062514373,0.436916745274264,0,1,0.8,0
"54","t5",-0.262703965481723,0.396389380051895,0,1,0.8,0
"55","t1",0.111523445237347,0.544399362523109,0,1,NA,NA
"55","t2",-0.0288754367620976,0.488481968037719,0,1,0.8,0
"55","t3",0.102345278174679,0.540758691409765,0,1,0.8,0
"55","t4",0.94340567294546,0.827263278702678,0,1,0.8,0
"55","t5",1.18583446326868,0.882156160711425,0,1,0.8,0
"56","t1",-1.00196945873173,0.158179171849042,0,1,NA,NA
"56","t2",-1.1212511489714,0.131090486559565,0,1,0.8,0
"56","t3",-1.67246673231406,0.0472161613235508,0,1,0.8,0
"56","t4",-1.45387618127613,0.0729903187773519,0,1,0.8,0
"56","t5",-1.51612462058648,0.0647439219114625,0,1,0.8,0
"57","t1",-0.831107846369024,0.202956353779882,0,1,NA,NA
"57","t2",-0.894255611686135,0.185592571851913,0,1,0.8,0
"57","t3",0.147496300352309,0.558629850157476,0,1,0.8,0
"57","t4",0.24882219409648,0.598250838741443,0,1,0.8,0
"57","t5",0.465440794649591,0.679192087035914,0,1,0.8,0
"58","t1",0.286169346515867,0.612625789828598,0,1,NA,NA
"58","t2",-0.9629868266647,0.167777067102105,0,1,0.8,0
"58","t3",-1.18177222545985,0.118648045605144,0,1,0.8,0
"58","t4",-0.845341140525566,0.198960198635516,0,1,0.8,0
"58","t5",0.309081488692188,0.621370229938698,0,1,0.8,0
"59","t1",1.07615113237815,0.859070164617151,0,1,NA,NA
"59","t2",1.0923658036318,0.862663826275238,0,1,0.8,0
"59","t3",0.73118264511132,0.7676662003972,0,1,0.8,0
"59","t4",0.301138584483083,0.618345590189094,0,1,0.8,0
"59","t5",0.0997327289212914,0.539721741924927,0,1,0.8,0
"60","t1",-1.32831996756135,0.0920362130273134,0,1,NA,NA
"60","t2",-0.595400623996394,0.275787854260219,0,1,0.8,0
"60","t3",-0.00790032434203795,0.496848259377158,0,1,0.8,0
"60","t4",0.0980329186540764,0.539046923025683,0,1,0.8,0
"60","t5",0.126650962469664,0.550391670270287,0,1,0.8,0
"61","t1",0.60578452034543,0.727671074913815,0,1,NA,NA
"61","t2",0.878981020224557,0.810294216577823,0,1,0.8,0
"61","t3",2.57018898068808,0.994917847483103,0,1,0.8,0
"61","t4",3.19441483994671,0.999299426915148,0,1,0.8,0
"61","t5",2.6848017459669,0.996371357976659,0,1,0.8,0
"62","t1",-0.159586959663002,0.436603226000443,0,1,NA,NA
"62","t2",-0.081611344065038,0.467477890065017,0,1,0.8,0
"62","t3",0.411806482645743,0.659759365261744,0,1,0.8,0
"62","t4",0.610779658238447,0.729327269047669,0,1,0.8,0
"62","t5",0.645455644027392,0.740684023078231,0,1,0.8,0
"63","t1",0.798575975593152,0.787731838645414,0,1,NA,NA
"63","t2",0.600152316041882,0.72579763538311,0,1,0.8,0
"63","t3",0.12934767842134,0.551458726824832,0,1,0.8,0
"63","t4",-0.0737745796216777,0.470594877207337,0,1,0.8,0
"63","t5",-0.0155628144415432,0.493791585932454,0,1,0.8,0
"64","t1",0.434163570648016,0.667915167519823,0,1,NA,NA
"64","t2",0.00888851262584177,0.503545956804494,0,1,0.8,0
"64","t3",0.393921144694065,0.65318037061991,0,1,0.8,0
"64","t4",0.134191635247834,0.553374479903214,0,1,0.8,0
"64","t5",0.601255959942912,0.726165241240703,0,1,0.8,0
"65","t1",-1.3846059548033,0.0830864948220551,0,1,NA,NA
"65","t2",-0.117473195950282,0.453242541744812,0,1,0.8,0
"65","t3",0.152403719337989,0.560565738130388,0,1,0.8,0
"65","t4",0.130791781650645,0.552029987779892,0,1,0.8,0
"65","t5",0.315089329208302,0.623653084880161,0,1,0.8,0
"66","t1",-0.872539307876584,0.19145711697638,0,1,NA,NA
"66","t2",-0.150321654915277,0.440255424477153,0,1,0.8,0
"66","t3",-0.22165620463439,0.412290762817636,0,1,0.8,0
"66","t4",-1.27341652828542,0.101435137674612,0,1,0.8,0
"66","t5",-1.17505125742786,0.119987104806238,0,1,0.8,0
"67","t1",2.25806122167509,0.988029078580439,0,1,NA,NA
"67","t2",1.3083540928565,0.904623382118457,0,1,0.8,0
"67","t3",0.969503969842879,0.83385309976425,0,1,0.8,0
"67","t4",1.76234090941301,0.960994142060027,0,1,0.8,0
"67","t5",0.9751702080106,0.835262081290557,0,1,0.8,0
"68","t1",0.0697927268955291,0.527820681920275,0,1,NA,NA
"68","t2",-0.80113655978194,0.211526296526568,0,1,0.8,0
"68","t3",-0.0167423290321262,0.493321089100817,0,1,0.8,0
"68","t4",-1.06946262075746,0.142430631665055,0,1,0.8,0
"68","t5",-1.29629192149864,0.097437465369736,0,1,0.8,0
"69","t1",-2.03684817134045,0.020832629641518,0,1,NA,NA
"69","t2",-1.34637572219174,0.089090688237142,0,1,0.8,0
"69","t3",-2.35197898679977,0.00933691491139996,0,1,0.8,0
"69","t4",-2.30202112470874,0.0106669904502079,0,1,0.8,0
"69","t5",-2.24952951958513,0.01223941344568,0,1,0.8,0
"70","t1",1.36698373426182,0.914184798020869,0,1,NA,NA
"70","t2",0.700798569430338,0.758285634514157,0,1,0.8,0
"70","t3",0.765229395004958,0.77793252064489,0,1,0.8,0
"70","t4",0.865060810410795,0.806497293502587,0,1,0.8,0
"70","t5",0.540863006957713,0.70569899475278,0,1,0.8,0
"71","t1",0.423856982229966,0.664164940826595,0,1,NA,NA
"71","t2",1.42246586983592,0.922554473616579,0,1,0.8,0
"71","t3",0.859322604301654,0.804918721754141,0,1,0.8,0
"71","t4",-0.556318288011772,0.288996643672025,0,1,0.8,0
"71","t5",-0.808371889044689,0.209438264755177,0,1,0.8,0
"72","t1",-1.01854809099352,0.154208779335022,0,1,NA,NA
"72","t2",0.04362248450297,0.517397335643148,0,1,0.8,0
"72","t3",0.366074841954823,0.642845385149071,0,1,0.8,0
"72","t4",0.673373652299873,0.749645196778838,0,1,0.8,0
"72","t5",1.08391447989376,0.860798640583126,0,1,0.8,0
"73","t1",0.747287928519945,0.772555111208931,0,1,NA,NA
"73","t2",1.61036375583878,0.946340765909944,0,1,0.8,0
"73","t3",1.7287540513004,0.958073438505693,0,1,0.8,0
"73","t4",0.814456273644406,0.792308193916564,0,1,0.8,0
"73","t5",0.48632556823247,0.686631823035382,0,1,0.8,0
"74","t1",-0.633975996248787,0.263048243708909,0,1,NA,NA
"74","t2",-1.12033079018327,0.131286412916403,0,1,0.8,0
"74","t3",-0.577912121812016,0.281661725464418,0,1,0.8,0
"74","t4",1.02461133993835,0.847226694167957,0,1,0.8,0
"74","t5",0.529820083817811,0.701881660498737,0,1,0.8,0
"75","t1",1.01498478104891,0.844943458912894,0,1,NA,NA
"75","t2",0.844593267417743,0.800831015324832,0,1,0.8,0
"75","t3",1.7822267416871,0.962643868195485,0,1,0.8,0
"75","t4",1.59398727644063,0.944530557636847,0,1,0.8,0
"75","t5",1.835862115996,0.96681097406939,0,1,0.8,0
"76","t1",0.090624728329386,0.536104608792812,0,1,NA,NA
"76","t2",0.840952429619443,0.799812707668198,0,1,0.8,0
"76","t3",-0.662766451133859,0.253740071640287,0,1,0.8,0
"76","t4",-0.242122845018693,0.404342488497781,0,1,0.8,0
"76","t5",-1.35327115931743,0.0879845096719227,0,1,0.8,0
"77","t1",0.762328444480014,0.777067999355495,0,1,NA,NA
"77","t2",0.639920197547692,0.738887758878884,0,1,0.8,0
"77","t3",0.461603670203227,0.67781721893607,0,1,0.8,0
"77","t4",0.571882813705227,0.716299315979383,0,1,0.8,0
"77","t5",0.151017029706648,0.560018858898625,0,1,0.8,0
"78","t1",1.25238993302757,0.894786093616858,0,1,NA,NA
"78","t2",0.296149606368437,0.616442084136615,0,1,0.8,0
"78","t3",0.760937348556787,0.77665275537684,0,1,0.8,0
"78","t4",0.132919274095094,0.552871388183154,0,1,0.8,0
"78","t5",-0.0941026153564499,0.462513821424428,0,1,0.8,0
"79","t1",0.977973798213397,0.835956358350813,0,1,NA,NA
"79","t2",-0.654060490286313,0.25653641738744,0,1,0.8,0
"79","t3",0.116402547970563,0.546333241932807,0,1,0.8,0
"79","t4",0.300439090001199,0.618078874730667,0,1,0.8,0
"79","t5",0.777340344944291,0.781521000996992,0,1,0.8,0
"80","t1",-0.124007492051729,0.450654671527445,0,1,NA,NA
"80","t2",-0.257417491124471,0.398428250883038,0,1,0.8,0
"80","t3",-0.561093966406018,0.287366740546628,0,1,0.8,0
"80","t4",-0.112621751102995,0.455165219936808,0,1,0.8,0
"80","t5",0.0350169434976473,0.513966884899432,0,1,0.8,0
"81","t1",-0.183640008645944,0.427147937240079,0,1,NA,NA
"81","t2",-0.276180413290728,0.391204750166649,0,1,0.8,0
"81","t3",0.34055418712184,0.633280388413194,0,1,0.8,0
"81","t4",0.190169301882122,0.575411767155951,0,1,0.8,0
"81","t5",1.21046725653044,0.886950176125173,0,1,0.8,0
"82","t1",0.860516933417975,0.805247923359275,0,1,NA,NA
"82","t2",0.819639037894613,0.793789043864093,0,1,0.8,0
"82","t3",0.852718547512375,0.803092298600719,0,1,0.8,0
"82","t4",1.09868600779035,0.864047476096866,0,1,0.8,0
"82","t5",0.659907141963674,0.745343289632936,0,1,0.8,0
"83","t1",-0.0741672966817019,0.470438633812591,0,1,NA,NA
"83","t2",0.669326771682135,0.748356473650858,0,1,0.8,0
"83","t3",0.282750990558998,0.611316137182115,0,1,0.8,0
"83","t4",-0.182508679320981,0.427591771818378,0,1,0.8,0
"83","t5",0.638682866013678,0.738485369366472,0,1,0.8,0
"84","t1",-1.25412404392538,0.104898461140692,0,1,NA,NA
"84","t2",-0.529526709961254,0.298220060348247,0,1,0.8,0
"84","t3",-0.864738508302293,0.193591164251772,0,1,0.8,0
"84","t4",-0.995173589796385,0.159825922155815,0,1,0.8,0
"84","t5",-1.59245425922319,0.0556413364511898,0,1,0.8,0
"85","t1",-0.2524417860295,0.400349802570418,0,1,NA,NA
"85","t2",-0.101578533611341,0.459545609497953,0,1,0.8,0
"85","t3",0.1077774663986,0.542913891019223,0,1,0.8,0
"85","t4",0.39548555821112,0.653757711167463,0,1,0.8,0
"85","t5",0.709878808728337,0.761110353693193,0,1,0.8,0
"86","t1",-0.494892126407642,0.310338134411722,0,1,NA,NA
"86","t2",-0.69995364191952,0.241978127950913,0,1,0.8,0
"86","t3",-1.06345074997824,0.143788794215753,0,1,0.8,0
"86","t4",-1.1709253464986,0.120814392954983,0,1,0.8,0
"86","t5",-0.445989200962982,0.327802523299647,0,1,0.8,0
"87","t1",-0.221038361872507,0.412531281588599,0,1,NA,NA
"87","t2",-0.593897707760747,0.27629026613324,0,1,0.8,0
"87","t3",-0.18556178208541,0.426394213221452,0,1,0.8,0
"87","t4",-0.531313136385396,0.297600901899033,0,1,0.8,0
"87","t5",-0.375049486638583,0.353811831639393,0,1,0.8,0
"88","t1",-0.886864469051964,0.187575936550274,0,1,NA,NA
"88","t2",-0.677184243005907,0.249144531948013,0,1,0.8,0
"88","t3",0.112418716341219,0.544754292050051,0,1,0.8,0
"88","t4",-1.37838186245343,0.0840427101507795,0,1,0.8,0
"88","t5",-2.12042928505834,0.0169849296028485,0,1,0.8,0
"89","t1",0.153845284511112,0.561134136514738,0,1,NA,NA
"89","t2",0.765304298089429,0.777954817371176,0,1,0.8,0
"89","t3",0.762621405150868,0.777155392411665,0,1,0.8,0
"89","t4",0.679667449352193,0.751642474466846,0,1,0.8,0
"89","t5",1.14780266760827,0.874474982080305,0,1,0.8,0
"90","t1",0.599387603879625,0.7255427793134,0,1,NA,NA
"90","t2",0.574326506873107,0.717126562376245,0,1,0.8,0
"90","t3",0.244675239227804,0.596646049189654,0,1,0.8,0
"90","t4",0.0322555918539428,0.512865888336436,0,1,0.8,0
"90","t5",0.467087224743565,0.67978126304065,0,1,0.8,0
"91","t1",0.998516729006866,0.840985571732745,0,1,NA,NA
"91","t2",0.854609179937682,0.803616228082718,0,1,0.8,0
"91","t3",1.00454205220723,0.842441293783656,0,1,0.8,0
"91","t4",1.52545447350886,0.93642710967219,0,1,0.8,0
"91","t5",1.31657586700056,0.906009583737611,0,1,0.8,0
"92","t1",-2.38991296745043,0.0084261829033494,0,1,NA,NA
"92","t2",-2.97720000943766,0.00145447085093516,0,1,0.8,0
"92","t3",-2.75358013326792,0.00294736687748579,0,1,0.8,0
"92","t4",-3.14151072252596,0.000840393270731245,0,1,0.8,0
"92","t5",-1.63436153594419,0.0510914798501068,0,1,0.8,0
"93","t1",-0.840178414829574,0.200404179515317,0,1,NA,NA
"93","t2",-1.1070153718682,0.13414364116662,0,1,0.8,0
"93","t3",-1.36182702656425,0.0866262400629649,0,1,0.8,0
"93","t4",-1.26033106641128,0.103774978741785,0,1,0.8,0
"93","t5",-0.24855921349936,0.40185088067313,0,1,0.8,0
"94","t1",2.04637351983686,0.979640182340518,0,1,NA,NA
"94","t2",1.84100514535042,0.967189597655798,0,1,0.8,0
"94","t3",0.659226834474384,0.745124941214638,0,1,0.8,0
"94","t4",0.468530339807608,0.680297310205308,0,1,0.8,0
"94","t5",-0.119413981292689,0.452473692541291,0,1,0.8,0
"95","t1",0.758975194048584,0.776066302089021,0,1,NA,NA
"95","t2",0.43063152743328,0.666631843320958,0,1,0.8,0
"95","t3",0.0251940812030827,0.510049921012493,0,1,0.8,0
"95","t4",0.529780434504468,0.701867913906729,0,1,0.8,0
"95","t5",1.05324158580126,0.853884858267041,0,1,0.8,0
"96","t1",0.970874633633254,0.834194644354284,0,1,NA,NA
"96","t2",-0.204859145487763,0.418841087694315,0,1,0.8,0
"96","t3",-0.821477910161331,0.205687050763869,0,1,0.8,0
"96","t4",-0.661188976807887,0.254245564786935,0,1,0.8,0
"96","t5",-0.646541144523272,0.258964480011309,0,1,0.8,0
"97","t1",0.884154622241186,0.811693624826148,0,1,NA,NA
"97","t2",-0.0326313770433329,0.486984273942874,0,1,0.8,0
"97","t3",0.83170393803566,0.797211961357793,0,1,0.8,0
"97","t4",0.686823708553103,0.753903086199851,0,1,0.8,0
"97","t5",1.27193231558345,0.898301415597807,0,1,0.8,0
"98","t1",-1.69582187334303,0.0449598093982786,0,1,NA,NA
"98","t2",-1.95816413085425,0.025105378276936,0,1,0.8,0
"98","t3",-1.13215744512949,0.128784123692117,0,1,0.8,0
"98","t4",-0.387640876606531,0.349140907258917,0,1,0.8,0
"98","t5",-0.635427935054361,0.262574676818194,0,1,0.8,0
"99","t1",-0.0862246013697708,0.465643937233835,0,1,NA,NA
"99","t2",0.233188067205814,0.592192314271913,0,1,0.8,0
"99","t3",0.124985335998416,0.549732420260325,0,1,0.8,0
"99","t4",-0.643170530332653,0.260056726577338,0,1,0.8,0
"99","t5",-0.353687433909922,0.361786570479539,0,1,0.8,0
"100","t1",-1.15195480692919,0.124669822398573,0,1,NA,NA
"100","t2",-1.33945546930421,0.0902112209791227,0,1,0.8,0
"100","t3",-0.751916369657095,0.226050676613118,0,1,0.8,0
"100","t4",-0.749899033134432,0.226657758430683,0,1,0.8,0
"100","t5",-0.0757404235463794,0.469812807501106,0,1,0.8,0
"101","t1",0.469697679754746,0.680714487098157,0,1,NA,NA
"101","t2",0.536130908683099,0.704065960104174,0,1,0.8,0
"101","t3",0.313032904059972,0.622872168165429,0,1,0.8,0
"101","t4",-0.127703049327398,0.449191988419846,0,1,0.8,0
"101","t5",0.293209609749978,0.615319030391215,0,1,0.8,0
"102","t1",-0.535309306100534,0.296217996161431,0,1,NA,NA
"102","t2",0.32470054390151,0.627296138513996,0,1,0.8,0
"102","t3",0.766713680900921,0.778374116137438,0,1,0.8,0
"102","t4",0.318179257646787,0.62482551708959,0,1,0.8,0
"102","t5",0.0507938806013915,0.520255116421426,0,1,0.8,0
"103","t1",0.251527354349214,0.599296791944653,0,1,NA,NA
"103","t2",-0.192101319824907,0.423831420547789,0,1,0.8,0
"103","t3",0.462653389405705,0.678193583411279,0,1,0.8,0
"103","t4",0.113638981523295,0.545238007645678,0,1,0.8,0
"103","t5",-0.506154659584056,0.30637404076346,0,1,0.8,0
"104","t1",-0.921962566655994,0.178274050820619,0,1,NA,NA
"104","t2",-0.741995064426428,0.229045162981421,0,1,0.8,0
"104","t3",-0.340379941421602,0.366785211142847,0,1,0.8,0
"104","t4",0.547531308465102,0.707993116456666,0,1,0.8,0
"104","t5",0.407298925869932,0.65810577419792,0,1,0.8,0
"105","t1",-0.163865515240596,0.434918507467955,0,1,NA,NA
"105","t2",-0.356373449186483,0.360780455174521,0,1,0.8,0
"105","t3",0.17152524350742,0.568094608442698,0,1,0.8,0
"105","t4",0.510515484322041,0.695154815332464,0,1,0.8,0
"105","t5",0.195220333969569,0.577389769449955,0,1,0.8,0
"106","t1",-0.526583208806178,0.29924152744934,0,1,NA,NA
"106","t2",-1.20848662821489,0.113430068086964,0,1,0.8,0
"106","t3",-0.912845924451912,0.180661790554392,0,1,0.8,0
"106","t4",-0.1460621748753,0.4419361530977,0,1,0.8,0
"106","t5",1.67794460841593,0.953321043497155,0,1,0.8,0
"107","t1",-0.101653774884431,0.459515747148544,0,1,NA,NA
"107","t2",-1.29765197813006,0.0972034761561103,0,1,0.8,0
"107","t3",-1.43501086135105,0.0756420012816075,0,1,0.8,0
"107","t4",-1.26451380073078,0.103022835223682,0,1,0.8,0
"107","t5",-1.70871989206834,0.0437514237977983,0,1,0.8,0
"108","t1",-1.42738071975446,0.0767350925598294,0,1,NA,NA
"108","t2",-0.850949116012454,0.197398809653259,0,1,0.8,0
"108","t3",-0.161865695469941,0.43570580878471,0,1,0.8,0
"108","t4",0.147302671357371,0.55855343797867,0,1,0.8,0
"108","t5",-0.0659831340084017,0.473695626650113,0,1,0.8,0
"109","t1",-1.2264915195728,0.110006882343441,0,1,NA,NA
"109","t2",-0.620011651699206,0.267625057930343,0,1,0.8,0
"109","t3",-0.411608440176538,0.340313222145088,0,1,0.8,0
"109","t4",-0.118979821790946,0.452645671044989,0,1,0.8,0
"109","t5",-0.744198251264717,0.228378272918699,0,1,0.8,0
"110","t1",1.12469948588983,0.869641800178215,0,1,NA,NA
"110","t2",0.422749514146295,0.663760987118273,0,1,0.8,0
"110","t3",0.0877979397007629,0.534981362338238,0,1,0.8,0
"110","t4",0.209800138485028,0.583088167513335,0,1,0.8,0
"110","t5",0.918263797260332,0.820759612122914,0,1,0.8,0
"111","t1",-1.06359610580637,0.143755853641778,0,1,NA,NA
"111","t2",-1.02535210294851,0.152598539741723,0,1,0.8,0
"111","t3",-0.611521318574467,0.270427254662642,0,1,0.8,0
"111","t4",-0.378730316336386,0.352444069168593,0,1,0.8,0
"111","t5",0.118348941683737,0.547104410003145,0,1,0.8,0
"112","t1",-0.60430988925819,0.272818816360086,0,1,NA,NA
"112","t2",0.0471535511656109,0.518804576443879,0,1,0.8,0
"112","t3",0.88990913792661,0.813242661563094,0,1,0.8,0
"112","t4",0.999009449252953,0.841104943076904,0,1,0.8,0
"112","t5",0.838680019356871,0.799175553215699,0,1,0.8,0
"113","t1",-0.323012185174073,0.373343006940559,0,1,NA,NA
"113","t2",1.18485329373919,0.881962271545631,0,1,0.8,0
"113","t3",0.717065122676172,0.763333042559444,0,1,0.8,0
"113","t4",0.579778771282978,0.718968092429792,0,1,0.8,0
"113","t5",0.418248068394008,0.662117122772449,0,1,0.8,0
"114","t1",-0.245769256458449,0.402930428506806,0,1,NA,NA
"114","t2",-0.391758464943357,0.347618343514813,0,1,0.8,0
"114","t3",-0.36233732526436,0.358549984456865,0,1,0.8,0
"114","t4",-0.562352473486077,0.28693794665085,0,1,0.8,0
"114","t5",-0.97294595029799,0.165290082879777,0,1,0.8,0
"115","t1",0.812972382529827,0.791883053723723,0,1,NA,NA
"115","t2",1.04591726434505,0.852200383632143,0,1,0.8,0
"115","t3",1.23871365330289,0.892274219701292,0,1,0.8,0
"115","t4",-0.173331239530001,0.431195534858255,0,1,0.8,0
"115","t5",0.234488101476571,0.592696965311957,0,1,0.8,0
"116","t1",-0.500841723914627,0.308241259306669,0,1,NA,NA
"116","t2",0.215519210376816,0.585318731879802,0,1,0.8,0
"116","t3",-0.384061402214556,0.350466469143355,0,1,0.8,0
"116","t4",0.132842878850655,0.552841178780413,0,1,0.8,0
"116","t5",-0.0370402393284174,0.485226460698016,0,1,0.8,0
"117","t1",-0.583848151914927,0.279661239357665,0,1,NA,NA
"117","t2",-0.58843260145786,0.278120980234935,0,1,0.8,0
"117","t3",-0.512061180250049,0.304304096065141,0,1,0.8,0
"117","t4",0.42583822302367,0.664887133656696,0,1,0.8,0
"117","t5",1.95628585497743,0.9747842552287,0,1,0.8,0
"118","t1",0.896219945726782,0.814932347508147,0,1,NA,NA
"118","t2",0.547369789268903,0.707937646896111,0,1,0.8,0
"118","t3",0.663142826204951,0.746380457700187,0,1,0.8,0
"118","t4",0.843290966980984,0.80046713325025,0,1,0.8,0
"118","t5",0.0922980156857484,0.536769367552323,0,1,0.8,0
"119","t1",0.3359336160424,0.631539536640048,0,1,NA,NA
"119","t2",0.0841439838581105,0.533529022721778,0,1,0.8,0
"119","t3",-1.00479174664266,0.157498569439047,0,1,0.8,0
"119","t4",-0.90202875300923,0.183520796989098,0,1,0.8,0
"119","t5",-0.52339529600507,0.300349598499334,0,1,0.8,0
"120","t1",0.150357901758029,0.559758873423561,0,1,NA,NA
"120","t2",0.274934979372467,0.608316903669776,0,1,0.8,0
"120","t3",0.0845785814541758,0.533701786217494,0,1,0.8,0
"120","t4",0.616724639920988,0.731291816957731,0,1,0.8,0
"120","t5",0.352355542094492,0.637714180532712,0,1,0.8,0
"121","t1",-0.19358412888292,0.423250763211399,0,1,NA,NA
"121","t2",0.563249768065492,0.71336759102811,0,1,0.8,0
"121","t3",-1.84191447037356,0.0327438308128705,0,1,0.8,0
"121","t4",-0.448970185420426,0.326726582185542,0,1,0.8,0
"121","t5",-0.0684605859379578,0.47270949714866,0,1,0.8,0
"122","t1",-0.65332953100071,0.256771929096431,0,1,NA,NA
"122","t2",-0.988190992002296,0.161529559491243,0,1,0.8,0
"122","t3",-1.7046849154352,0.0441266023330109,0,1,0.8,0
"122","t4",-1.27723908101484,0.100758926729912,0,1,0.8,0
"122","t5",-1.76365870974972,0.0388947283865097,0,1,0.8,0
"123","t1",0.374889482648669,0.646128669381142,0,1,NA,NA
"123","t2",-0.317054136787245,0.375601262192479,0,1,0.8,0
"123","t3",-0.639402042392149,0.261280710332522,0,1,0.8,0
"123","t4",-0.461016179045078,0.322393498743946,0,1,0.8,0
"123","t5",0.0839795737915271,0.533463663928521,0,1,0.8,0
"124","t1",-1.69118672103329,0.0454005731735379,0,1,NA,NA
"124","t2",-1.74770308014808,0.0402577275968339,0,1,0.8,0
"124","t3",-0.883769804601542,0.188410244790535,0,1,0.8,0
"124","t4",0.653612227489849,0.743319167752584,0,1,0.8,0
"124","t5",2.16446005631135,0.984785470512215,0,1,0.8,0
"125","t1",-0.39343730060375,0.346998262219131,0,1,NA,NA
"125","t2",-1.48669421738769,0.0685477953325813,0,1,0.8,0
"125","t3",0.242089212038815,0.595644481416994,0,1,0.8,0
"125","t4",-0.459813398891771,0.322825082450288,0,1,0.8,0
"125","t5",-0.895420108630628,0.185281277627862,0,1,0.8,0
"126","t1",1.92817597774172,0.973083379445598,0,1,NA,NA
"126","t2",2.3848125836966,0.991456087892011,0,1,0.8,0
"126","t3",1.92755246019241,0.973044591551173,0,1,0.8,0
"126","t4",2.03725145936186,0.979187575286037,0,1,0.8,0
"126","t5",1.90900454531533,0.97186924734161,0,1,0.8,0
"127","t1",0.539620252147429,0.705270526465029,0,1,NA,NA
"127","t2",0.771383161434436,0.779760073571947,0,1,0.8,0
"127","t3",0.533732842210221,0.703236808266992,0,1,0.8,0
"127","t4",1.08415463359465,0.860851878727868,0,1,0.8,0
"127","t5",0.720906186889143,0.764516381970543,0,1,0.8,0
"128","t1",0.357657270996475,0.639700093306601,0,1,NA,NA
"128","t2",0.796999980124974,0.787274478568439,0,1,0.8,0
"128","t3",0.56227512621141,0.713035708615212,0,1,0.8,0
"128","t4",0.509485831687652,0.694794136509695,0,1,0.8,0
"128","t5",0.802531793590194,0.788877297585192,0,1,0.8,0
"129","t1",-1.19996362332577,0.115076734218746,0,1,NA,NA
"129","t2",-0.343553982801097,0.365590868369578,0,1,0.8,0
"129","t3",-0.218932591826054,0.413351278835633,0,1,0.8,0
"129","t4",-0.54560303817091,0.292669417743953,0,1,0.8,0
"129","t5",0.0547692919107533,0.52183886741343,0,1,0.8,0
"130","t1",-0.662465407789952,0.253836498595774,0,1,NA,NA
"130","t2",-0.536996646954699,0.295634965087605,0,1,0.8,0
"130","t3",-0.287840262593216,0.386734507952282,0,1,0.8,0
"130","t4",0.309158656526366,0.621399579176346,0,1,0.8,0
"130","t5",0.751172899167617,0.773725696079073,0,1,0.8,0
"131","t1",0.559227005829204,0.711996597703546,0,1,NA,NA
"131","t2",0.547272246884165,0.707904146129687,0,1,0.8,0
"131","t3",-0.0111549434864439,0.495549913697384,0,1,0.8,0
"131","t4",0.707459564663888,0.760359533847114,0,1,0.8,0
"131","t5",0.67539979383707,0.750289101772721,0,1,0.8,0
"132","t1",1.16644697269234,0.878283111844212,0,1,NA,NA
"132","t2",1.62489958365549,0.947908021528469,0,1,0.8,0
"132","t3",1.53873209994386,0.938065143831778,0,1,0.8,0
"132","t4",1.56168348531245,0.940818714410351,0,1,0.8,0
"132","t5",1.12605294238444,0.869928444640697,0,1,0.8,0
"133","t1",-1.05422661257416,0.145889589330181,0,1,NA,NA
"133","t2",-0.867802281735279,0.192751290358241,0,1,0.8,0
"133","t3",-0.0706311158545448,0.471845672688828,0,1,0.8,0
"133","t4",-0.566316734484574,0.28558924322668,0,1,0.8,0
"133","t5",0.165931745917545,0.565894667916975,0,1,0.8,0
"134","t1",0.0891368020015495,0.535513404989615,0,1,NA,NA
"134","t2",0.290143376267546,0.614146723569956,0,1,0.8,0
"134","t3",-0.214278870572594,0.415164797106255,0,1,0.8,0
"134","t4",-0.654847040910744,0.256283120144202,0,1,0.8,0
"134","t5",-1.34007154940848,0.090111042303953,0,1,0.8,0
"135","t1",-2.07330200804873,0.0190720909740776,0,1,NA,NA
"135","t2",-2.09743859507996,0.0179773837780038,0,1,0.8,0
"135","t3",-0.957251181636494,0.169220244667348,0,1,0.8,0
"135","t4",-0.629152394276761,0.26462464591176,0,1,0.8,0
"135","t5",-0.872043122540422,0.191592426510719,0,1,0.8,0
"136","t1",0.784425436515349,0.783604741096497,0,1,NA,NA
"136","t2",-0.0332561119446638,0.486735175989218,0,1,0.8,0
"136","t3",0.906092604855548,0.81755658039512,0,1,0.8,0
"136","t4",1.12670011249427,0.870065352564596,0,1,0.8,0
"136","t5",1.84703699900042,0.967629110919417,0,1,0.8,0
"137","t1",1.04588852717106,0.852193749044091,0,1,NA,NA
"137","t2",0.792366495998092,0.785926495422965,0,1,0.8,0
"137","t3",1.65440420982645,0.95097729415838,0,1,0.8,0
"137","t4",1.65271175128081,0.950805229179825,0,1,0.8,0
"137","t5",0.841959677970739,0.80009473804843,0,1,0.8,0
"138","t1",0.210102121583011,0.583206015173346,0,1,NA,NA
"138","t2",1.41020710557203,0.920760730839167,0,1,0.8,0
"138","t3",0.602496124949634,0.726578029082356,0,1,0.8,0
"138","t4",1.50312433202282,0.933596507316591,0,1,0.8,0
"138","t5",1.00732802517024,0.843111416778088,0,1,0.8,0
"139","t1",-0.198679536093899,0.421256716363132,0,1,NA,NA
"139","t2",-0.28693772546655,0.38708000187238,0,1,0.8,0
"139","t3",-0.181325313231793,0.428056119129711,0,1,0.8,0
"139","t4",0.313305554895558,0.62297573487758,0,1,0.8,0
"139","t5",-0.041676477841279,0.483378302814238,0,1,0.8,0
"140","t1",0.947031669180684,0.828188679181039,0,1,NA,NA
"140","t2",0.927567133351043,0.82318392348448,0,1,0.8,0
"140","t3",1.51453265891641,0.935054601447364,0,1,0.8,0
"140","t4",1.63813909709219,0.949303659621946,0,1,0.8,0
"140","t5",1.52158155079388,0.935943018408502,0,1,0.8,0
"141","t1",-0.520633288463169,0.301311127608642,0,1,NA,NA
"141","t2",-0.804266171897737,0.210621634944343,0,1,0.8,0
"141","t3",-0.0650210525349658,0.474078619111178,0,1,0.8,0
"141","t4",0.261049878201105,0.602972978429015,0,1,0.8,0
"141","t5",-0.607443805295692,0.271778212495689,0,1,0.8,0
"142","t1",0.280354215838228,0.610397120239213,0,1,NA,NA
"142","t2",-0.196242797623309,0.422210065797848,0,1,0.8,0
"142","t3",0.000650043600738394,0.500259329858175,0,1,0.8,0
"142","t4",1.66929318545624,0.952470354957921,0,1,0.8,0
"142","t5",1.23446501655034,0.891485162576677,0,1,0.8,0
"143","t1",-1.03831469717497,0.149561784230173,0,1,NA,NA
"143","t2",-0.917500189614246,0.179440296802727,0,1,0.8,0
"143","t3",0.0157680464340967,0.506290279740755,0,1,0.8,0
"143","t4",0.602442872229725,0.726560310293396,0,1,0.8,0
"143","t5",0.239535311895851,0.594654740829885,0,1,0.8,0
"144","t1",0.209860708068802,0.583111805142835,0,1,NA,NA
"144","t2",0.0164780911473494,0.506573509776207,0,1,0.8,0
"144","t3",0.543448326019196,0.706589419946302,0,1,0.8,0
"144","t4",0.573121307752435,0.716718719520417,0,1,0.8,0
"144","t5",-0.704710381222147,0.240495244789326,0,1,0.8,0
"145","t1",-0.541604016156023,0.294045662274584,0,1,NA,NA
"145","t2",-0.367932331848135,0.356461845676857,0,1,0.8,0
"145","t3",0.242771344778122,0.59590873244101,0,1,0.8,0
"145","t4",0.0906701680105041,0.536122662277858,0,1,0.8,0
"145","t5",-0.996071029966345,0.159607817279814,0,1,0.8,0
"146","t1",-1.23361965755571,0.108672332251444,0,1,NA,NA
"146","t2",-0.590080704232504,0.277568272273568,0,1,0.8,0
"146","t3",-1.29265853336102,0.0980645927287454,0,1,0.8,0
"146","t4",-2.10301144466052,0.0177323845376236,0,1,0.8,0
"146","t5",-1.48126145250202,0.0692684581067795,0,1,0.8,0
"147","t1",-1.77106256433611,0.0382751491852105,0,1,NA,NA
"147","t2",-1.33860876603938,0.0903490354381887,0,1,0.8,0
"147","t3",-0.405531091508002,0.342543584547587,0,1,0.8,0
"147","t4",-0.471810883188605,0.318530891012152,0,1,0.8,0
"147","t5",-0.354474625802991,0.361491608400158,0,1,0.8,0
"148","t1",0.160072600193686,0.563588057644665,0,1,NA,NA
"148","t2",-0.229142847266825,0.409378945985643,0,1,0.8,0
"148","t3",-0.375094685808091,0.353795024552359,0,1,0.8,0
"148","t4",-0.166712350714095,0.433798193538878,0,1,0.8,0
"148","t5",-0.204215294589425,0.419092629924331,0,1,0.8,0
"149","t1",0.845816509401732,0.801172442967072,0,1,NA,NA
"149","t2",1.08677814923633,0.861432566618851,0,1,0.8,0
"149","t3",0.525205799252987,0.700279933042737,0,1,0.8,0
"149","t4",0.560200923701747,0.712328801477896,0,1,0.8,0
"149","t5",-0.0860670922784028,0.465706541541726,0,1,0.8,0
"150","t1",0.210159337740097,0.58322834270075,0,1,NA,NA
"150","t2",-0.117372034309803,0.45328262213009,0,1,0.8,0
"150","t3",-1.22282614637928,0.110697683868163,0,1,0.8,0
"150","t4",-2.02583679251211,0.0213907561073094,0,1,0.8,0
"150","t5",-1.7662301412979,0.0386786231095326,0,1,0.8,0
"151","t1",-0.0701696622095563,0.472029310418293,0,1,NA,NA
"151","t2",-0.742704342474428,0.228830350055968,0,1,0.8,0
"151","t3",-0.728131233107598,0.233266628109514,0,1,0.8,0
"151","t4",-0.3158867029732,0.376044252526294,0,1,0.8,0
"151","t5",-0.487040330967776,0.313114875091276,0,1,0.8,0
"152","t1",-0.0446726273948238,0.48218412604183,0,1,NA,NA
"152","t2",-0.356811451584561,0.360616481358379,0,1,0.8,0
"152","t3",-0.447134738272794,0.327388889227695,0,1,0.8,0
"152","t4",0.0210294854093257,0.508388932541093,0,1,0.8,0
"152","t5",0.102005089040933,0.540623682156793,0,1,0.8,0
"153","t1",0.150671439892443,0.559882548172027,0,1,NA,NA
"153","t2",1.01355916255922,0.844603423870138,0,1,0.8,0
"153","t3",0.294009237167672,0.615624577536058,0,1,0.8,0
"153","t4",-0.0712665717090469,0.471592799735136,0,1,0.8,0
"153","t5",-0.794414551148312,0.21347706791382,0,1,0.8,0
"154","t1",0.10545003092173,0.541990640806034,0,1,NA,NA
"154","t2",-0.431618791590046,0.333009249205354,0,1,0.8,0
"154","t3",-0.604428085655675,0.272779533898221,0,1,0.8,0
"154","t4",-1.51137872303215,0.0653459935673339,0,1,0.8,0
"154","t5",-0.691648955906757,0.244578904819329,0,1,0.8,0
"155","t1",-0.174682478240245,0.430664568208158,0,1,NA,NA
"155","t2",-0.336036984432818,0.368421488468932,0,1,0.8,0
"155","t3",0.111044336420452,0.544209405633062,0,1,0.8,0
"155","t4",-0.20353911301425,0.419356838839022,0,1,0.8,0
"155","t5",0.351229384429085,0.637291866465069,0,1,0.8,0
"156","t1",2.66894805306233,0.996195539133623,0,1,NA,NA
"156","t2",2.44873902600905,0.992832136204061,0,1,0.8,0
"156","t3",1.12441694519671,0.869581906649515,0,1,0.8,0
"156","t4",1.56177102783969,0.940829030349159,0,1,0.8,0
"156","t5",0.629032691786167,0.735336173078974,0,1,0.8,0
"157","t1",0.551363227889203,0.709307648474351,0,1,NA,NA
"157","t2",0.472598234965915,0.681750079017503,0,1,0.8,0
"157","t3",0.142765389811531,0.556762264022531,0,1,0.8,0
"157","t4",0.935984473099487,0.825359408940805,0,1,0.8,0
"157","t5",1.57672912748757,0.942571067376571,0,1,0.8,0
"158","t1",0.915072472311784,0.819923207396641,0,1,NA,NA
"158","t2",0.807420233689213,0.790287793252153,0,1,0.8,0
"158","t3",0.400499594932217,0.655605709115994,0,1,0.8,0
"158","t4",-0.446723488080645,0.327537360340739,0,1,0.8,0
"158","t5",-0.146293153673345,0.441844985145609,0,1,0.8,0
"159","t1",1.34212968828442,0.910223025362939,0,1,NA,NA
"159","t2",1.32965477295529,0.908183978687182,0,1,0.8,0
"159","t3",1.34768732380674,0.911120514569231,0,1,0.8,0
"159","t4",1.08242640556284,0.860468449823637,0,1,0.8,0
"159","t5",0.304184001219868,0.619506143562988,0,1,0.8,0
"160","t1",2.42309107451441,0.992305465973914,0,1,NA,NA
"160","t2",2.26044630650317,0.988103217351699,0,1,0.8,0
"160","t3",1.6482735610805,0.950351726201222,0,1,0.8,0
"160","t4",1.44499094561697,0.92576978554505,0,1,0.8,0
"160","t5",1.06561159280905,0.856700371739795,0,1,0.8,0
"161","t1",-0.0942735959007168,0.462445911951363,0,1,NA,NA
"161","t2",-0.0618689149635647,0.475333611161644,0,1,0.8,0
"161","t3",-0.585639164151018,0.279059012002703,0,1,0.8,0
"161","t4",-0.978949283302052,0.163802519693465,0,1,0.8,0
"161","t5",-0.456994150520575,0.323837624965314,0,1,0.8,0
"162","t1",-0.178613170918936,0.429120725952089,0,1,NA,NA
"162","t2",-0.3969043595818,0.345718994615513,0,1,0.8,0
"162","t3",-0.234063385528071,0.407467885267851,0,1,0.8,0
"162","t4",0.0168895221980822,0.506737624174495,0,1,0.8,0
"162","t5",0.545032487501386,0.707134413025592,0,1,0.8,0
"163","t1",-2.46164001161082,0.0069151702336967,0,1,NA,NA
"163","t2",-2.18763712197071,0.0143480227772665,0,1,0.8,0
"163","t3",-0.782964767854363,0.216823900882514,0,1,0.8,0
"163","t4",-1.00748924463272,0.156849861840229,0,1,0.8,0
"163","t5",-0.79445462692535,0.21346540667528,0,1,0.8,0
"164","t1",0.50860121688998,0.694484112085775,0,1,NA,NA
"164","t2",1.46518666427436,0.928565001512799,0,1,0.8,0
"164","t3",1.65504222761519,0.951042033766541,0,1,0.8,0
"164","t4",1.91965548840046,0.972549284930902,0,1,0.8,0
"164","t5",1.02430090527641,0.847153414752453,0,1,0.8,0
"165","t1",-0.167280921623794,0.433574507478625,0,1,NA,NA
"165","t2",0.0806423761047462,0.532136817664325,0,1,0.8,0
"165","t3",0.136772618267515,0.554394736164951,0,1,0.8,0
"165","t4",1.26035565260163,0.896229453979551,0,1,0.8,0
"165","t5",1.06386628495895,0.856305360895971,0,1,0.8,0
"166","t1",0.864107527649792,0.806235587922856,0,1,NA,NA
"166","t2",0.459276857805614,0.676982317889371,0,1,0.8,0
"166","t3",-0.116733322595567,0.453535691587537,0,1,0.8,0
"166","t4",0.108461962552846,0.543185374023358,0,1,0.8,0
"166","t5",0.104992911642986,0.541809283338957,0,1,0.8,0
"167","t1",-1.41949091674035,0.0778779715765268,0,1,NA,NA
"167","t2",-0.586444144572339,0.278788543136478,0,1,0.8,0
"167","t3",-0.943981241413533,0.172589617125557,0,1,0.8,0
"167","t4",-0.6243980406026,0.266183105779933,0,1,0.8,0
"167","t5",0.394123996749272,0.653255252466573,0,1,0.8,0
"168","t1",-0.0137722419387188,0.494505844078958,0,1,NA,NA
"168","t2",-0.0579825187270634,0.47688127656614,0,1,0.8,0
"168","t3",-1.84259836714593,0.0326938362555529,0,1,0.8,0
"168","t4",-0.779290694461672,0.217904247513402,0,1,0.8,0
"168","t5",-0.72603743809068,0.233907909957751,0,1,0.8,0
"169","t1",-1.36661139129165,0.0858735723886639,0,1,NA,NA
"169","t2",-1.59101243530917,0.0558033886135513,0,1,0.8,0
"169","t3",-0.612268949095665,0.270179915004756,0,1,0.8,0
"169","t4",-0.724967618204488,0.234235948158618,0,1,0.8,0
"169","t5",-0.388635331535159,0.348772963309754,0,1,0.8,0
"170","t1",0.53128096082489,0.70238795154728,0,1,NA,NA
"170","t2",1.04545469508939,0.852093565448458,0,1,0.8,0
"170","t3",0.535147038866624,0.703725907449982,0,1,0.8,0
"170","t4",0.688181441769165,0.754330735456636,0,1,0.8,0
"170","t5",-0.211649788168845,0.416190131890934,0,1,0.8,0
"171","t1",-0.118195985939048,0.452956185210496,0,1,NA,NA
"171","t2",0.206598634897157,0.581838336770279,0,1,0.8,0
"171","t3",0.33702610854542,0.631951390731042,0,1,0.8,0
"171","t4",0.0871148780654937,0.534709900320094,0,1,0.8,0
"171","t5",0.478146909266498,0.683727176729149,0,1,0.8,0
"172","t1",0.20288865315457,0.580388968344778,0,1,NA,NA
"172","t2",0.787738513558951,0.784575163566998,0,1,0.8,0
"172","t3",0.803004520471601,0.789013939112897,0,1,0.8,0
"172","t4",0.696518353234142,0.756947866218293,0,1,0.8,0
"172","t5",0.553653912206176,0.710092138874499,0,1,0.8,0
"173","t1",0.561428792210895,0.712747369660065,0,1,NA,NA
"173","t2",0.234372745968597,0.592652192486173,0,1,0.8,0
"173","t3",-0.0946334702585959,0.462302981852568,0,1,0.8,0
"173","t4",-0.145430859579733,0.442185350619106,0,1,0.8,0
"173","t5",-0.390061751604948,0.348245442461066,0,1,0.8,0
"174","t1",0.233379916149453,0.592266796389595,0,1,NA,NA
"174","t2",0.269922825476641,0.60639018673124,0,1,0.8,0
"174","t3",0.625326186185022,0.734121501613459,0,1,0.8,0
"174","t4",-0.730509120408959,0.232539520067251,0,1,0.8,0
"174","t5",-1.01202504413321,0.155763039556975,0,1,0.8,0
"175","t1",-0.40219037919523,0.343771961051971,0,1,NA,NA
"175","t2",-1.0425939046728,0.148568206735143,0,1,0.8,0
"175","t3",-1.02397394490316,0.152923790826072,0,1,0.8,0
"175","t4",-1.46716406469626,0.0711657149416295,0,1,0.8,0
"175","t5",-0.667288602407239,0.252293902610075,0,1,0.8,0
"176","t1",0.836902364757706,0.798676274484023,0,1,NA,NA
"176","t2",0.768364348510929,0.778864622596768,0,1,0.8,0
"176","t3",-0.158983471762504,0.43684094791243,0,1,0.8,0
"176","t4",0.842254952151397,0.800177369753983,0,1,0.8,0
"176","t5",1.3306957869964,0.908355435072358,0,1,0.8,0
"177","t1",-1.91945254909925,0.0274635429959744,0,1,NA,NA
"177","t2",-1.85086388807333,0.0320945685399492,0,1,0.8,0
"177","t3",-2.11817577503711,0.0170800920011283,0,1,0.8,0
"177","t4",-1.54949351615484,0.0606315644845274,0,1,0.8,0
"177","t5",-0.858112765532181,0.19541509953954,0,1,0.8,0
"178","t1",0.706657702142289,0.760110389441252,0,1,NA,NA
"178","t2",0.796096487220818,0.787012022117692,0,1,0.8,0
"178","t3",0.735400215104002,0.768952104553512,0,1,0.8,0
"178","t4",0.00254762327975142,0.501016353541407,0,1,0.8,0
"178","t5",-0.341588386597282,0.36633033910382,0,1,0.8,0
"179","t1",-0.170498161523043,0.43230919004418,0,1,NA,NA
"179","t2",-0.658770541572114,0.255021563375407,0,1,0.8,0
"179","t3",-1.12003483958491,0.131349457946928,0,1,0.8,0
"179","t4",0.522997728332486,0.699512082954324,0,1,0.8,0
"179","t5",0.330325071605825,0.629422824624069,0,1,0.8,0
"180","t1",0.262490062007173,0.603528176899999,0,1,NA,NA
"180","t2",1.02069452494561,0.846300405347976,0,1,0.8,0
"180","t3",1.45923076080488,0.927749197475497,0,1,0.8,0
"180","t4",-0.408283383185995,0.341532818652325,0,1,0.8,0
"180","t5",-0.598499931235572,0.274753202395552,0,1,0.8,0
"181","t1",-0.362359152402984,0.358541829977185,0,1,NA,NA
"181","t2",-0.136819844168819,0.445586598886407,0,1,0.8,0
"181","t3",-1.23628219168611,0.108176844141376,0,1,0.8,0
"181","t4",-0.689139542359002,0.245367729095089,0,1,0.8,0
"181","t5",-0.803531256906243,0.210833869004293,0,1,0.8,0
"182","t1",0.691766418785483,0.75545798568055,0,1,NA,NA
"182","t2",1.00857829518959,0.843411539511908,0,1,0.8,0
"182","t3",0.465334148894433,0.679153908198814,0,1,0.8,0
"182","t4",0.511807353989905,0.695607078491286,0,1,0.8,0
"182","t5",0.383776387312777,0.649427904696328,0,1,0.8,0
"183","t1",-0.0337469657555469,0.486539463512599,0,1,NA,NA
"183","t2",0.469336542827238,0.680585450574856,0,1,0.8,0
"183","t3",0.14566015593648,0.557905161614396,0,1,0.8,0
"183","t4",0.0268126227421702,0.510695407327061,0,1,0.8,0
"183","t5",0.414785432697073,0.660850507740045,0,1,0.8,0
"184","t1",-0.619374940999815,0.267834692727774,0,1,NA,NA
"184","t2",0.160826329373252,0.563884906336402,0,1,0.8,0
"184","t3",0.219126025847194,0.586724061150978,0,1,0.8,0
"184","t4",-0.230851261724474,0.408715177760054,0,1,0.8,0
"184","t5",-1.30030714042081,0.0967478608715266,0,1,0.8,0
"185","t1",0.314620098375974,0.623474941356108,0,1,NA,NA
"185","t2",0.437738918082712,0.669212222957747,0,1,0.8,0
"185","t3",0.445010566423044,0.671843940942098,0,1,0.8,0
"185","t4",1.57080098446519,0.941885558329479,0,1,0.8,0
"185","t5",1.26663868528854,0.89735774337419,0,1,0.8,0
"186","t1",0.346634532198123,0.635567050194368,0,1,NA,NA
"186","t2",-0.141083274853033,0.443902078110743,0,1,0.8,0
"186","t3",-0.298757863227196,0.382562401797144,0,1,0.8,0
"186","t4",-0.295259037611452,0.383898002781014,0,1,0.8,0
"186","t5",-1.15077744036052,0.124911904035577,0,1,0.8,0
"187","t1",-1.65894903288808,0.0485630314797163,0,1,NA,NA
"187","t2",-1.29107822069295,0.0983382776664092,0,1,0.8,0
"187","t3",-0.809788713851136,0.209030810134609,0,1,0.8,0
"187","t4",-1.19747788072154,0.115560171982917,0,1,0.8,0
"187","t5",-0.245256793686728,0.403128801924327,0,1,0.8,0
"188","t1",-1.13890782921155,0.127370799891651,0,1,NA,NA
"188","t2",-0.752192383402603,0.225967686686048,0,1,0.8,0
"188","t3",0.857697198279105,0.804470156243857,0,1,0.8,0
"188","t4",-0.541720710655966,0.294005460070715,0,1,0.8,0
"188","t5",-0.582543033371916,0.280100482020689,0,1,0.8,0
"189","t1",1.26487860482863,0.897042575990781,0,1,NA,NA
"189","t2",1.34791822383423,0.911157657005306,0,1,0.8,0
"189","t3",1.03494733903731,0.849653247458925,0,1,0.8,0
"189","t4",0.540211602327217,0.705474443906846,0,1,0.8,0
"189","t5",0.693328956279379,0.755948432396758,0,1,0.8,0
"190","t1",-0.64273265359359,0.260198794538155,0,1,NA,NA
"190","t2",-1.07595203769029,0.140974353600474,0,1,0.8,0
"190","t3",-1.12033878513963,0.131284710076588,0,1,0.8,0
"190","t4",-0.304272860458378,0.380460009871733,0,1,0.8,0
"190","t5",-0.904217579665538,0.182940020136101,0,1,0.8,0
"191","t1",0.97633117679514,0.835549812531099,0,1,NA,NA
"191","t2",1.47016774159255,0.929241835449184,0,1,0.8,0
"191","t3",1.53286870475128,0.937345895937808,0,1,0.8,0
"191","t4",1.22207029838464,0.889159478014698,0,1,0.8,0
"191","t5",2.11377796946143,0.982732882274699,0,1,0.8,0
"192","t1",-0.442065634809836,0.329220855608582,0,1,NA,NA
"192","t2",0.306758527344581,0.620486411203228,0,1,0.8,0
"192","t3",-0.381376821747183,0.351461828660214,0,1,0.8,0
"192","t4",-0.862745650754575,0.194138663493188,0,1,0.8,0
"192","t5",-0.202480578986977,0.419770519845055,0,1,0.8,0
"193","t1",-0.827987383738297,0.203838822431862,0,1,NA,NA
"193","t2",-0.863614327778686,0.193899895341575,0,1,0.8,0
"193","t3",-0.740549370764773,0.229483357844933,0,1,0.8,0
"193","t4",-0.255842617177369,0.399036182493218,0,1,0.8,0
"193","t5",-0.156720040484816,0.437732746113968,0,1,0.8,0
"194","t1",-0.227128711172268,0.410161829553545,0,1,NA,NA
"194","t2",-0.224579737514492,0.411153114685649,0,1,0.8,0
"194","t3",0.387835528808034,0.650931124375727,0,1,0.8,0
"194","t4",-0.200437861830866,0.420569075393405,0,1,0.8,0
"194","t5",-0.406853485787226,0.342057800325071,0,1,0.8,0
"195","t1",0.827597996168804,0.796050898265094,0,1,NA,NA
"195","t2",-0.745180410201663,0.228081331910124,0,1,0.8,0
"195","t3",0.248791137790032,0.5982388266834,0,1,0.8,0
"195","t4",0.143626765056142,0.557102397836906,0,1,0.8,0
"195","t5",0.203806480704949,0.580747635866493,0,1,0.8,0
"196","t1",-1.07252835247087,0.141741393133998,0,1,NA,NA
"196","t2",-0.853155657648654,0.196786494886794,0,1,0.8,0
"196","t3",-1.26450387795792,0.103024614848505,0,1,0.8,0
"196","t4",-0.815926445890082,0.207271102795103,0,1,0.8,0
"196","t5",-0.44026606461243,0.32987220802422,0,1,0.8,0
"197","t1",0.0150230993999366,0.505993124097586,0,1,NA,NA
"197","t2",-0.612410245561758,0.270133182411274,0,1,0.8,0
"197","t3",-0.920522298082731,0.178649943068866,0,1,0.8,0
"197","t4",-1.51225111347232,0.0652349962081134,0,1,0.8,0
"197","t5",-0.999240037219527,0.15883921255035,0,1,0.8,0
"198","t1",-0.848520010797515,0.198074216488749,0,1,NA,NA
"198","t2",-0.989091904785197,0.161309088977399,0,1,0.8,0
"198","t3",-1.41530403509037,0.078489686217578,0,1,0.8,0
"198","t4",-1.03974422432727,0.149229374156211,0,1,0.8,0
"198","t5",-0.829069690652796,0.203532486671342,0,1,0.8,0
"199","t1",-0.702535622299909,0.24117259727791,0,1,NA,NA
"199","t2",0.803387339364193,0.789124554767961,0,1,0.8,0
"199","t3",0.915092817287469,0.819928547298796,0,1,0.8,0
"199","t4",0.298295507512799,0.617261183602757,0,1,0.8,0
"199","t5",-0.0468803733963053,0.481304285326874,0,1,0.8,0
"200","t1",0.425252262877947,0.664673605468124,0,1,NA,NA
"200","t2",-1.38544878274207,0.0829576416030752,0,1,0.8,0
"200","t3",-1.09489624008174,0.136781048238361,0,1,0.8,0
"200","t4",-1.15991482857951,0.123041742372173,0,1,0.8,0
"200","t5",-0.887519430218658,0.187399654965218,0,1,0.8,0
"201","t1",-0.55563860106874,0.289228968787938,0,1,NA,NA
"201","t2",-0.381612230725006,0.351374505409312,0,1,0.8,0
"201","t3",0.239716135659373,0.594724837416271,0,1,0.8,0
"201","t4",-0.810238660370191,0.2089015109336,0,1,0.8,0
"201","t5",0.286854782763654,0.612888242918486,0,1,0.8,0
"202","t1",-0.232291226330997,0.408155913231894,0,1,NA,NA
"202","t2",0.423940994076086,0.664195576775021,0,1,0.8,0
"202","t3",1.22561942076039,0.88982903698457,0,1,0.8,0
"202","t4",1.34491476427927,0.910673619123036,0,1,0.8,0
"202","t5",1.00628509648833,0.842860776234166,0,1,0.8,0
"203","t1",-0.136792781036184,0.445597294950858,0,1,NA,NA
"203","t2",-0.44234358144185,0.32912029927229,0,1,0.8,0
"203","t3",0.308051848720253,0.620978560110208,0,1,0.8,0
"203","t4",1.19019866146258,0.883015840411938,0,1,0.8,0
"203","t5",0.981054111854035,0.836716971101143,0,1,0.8,0
"204","t1",-0.488741166961333,0.312512477394193,0,1,NA,NA
"204","t2",-0.96175828223794,0.168085519136168,0,1,0.8,0
"204","t3",-1.96558224156013,0.0246734435501267,0,1,0.8,0
"204","t4",-1.56335664201273,0.05898436618706,0,1,0.8,0
"204","t5",-1.36349980686472,0.086362522644642,0,1,0.8,0
"205","t1",-1.43364059795843,0.0758374258875847,0,1,NA,NA
"205","t2",-0.752750119717329,0.225800042923771,0,1,0.8,0
"205","t3",0.332520913191559,0.630252024599055,0,1,0.8,0
"205","t4",0.544023053640316,0.706787195621143,0,1,0.8,0
"205","t5",0.340273730098097,0.633174800792885,0,1,0.8,0
"206","t1",-0.462759773329428,0.321768284076825,0,1,NA,NA
"206","t2",-0.808918655534946,0.209280968705901,0,1,0.8,0
"206","t3",-0.640243176854794,0.261007258225546,0,1,0.8,0
"206","t4",-0.79178889383516,0.214241889616146,0,1,0.8,0
"206","t5",-0.517026768319438,0.302568736395767,0,1,0.8,0
"207","t1",-0.350657901858861,0.362922505941242,0,1,NA,NA
"207","t2",0.0471939550550275,0.518820677338521,0,1,0.8,0
"207","t3",-0.578481499015496,0.281469542315106,0,1,0.8,0
"207","t4",-0.441321156082271,0.329490256129973,0,1,0.8,0
"207","t5",-0.481958827909352,0.314917597222539,0,1,0.8,0
"208","t1",0.044591044246541,0.517783359391615,0,1,NA,NA
"208","t2",1.14231600421183,0.873338654403887,0,1,0.8,0
"208","t3",0.38608513226102,0.65028318972146,0,1,0.8,0
"208","t4",0.550425285825527,0.708986145311494,0,1,0.8,0
"208","t5",0.282707897913708,0.611299619262365,0,1,0.8,0
"209","t1",0.0817542568014381,0.532578933984041,0,1,NA,NA
"209","t2",0.541229199163765,0.705825193038822,0,1,0.8,0
"209","t3",0.536940556243359,0.704345662228006,0,1,0.8,0
"209","t4",0.400427477892721,0.655579155490484,0,1,0.8,0
"209","t5",-0.0546977864025532,0.478189616459668,0,1,0.8,0
"210","t1",-0.91386371792713,0.180394230177626,0,1,NA,NA
"210","t2",-0.0471186496409397,0.481209331790636,0,1,0.8,0
"210","t3",0.117585665359145,0.546802018235161,0,1,0.8,0
"210","t4",1.20227869001183,0.885372214792833,0,1,0.8,0
"210","t5",1.35755218381842,0.912697087847165,0,1,0.8,0
"211","t1",0.61787247308232,0.731670297216624,0,1,NA,NA
"211","t2",0.807584229233008,0.790335015767313,0,1,0.8,0
"211","t3",0.208822952252267,0.582706773491771,0,1,0.8,0
"211","t4",0.419920960811338,0.662728402607291,0,1,0.8,0
"211","t5",1.14817140904092,0.874551095152176,0,1,0.8,0
"212","t1",0.107723690017661,0.542892561526969,0,1,NA,NA
"212","t2",0.0190884684338398,0.507614734693885,0,1,0.8,0
"212","t3",-1.0886605300962,0.138151806689175,0,1,0.8,0
"212","t4",0.128084471014908,0.55095893742287,0,1,0.8,0
"212","t5",0.00309932962656653,0.501236451649411,0,1,0.8,0
"213","t1",0.343430641387936,0.634362744400278,0,1,NA,NA
"213","t2",0.191173598806094,0.575805206386532,0,1,0.8,0
"213","t3",-1.62487221539846,0.0520948947788905,0,1,0.8,0
"213","t4",-1.25974894717694,0.103879970973365,0,1,0.8,0
"213","t5",-0.729295177074419,0.232910560915117,0,1,0.8,0
"214","t1",0.300377539507806,0.618055402999744,0,1,NA,NA
"214","t2",-0.154405134592984,0.4386451526955,0,1,0.8,0
"214","t3",0.512852849712255,0.695972871196572,0,1,0.8,0
"214","t4",0.244656298314148,0.596638715673286,0,1,0.8,0
"214","t5",0.644475300448149,0.740366365401557,0,1,0.8,0
"215","t1",-0.360609047525121,0.359195862431079,0,1,NA,NA
"215","t2",0.0385765250861311,0.515385990687263,0,1,0.8,0
"215","t3",-0.690428021876637,0.244962529922181,0,1,0.8,0
"215","t4",0.0725994730821341,0.528937576982504,0,1,0.8,0
"215","t5",0.0301593455688745,0.512030014346665,0,1,0.8,0
"216","t1",0.665017299125394,0.746980285737664,0,1,NA,NA
"216","t2",-0.231501202841746,0.408462725542115,0,1,0.8,0
"216","t3",-0.0329604769772812,0.486853052653342,0,1,0.8,0
"216","t4",-1.13909611278594,0.127331534326772,0,1,0.8,0
"216","t5",-1.32020554863143,0.0933831999678936,0,1,0.8,0
"217","t1",1.65694949914207,0.951235157204792,0,1,NA,NA
"217","t2",0.759151454616357,0.776119019000234,0,1,0.8,0
"217","t3",0.638232145235094,0.738338712517073,0,1,0.8,0
"217","t4",0.475958265138868,0.682947944402513,0,1,0.8,0
"217","t5",0.0301700668742016,0.51203428958318,0,1,0.8,0
"218","t1",0.64017614345428,0.738970954669639,0,1,NA,NA
"218","t2",-0.127283187907836,0.449358133089927,0,1,0.8,0
"218","t3",-0.448834185082148,0.326775638173307,0,1,0.8,0
"218","t4",-0.411840754375602,0.340228073912141,0,1,0.8,0
"218","t5",-0.640837590662776,0.260814103570451,0,1,0.8,0
"219","t1",0.170893077574949,0.56784608005546,0,1,NA,NA
"219","t2",-0.247879899227464,0.402113666365044,0,1,0.8,0
"219","t3",-0.0835475545820602,0.466708083222899,0,1,0.8,0
"219","t4",0.638143390581997,0.738309828294645,0,1,0.8,0
"219","t5",0.666176041284642,0.747350707525034,0,1,0.8,0
"220","t1",-0.866197856753739,0.193190834252164,0,1,NA,NA
"220","t2",-0.768659458500623,0.221047749075144,0,1,0.8,0
"220","t3",-0.686597315100018,0.246168260438692,0,1,0.8,0
"220","t4",-0.554569926123621,0.289594432084059,0,1,0.8,0
"220","t5",-0.0306927822563965,0.487757273688634,0,1,0.8,0
"221","t1",0.0655707012849948,0.526140192057937,0,1,NA,NA
"221","t2",-0.47641947021851,0.316887783145272,0,1,0.8,0
"221","t3",-0.923389332100286,0.177902174534573,0,1,0.8,0
"221","t4",-1.03915130494214,0.149367186659005,0,1,0.8,0
"221","t5",-0.604223007026994,0.272847693377502,0,1,0.8,0
"222","t1",0.430585216882731,0.666615003952757,0,1,NA,NA
"222","t2",1.75582251130631,0.960440640329666,0,1,0.8,0
"222","t3",1.44809239725546,0.926204394230436,0,1,0.8,0
"222","t4",1.74133173294976,0.959187276545884,0,1,0.8,0
"222","t5",1.10523840233475,0.865471849587912,0,1,0.8,0
"223","t1",0.372700129119354,0.645314179826528,0,1,NA,NA
"223","t2",-0.69945964926764,0.242132410770508,0,1,0.8,0
"223","t3",-0.322116756965424,0.373682122036951,0,1,0.8,0
"223","t4",-1.00578285168566,0.157260019013468,0,1,0.8,0
"223","t5",-1.66385825280982,0.0480703797297342,0,1,0.8,0
"224","t1",-1.4926026455536,0.0677706152200699,0,1,NA,NA
"224","t2",-2.45025850917373,0.00713768422083947,0,1,0.8,0
"224","t3",-0.742183449547301,0.228988097373834,0,1,0.8,0
"224","t4",-0.778982094089062,0.217995131321096,0,1,0.8,0
"224","t5",0.262282070303283,0.603448007937796,0,1,0.8,0
"225","t1",1.95396815761267,0.974647508468479,0,1,NA,NA
"225","t2",1.01472014844331,0.844880376552883,0,1,0.8,0
"225","t3",0.822771533446916,0.794681036199518,0,1,0.8,0
"225","t4",0.228023214235783,0.59018590324117,0,1,0.8,0
"225","t5",0.984756797558918,0.837628226841277,0,1,0.8,0
"226","t1",0.0304287127249713,0.512137426994741,0,1,NA,NA
"226","t2",1.45293740909428,0.926879433436515,0,1,0.8,0
"226","t3",2.00491288513074,0.977513819517142,0,1,0.8,0
"226","t4",1.71284195408848,0.956629190284706,0,1,0.8,0
"226","t5",2.04866027242481,0.979752326754204,0,1,0.8,0
"227","t1",0.344275492000234,0.634680443210527,0,1,NA,NA
"227","t2",-0.0128000472523667,0.494893659398446,0,1,0.8,0
"227","t3",-0.517199941688478,0.302508296368969,0,1,0.8,0
"227","t4",-0.454949604857338,0.324572747373018,0,1,0.8,0
"227","t5",-1.25380321864456,0.104956769516673,0,1,0.8,0
"228","t1",0.335663857041654,0.63143781805411,0,1,NA,NA
"228","t2",0.804928496804302,0.78956952858878,0,1,0.8,0
"228","t3",0.733476917511107,0.7683661994248,0,1,0.8,0
"228","t4",0.862921626349366,0.80590972034528,0,1,0.8,0
"228","t5",0.0439162697313978,0.517514426778808,0,1,0.8,0
"229","t1",0.546106443886712,0.707503614714369,0,1,NA,NA
"229","t2",0.259223069943015,0.602268433963048,0,1,0.8,0
"229","t3",-0.86234151351173,0.194249807340027,0,1,0.8,0
"229","t4",-1.38209804704061,0.0834707990314223,0,1,0.8,0
"229","t5",-1.26477350850717,0.102976265214979,0,1,0.8,0
"230","t1",-0.155593625910459,0.438176674768329,0,1,NA,NA
"230","t2",-1.28491581274654,0.0994108522952971,0,1,0.8,0
"230","t3",-1.17806280081399,0.119385785328746,0,1,0.8,0
"230","t4",-0.433785838853211,0.332221982977845,0,1,0.8,0
"230","t5",-0.297004005651758,0.383231725493537,0,1,0.8,0
"231","t1",0.151113836961015,0.560057041235268,0,1,NA,NA
"231","t2",-0.204293312804969,0.419062147694409,0,1,0.8,0
"231","t3",0.232609263544673,0.591967583328509,0,1,0.8,0
"231","t4",-0.160032331628693,0.436427802735887,0,1,0.8,0
"231","t5",-0.0202295165733223,0.491930140939804,0,1,0.8,0
"232","t1",-0.420374857992073,0.337105815997347,0,1,NA,NA
"232","t2",-0.0528028237443833,0.478944505809376,0,1,0.8,0
"232","t3",-0.261466767454727,0.39686628704259,0,1,0.8,0
"232","t4",-0.703594964164467,0.240842524175737,0,1,0.8,0
"232","t5",-0.637092813524065,0.262032194671966,0,1,0.8,0
"233","t1",-1.10550915664769,0.134469514479861,0,1,NA,NA
"233","t2",-0.67559491008551,0.249648937010317,0,1,0.8,0
"233","t3",0.594465480289223,0.723899588071711,0,1,0.8,0
"233","t4",-0.116196874444145,0.453748256903529,0,1,0.8,0
"233","t5",0.161299642981171,0.564071297780902,0,1,0.8,0
"234","t1",-1.82850870964376,0.0337366198655218,0,1,NA,NA
"234","t2",-1.44703706034878,0.0739432720747396,0,1,0.8,0
"234","t3",-1.56702256909065,0.0585547081778987,0,1,0.8,0
"234","t4",-0.250318167978408,0.401170653798828,0,1,0.8,0
"234","t5",0.0951350670402117,0.537896227544336,0,1,0.8,0
"235","t1",0.521052481597783,0.698834893992171,0,1,NA,NA
"235","t2",0.705811526938405,0.759847323633252,0,1,0.8,0
"235","t3",1.37640214994623,0.915651418630748,0,1,0.8,0
"235","t4",1.23358031213803,0.891320333488534,0,1,0.8,0
"235","t5",1.1102570393849,0.866555860090255,0,1,0.8,0
"236","t1",-0.286801765305378,0.387132055591792,0,1,NA,NA
"236","t2",0.186081294117082,0.57380949457655,0,1,0.8,0
"236","t3",0.228268879882604,0.590281391911694,0,1,0.8,0
"236","t4",-0.249573187212453,0.401458718014042,0,1,0.8,0
"236","t5",-0.335580044295219,0.368593787267791,0,1,0.8,0
"237","t1",-0.152518111331099,0.439389153383672,0,1,NA,NA
"237","t2",-0.145876695217867,0.442009364643644,0,1,0.8,0
"237","t3",0.818151908103342,0.793364773982804,0,1,0.8,0
"237","t4",0.32195460469996,0.626256457455411,0,1,0.8,0
"237","t5",0.259916050230447,0.602535734818475,0,1,0.8,0
"238","t1",-0.368629547193713,0.356201934395358,0,1,NA,NA
"238","t2",0.596333997817542,0.724523938364867,0,1,0.8,0
"238","t3",-0.208209063767661,0.417532865904876,0,1,0.8,0
"238","t4",-0.714866070745115,0.237345902090209,0,1,0.8,0
"238","t5",-0.773052653114416,0.219745610102401,0,1,0.8,0
"239","t1",2.36766756107571,0.991049693897367,0,1,NA,NA
"239","t2",1.16598206369195,0.878189151294791,0,1,0.8,0
"239","t3",1.53513372927084,0.937624508667634,0,1,0.8,0
"239","t4",1.00872001463857,0.843445534880582,0,1,0.8,0
"239","t5",0.538569145645465,0.704907908955266,0,1,0.8,0
"240","t1",-0.602519929940633,0.273414050461724,0,1,NA,NA
"240","t2",0.799238396822087,0.787923904204086,0,1,0.8,0
"240","t3",1.11373123332851,0.867302747072768,0,1,0.8,0
"240","t4",1.88126765733691,0.970032240855525,0,1,0.8,0
"240","t5",1.10367334603464,0.865132569095314,0,1,0.8,0
"241","t1",-0.282627457813213,0.388731214916334,0,1,NA,NA
"241","t2",0.0887057548986481,0.535342120589451,0,1,0.8,0
"241","t3",-1.4808694244022,0.0693206860456124,0,1,0.8,0
"241","t4",-1.07490804507888,0.14120794986926,0,1,0.8,0
"241","t5",-0.979542338082076,0.163656039963067,0,1,0.8,0
"242","t1",-1.64707540862205,0.0497712735086679,0,1,NA,NA
"242","t2",-1.32274145366808,0.0929606864554564,0,1,0.8,0
"242","t3",-1.19035729829132,0.11695299451152,0,1,0.8,0
"242","t4",-1.41877358564006,0.0779825179601103,0,1,0.8,0
"242","t5",-1.81455429211839,0.0347962160694442,0,1,0.8,0
"243","t1",0.0274690740187931,0.510957197053358,0,1,NA,NA
"243","t2",0.0532121557019239,0.52121856475572,0,1,0.8,0
"243","t3",0.676197809649669,0.750542468474807,0,1,0.8,0
"243","t4",1.78710792011371,0.963039976173383,0,1,0.8,0
"243","t5",1.72404745952756,0.957650362087424,0,1,0.8,0
"244","t1",1.05158778931633,0.853505643783137,0,1,NA,NA
"244","t2",0.0413994449216584,0.516511272346151,0,1,0.8,0
"244","t3",0.728924653571981,0.766976123387342,0,1,0.8,0
"244","t4",-0.0553815343111611,0.477917253371176,0,1,0.8,0
"244","t5",0.0604416047952028,0.524098038313203,0,1,0.8,0
"245","t1",1.17272786747893,0.879547523800284,0,1,NA,NA
"245","t2",0.677133527026615,0.750839380747442,0,1,0.8,0
"245","t3",0.94212408814441,0.826935443396793,0,1,0.8,0
"245","t4",0.617572184617412,0.731571307636923,0,1,0.8,0
"245","t5",0.230340409806873,0.591086368902721,0,1,0.8,0
"246","t1",0.301189508316485,0.61836500512436,0,1,NA,NA
"246","t2",0.0720192085264248,0.528706689324663,0,1,0.8,0
"246","t3",-1.22519031463838,0.11025176141716,0,1,0.8,0
"246","t4",-0.995125622107128,0.159837585229336,0,1,0.8,0
"246","t5",-1.03418346753517,0.150525200723719,0,1,0.8,0
"247","t1",1.24352174865061,0.893162184162065,0,1,NA,NA
"247","t2",0.702031051321072,0.758670100483676,0,1,0.8,0
"247","t3",-0.529977187254936,0.298063873885034,0,1,0.8,0
"247","t4",0.369791485359764,0.644231070025663,0,1,0.8,0
"247","t5",-0.0168543094666908,0.493276421673566,0,1,0.8,0
"248","t1",0.249382221399193,0.59846743196249,0,1,NA,NA
"248","t2",-0.157312463441712,0.437499299075631,0,1,0.8,0
"248","t3",-0.502160417011918,0.30777734205563,0,1,0.8,0
"248","t4",-0.0318066276573213,0.487313130602921,0,1,0.8,0
"248","t5",-0.699884700297777,0.241999656461456,0,1,0.8,0
"249","t1",-0.227862764169585,0.409876465564594,0,1,NA,NA
"249","t2",0.0651200028863119,0.525960772883007,0,1,0.8,0
"249","t3",1.33769613586825,0.909502244429688,0,1,0.8,0
"249","t4",0.968021878158559,0.833483278311544,0,1,0.8,0
"249","t5",1.43056709093728,0.923722837600687,0,1,0.8,0
"250","t1",-0.8539204116307,0.196574544534087,0,1,NA,NA
"250","t2",-0.772929643858946,0.219782009907091,0,1,0.8,0
"250","t3",-0.337170735689467,0.367994098253311,0,1,0.8,0
"250","t4",0.0665768280175693,0.526540703314767,0,1,0.8,0
"250","t5",-0.570967217459514,0.284010932541561,0,1,0.8,0
"251","t1",0.0609750867327665,0.524310474982485,0,1,NA,NA
"251","t2",-0.801128679788046,0.211528577225303,0,1,0.8,0
"251","t3",-0.356214975300544,0.360839788937648,0,1,0.8,0
"251","t4",-0.233870478871757,0.407542766076286,0,1,0.8,0
"251","t5",-0.602890817539686,0.273290662490528,0,1,0.8,0
"252","t1",-0.590252456695944,0.27751070423983,0,1,NA,NA
"252","t2",-0.29404843094202,0.38436044790178,0,1,0.8,0
"252","t3",-0.332638883299614,0.369703444291092,0,1,0.8,0
"252","t4",0.135924620480414,0.554059564112086,0,1,0.8,0
"252","t5",-0.543057909484504,0.293544965709428,0,1,0.8,0
"253","t1",-0.436464655953797,0.331249818671495,0,1,NA,NA
"253","t2",-0.182496705133359,0.42759646993238,0,1,0.8,0
"253","t3",0.309134917725256,0.621390550674132,0,1,0.8,0
"253","t4",1.12251066889055,0.86917731305869,0,1,0.8,0
"253","t5",1.29129405405659,0.901699134175869,0,1,0.8,0
"254","t1",-1.57579267731067,0.0575367952696979,0,1,NA,NA
"254","t2",-1.65805976311921,0.0486527021506249,0,1,0.8,0
"254","t3",-2.31395429351393,0.0103351147165666,0,1,0.8,0
"254","t4",-2.70047922022601,0.00346198310990654,0,1,0.8,0
"254","t5",-1.4082180672409,0.0795332539777006,0,1,0.8,0
"255","t1",-0.415479338829149,0.33889551856555,0,1,NA,NA
"255","t2",-0.880454485528965,0.189306575639672,0,1,0.8,0
"255","t3",-0.960032072107138,0.168519536826816,0,1,0.8,0
"255","t4",0.0576884167530884,0.52300158978861,0,1,0.8,0
"255","t5",0.462206777503276,0.678033478281677,0,1,0.8,0
"256","t1",-0.248531572595763,0.401861572405323,0,1,NA,NA
"256","t2",-0.0052097915864418,0.497921603266042,0,1,0.8,0
"256","t3",0.0761851517242027,0.530364102218765,0,1,0.8,0
"256","t4",0.629596171608566,0.73552058549798,0,1,0.8,0
"256","t5",0.110368305936431,0.543941356130918,0,1,0.8,0
"257","t1",1.50594024518547,0.933958743000403,0,1,NA,NA
"257","t2",-0.115395421219186,0.454065854028646,0,1,0.8,0
"257","t3",0.128497603389969,0.551122402639768,0,1,0.8,0
"257","t4",-0.0485999985691116,0.480619035553504,0,1,0.8,0
"257","t5",-0.568703713987428,0.284778613474145,0,1,0.8,0
"258","t1",1.0053802757886,0.842643113108352,0,1,NA,NA
"258","t2",1.02375475893308,0.847024438030921,0,1,0.8,0
"258","t3",0.641891666039466,0.739528237111647,0,1,0.8,0
"258","t4",0.318140997805826,0.624811006926009,0,1,0.8,0
"258","t5",-0.0617572308090752,0.47537808165402,0,1,0.8,0
"259","t1",-0.336031729421026,0.368423469830304,0,1,NA,NA
"259","t2",0.79431688705387,0.786494512260128,0,1,0.8,0
"259","t3",1.1932012740461,0.883604722084445,0,1,0.8,0
"259","t4",0.873628207748588,0.808839620255124,0,1,0.8,0
"259","t5",1.54209890858378,0.938475219925071,0,1,0.8,0
"260","t1",1.55832321132887,0.940421675331891,0,1,NA,NA
"260","t2",0.228002418483494,0.590177819819204,0,1,0.8,0
"260","t3",0.293103569276866,0.615278505681016,0,1,0.8,0
"260","t4",-0.514249157296313,0.303538901695909,0,1,0.8,0
"260","t5",0.439229407155516,0.669752340503644,0,1,0.8,0
"261","t1",0.538315756784418,0.704820462502539,0,1,NA,NA
"261","t2",0.937697018571555,0.82579993177593,0,1,0.8,0
"261","t3",-0.0417728380056149,0.483339894118862,0,1,0.8,0
"261","t4",-0.295855430791918,0.383670244575919,0,1,0.8,0
"261","t5",-0.614495889147846,0.269443844366429,0,1,0.8,0
"262","t1",-0.155841918136392,0.438078814186156,0,1,NA,NA
"262","t2",-0.362575650195106,0.358460951276817,0,1,0.8,0
"262","t3",-0.594285093198629,0.276160723592438,0,1,0.8,0
"262","t4",-1.00857657363254,0.156588873481515,0,1,0.8,0
"262","t5",-1.43522158515715,0.0756119822825895,0,1,0.8,0
"263","t1",0.817953251424671,0.793308059219271,0,1,NA,NA
"263","t2",1.42571729056438,0.923025018256551,0,1,0.8,0
"263","t3",1.64780332356548,0.950303481594339,0,1,0.8,0
"263","t4",2.171502702603,0.98505340346015,0,1,0.8,0
"263","t5",2.5820973168848,0.995089905540655,0,1,0.8,0
"264","t1",0.229523520667967,0.59076897916384,0,1,NA,NA
"264","t2",0.132282380238501,0.552619528285292,0,1,0.8,0
"264","t3",-0.109663901289335,0.456337965145774,0,1,0.8,0
"264","t4",-0.652925915572936,0.256902020338273,0,1,0.8,0
"264","t5",0.573717052793825,0.716920356605155,0,1,0.8,0
"265","t1",0.371700501151514,0.644942074082792,0,1,NA,NA
"265","t2",-0.959489326756456,0.168656146998581,0,1,0.8,0
"265","t3",-0.490608449178194,0.311851704672747,0,1,0.8,0
"265","t4",-0.734225089606048,0.23140578228788,0,1,0.8,0
"265","t5",-0.198512720718433,0.421321966550602,0,1,0.8,0
"266","t1",-0.208146691243486,0.417557215550914,0,1,NA,NA
"266","t2",0.140877655604943,0.556016702835843,0,1,0.8,0
"266","t3",0.113330155149744,0.545115594555491,0,1,0.8,0
"266","t4",0.209472734933935,0.582960391190692,0,1,0.8,0
"266","t5",0.381207025091865,0.648475181636304,0,1,0.8,0
"267","t1",-0.0853851867410806,0.465977584710345,0,1,NA,NA
"267","t2",-1.22391077884656,0.110492943483099,0,1,0.8,0
"267","t3",-0.746901658079368,0.227561462515008,0,1,0.8,0
"267","t4",-0.148805864425755,0.440853411511024,0,1,0.8,0
"267","t5",0.419578167572303,0.66260317986646,0,1,0.8,0
"268","t1",1.70441111321175,0.955847845412791,0,1,NA,NA
"268","t2",1.2101285462883,0.886885214548767,0,1,0.8,0
"268","t3",-0.187374586628179,0.425683473322261,0,1,0.8,0
"268","t4",-0.0409022887417124,0.483686896412022,0,1,0.8,0
"268","t5",-0.314329107796187,0.376635546456354,0,1,0.8,0
"269","t1",-0.568305494631302,0.284913774346933,0,1,NA,NA
"269","t2",-0.259287471088282,0.397706722783233,0,1,0.8,0
"269","t3",-1.21250338886067,0.112659873075812,0,1,0.8,0
"269","t4",-0.697501134077726,0.242744614957129,0,1,0.8,0
"269","t5",-0.386485213594235,0.349568675695832,0,1,0.8,0
"270","t1",1.56157933719028,0.940806439844891,0,1,NA,NA
"270","t2",0.888098184787231,0.81275603050007,0,1,0.8,0
"270","t3",0.569276997120753,0.715415912590849,0,1,0.8,0
"270","t4",1.12579613394862,0.869874089518393,0,1,0.8,0
"270","t5",2.0562307965823,0.980119862428844,0,1,0.8,0
"271","t1",0.64553287765633,0.740709040313959,0,1,NA,NA
"271","t2",-0.158335559784196,0.4370961944469,0,1,0.8,0
"271","t3",-0.255495790619239,0.399170097177632,0,1,0.8,0
"271","t4",0.400247138960551,0.655512751010606,0,1,0.8,0
"271","t5",0.806849693226356,0.790123457413684,0,1,0.8,0
"272","t1",-0.819234563271373,0.206326299346983,0,1,NA,NA
"272","t2",-1.76249319719496,0.0389930023778587,0,1,0.8,0
"272","t3",-1.00130959466798,0.158338577855277,0,1,0.8,0
"272","t4",-0.57059465673221,0.284137220675641,0,1,0.8,0
"272","t5",-0.60638820697506,0.272128498834861,0,1,0.8,0
"273","t1",-0.680251315759893,0.248172672465444,0,1,NA,NA
"273","t2",-0.905062390558492,0.182716167599337,0,1,0.8,0
"273","t3",0.190996150879923,0.575735695599959,0,1,0.8,0
"273","t4",0.415515455363623,0.661117698293327,0,1,0.8,0
"273","t5",-0.115989838637721,0.453830297515083,0,1,0.8,0
"274","t1",0.343594310149825,0.634424297837541,0,1,NA,NA
"274","t2",-1.40999316232884,0.0792708509618,0,1,0.8,0
"274","t3",-1.20512528948104,0.114077469145656,0,1,0.8,0
"274","t4",-0.550458389176396,0.291002504857318,0,1,0.8,0
"274","t5",-0.031933023056598,0.487262731735342,0,1,0.8,0
"275","t1",0.329708965266762,0.629190060542896,0,1,NA,NA
"275","t2",0.153958134654914,0.561178627179019,0,1,0.8,0
"275","t3",-0.599838589077294,0.274306906445044,0,1,0.8,0
"275","t4",-0.654721637518004,0.256323495753975,0,1,0.8,0
"275","t5",-0.430452959536031,0.333433089100529,0,1,0.8,0
"276","t1",-0.608066274349913,0.271571759600192,0,1,NA,NA
"276","t2",0.558748767612137,0.711833404189087,0,1,0.8,0
"276","t3",0.308479788929582,0.621141361508143,0,1,0.8,0
"276","t4",0.0344665173588299,0.513747429123386,0,1,0.8,0
"276","t5",0.0311105937751168,0.512409329425368,0,1,0.8,0
"277","t1",-0.721066168473454,0.235434402478859,0,1,NA,NA
"277","t2",-0.907460343031821,0.182081705782111,0,1,0.8,0
"277","t3",-1.08667800452263,0.138589569016897,0,1,0.8,0
"277","t4",-1.1549368653761,0.124058140706756,0,1,0.8,0
"277","t5",-1.12101752873646,0.131140200591893,0,1,0.8,0
"278","t1",-1.20757572144691,0.113605251302943,0,1,NA,NA
"278","t2",-0.950178724313629,0.171010723632761,0,1,0.8,0
"278","t3",-1.23462242729413,0.10848552911729,0,1,0.8,0
"278","t4",-0.755699128318542,0.224914803411,0,1,0.8,0
"278","t5",0.503111386015368,0.692557019022828,0,1,0.8,0
"279","t1",-1.17781005535651,0.119436169508845,0,1,NA,NA
"279","t2",-2.05696010828575,0.0198450316318109,0,1,0.8,0
"279","t3",-1.24049926912606,0.107395392179419,0,1,0.8,0
"279","t4",-0.592009682473152,0.276922052347713,0,1,0.8,0
"279","t5",0.860325772080353,0.805195254899752,0,1,0.8,0
"280","t1",-0.560888800282524,0.287436672719195,0,1,NA,NA
"280","t2",-1.40539853452829,0.0799514011422443,0,1,0.8,0
"280","t3",-1.1796353783004,0.119072632863212,0,1,0.8,0
"280","t4",-0.255299779747235,0.399245785022522,0,1,0.8,0
"280","t5",-0.146417952298442,0.441795728074593,0,1,0.8,0
"281","t1",-0.184208269060268,0.426925036357716,0,1,NA,NA
"281","t2",-0.274434360040268,0.391875420362874,0,1,0.8,0
"281","t3",-0.397845208805681,0.345372145113788,0,1,0.8,0
"281","t4",0.891542259093219,0.813680834470324,0,1,0.8,0
"281","t5",-0.058833914385497,0.476542197731513,0,1,0.8,0
"282","t1",-0.090680184845019,0.463873357977718,0,1,NA,NA
"282","t2",0.272352325666271,0.60732443692746,0,1,0.8,0
"282","t3",0.182355242724974,0.572348026024636,0,1,0.8,0
"282","t4",0.0584939253491739,0.523322399459619,0,1,0.8,0
"282","t5",-0.311340204552924,0.377771003080192,0,1,0.8,0
"283","t1",-1.33549740682235,0.0908568017184734,0,1,NA,NA
"283","t2",-1.58475110345321,0.0565114479460894,0,1,0.8,0
"283","t3",-1.45471897043386,0.0728735392707895,0,1,0.8,0
"283","t4",-0.619451541521,0.267809467894275,0,1,0.8,0
"283","t5",-0.326852910791453,0.371889569138448,0,1,0.8,0
"284","t1",1.26008460190276,0.896180577808991,0,1,NA,NA
"284","t2",0.587000546237343,0.72139833007166,0,1,0.8,0
"284","t3",1.13026198224108,0.870817075463072,0,1,0.8,0
"284","t4",0.508843675999106,0.694569098828401,0,1,0.8,0
"284","t5",0.864583835696838,0.806366376164366,0,1,0.8,0
"285","t1",0.323954128911526,0.627013618592173,0,1,NA,NA
"285","t2",-0.110697829840264,0.455927983470509,0,1,0.8,0
"285","t3",-0.354209345201733,0.361591000286235,0,1,0.8,0
"285","t4",-0.136208244525419,0.445828328862119,0,1,0.8,0
"285","t5",0.675570765915407,0.750343396197272,0,1,0.8,0
"286","t1",1.79899369203793,0.963990160729736,0,1,NA,NA
"286","t2",1.17052042707247,0.879104200674649,0,1,0.8,0
"286","t3",0.989902275682801,0.838889056453698,0,1,0.8,0
"286","t4",0.38920655012168,0.6514383207866,0,1,0.8,0
"286","t5",-0.332287658405252,0.369836029071369,0,1,0.8,0
"287","t1",-0.674001564531009,0.250155159505084,0,1,NA,NA
"287","t2",-0.152749094778555,0.439298071492198,0,1,0.8,0
"287","t3",0.298897620116716,0.617490918489231,0,1,0.8,0
"287","t4",0.56164404692684,0.712820718151847,0,1,0.8,0
"287","t5",0.838100312361599,0.799012816244654,0,1,0.8,0
"288","t1",-0.519599169748256,0.30167148844339,0,1,NA,NA
"288","t2",-1.62483283717326,0.0520990910722598,0,1,0.8,0
"288","t3",-2.19803859871294,0.0139731777185113,0,1,0.8,0
"288","t4",-2.56161341092119,0.00520936093365975,0,1,0.8,0
"288","t5",-2.11875417524798,0.0170556236467311,0,1,0.8,0
"289","t1",0.198122774872407,0.578525496879593,0,1,NA,NA
"289","t2",0.0394600802428102,0.515738209968571,0,1,0.8,0
"289","t3",-0.773998464083434,0.21946584976895,0,1,0.8,0
"289","t4",-1.63290566058407,0.0512444197247952,0,1,0.8,0
"289","t5",-1.88409572886559,0.0297760139352019,0,1,0.8,0
"290","t1",1.35266549903648,0.911918741418049,0,1,NA,NA
"290","t2",0.670125955802245,0.748611250002612,0,1,0.8,0
"290","t3",0.660270398793612,0.745459838771681,0,1,0.8,0
"290","t4",1.05638692152072,0.8546042606681,0,1,0.8,0
"290","t5",1.1743735263151,0.879877277819959,0,1,0.8,0
"291","t1",0.423148807625064,0.663906652946025,0,1,NA,NA
"291","t2",-0.050604379266897,0.479820386574084,0,1,0.8,0
"291","t3",1.11819783820755,0.868258746307296,0,1,0.8,0
"291","t4",1.12196409658471,0.869061147116568,0,1,0.8,0
"291","t5",1.44100991971105,0.925209059817093,0,1,0.8,0
"292","t1",0.939013858945842,0.826138185570017,0,1,NA,NA
"292","t2",0.30054438708703,0.61811902782745,0,1,0.8,0
"292","t3",0.595852441035523,0.724363096440075,0,1,0.8,0
"292","t4",0.292997744591346,0.615238062181059,0,1,0.8,0
"292","t5",0.989468801099059,0.8387830864682,0,1,0.8,0
"293","t1",-0.995916593947435,0.159645335981622,0,1,NA,NA
"293","t2",-0.857544483450516,0.195572020839705,0,1,0.8,0
"293","t3",-1.00695736050871,0.156977632601401,0,1,0.8,0
"293","t4",-0.488391938045946,0.312636125595846,0,1,0.8,0
"293","t5",-1.32985215288295,0.0917834943370008,0,1,0.8,0
"294","t1",0.539317998163187,0.705166273983195,0,1,NA,NA
"294","t2",-0.0906568125687682,0.463882643919525,0,1,0.8,0
"294","t3",0.298345183600213,0.617280138979628,0,1,0.8,0
"294","t4",0.865826686641451,0.806707393920642,0,1,0.8,0
"294","t5",0.214247964589752,0.58482315298791,0,1,0.8,0
"295","t1",0.683992625716427,0.753010088810697,0,1,NA,NA
"295","t2",0.037657665009513,0.515019684767789,0,1,0.8,0
"295","t3",1.21037200721393,0.886931910854806,0,1,0.8,0
"295","t4",0.805898307855591,0.789849256487038,0,1,0.8,0
"295","t5",1.51294592885601,0.934853302945736,0,1,0.8,0
"296","t1",0.832051190481891,0.797309974674135,0,1,NA,NA
"296","t2",0.957620536271499,0.830872930105486,0,1,0.8,0
"296","t3",0.0281140976974614,0.511214424909169,0,1,0.8,0
"296","t4",0.896932007970063,0.8151224004262,0,1,0.8,0
"296","t5",0.815395828168619,0.792577114221826,0,1,0.8,0
"297","t1",0.912600924855082,0.819273766130209,0,1,NA,NA
"297","t2",-0.194735741477193,0.422799914934335,0,1,0.8,0
"297","t3",0.416057257496908,0.6613159471665,0,1,0.8,0
"297","t4",0.691331650740117,0.755321427044739,0,1,0.8,0
"297","t5",0.110512309456811,0.543998455934772,0,1,0.8,0
"298","t1",1.17694310000515,0.880390891106799,0,1,NA,NA
"298","t2",0.550128357907452,0.708884331213352,0,1,0.8,0
"298","t3",0.605165707328575,0.727465550556484,0,1,0.8,0
"298","t4",-0.285982607150711,0.38744572148066,0,1,0.8,0
"298","t5",-0.268312391559696,0.394229434366317,0,1,0.8,0
"299","t1",-1.64488814268417,0.0499964402988553,0,1,NA,NA
"299","t2",-1.90321182076637,0.0285064556693299,0,1,0.8,0
"299","t3",-0.950358960819735,0.170964944611214,0,1,0.8,0
"299","t4",-1.18918378659953,0.11718367659422,0,1,0.8,0
"299","t5",-0.629346666178849,0.264561063129459,0,1,0.8,0
"300","t1",0.622903965068766,0.733326183864847,0,1,NA,NA
"300","t2",0.201440535100168,0.579822938831561,0,1,0.8,0
"300","t3",0.271155032791048,0.606864101814635,0,1,0.8,0
"300","t4",0.206832559621698,0.581929686485845,0,1,0.8,0
"300","t5",0.120126765015418,0.54780863475272,0,1,0.8,0
"301","t1",-0.973516851774109,0.165148244472221,0,1,NA,NA
"301","t2",-0.248152707974595,0.402008127802257,0,1,0.8,0
"301","t3",-0.149460558154606,0.440595114887341,0,1,0.8,0
"301","t4",-0.0365034557177274,0.485440461641563,0,1,0.8,0
"301","t5",0.0567219514842569,0.522616656295395,0,1,0.8,0
"302","t1",-1.83719828532998,0.0330903143621981,0,1,NA,NA
"302","t2",-1.60071990512207,0.0547194852007323,0,1,0.8,0
"302","t3",-1.4448457969164,0.0742506020301406,0,1,0.8,0
"302","t4",-0.686593694913651,0.246169401410406,0,1,0.8,0
"302","t5",-1.10040857824473,0.135577071287836,0,1,0.8,0
"303","t1",-0.384403987378468,0.350339522818103,0,1,NA,NA
"303","t2",-0.0724259759491944,0.471131456627834,0,1,0.8,0
"303","t3",-0.49779341166542,0.309314830050078,0,1,0.8,0
"303","t4",0.228572716695733,0.590399483936406,0,1,0.8,0
"303","t5",0.511199886174218,0.695394450807184,0,1,0.8,0
"304","t1",-1.09967140641788,0.13573765871115,0,1,NA,NA
"304","t2",-1.6437512183163,0.0501138007438141,0,1,0.8,0
"304","t3",-0.498459759989974,0.309080012472096,0,1,0.8,0
"304","t4",-1.24391480222059,0.106765460458088,0,1,0.8,0
"304","t5",-1.41278514588201,0.0788594535483522,0,1,0.8,0
"305","t1",-0.0553626880327427,0.477924760431051,0,1,NA,NA
"305","t2",-0.0277619393218594,0.488926011137359,0,1,0.8,0
"305","t3",1.00017315269061,0.841386640323176,0,1,0.8,0
"305","t4",0.409459509608969,0.65889876230624,0,1,0.8,0
"305","t5",0.272105860378393,0.60722968821183,0,1,0.8,0
"306","t1",-0.757312365297196,0.224431372247636,0,1,NA,NA
"306","t2",0.104474229617397,0.541603490932868,0,1,0.8,0
"306","t3",0.0968112880786215,0.538561870272387,0,1,0.8,0
"306","t4",0.826293994151268,0.795681330213841,0,1,0.8,0
"306","t5",-0.213973897048395,0.415283706448859,0,1,0.8,0
"307","t1",-1.00632826284744,0.157128844643012,0,1,NA,NA
"307","t2",-0.558293987757251,0.288321824875595,0,1,0.8,0
"307","t3",-0.759595099497763,0.223748324642821,0,1,0.8,0
"307","t4",-0.413849154506077,0.339492291397762,0,1,0.8,0
"307","t5",-0.898840387431095,0.184368842146097,0,1,0.8,0
"308","t1",0.127258238147844,0.550631993683055,0,1,NA,NA
"308","t2",-0.0287568833948418,0.488529244355855,0,1,0.8,0
"308","t3",0.244060980387518,0.596408204007046,0,1,0.8,0
"308","t4",-0.094200759130586,0.462474840879141,0,1,0.8,0
"308","t5",-0.0905691648646427,0.46391746703928,0,1,0.8,0
"309","t1",-0.907816095433012,0.1819876965601,0,1,NA,NA
"309","t2",-1.80860803050273,0.0352559600073058,0,1,0.8,0
"309","t3",-0.288497732578546,0.386482882953777,0,1,0.8,0
"309","t4",0.073406469643916,0.52925866527206,0,1,0.8,0
"309","t5",-0.214688510242794,0.415005090606606,0,1,0.8,0
"310","t1",0.808566407978038,0.790617703227326,0,1,NA,NA
"310","t2",0.0164688622513471,0.506569828478931,0,1,0.8,0
"310","t3",-0.201599359619309,0.420114972949442,0,1,0.8,0
"310","t4",-0.630391090732251,0.264219369203343,0,1,0.8,0
"310","t5",-1.32646281239832,0.0923432225417682,0,1,0.8,0
"311","t1",-0.75515039356199,0.225079374620691,0,1,NA,NA
"311","t2",-0.181436165625424,0.428012616929811,0,1,0.8,0
"311","t3",0.210333063508531,0.583296134263611,0,1,0.8,0
"311","t4",0.0158767746207709,0.506333650582213,0,1,0.8,0
"311","t5",0.455918503239083,0.675775708319415,0,1,0.8,0
"312","t1",0.641848081511054,0.739514086395502,0,1,NA,NA
"312","t2",1.01558770085687,0.845087117935222,0,1,0.8,0
"312","t3",-0.0284720978341231,0.488642810853468,0,1,0.8,0
"312","t4",-0.245056972343991,0.403206159166218,0,1,0.8,0
"312","t5",0.135442882483465,0.553869139418231,0,1,0.8,0
"313","t1",-0.626661158676888,0.265440684743226,0,1,NA,NA
"313","t2",0.387795455294354,0.650916295495469,0,1,0.8,0
"313","t3",0.259967521050327,0.602555586558134,0,1,0.8,0
"313","t4",0.404685399838901,0.657145612246841,0,1,0.8,0
"313","t5",0.00706823458888466,0.502819794145825,0,1,0.8,0
"314","t1",-0.245790963380825,0.402922026347369,0,1,NA,NA
"314","t2",-0.651497609224233,0.257362659946442,0,1,0.8,0
"314","t3",-0.756159640559389,0.224776743699602,0,1,0.8,0
"314","t4",-0.940413931751931,0.173502639380276,0,1,0.8,0
"314","t5",-0.424892203757871,0.335457629123968,0,1,0.8,0
"315","t1",-1.24836311493019,0.10594905517064,0,1,NA,NA
"315","t2",-0.912225420199743,0.180825032469923,0,1,0.8,0
"315","t3",-0.519967257737643,0.301543198077384,0,1,0.8,0
"315","t4",-1.54316213467724,0.061395721016338,0,1,0.8,0
"315","t5",-0.553639600100996,0.289912759506767,0,1,0.8,0
"316","t1",-0.586512311356137,0.27876564534381,0,1,NA,NA
"316","t2",-1.23831539264567,0.107799569254292,0,1,0.8,0
"316","t3",-1.53245693201535,0.0627048588220703,0,1,0.8,0
"316","t4",-1.10408414003575,0.134778320223701,0,1,0.8,0
"316","t5",-1.08215065586793,0.139592795089014,0,1,0.8,0
"317","t1",-1.85488840567318,0.0318060819990933,0,1,NA,NA
"317","t2",-1.47936559290714,0.0695213153843305,0,1,0.8,0
"317","t3",0.0749133232703737,0.529858162045521,0,1,0.8,0
"317","t4",-0.292853384162413,0.384817110720773,0,1,0.8,0
"317","t5",0.151015538121933,0.560018270589279,0,1,0.8,0
"318","t1",1.71016716542335,0.956382517237216,0,1,NA,NA
"318","t2",0.803202370156427,0.789071112096325,0,1,0.8,0
"318","t3",0.446572376962312,0.67240807809261,0,1,0.8,0
"318","t4",0.335248138106956,0.631281044020626,0,1,0.8,0
"318","t5",1.18125628268878,0.881249535690521,0,1,0.8,0
"319","t1",0.496295384883499,0.690156989032403,0,1,NA,NA
"319","t2",0.778676898998767,0.781914966247626,0,1,0.8,0
"319","t3",1.10474302271815,0.865364522227977,0,1,0.8,0
"319","t4",1.21022558944789,0.886903829275421,0,1,0.8,0
"319","t5",0.694843773786797,0.75642339388802,0,1,0.8,0
"320","t1",0.643592749432028,0.740080223418772,0,1,NA,NA
"320","t2",-0.211607429363139,0.416206656396404,0,1,0.8,0
"320","t3",0.2095096681343,0.582974805610345,0,1,0.8,0
"320","t4",0.0397454741546901,0.515851976416704,0,1,0.8,0
"320","t5",0.705120793604655,0.759632466343118,0,1,0.8,0
"321","t1",-0.100927752174837,0.459803906269372,0,1,NA,NA
"321","t2",0.0956560412876752,0.538103122646334,0,1,0.8,0
"321","t3",-0.856449477907295,0.195874603423842,0,1,0.8,0
"321","t4",0.768949955988755,0.779038490230524,0,1,0.8,0
"321","t5",0.388918315824114,0.65133171366054,0,1,0.8,0
"322","t1",1.05689054463427,0.854719227878377,0,1,NA,NA
"322","t2",1.32212504531531,0.906936742437714,0,1,0.8,0
"322","t3",1.3182866116211,0.906296139464562,0,1,0.8,0
"322","t4",0.62609775958514,0.734374589175017,0,1,0.8,0
"322","t5",0.830346284771124,0.796828486897344,0,1,0.8,0
"323","t1",-1.72023355982229,0.0426949975080788,0,1,NA,NA
"323","t2",-0.929536609870069,0.176305530783993,0,1,0.8,0
"323","t3",-0.479782737999003,0.315690944252027,0,1,0.8,0
"323","t4",-0.1591188502059,0.436787618555238,0,1,0.8,0
"323","t5",0.384204369198731,0.649586509885478,0,1,0.8,0
"324","t1",-0.84043082158425,0.200333436951041,0,1,NA,NA
"324","t2",-0.379808889807238,0.352043641440478,0,1,0.8,0
"324","t3",-0.415722985845051,0.338806359696547,0,1,0.8,0
"324","t4",-0.22778688532422,0.409905961348053,0,1,0.8,0
"324","t5",0.950679138964707,0.829116359434509,0,1,0.8,0
"325","t1",-1.24961987364881,0.105719219893217,0,1,NA,NA
"325","t2",-1.02881541337805,0.151783211197893,0,1,0.8,0
"325","t3",-1.03579451385766,0.150149008778514,0,1,0.8,0
"325","t4",-0.777449959396956,0.218446673415857,0,1,0.8,0
"325","t5",-0.267491181747663,0.39454550142135,0,1,0.8,0
"326","t1",-0.260929698090842,0.397073361091316,0,1,NA,NA
"326","t2",-1.55396938154207,0.0600958601512051,0,1,0.8,0
"326","t3",-0.908774256556214,0.181734649027335,0,1,0.8,0
"326","t4",-0.605926803220422,0.272281680027128,0,1,0.8,0
"326","t5",-0.883112134706993,0.188587844219423,0,1,0.8,0
"327","t1",-0.99886895539561,0.158929088385776,0,1,NA,NA
"327","t2",-0.563994123856643,0.286379065608414,0,1,0.8,0
"327","t3",-0.641470634376817,0.260608477025026,0,1,0.8,0
"327","t4",-0.865038701717095,0.19350877357379,0,1,0.8,0
"327","t5",-0.680683211948414,0.248035980650067,0,1,0.8,0
"328","t1",-0.96193045600067,0.168042269302532,0,1,NA,NA
"328","t2",-0.933631845924231,0.175246916103966,0,1,0.8,0
"328","t3",-0.961501899957056,0.16814993531759,0,1,0.8,0
"328","t4",-0.342874829331408,0.365846314235134,0,1,0.8,0
"328","t5",0.302623639756481,0.618911651588615,0,1,0.8,0
"329","t1",0.321022947536565,0.625903499545529,0,1,NA,NA
"329","t2",1.55001466224803,0.93943100157968,0,1,0.8,0
"329","t3",1.71237010825863,0.956585757955505,0,1,0.8,0
"329","t4",1.2752679524075,0.898892791580929,0,1,0.8,0
"329","t5",0.894844973099998,0.814565017238607,0,1,0.8,0
"330","t1",-0.0233799431006309,0.49067360186018,0,1,NA,NA
"330","t2",-0.383985707035585,0.350494520553233,0,1,0.8,0
"330","t3",-0.59574743692106,0.275671981492023,0,1,0.8,0
"330","t4",0.132194495791918,0.552584772681861,0,1,0.8,0
"330","t5",0.0262512186430655,0.510471518314877,0,1,0.8,0
"331","t1",1.02728938616649,0.84785789065063,0,1,NA,NA
"331","t2",0.287529136240626,0.61314640206936,0,1,0.8,0
"331","t3",1.11959851754513,0.868557556199815,0,1,0.8,0
"331","t4",1.75084327278715,0.960013544785576,0,1,0.8,0
"331","t5",1.00817008229571,0.843313591088174,0,1,0.8,0
"332","t1",0.777820921121381,0.781662703724578,0,1,NA,NA
"332","t2",-0.22397819431417,0.411387135316855,0,1,0.8,0
"332","t3",0.953581532261267,0.829852246229906,0,1,0.8,0
"332","t4",1.73146395136116,0.958315475487945,0,1,0.8,0
"332","t5",1.20656021520356,0.886199221892955,0,1,0.8,0
"333","t1",-0.252084159240597,0.40048800688237,0,1,NA,NA
"333","t2",0.0680067013349754,0.527109850128405,0,1,0.8,0
"333","t3",0.162547372769062,0.56456258690493,0,1,0.8,0
"333","t4",-0.171988928373982,0.431723116588522,0,1,0.8,0
"333","t5",0.33408184470204,0.630841100191712,0,1,0.8,0
"334","t1",1.18776298517977,0.88253659941256,0,1,NA,NA
"334","t2",1.63465439365211,0.948939240957027,0,1,0.8,0
"334","t3",0.846587231965247,0.801387383441314,0,1,0.8,0
"334","t4",1.10816324314799,0.866104339029139,0,1,0.8,0
"334","t5",1.3781718560419,0.915924882799618,0,1,0.8,0
"335","t1",0.303227476256097,0.619141744449735,0,1,NA,NA
"335","t2",0.584920176622566,0.720699304424961,0,1,0.8,0
"335","t3",0.443506791090983,0.671300395878181,0,1,0.8,0
"335","t4",-0.223417516994843,0.411605286132987,0,1,0.8,0
"335","t5",-0.196140760202498,0.422249996898132,0,1,0.8,0
"336","t1",-0.0651626335775988,0.474022255977616,0,1,NA,NA
"336","t2",0.128237378333824,0.551019439689764,0,1,0.8,0
"336","t3",0.140791997814882,0.555982867543321,0,1,0.8,0
"336","t4",0.301586440532106,0.618516327065823,0,1,0.8,0
"336","t5",0.772258128246251,0.780019220154208,0,1,0.8,0
"337","t1",-0.350149482305676,0.363113258499652,0,1,NA,NA
"337","t2",0.298723060052524,0.617424319690135,0,1,0.8,0
"337","t3",1.01719754806344,0.845470268885488,0,1,0.8,0
"337","t4",1.62970467854554,0.948418035953043,0,1,0.8,0
"337","t5",2.79361340866131,0.997393862553254,0,1,0.8,0
"338","t1",-0.981717257213003,0.163119580596685,0,1,NA,NA
"338","t2",-1.06122672937953,0.144293437399005,0,1,0.8,0
"338","t3",-1.21585653053035,0.112019789855977,0,1,0.8,0
"338","t4",-1.58474436497592,0.0565122137591034,0,1,0.8,0
"338","t5",-1.6801739572629,0.0464617373791147,0,1,0.8,0
"339","t1",-1.032492223668,0.150920794345438,0,1,NA,NA
"339","t2",-1.84756021505158,0.0323329948110489,0,1,0.8,0
"339","t3",-1.65583129426744,0.0488779942096317,0,1,0.8,0
"339","t4",-2.10347056425635,0.017712327885631,0,1,0.8,0
"339","t5",-1.1134447367163,0.132758735211876,0,1,0.8,0
"340","t1",-0.322812731818972,0.373418535105884,0,1,NA,NA
"340","t2",-0.965431167759559,0.167164448335137,0,1,0.8,0
"340","t3",-0.812235131795589,0.208328362131068,0,1,0.8,0
"340","t4",-1.35495793591222,0.0877154796153436,0,1,0.8,0
"340","t5",-1.41794167037505,0.078103897569971,0,1,0.8,0
"341","t1",-1.39018174697408,0.0822368473745883,0,1,NA,NA
"341","t2",-1.01210702133245,0.155743442805921,0,1,0.8,0
"341","t3",0.81820734731224,0.79338059975243,0,1,0.8,0
"341","t4",0.89513258949294,0.814641892692478,0,1,0.8,0
"341","t5",1.10956942909008,0.866407694570867,0,1,0.8,0
"342","t1",0.960797775135429,0.831673071254045,0,1,NA,NA
"342","t2",0.785733624209118,0.783988219967234,0,1,0.8,0
"342","t3",1.59062341949647,0.944152824664053,0,1,0.8,0
"342","t4",1.79557807742599,0.963719177481264,0,1,0.8,0
"342","t5",1.95905969769212,0.974947102035729,0,1,0.8,0
"343","t1",-1.17170532148784,0.120657692896202,0,1,NA,NA
"343","t2",-0.382420980366066,0.351074565395094,0,1,0.8,0
"343","t3",-0.703885295424882,0.240752104768313,0,1,0.8,0
"343","t4",-0.403123363051371,0.343428737134083,0,1,0.8,0
"343","t5",-0.718042640184809,0.236365497884585,0,1,0.8,0
"344","t1",-1.18440541539647,0.118126308778301,0,1,NA,NA
"344","t2",-0.671903975411655,0.250822414702119,0,1,0.8,0
"344","t3",-1.73666952291292,0.0412227601178924,0,1,0.8,0
"344","t4",-1.30159586595277,0.0965272868896851,0,1,0.8,0
"344","t5",-1.37004981662556,0.085335675723543,0,1,0.8,0
"345","t1",-1.81571773287044,0.0347068412229419,0,1,NA,NA
"345","t2",-2.25865337079188,0.0119524775659453,0,1,0.8,0
"345","t3",-1.88998738612317,0.0293798235541652,0,1,0.8,0
"345","t4",-2.13789900920589,0.0162624703457409,0,1,0.8,0
"345","t5",-0.2313647473081,0.408515724892458,0,1,0.8,0
"346","t1",0.0670330621787417,0.526722308713943,0,1,NA,NA
"346","t2",-0.027759940151042,0.488926808383857,0,1,0.8,0
"346","t3",-0.362800387310448,0.358377001266337,0,1,0.8,0
"346","t4",-0.155690226291677,0.438138600756338,0,1,0.8,0
"346","t5",0.845294005754384,0.801026646500995,0,1,0.8,0
"347","t1",0.71274729730368,0.761998928384855,0,1,NA,NA
"347","t2",-0.297465519058879,0.383055564500263,0,1,0.8,0
"347","t3",-0.501818010491879,0.307897771440567,0,1,0.8,0
"347","t4",-0.208432840989316,0.417445507988039,0,1,0.8,0
"347","t5",-0.173016799629308,0.431319111285082,0,1,0.8,0
"348","t1",0.313711004409479,0.623129728948697,0,1,NA,NA
"348","t2",0.28521659172551,0.612260895148808,0,1,0.8,0
"348","t3",0.392290869357372,0.652578345359924,0,1,0.8,0
"348","t4",1.51491321837074,0.935102808778244,0,1,0.8,0
"348","t5",1.6907457307916,0.954557311958324,0,1,0.8,0
"349","t1",-1.02861583094049,0.151830117916688,0,1,NA,NA
"349","t2",-1.0990632573702,0.135870237513177,0,1,0.8,0
"349","t3",-1.48920940401183,0.0682161176122647,0,1,0.8,0
"349","t4",-1.40213931299613,0.0804368247621158,0,1,0.8,0
"349","t5",-1.41153535843297,0.0790434087056698,0,1,0.8,0
"350","t1",-0.0073712750631777,0.497059313347563,0,1,NA,NA
"350","t2",0.391606018144643,0.652325329729804,0,1,0.8,0
"350","t3",-0.396568189159325,0.345842957210684,0,1,0.8,0
"350","t4",-0.324192402446016,0.372896186854376,0,1,0.8,0
"350","t5",-0.137209639945549,0.445432545702417,0,1,0.8,0
"351","t1",-0.160918240924475,0.436078897677362,0,1,NA,NA
"351","t2",-1.41331931404688,0.0787809287968213,0,1,0.8,0
"351","t3",-1.49661637456636,0.0672465534716914,0,1,0.8,0
"351","t4",-0.746735910024939,0.227611494435381,0,1,0.8,0
"351","t5",-0.521898470747307,0.300870511564277,0,1,0.8,0
"352","t1",-0.181269919776274,0.428077857708558,0,1,NA,NA
"352","t2",-0.513667550964678,0.30374222120422,0,1,0.8,0
"352","t3",-1.21215358226994,0.112726798015924,0,1,0.8,0
"352","t4",-1.86694181014191,0.0309548571726211,0,1,0.8,0
"352","t5",-1.51616065102606,0.0647393675681773,0,1,0.8,0
"353","t1",0.415342432849998,0.661054378841072,0,1,NA,NA
"353","t2",0.95883491465917,0.83117904144323,0,1,0.8,0
"353","t3",0.833624931728203,0.797753814098507,0,1,0.8,0
"353","t4",1.28197122765792,0.90007363019708,0,1,0.8,0
"353","t5",0.245262267988189,0.596873317299767,0,1,0.8,0
"354","t1",0.325540804842062,0.62761409743689,0,1,NA,NA
"354","t2",2.30266862732256,0.989351252676826,0,1,0.8,0
"354","t3",1.19186028195454,0.883341982949913,0,1,0.8,0
"354","t4",1.35893027591185,0.912915658036359,0,1,0.8,0
"354","t5",0.805231954027238,0.789657079900005,0,1,0.8,0
"355","t1",0.986339956334668,0.83801684062928,0,1,NA,NA
"355","t2",1.69780850037182,0.955228044477833,0,1,0.8,0
"355","t3",0.643886336410609,0.74017542867093,0,1,0.8,0
"355","t4",0.247457223047204,0.597722803390224,0,1,0.8,0
"355","t5",-0.493478426164271,0.310837289922595,0,1,0.8,0
"356","t1",0.144061507310064,0.557274049846455,0,1,NA,NA
"356","t2",-0.443502682620223,0.328701089640695,0,1,0.8,0
"356","t3",0.0510390028397914,0.520352779369046,0,1,0.8,0
"356","t4",0.352439853480891,0.637745790937242,0,1,0.8,0
"356","t5",-0.643020680902813,0.260105340330423,0,1,0.8,0
"357","t1",-0.414086867224731,0.339405245147645,0,1,NA,NA
"357","t2",-0.442364524606076,0.329112722894541,0,1,0.8,0
"357","t3",-1.2242393855548,0.110430967732721,0,1,0.8,0
"357","t4",-1.88234927215387,0.0298943043301571,0,1,0.8,0
"357","t5",-1.26313750853064,0.103269883118007,0,1,0.8,0
"358","t1",0.939628967240299,0.826296043815091,0,1,NA,NA
"358","t2",1.29060054928659,0.901578887275729,0,1,0.8,0
"358","t3",0.877836661927041,0.809983817217242,0,1,0.8,0
"358","t4",1.34561543869555,0.910786714975356,0,1,0.8,0
"358","t5",-0.468169016115131,0.319831863747034,0,1,0.8,0
"359","t1",0.842567332496082,0.800264766206965,0,1,NA,NA
"359","t2",0.762011729488463,0.776973498193235,0,1,0.8,0
"359","t3",-0.0897317967512732,0.464250173851356,0,1,0.8,0
"359","t4",0.472795519615496,0.681820464561717,0,1,0.8,0
"359","t5",-0.101225298201566,0.459685807399266,0,1,0.8,0
"360","t1",0.858580114340167,0.804713893448934,0,1,NA,NA
"360","t2",0.665485744137457,0.747130070656812,0,1,0.8,0
"360","t3",0.323074120117518,0.626680445335782,0,1,0.8,0
"360","t4",1.16620799075439,0.878234818703032,0,1,0.8,0
"360","t5",1.13833324045858,0.872509320535129,0,1,0.8,0
"361","t1",-0.125643829025589,0.450006933650002,0,1,NA,NA
"361","t2",-0.613506790350323,0.26977064713732,0,1,0.8,0
"361","t3",-0.434253347910935,0.332052238594339,0,1,0.8,0
"361","t4",-1.45708936334379,0.0725458570621868,0,1,0.8,0
"361","t5",-1.45941531883701,0.072225416125648,0,1,0.8,0
"362","t1",-0.72221909098317,0.23507989384234,0,1,NA,NA
"362","t2",-1.03562997543679,0.150187401029594,0,1,0.8,0
"362","t3",-0.437311648338749,0.330942674418139,0,1,0.8,0
"362","t4",-0.36035028620406,0.359292599315944,0,1,0.8,0
"362","t5",-0.156024957774463,0.438006674337485,0,1,0.8,0
"363","t1",0.0505876174424947,0.5201729349792,0,1,NA,NA
"363","t2",0.161376665510132,0.564101627996482,0,1,0.8,0
"363","t3",-0.20789818232244,0.417654234231344,0,1,0.8,0
"363","t4",-1.0094658579593,0.156375633848186,0,1,0.8,0
"363","t5",-0.859481108054033,0.195037569249001,0,1,0.8,0
"364","t1",0.459258272591409,0.676975645590574,0,1,NA,NA
"364","t2",0.703091133230037,0.759000521238066,0,1,0.8,0
"364","t3",0.55263242880678,0.709742434233273,0,1,0.8,0
"364","t4",-0.149228164303126,0.440686798454726,0,1,0.8,0
"364","t5",-0.028516520894986,0.488625095809376,0,1,0.8,0
"365","t1",0.41604880544307,0.661312854848802,0,1,NA,NA
"365","t2",0.313722832164292,0.623134220962847,0,1,0.8,0
"365","t3",0.0562417291473452,0.522425380650125,0,1,0.8,0
"365","t4",-0.773743603943719,0.219541214408992,0,1,0.8,0
"365","t5",-0.964177818803924,0.167478391516789,0,1,0.8,0
"366","t1",-0.282801376147083,0.388664549682289,0,1,NA,NA
"366","t2",-0.0804313775501683,0.467947086030739,0,1,0.8,0
"366","t3",-0.183078331483798,0.427368278692965,0,1,0.8,0
"366","t4",-0.993109952687693,0.160328187134175,0,1,0.8,0
"366","t5",-1.43232186015692,0.0760258648766111,0,1,0.8,0
"367","t1",0.775992523565764,0.781123299850151,0,1,NA,NA
"367","t2",0.654397881746612,0.743572250617676,0,1,0.8,0
"367","t3",0.0703704423505732,0.528050591751488,0,1,0.8,0
"367","t4",0.275995406263608,0.608724202735487,0,1,0.8,0
"367","t5",-1.62052764127333,0.0525594907927062,0,1,0.8,0
"368","t1",0.606061218803132,0.727762948954478,0,1,NA,NA
"368","t2",0.742030821093326,0.770965669039002,0,1,0.8,0
"368","t3",0.109528063549259,0.543608167915279,0,1,0.8,0
"368","t4",0.407089945012839,0.658029035933663,0,1,0.8,0
"368","t5",-0.130631719239287,0.448033324701941,0,1,0.8,0
"369","t1",-0.686011115465412,0.246353049529716,0,1,NA,NA
"369","t2",0.252758323438459,0.599772512406958,0,1,0.8,0
"369","t3",0.257341675934924,0.601542488630998,0,1,0.8,0
"369","t4",0.215768078699268,0.585415734142471,0,1,0.8,0
"369","t5",1.09812238374213,0.863924473799994,0,1,0.8,0
"370","t1",0.153951117443642,0.561175860697404,0,1,NA,NA
"370","t2",-0.102567635408412,0.459153065265592,0,1,0.8,0
"370","t3",-0.622258827806115,0.266885844648606,0,1,0.8,0
"370","t4",-0.444863886381773,0.328209061104238,0,1,0.8,0
"370","t5",-0.226034188281129,0.410587414971112,0,1,0.8,0
"371","t1",-0.480403763739349,0.315470159286633,0,1,NA,NA
"371","t2",-0.381929076687347,0.351256986085297,0,1,0.8,0
"371","t3",-1.16427182794745,0.12215693481375,0,1,0.8,0
"371","t4",-1.37166617642454,0.0850836912175723,0,1,0.8,0
"371","t5",-0.79763325435176,0.212541673655231,0,1,0.8,0
"372","t1",0.437835904631638,0.669247379293665,0,1,NA,NA
"372","t2",-0.23755237950928,0.406114144436969,0,1,0.8,0
"372","t3",0.739137159670751,0.770088142768038,0,1,0.8,0
"372","t4",0.336919773284121,0.631911310507658,0,1,0.8,0
"372","t5",0.713323471298449,0.76217719164009,0,1,0.8,0
"373","t1",-0.0979410274308267,0.46098956069909,0,1,NA,NA
"373","t2",-0.364499495961019,0.357742525056737,0,1,0.8,0
"373","t3",-1.56759301041543,0.0584880721795093,0,1,0.8,0
"373","t4",-1.44381879315119,0.0743949770908011,0,1,0.8,0
"373","t5",-0.551370251668993,0.290689944575782,0,1,0.8,0
"374","t1",-1.34704683893054,0.0889825739432126,0,1,NA,NA
"374","t2",-2.10321674388608,0.0177234136414601,0,1,0.8,0
"374","t3",-1.15406861127196,0.124236020429929,0,1,0.8,0
"374","t4",-1.71819141174694,0.0428808537592869,0,1,0.8,0
"374","t5",-2.34905018752697,0.00941068486274354,0,1,0.8,0
"375","t1",-2.34486120827601,0.00951708178035915,0,1,NA,NA
"375","t2",-2.82111868725264,0.00239282467192886,0,1,0.8,0
"375","t3",-1.50989863752376,0.0655346452024185,0,1,0.8,0
"375","t4",-1.18828287395551,0.117360991328615,0,1,0.8,0
"375","t5",-0.294698415414869,0.384112136882789,0,1,0.8,0
"376","t1",-1.71572933582424,0.0431057964451611,0,1,NA,NA
"376","t2",-1.71628208432901,0.0430552128757839,0,1,0.8,0
"376","t3",0.120902779102786,0.548115979542388,0,1,0.8,0
"376","t4",-0.361155193525309,0.358991717570414,0,1,0.8,0
"376","t5",-0.967917952477369,0.166542673842873,0,1,0.8,0
"377","t1",-1.58958259001842,0.0559644619934261,0,1,NA,NA
"377","t2",-1.81016997256201,0.0351347162970502,0,1,0.8,0
"377","t3",-2.64657262124562,0.0040656022057556,0,1,0.8,0
"377","t4",-2.42055589475053,0.0077483983357714,0,1,0.8,0
"377","t5",-2.69435858835583,0.00352621228238961,0,1,0.8,0
"378","t1",-1.36478128703535,0.0861609010025859,0,1,NA,NA
"378","t2",-1.36683139434694,0.0858390799814284,0,1,0.8,0
"378","t3",-1.67111728990315,0.0473492564482581,0,1,0.8,0
"378","t4",-0.414796258530399,0.339145529380102,0,1,0.8,0
"378","t5",-0.513349613394665,0.303853392361868,0,1,0.8,0
"379","t1",0.782492160615398,0.783037304645404,0,1,NA,NA
"379","t2",1.41851098037446,0.921979182399011,0,1,0.8,0
"379","t3",0.416588605330584,0.661510327345364,0,1,0.8,0
"379","t4",-0.501707904156602,0.307936501848141,0,1,0.8,0
"379","t5",-0.00252049562035928,0.498994468794145,0,1,0.8,0
"380","t1",-1.88091599812708,0.0299916733056307,0,1,NA,NA
"380","t2",-1.28259404614575,0.0998171685844601,0,1,0.8,0
"380","t3",-0.740722629320069,0.229430817799866,0,1,0.8,0
"380","t4",-0.705763855945563,0.240167501388771,0,1,0.8,0
"380","t5",0.0768277694683798,0.530619720409782,0,1,0.8,0
"381","t1",0.189094151000118,0.574990487191826,0,1,NA,NA
"381","t2",0.42015795212474,0.662814965253075,0,1,0.8,0
"381","t3",1.94333696260177,0.974012270854993,0,1,0.8,0
"381","t4",1.8678450216386,0.969108162012646,0,1,0.8,0
"381","t5",2.41998499671475,0.992239426262801,0,1,0.8,0
"382","t1",-1.68472752968335,0.0460205762647092,0,1,NA,NA
"382","t2",-1.80623709059182,0.0354406568114179,0,1,0.8,0
"382","t3",-1.75494613993979,0.0396342604577655,0,1,0.8,0
"382","t4",-1.1391356373508,0.127323292752713,0,1,0.8,0
"382","t5",-1.78741407566242,0.0369352941540788,0,1,0.8,0
"383","t1",0.081450256565888,0.532458058558404,0,1,NA,NA
"383","t2",-0.219389368209553,0.413173375623904,0,1,0.8,0
"383","t3",-0.118803550743748,0.452715497761899,0,1,0.8,0
"383","t4",-0.319762149666074,0.37457432124398,0,1,0.8,0
"383","t5",-1.31131873928106,0.094875049944933,0,1,0.8,0
"384","t1",-0.48214976364146,0.314849780406803,0,1,NA,NA
"384","t2",-0.779058821919931,0.217972532685653,0,1,0.8,0
"384","t3",-0.171088194109731,0.432077209370529,0,1,0.8,0
"384","t4",0.666733943534619,0.747528953432394,0,1,0.8,0
"384","t5",0.172127995959083,0.568331548181701,0,1,0.8,0
"385","t1",0.325430937661849,0.627572528086603,0,1,NA,NA
"385","t2",0.584709410869384,0.72062843744229,0,1,0.8,0
"385","t3",0.653187207026979,0.743182201689159,0,1,0.8,0
"385","t4",1.22341534586761,0.889413569935462,0,1,0.8,0
"385","t5",-0.466813043250331,0.320316821574074,0,1,0.8,0
"386","t1",0.346566647903258,0.635541547089815,0,1,NA,NA
"386","t2",-0.856196407798967,0.195944574610155,0,1,0.8,0
"386","t3",-1.47958093161579,0.0694925591934289,0,1,0.8,0
"386","t4",-1.43952345056522,0.0750011353338743,0,1,0.8,0
"386","t5",-1.27622302288068,0.100938346159973,0,1,0.8,0
"387","t1",-1.37159371025571,0.085094976471737,0,1,NA,NA
"387","t2",-0.647749155939743,0.258573602657408,0,1,0.8,0
"387","t3",-0.261274320142911,0.396940484256137,0,1,0.8,0
"387","t4",0.494765722165936,0.689617248422268,0,1,0.8,0
"387","t5",1.45042466721562,0.926529933752454,0,1,0.8,0
"388","t1",-0.735711518945589,0.23095313902013,0,1,NA,NA
"388","t2",-1.04799717960516,0.14731995316192,0,1,0.8,0
"388","t3",-1.78914351518145,0.036795852833299,0,1,0.8,0
"388","t4",-0.570310123249641,0.284233688008912,0,1,0.8,0
"388","t5",-0.512010144853807,0.304321954762611,0,1,0.8,0
"389","t1",-1.07032010276262,0.142237624386325,0,1,NA,NA
"389","t2",-1.40642599364363,0.0797988330477355,0,1,0.8,0
"389","t3",-1.35557518264162,0.0876171862445566,0,1,0.8,0
"389","t4",-0.894256431732434,0.185592352522373,0,1,0.8,0
"389","t5",-1.35314275376373,0.0880050147092079,0,1,0.8,0
"390","t1",0.0302540844969817,0.512067792471498,0,1,NA,NA
"390","t2",-0.512362470258696,0.304198675864802,0,1,0.8,0
"390","t3",0.1531070494763,0.560843071626207,0,1,0.8,0
"390","t4",-0.580575448384523,0.280763311631377,0,1,0.8,0
"390","t5",-0.539357606566192,0.294820063444755,0,1,0.8,0
"391","t1",-0.513433274989411,0.303824137197807,0,1,NA,NA
"391","t2",-0.373630822176072,0.354339499644512,0,1,0.8,0
"391","t3",-0.0769675862845608,0.46932466542441,0,1,0.8,0
"391","t4",0.887402214593453,0.812568804192065,0,1,0.8,0
"391","t5",0.607182062032305,0.728134952390409,0,1,0.8,0
"392","t1",1.45146089335444,0.926674217917025,0,1,NA,NA
"392","t2",1.24227173895986,0.892931840603514,0,1,0.8,0
"392","t3",1.63947356621392,0.949442664263585,0,1,0.8,0
"392","t4",1.79341217798254,0.96354647911579,0,1,0.8,0
"392","t5",2.30681822427263,0.989467522077615,0,1,0.8,0
"393","t1",-0.977218714851939,0.164230442373082,0,1,NA,NA
"393","t2",-0.482368599584803,0.314772061633715,0,1,0.8,0
"393","t3",-0.966711735724235,0.166844079347392,0,1,0.8,0
"393","t4",-1.88354734817176,0.029813114769114,0,1,0.8,0
"393","t5",-1.56451958886632,0.0588477981695089,0,1,0.8,0
"394","t1",-0.598600864263851,0.274719539796934,0,1,NA,NA
"394","t2",-0.575600018378636,0.282442784316957,0,1,0.8,0
"394","t3",0.156716267759564,0.56226576715645,0,1,0.8,0
"394","t4",-0.0979629762827111,0.460980846280164,0,1,0.8,0
"394","t5",1.26193661869562,0.896514202991267,0,1,0.8,0
"395","t1",-1.02739378658247,0.152117538033053,0,1,NA,NA
"395","t2",-0.58603918885549,0.27892459001705,0,1,0.8,0
"395","t3",-0.746514154316139,0.227678442245454,0,1,0.8,0
"395","t4",-1.40044423913078,0.0806901651164157,0,1,0.8,0
"395","t5",-1.04797294676361,0.147325535646388,0,1,0.8,0
"396","t1",1.13184677631503,0.8711505709216,0,1,NA,NA
"396","t2",1.90757694812326,0.971777041551428,0,1,0.8,0
"396","t3",1.50064519025944,0.933276321793777,0,1,0.8,0
"396","t4",1.17672007248136,0.88034637325088,0,1,0.8,0
"396","t5",0.52005295269496,0.698486665816688,0,1,0.8,0
"397","t1",-0.388624542456633,0.348776954459026,0,1,NA,NA
"397","t2",-0.0317528592909822,0.487334570248358,0,1,0.8,0
"397","t3",0.775078256514289,0.780853290499633,0,1,0.8,0
"397","t4",0.845887560187533,0.801192263601714,0,1,0.8,0
"397","t5",0.55404379679467,0.710225563665257,0,1,0.8,0
"398","t1",-0.176207690751346,0.430065389489755,0,1,NA,NA
"398","t2",-0.527291297489094,0.298995658329414,0,1,0.8,0
"398","t3",-1.22160263840599,0.110928965207058,0,1,0.8,0
"398","t4",-0.408030101549396,0.341625787787583,0,1,0.8,0
"398","t5",-0.131246982473099,0.44778996536761,0,1,0.8,0
"399","t1",0.0720114163825336,0.528703588759527,0,1,NA,NA
"399","t2",0.795587187145488,0.786863991855116,0,1,0.8,0
"399","t3",0.246786268143892,0.597463180852769,0,1,0.8,0
"399","t4",0.918476732619379,0.820815332623662,0,1,0.8,0
"399","t5",0.655049170069979,0.743781951563068,0,1,0.8,0
"400","t1",-0.854613934058353,0.196382455527782,0,1,NA,NA
"400","t2",-0.796457548834142,0.212883070117062,0,1,0.8,0
"400","t3",-0.369407716819857,0.355911923469254,0,1,0.8,0
"400","t4",-0.729456355713296,0.232861277862082,0,1,0.8,0
"400","t5",-0.247300246606664,0.402337933974982,0,1,0.8,0
"401","t1",0.946125299841576,0.827957659494132,0,1,NA,NA
"401","t2",1.13692889469448,0.872215994102615,0,1,0.8,0
"401","t3",0.423381627815536,0.66399157647425,0,1,0.8,0
"401","t4",0.485822491100739,0.686453486755761,0,1,0.8,0
"401","t5",-0.749500389662825,0.226777831935792,0,1,0.8,0
"402","t1",-0.584638262488088,0.279395487159491,0,1,NA,NA
"402","t2",0.0576881327628363,0.523001476681255,0,1,0.8,0
"402","t3",0.335145130067839,0.631242194718649,0,1,0.8,0
"402","t4",0.340006932656265,0.633074346435665,0,1,0.8,0
"402","t5",-0.341678986803109,0.366296243748635,0,1,0.8,0
"403","t1",1.32398193840384,0.907245478359982,0,1,NA,NA
"403","t2",2.86718757982583,0.997929312649459,0,1,0.8,0
"403","t3",1.63461346777521,0.948934948711739,0,1,0.8,0
"403","t4",1.44201839135287,0.925351407312649,0,1,0.8,0
"403","t5",1.17585386478982,0.880173361300252,0,1,0.8,0
"404","t1",0.702205359944176,0.758724448271096,0,1,NA,NA
"404","t2",0.016437736749636,0.506557412880934,0,1,0.8,0
"404","t3",-0.286747362240538,0.38715288492269,0,1,0.8,0
"404","t4",0.340466955709493,0.633247548250416,0,1,0.8,0
"404","t5",0.846638932533205,0.801401796769952,0,1,0.8,0
"405","t1",0.374517604266285,0.645990369142964,0,1,NA,NA
"405","t2",0.715569919582696,0.762871523500468,0,1,0.8,0
"405","t3",0.572516428216819,0.716513920307022,0,1,0.8,0
"405","t4",1.38732941288967,0.917329330905422,0,1,0.8,0
"405","t5",1.94022475424063,0.973823809311836,0,1,0.8,0
"406","t1",-0.056904016324328,0.477310827467591,0,1,NA,NA
"406","t2",0.128574363117302,0.551152773415942,0,1,0.8,0
"406","t3",-0.0550554872110578,0.478047129192089,0,1,0.8,0
"406","t4",0.0675294377898792,0.526919886230044,0,1,0.8,0
"406","t5",0.533594796538737,0.703189045446954,0,1,0.8,0
"407","t1",-1.45825504067111,0.072385128820315,0,1,NA,NA
"407","t2",0.278319350114657,0.609616388270738,0,1,0.8,0
"407","t3",0.916366970260481,0.820262773408345,0,1,0.8,0
"407","t4",0.515778548884556,0.696995456846457,0,1,0.8,0
"407","t5",0.018730691369539,0.507472027813027,0,1,0.8,0
"408","t1",0.535129242653377,0.703719754936174,0,1,NA,NA
"408","t2",1.37021879333204,0.91469069325687,0,1,0.8,0
"408","t3",1.61889708956194,0.947265296398904,0,1,0.8,0
"408","t4",2.28052231960146,0.988711635712403,0,1,0.8,0
"408","t5",1.86155967965543,0.968667409444441,0,1,0.8,0
"409","t1",-1.67008934265098,0.0474508441984653,0,1,NA,NA
"409","t2",-0.896426244393477,0.185012577878175,0,1,0.8,0
"409","t3",-0.78372305458851,0.216601315847759,0,1,0.8,0
"409","t4",-1.23461154185871,0.108487555693177,0,1,0.8,0
"409","t5",-1.01169902283135,0.155840991443883,0,1,0.8,0
"410","t1",-1.45014801849467,0.073508623521775,0,1,NA,NA
"410","t2",-1.56683136408181,0.0585770570891625,0,1,0.8,0
"410","t3",-0.774157553880286,0.21941881289307,0,1,0.8,0
"410","t4",-1.18963950441018,0.117094055992737,0,1,0.8,0
"410","t5",-1.43967643736038,0.074979481358016,0,1,0.8,0
"411","t1",0.133239810850928,0.552998136496171,0,1,NA,NA
"411","t2",-0.344742259447819,0.365144072514289,0,1,0.8,0
"411","t3",0.0954151717397734,0.538007467123881,0,1,0.8,0
"411","t4",-0.38168686653875,0.35134682143374,0,1,0.8,0
"411","t5",-1.49342784694297,0.0676626140885853,0,1,0.8,0
"412","t1",-0.680237492602233,0.24817704805173,0,1,NA,NA
"412","t2",-1.26086070375052,0.103679519154542,0,1,0.8,0
"412","t3",-0.0464079926324716,0.481492533089413,0,1,0.8,0
"412","t4",-0.258500831292592,0.398010203721673,0,1,0.8,0
"412","t5",0.173325191555413,0.568802088321486,0,1,0.8,0
"413","t1",-0.327097038244857,0.371797245927155,0,1,NA,NA
"413","t2",0.328997939276319,0.628921377183499,0,1,0.8,0
"413","t3",-0.833261730957835,0.202348567125821,0,1,0.8,0
"413","t4",-1.12152827577001,0.131031531280044,0,1,0.8,0
"413","t5",-0.311008356897645,0.377897134293445,0,1,0.8,0
"414","t1",-0.166531018930787,0.433869537198916,0,1,NA,NA
"414","t2",-0.581191438306476,0.280555718664624,0,1,0.8,0
"414","t3",-0.0770955352001371,0.469273772412546,0,1,0.8,0
"414","t4",1.47981339676665,0.930538473769059,0,1,0.8,0
"414","t5",0.834965408617707,0.798131407494945,0,1,0.8,0
"415","t1",-0.383966776155588,0.350501536158845,0,1,NA,NA
"415","t2",-0.581896219148162,0.280318293676915,0,1,0.8,0
"415","t3",-1.08217542562459,0.139587292897537,0,1,0.8,0
"415","t4",-1.14296635215478,0.126526280810379,0,1,0.8,0
"415","t5",-0.120279608068855,0.452130828615656,0,1,0.8,0
"416","t1",0.686794103639116,0.753893757006153,0,1,NA,NA
"416","t2",0.175581036716058,0.569688449299916,0,1,0.8,0
"416","t3",0.195417437266116,0.577466916602568,0,1,0.8,0
"416","t4",0.531472462613831,0.702454290550702,0,1,0.8,0
"416","t5",1.00919148333156,0.84355859484272,0,1,0.8,0
"417","t1",1.67647913340402,0.953177809948102,0,1,NA,NA
"417","t2",1.22753615310437,0.890189428910096,0,1,0.8,0
"417","t3",2.40655066383422,0.991948014926459,0,1,0.8,0
"417","t4",2.48990379297004,0.993611116078627,0,1,0.8,0
"417","t5",2.33326982397322,0.990183005912561,0,1,0.8,0
"418","t1",0.777437930048602,0.781549779232591,0,1,NA,NA
"418","t2",1.82920624950772,0.966315641706411,0,1,0.8,0
"418","t3",1.44634702318472,0.925960053584946,0,1,0.8,0
"418","t4",1.61898601596931,0.947274864021346,0,1,0.8,0
"418","t5",0.587445704480504,0.721547797094199,0,1,0.8,0
"419","t1",0.117359534860656,0.546712425537407,0,1,NA,NA
"419","t2",0.284403548860476,0.611949430175678,0,1,0.8,0
"419","t3",-0.00516638007645496,0.497938921719755,0,1,0.8,0
"419","t4",-0.0554608970042546,0.477885640823868,0,1,0.8,0
"419","t5",-0.534692521626747,0.296431246786238,0,1,0.8,0
"420","t1",1.43404034854258,0.924219625536352,0,1,NA,NA
"420","t2",1.24200559723063,0.89288275154267,0,1,0.8,0
"420","t3",-0.0675186890209876,0.473084392143582,0,1,0.8,0
"420","t4",0.248391814931506,0.598084367039385,0,1,0.8,0
"420","t5",0.326137051626398,0.627839667451995,0,1,0.8,0
"421","t1",0.789887529990857,0.785203272709623,0,1,NA,NA
"421","t2",-0.250086818121949,0.401260104881706,0,1,0.8,0
"421","t3",-0.724630909810901,0.2343392455097,0,1,0.8,0
"421","t4",-0.893885306510881,0.185691630089576,0,1,0.8,0
"421","t5",-2.22321613371217,0.0131006147201514,0,1,0.8,0
"422","t1",-1.76050217084808,0.0391613498795778,0,1,NA,NA
"422","t2",-2.3037415766337,0.0106185772251085,0,1,0.8,0
"422","t3",-2.49713970030145,0.00625998113336949,0,1,0.8,0
"422","t4",-2.42844472273126,0.00758186823132104,0,1,0.8,0
"422","t5",-2.34440512144598,0.00952872928979732,0,1,0.8,0
"423","t1",-0.943983495065747,0.172589041292667,0,1,NA,NA
"423","t2",-0.613331170458107,0.269828693497194,0,1,0.8,0
"423","t3",-0.0284324059992413,0.488658639196527,0,1,0.8,0
"423","t4",0.14449959245493,0.557447010876036,0,1,0.8,0
"423","t5",-0.919269742819851,0.178977249904617,0,1,0.8,0
"424","t1",-0.725882453344282,0.233955417061225,0,1,NA,NA
"424","t2",-1.83086572773623,0.0335602934466277,0,1,0.8,0
"424","t3",-0.929585672967556,0.176292824118694,0,1,0.8,0
"424","t4",-0.590645228966725,0.277379076665956,0,1,0.8,0
"424","t5",-0.205921306789794,0.41842619084864,0,1,0.8,0
"425","t1",1.11802524678978,0.868221894605085,0,1,NA,NA
"425","t2",0.333535587723645,0.630634984659479,0,1,0.8,0
"425","t3",0.0726245185403981,0.528947542368819,0,1,0.8,0
"425","t4",-0.786094546601261,0.21590604947555,0,1,0.8,0
"425","t5",-0.0667271703508259,0.473399451849775,0,1,0.8,0
"426","t1",-0.290178133353298,0.38583998195827,0,1,NA,NA
"426","t2",-0.517887638877687,0.302268333481936,0,1,0.8,0
"426","t3",-0.102755843196145,0.459078375852579,0,1,0.8,0
"426","t4",0.303211212534253,0.61913554768428,0,1,0.8,0
"426","t5",0.193729054046853,0.576805979517704,0,1,0.8,0
"427","t1",0.05079536338618,0.520255707204342,0,1,NA,NA
"427","t2",0.0500080050297586,0.519941995393124,0,1,0.8,0
"427","t3",-0.172446077846293,0.4315434249191,0,1,0.8,0
"427","t4",-0.106207789112789,0.457708745542715,0,1,0.8,0
"427","t5",0.219067254888924,0.586701170979538,0,1,0.8,0
"428","t1",-0.892091947710241,0.186171825276688,0,1,NA,NA
"428","t2",-0.765152129004666,0.222090480799957,0,1,0.8,0
"428","t3",-0.621485186433844,0.267140219119908,0,1,0.8,0
"428","t4",-0.0386815068536201,0.484572158883309,0,1,0.8,0
"428","t5",-0.184743711926038,0.426715029549414,0,1,0.8,0
"429","t1",1.10376515997882,0.865152489161119,0,1,NA,NA
"429","t2",0.679099039825344,0.751462444589939,0,1,0.8,0
"429","t3",0.686208653642417,0.753709229199727,0,1,0.8,0
"429","t4",-0.364982917835133,0.357562078779192,0,1,0.8,0
"429","t5",-0.937166961391718,0.174336340782278,0,1,0.8,0
"430","t1",1.11311521162016,0.867170524317771,0,1,NA,NA
"430","t2",0.74638653224267,0.77228302376279,0,1,0.8,0
"430","t3",0.498664431086022,0.690992096874171,0,1,0.8,0
"430","t4",0.802214066071279,0.788785429429146,0,1,0.8,0
"430","t5",-0.209199622654546,0.41714620349273,0,1,0.8,0
"431","t1",0.992715118961131,0.83957559755072,0,1,NA,NA
"431","t2",-0.516471712019848,0.302762495589393,0,1,0.8,0
"431","t3",-0.718017660553461,0.236373198795058,0,1,0.8,0
"431","t4",-0.151540566336321,0.43977465650478,0,1,0.8,0
"431","t5",-0.0704346741963907,0.471923846875763,0,1,0.8,0
"432","t1",-0.622576975861456,0.266781272599474,0,1,NA,NA
"432","t2",-0.522476523392396,0.300669294044348,0,1,0.8,0
"432","t3",-1.15812880827402,0.123405737635699,0,1,0.8,0
"432","t4",0.0986276988764155,0.539283061642143,0,1,0.8,0
"432","t5",0.403895371321244,0.656855169889707,0,1,0.8,0
"433","t1",1.58286463673917,0.94327383977361,0,1,NA,NA
"433","t2",0.828456542574506,0.796294001845906,0,1,0.8,0
"433","t3",0.498322816468381,0.690871735728627,0,1,0.8,0
"433","t4",-0.49935512130108,0.308764614747263,0,1,0.8,0
"433","t5",-0.679476155822469,0.248418105339065,0,1,0.8,0
"434","t1",0.31560390747133,0.623848414281383,0,1,NA,NA
"434","t2",0.0744325385593146,0.529666890711358,0,1,0.8,0
"434","t3",0.997805892851854,0.840813253936321,0,1,0.8,0
"434","t4",-0.063792447117682,0.474567746168909,0,1,0.8,0
"434","t5",-0.324324941028204,0.372846019554758,0,1,0.8,0
"435","t1",0.0928605984170627,0.536992845823988,0,1,NA,NA
"435","t2",-0.0572631672109744,0.477167780246886,0,1,0.8,0
"435","t3",-0.53909964436141,0.294909050489161,0,1,0.8,0
"435","t4",-0.797464758930024,0.212590581012281,0,1,0.8,0
"435","t5",-0.478180532908686,0.31626085845117,0,1,0.8,0
"436","t1",-0.579086960448294,0.281265249010175,0,1,NA,NA
"436","t2",-1.38147960174146,0.0835657727351544,0,1,0.8,0
"436","t3",-1.23473461122045,0.108464645068168,0,1,0.8,0
"436","t4",-1.2282161722205,0.109682914668028,0,1,0.8,0
"436","t5",-0.768826211351927,0.220998243193821,0,1,0.8,0
"437","t1",0.62807976242705,0.735024155117571,0,1,NA,NA
"437","t2",0.666304134631505,0.747391638323955,0,1,0.8,0
"437","t3",1.20548116531363,0.885991197626704,0,1,0.8,0
"437","t4",0.273542621063719,0.607781932880564,0,1,0.8,0
"437","t5",0.010407766224676,0.50415202303246,0,1,0.8,0
"438","t1",-1.504630687513,0.066209526034072,0,1,NA,NA
"438","t2",-1.09456290598193,0.136854087004151,0,1,0.8,0
"438","t3",-0.686860683714015,0.246085262337446,0,1,0.8,0
"438","t4",-0.641620753204067,0.260559727366648,0,1,0.8,0
"438","t5",-0.333934970699683,0.369214315109469,0,1,0.8,0
"439","t1",0.243616890240546,0.596236227080226,0,1,NA,NA
"439","t2",-0.26468168163761,0.395627345145253,0,1,0.8,0
"439","t3",0.372183606631643,0.645121924596753,0,1,0.8,0
"439","t4",0.265983272612073,0.604873954171422,0,1,0.8,0
"439","t5",-0.833144767600454,0.202381544059587,0,1,0.8,0
"440","t1",0.00271804833179039,0.501084343064576,0,1,NA,NA
"440","t2",-0.63707220487847,0.262038906256592,0,1,0.8,0
"440","t3",-0.73980345786681,0.229709630277873,0,1,0.8,0
"440","t4",0.281076471505205,0.610674126492308,0,1,0.8,0
"440","t5",0.223049665400972,0.588251573688043,0,1,0.8,0
"441","t1",1.01638939641705,0.845278003485873,0,1,NA,NA
"441","t2",0.81649720036328,0.792892087947217,0,1,0.8,0
"441","t3",1.4704230263422,0.929276390606125,0,1,0.8,0
"441","t4",2.3217204297477,0.989876002918365,0,1,0.8,0
"441","t5",2.52637743838048,0.994237720389524,0,1,0.8,0
"442","t1",0.122503451967971,0.548749843845144,0,1,NA,NA
"442","t2",1.16842233613685,0.878681775212616,0,1,0.8,0
"442","t3",2.41282940692516,0.992085386768352,0,1,0.8,0
"442","t4",1.58947703753197,0.944023632901759,0,1,0.8,0
"442","t5",0.105337642659733,0.541946052704698,0,1,0.8,0
"443","t1",-0.231163324571629,0.408593960572034,0,1,NA,NA
"443","t2",0.832442498985348,0.797420389047604,0,1,0.8,0
"443","t3",-0.21143702560556,0.416273133747522,0,1,0.8,0
"443","t4",-0.559293703937874,0.287980645769777,0,1,0.8,0
"443","t5",-0.470518206679533,0.318992414782608,0,1,0.8,0
"444","t1",-1.06131045585569,0.144274417776614,0,1,NA,NA
"444","t2",-0.70317054372694,0.240974736926801,0,1,0.8,0
"444","t3",-0.629430780775876,0.26453353587725,0,1,0.8,0
"444","t4",-0.554527268898879,0.289609024414069,0,1,0.8,0
"444","t5",-0.820827629148311,0.205872229244967,0,1,0.8,0
"445","t1",-1.21018593136691,0.113103777635843,0,1,NA,NA
"445","t2",-0.445672489087579,0.32791691989784,0,1,0.8,0
"445","t3",0.872378040658478,0.808498911944445,0,1,0.8,0
"445","t4",1.85693225756296,0.968339603735722,0,1,0.8,0
"445","t5",2.11534413338841,0.982799686220745,0,1,0.8,0
"446","t1",-1.48314781926894,0.0690175706986338,0,1,NA,NA
"446","t2",-1.13874840765309,0.127404053016072,0,1,0.8,0
"446","t3",-1.92583096845103,0.0270627416264442,0,1,0.8,0
"446","t4",-2.51802394442936,0.00590076489335102,0,1,0.8,0
"446","t5",-1.15987415292679,0.123050023784727,0,1,0.8,0
"447","t1",1.04141801642199,0.8511592077557,0,1,NA,NA
"447","t2",1.52552786219847,0.936436255242535,0,1,0.8,0
"447","t3",0.70958344261721,0.761018754911513,0,1,0.8,0
"447","t4",0.0806690938747855,0.532147441899,0,1,0.8,0
"447","t5",0.48742810667567,0.687022510288805,0,1,0.8,0
"448","t1",-1.2422939219038,0.107064068550244,0,1,NA,NA
"448","t2",-1.06854897901379,0.142636474574204,0,1,0.8,0
"448","t3",0.0976448073342437,0.538892828310921,0,1,0.8,0
"448","t4",-0.113188139527316,0.454940699262108,0,1,0.8,0
"448","t5",-0.682821804687038,0.247359724843576,0,1,0.8,0
"449","t1",1.47324002818541,0.929656837368384,0,1,NA,NA
"449","t2",0.787318087437497,0.784452157974255,0,1,0.8,0
"449","t3",0.416071703486035,0.661321232435135,0,1,0.8,0
"449","t4",-0.0175082582778932,0.493015572351953,0,1,0.8,0
"449","t5",0.597102249143237,0.724780441815717,0,1,0.8,0
"450","t1",0.0888846114403217,0.535413193283603,0,1,NA,NA
"450","t2",-0.592800105598334,0.27665746853477,0,1,0.8,0
"450","t3",0.83291680864763,0.797554175403059,0,1,0.8,0
"450","t4",0.880094705761018,0.810595996532912,0,1,0.8,0
"450","t5",0.170728414673334,0.567781340416367,0,1,0.8,0
"451","t1",0.691358173382518,0.755329758860171,0,1,NA,NA
"451","t2",0.300417568445749,0.618070667727059,0,1,0.8,0
"451","t3",0.248323432842653,0.598057915042729,0,1,0.8,0
"451","t4",0.487791991544358,0.687151407748912,0,1,0.8,0
"451","t5",0.557454801996588,0.711391634129228,0,1,0.8,0
"452","t1",-0.6092223291895,0.271188540849835,0,1,NA,NA
"452","t2",-0.424917931965684,0.335448251023079,0,1,0.8,0
"452","t3",-1.1238782796733,0.130532333450121,0,1,0.8,0
"452","t4",-0.265386580882344,0.395355836283312,0,1,0.8,0
"452","t5",-2.43949164035254,0.00735397148251596,0,1,0.8,0
"453","t1",0.557311897992388,0.711342826019973,0,1,NA,NA
"453","t2",0.123488765164815,0.549139964851054,0,1,0.8,0
"453","t3",-0.641862668432841,0.26048117758192,0,1,0.8,0
"453","t4",-0.568383644263537,0.284887246923543,0,1,0.8,0
"453","t5",-0.732269248243328,0.232002122560961,0,1,0.8,0
"454","t1",-1.48974194424222,0.0681460506748408,0,1,NA,NA
"454","t2",-0.3265341234058,0.372010138055342,0,1,0.8,0
"454","t3",-0.00681353035928128,0.497281815692487,0,1,0.8,0
"454","t4",0.139565432837918,0.555498323074966,0,1,0.8,0
"454","t5",-0.0327457642956106,0.486938664406005,0,1,0.8,0
"455","t1",1.01649103486073,0.845302192727104,0,1,NA,NA
"455","t2",0.803808852551009,0.789246311807104,0,1,0.8,0
"455","t3",0.0841974940915876,0.533550294729683,0,1,0.8,0
"455","t4",-0.137879675808499,0.445167756666057,0,1,0.8,0
"455","t5",-0.781831778436548,0.217156721226936,0,1,0.8,0
"456","t1",-0.487475893993172,0.312960560899228,0,1,NA,NA
"456","t2",-0.146254256914447,0.441860337585265,0,1,0.8,0
"456","t3",0.329414492537724,0.62907879246621,0,1,0.8,0
"456","t4",0.000317183922953972,0.500126538075408,0,1,0.8,0
"456","t5",-0.416936299616778,0.338362500769526,0,1,0.8,0
"457","t1",1.83547891394763,0.966782619711012,0,1,NA,NA
"457","t2",1.77362119376653,0.961937085188016,0,1,0.8,0
"457","t3",1.26518351508396,0.897097224785854,0,1,0.8,0
"457","t4",1.60633699892987,0.945900057407652,0,1,0.8,0
"457","t5",1.5432306613582,0.938612589793671,0,1,0.8,0
"458","t1",-1.73766822626919,0.0411346452310681,0,1,NA,NA
"458","t2",-1.4889744078529,0.0682470540061494,0,1,0.8,0
"458","t3",-0.382548631106984,0.351027232188049,0,1,0.8,0
"458","t4",0.247985869948918,0.597927330227394,0,1,0.8,0
"458","t5",-0.210314369293525,0.416711160505652,0,1,0.8,0
"459","t1",-1.14483204042381,0.126139370026067,0,1,NA,NA
"459","t2",-1.14708691375067,0.12567285088643,0,1,0.8,0
"459","t3",-1.64563988129012,0.0499189615773472,0,1,0.8,0
"459","t4",-1.10526400306854,0.134522605435655,0,1,0.8,0
"459","t5",-1.65616156671697,0.0488445520521444,0,1,0.8,0
"460","t1",0.261671291965757,0.603212562389672,0,1,NA,NA
"460","t2",-0.0962480494285402,0.461661784997694,0,1,0.8,0
"460","t3",0.232549983024318,0.591944564889635,0,1,0.8,0
"460","t4",-0.17827257224353,0.429254458970441,0,1,0.8,0
"460","t5",-0.58766988822055,0.278376945420804,0,1,0.8,0
"461","t1",-0.172305599507476,0.431598641211167,0,1,NA,NA
"461","t2",-1.04504420428691,0.148001269859277,0,1,0.8,0
"461","t3",-0.499497016211587,0.308714644139699,0,1,0.8,0
"461","t4",0.120401771274451,0.547917555831722,0,1,0.8,0
"461","t5",1.0391890143811,0.850641580690957,0,1,0.8,0
"462","t1",-0.842184161209375,0.199842439033091,0,1,NA,NA
"462","t2",0.296836311911915,0.616704259341105,0,1,0.8,0
"462","t3",-1.39576582225375,0.0813925127995826,0,1,0.8,0
"462","t4",-2.10317350815555,0.0177253025777235,0,1,0.8,0
"462","t5",-2.84105012522691,0.0022482622090906,0,1,0.8,0
"463","t1",1.52284381296175,0.936101107159629,0,1,NA,NA
"463","t2",0.678006237036118,0.751116130672501,0,1,0.8,0
"463","t3",-0.247252432367841,0.402356434741251,0,1,0.8,0
"463","t4",0.0801792986087219,0.531952672768571,0,1,0.8,0
"463","t5",1.46646328712512,0.928738942065114,0,1,0.8,0
"464","t1",0.0416468212573098,0.516609876183793,0,1,NA,NA
"464","t2",-0.588617482217845,0.278058951876159,0,1,0.8,0
"464","t3",-0.619399136689661,0.267826724868757,0,1,0.8,0
"464","t4",-0.838919638028011,0.200757203464531,0,1,0.8,0
"464","t5",-0.944848144180122,0.172368204348553,0,1,0.8,0
"465","t1",-1.17051232147159,0.120897429296747,0,1,NA,NA
"465","t2",-1.79549736262091,0.0362872462916865,0,1,0.8,0
"465","t3",-1.47327572077115,0.0703383523286476,0,1,0.8,0
"465","t4",-0.388681201899959,0.348755994904438,0,1,0.8,0
"465","t5",-0.246907478449121,0.40248991426009,0,1,0.8,0
"466","t1",0.557059725815902,0.711256688460708,0,1,NA,NA
"466","t2",0.311018651975898,0.622106778934944,0,1,0.8,0
"466","t3",0.0679501140335806,0.527087327161549,0,1,0.8,0
"466","t4",-0.148102677479094,0.441130868213749,0,1,0.8,0
"466","t5",-0.0240390560782263,0.490410727727079,0,1,0.8,0
"467","t1",0.705033207776692,0.75960521469824,0,1,NA,NA
"467","t2",-1.23976475910771,0.107531208230943,0,1,0.8,0
"467","t3",-0.845568946818724,0.198896627467964,0,1,0.8,0
"467","t4",-0.52052950631932,0.301347283969923,0,1,0.8,0
"467","t5",0.0289155826270833,0.511534041160367,0,1,0.8,0
"468","t1",1.48640789296628,0.93141436832957,0,1,NA,NA
"468","t2",1.08805918453379,0.861715509673441,0,1,0.8,0
"468","t3",-0.0762484959635302,0.469610700378249,0,1,0.8,0
"468","t4",0.057831633934862,0.52305862994897,0,1,0.8,0
"468","t5",1.13737393966135,0.872309001601459,0,1,0.8,0
"469","t1",-0.676596555550719,0.24933098256588,0,1,NA,NA
"469","t2",-0.0740379182983263,0.47049010680152,0,1,0.8,0
"469","t3",0.427974511301999,0.665665161211371,0,1,0.8,0
"469","t4",-0.0104677449558034,0.495824050219178,0,1,0.8,0
"469","t5",0.364405383685643,0.64222234207309,0,1,0.8,0
"470","t1",0.854376106654951,0.8035516848322,0,1,NA,NA
"470","t2",1.37677192470414,0.915708613236796,0,1,0.8,0
"470","t3",1.27127917735184,0.898185326302231,0,1,0.8,0
"470","t4",1.28141034439656,0.899975213681294,0,1,0.8,0
"470","t5",0.236857579206326,0.59361635975999,0,1,0.8,0
"471","t1",-0.688922928309736,0.24543588492088,0,1,NA,NA
"471","t2",-1.19072576591916,0.116880629728504,0,1,0.8,0
"471","t3",-1.654586528296,0.0490041990274706,0,1,0.8,0
"471","t4",-1.51626809111962,0.0647257883319107,0,1,0.8,0
"471","t5",-0.921131034151274,0.178491009647859,0,1,0.8,0
"472","t1",0.0313502859852594,0.512504906160757,0,1,NA,NA
"472","t2",-0.771089950241415,0.220326808499409,0,1,0.8,0
"472","t3",0.540795368742256,0.705675682327269,0,1,0.8,0
"472","t4",-0.331337642750105,0.3701947303967,0,1,0.8,0
"472","t5",0.200819248978467,0.579580044486712,0,1,0.8,0
"473","t1",0.657197043760839,0.744472886901349,0,1,NA,NA
"473","t2",0.825486781720281,0.795452357953857,0,1,0.8,0
"473","t3",-0.237463514730957,0.406148610402256,0,1,0.8,0
"473","t4",0.772755462190526,0.780166441882906,0,1,0.8,0
"473","t5",0.308418430232065,0.621118020123033,0,1,0.8,0
"474","t1",-0.231242665573544,0.408563142875209,0,1,NA,NA
"474","t2",-1.55764504062464,0.0596587077120878,0,1,0.8,0
"474","t3",-1.23440654718062,0.108525725285856,0,1,0.8,0
"474","t4",-2.10877915928917,0.017481824160193,0,1,0.8,0
"474","t5",-1.52463545799424,0.0636750241011266,0,1,0.8,0
"475","t1",0.69049237512051,0.755057698348537,0,1,NA,NA
"475","t2",0.297997361994688,0.617147411483006,0,1,0.8,0
"475","t3",1.13858699835885,0.872562273094673,0,1,0.8,0
"475","t4",0.96900146729217,0.833727771455282,0,1,0.8,0
"475","t5",1.97226322937793,0.975710217538131,0,1,0.8,0
"476","t1",-0.595627354651924,0.275712099159136,0,1,NA,NA
"476","t2",1.12398899714472,0.869491153141975,0,1,0.8,0
"476","t3",0.521717824074634,0.69906659368957,0,1,0.8,0
"476","t4",-0.407283521001367,0.341899882283245,0,1,0.8,0
"476","t5",-0.917771527707917,0.179369245705093,0,1,0.8,0
"477","t1",-1.40703939796094,0.079707853263244,0,1,NA,NA
"477","t2",-1.57960342896449,0.0570988567530708,0,1,0.8,0
"477","t3",-1.44797838496589,0.0738115478864233,0,1,0.8,0
"477","t4",-1.15047253977562,0.124974648998742,0,1,0.8,0
"477","t5",-0.392493628575922,0.347346759066848,0,1,0.8,0
"478","t1",0.42938653040636,0.666179022751749,0,1,NA,NA
"478","t2",0.0404339975279906,0.516126436852688,0,1,0.8,0
"478","t3",-0.503891387396383,0.307168851561493,0,1,0.8,0
"478","t4",-0.875665058805357,0.190606072928144,0,1,0.8,0
"478","t5",-0.740825324059412,0.229399679165325,0,1,0.8,0
"479","t1",-1.77639694394805,0.0378337572328746,0,1,NA,NA
"479","t2",-1.82113025357961,0.0342935297124624,0,1,0.8,0
"479","t3",-0.997949565395952,0.15915190773441,0,1,0.8,0
"479","t4",-1.12741067990012,0.129784442837088,0,1,0.8,0
"479","t5",-1.09885291609963,0.135916113340412,0,1,0.8,0
"480","t1",-0.494800097471386,0.310370617778972,0,1,NA,NA
"480","t2",-0.305544704051727,0.379975663885923,0,1,0.8,0
"480","t3",0.108188802090683,0.543077036272986,0,1,0.8,0
"480","t4",0.546665977237785,0.707695883755444,0,1,0.8,0
"480","t5",0.529180469288192,0.701659868082924,0,1,0.8,0
"481","t1",1.28251805232768,0.900169511791319,0,1,NA,NA
"481","t2",1.55177439492262,0.939641892685854,0,1,0.8,0
"481","t3",1.51702454985648,0.935369757061097,0,1,0.8,0
"481","t4",1.11728416875649,0.868063578867615,0,1,0.8,0
"481","t5",1.81287140472353,0.965074171217552,0,1,0.8,0
"482","t1",0.43478648448852,0.668141291942447,0,1,NA,NA
"482","t2",0.310639868334455,0.621962792481466,0,1,0.8,0
"482","t3",-0.275436043291768,0.391490628004079,0,1,0.8,0
"482","t4",0.174420378501519,0.569232449970902,0,1,0.8,0
"482","t5",-0.106845143151119,0.457455916687707,0,1,0.8,0
"483","t1",-0.746361253044467,0.227724609430879,0,1,NA,NA
"483","t2",-0.156579998583801,0.437787933450841,0,1,0.8,0
"483","t3",0.751873884591501,0.773936547737819,0,1,0.8,0
"483","t4",1.32883503205702,0.908048799150608,0,1,0.8,0
"483","t5",1.64968398261511,0.950496206045765,0,1,0.8,0
"484","t1",0.256133920394547,0.601076284656301,0,1,NA,NA
"484","t2",0.307299173549238,0.62069216765526,0,1,0.8,0
"484","t3",0.944115755532673,0.827444750563505,0,1,0.8,0
"484","t4",-0.0602131929744939,0.475992919153462,0,1,0.8,0
"484","t5",-0.0185218291868206,0.492611281689433,0,1,0.8,0
"485","t1",-0.839842493834479,0.200498352060094,0,1,NA,NA
"485","t2",-0.932606778109147,0.175511516218978,0,1,0.8,0
"485","t3",-1.04170636145479,0.148773919373648,0,1,0.8,0
"485","t4",0.195269957805886,0.577409192731427,0,1,0.8,0
"485","t5",-0.521995975619702,0.30083656629961,0,1,0.8,0
"486","t1",-2.02804306637998,0.0212779263965786,0,1,NA,NA
"486","t2",-1.49754107794905,0.0671262626682188,0,1,0.8,0
"486","t3",-2.84389447125089,0.00222829027641336,0,1,0.8,0
"486","t4",-1.58223228518624,0.0567982763155734,0,1,0.8,0
"486","t5",-1.66505314150688,0.0479510770837977,0,1,0.8,0
"487","t1",0.716452131096468,0.763143892399967,0,1,NA,NA
"487","t2",1.46908585887215,0.929095248594221,0,1,0.8,0
"487","t3",0.510766532487133,0.695242726703412,0,1,0.8,0
"487","t4",0.18549750325722,0.573580580801435,0,1,0.8,0
"487","t5",-0.406094784588496,0.342336478844628,0,1,0.8,0
"488","t1",-2.01921638332561,0.0217323671095073,0,1,NA,NA
"488","t2",-1.54192706775706,0.0615456587449148,0,1,0.8,0
"488","t3",-1.17156497438,0.120685878622861,0,1,0.8,0
"488","t4",-1.09663129161364,0.136401301417409,0,1,0.8,0
"488","t5",-1.52554123063674,0.0635620789162738,0,1,0.8,0
"489","t1",-0.57509306084654,0.282614180352539,0,1,NA,NA
"489","t2",-0.843697226627128,0.199419308854537,0,1,0.8,0
"489","t3",-0.964952443089252,0.16728431613727,0,1,0.8,0
"489","t4",-1.64315146783357,0.0501757991724642,0,1,0.8,0
"489","t5",-1.10868378873416,0.133783308882129,0,1,0.8,0
"490","t1",-0.99360484884246,0.16020764131099,0,1,NA,NA
"490","t2",-0.606399587715214,0.272124721090303,0,1,0.8,0
"490","t3",-0.680022791666609,0.248245014829483,0,1,0.8,0
"490","t4",-0.639122465373011,0.261371633166208,0,1,0.8,0
"490","t5",-0.0567483985213633,0.477372809830601,0,1,0.8,0
"491","t1",0.186313397527141,0.573900499148294,0,1,NA,NA
"491","t2",-0.205177191682407,0.418716844377361,0,1,0.8,0
"491","t3",0.0201607944495893,0.508042448489637,0,1,0.8,0
"491","t4",0.717664110983633,0.7635177914474,0,1,0.8,0
"491","t5",-0.065454124567884,0.473906215628447,0,1,0.8,0
"492","t1",-1.24500076325703,0.106565734837204,0,1,NA,NA
"492","t2",-0.774557662040017,0.219300541547713,0,1,0.8,0
"492","t3",0.126756326427157,0.55043336835418,0,1,0.8,0
"492","t4",-0.294339091247614,0.384249402212737,0,1,0.8,0
"492","t5",0.259008192229222,0.602185540176917,0,1,0.8,0
"493","t1",0.46192499075429,0.677932444028556,0,1,NA,NA
"493","t2",-0.13959761416924,0.444488962890335,0,1,0.8,0
"493","t3",0.438639829435166,0.669538733860394,0,1,0.8,0
"493","t4",-0.187176306680268,0.425761200527604,0,1,0.8,0
"493","t5",-0.082268205679793,0.467216718442216,0,1,0.8,0
"494","t1",-0.378939094875245,0.352366545936093,0,1,NA,NA
"494","t2",-1.36246602607033,0.0865254294554692,0,1,0.8,0
"494","t3",-0.111541508817144,0.455593475833595,0,1,0.8,0
"494","t4",0.501570471083412,0.692015152437161,0,1,0.8,0
"494","t5",0.0300296842986966,0.511978310402809,0,1,0.8,0
"495","t1",0.596365034570452,0.724534303182736,0,1,NA,NA
"495","t2",-0.293889878543747,0.384421026257384,0,1,0.8,0
"495","t3",-0.534271270990241,0.296576932842284,0,1,0.8,0
"495","t4",0.258751342216465,0.602086448603771,0,1,0.8,0
"495","t5",1.1685187497575,0.878701209662272,0,1,0.8,0
"496","t1",-0.611347356408998,0.270484823035076,0,1,NA,NA
"496","t2",-0.822867509475733,0.205291670426958,0,1,0.8,0
"496","t3",-1.06167494318765,0.144191639150596,0,1,0.8,0
"496","t4",-1.06873858269835,0.142593740451624,0,1,0.8,0
"496","t5",-0.493261129293555,0.310914044964963,0,1,0.8,0
"497","t1",0.777440335789435,0.781550488667563,0,1,NA,NA
"497","t2",0.594733270418067,0.723989110646762,0,1,0.8,0
"497","t3",0.63218637844174,0.736367451439741,0,1,0.8,0
"497","t4",-0.440707370643179,0.329712429957698,0,1,0.8,0
"497","t5",-0.833009179645103,0.20241977607985,0,1,0.8,0
"498","t1",-0.597866623290426,0.274964465992525,0,1,NA,NA
"498","t2",-0.766125990378974,0.221800669844431,0,1,0.8,0
"498","t3",-0.63699732062191,0.262063294434375,0,1,0.8,0
"498","t4",-0.234399678917114,0.407337353945284,0,1,0.8,0
"498","t5",-0.520716070010839,0.301282288984978,0,1,0.8,0
"499","t1",-0.771247507477645,0.220280119916424,0,1,NA,NA
"499","t2",0.330096284499744,0.629336394711837,0,1,0.8,0
"499","t3",0.130789733550672,0.552029177664938,0,1,0.8,0
"499","t4",-0.350483940147745,0.362987770340772,0,1,0.8,0
"499","t5",-0.638894568394576,0.261445760860237,0,1,0.8,0
"500","t1",1.44557036604198,0.925851128296927,0,1,NA,NA
"500","t2",1.19740501804167,0.884425635639558,0,1,0.8,0
"500","t3",1.22390609164665,0.889506172323174,0,1,0.8,0
"500","t4",1.8431880690064,0.96734922186668,0,1,0.8,0
"500","t5",0.867337105311955,0.807121334116324,0,1,0.8,0
"501","t1",0.170248594310702,0.567592681618407,0,1,NA,NA
"501","t2",-0.504726385043991,0.306875513239227,0,1,0.8,0
"501","t3",-0.254994758805526,0.399363573662795,0,1,0.8,0
"501","t4",-0.0879848673527461,0.464944351798338,0,1,0.8,0
"501","t5",0.809069499473177,0.790762414462389,0,1,0.8,0
"502","t1",-0.149537393017677,0.440564802847803,0,1,NA,NA
"502","t2",-0.461923463909628,0.322068103455338,0,1,0.8,0
"502","t3",0.470167233529965,0.680882228921581,0,1,0.8,0
"502","t4",0.424386212820911,0.664357913025049,0,1,0.8,0
"502","t5",0.855704934068615,0.803919494828253,0,1,0.8,0
"503","t1",-0.644855167459613,0.259510523639619,0,1,NA,NA
"503","t2",-1.04901917815454,0.14708464590841,0,1,0.8,0
"503","t3",-0.996672982129762,0.159461634046306,0,1,0.8,0
"503","t4",-0.632308569230876,0.263592632582018,0,1,0.8,0
"503","t5",0.0377969028091284,0.515075193095148,0,1,0.8,0
"504","t1",-1.29124506379685,0.0983093567192554,0,1,NA,NA
"504","t2",-1.82351473126596,0.0341127339945924,0,1,0.8,0
"504","t3",-0.898855591552587,0.184364792359634,0,1,0.8,0
"504","t4",-0.987134445543156,0.161788366709448,0,1,0.8,0
"504","t5",-0.0947553643902035,0.462254570669404,0,1,0.8,0
"505","t1",-1.11026537319713,0.133442344842479,0,1,NA,NA
"505","t2",-0.685341060999743,0.246564363409286,0,1,0.8,0
"505","t3",-0.253896358799521,0.399787813949444,0,1,0.8,0
"505","t4",-1.04977875078802,0.146909923526243,0,1,0.8,0
"505","t5",-0.812414324456737,0.20827696474684,0,1,0.8,0
"506","t1",0.278852662054732,0.609821050893515,0,1,NA,NA
"506","t2",0.420277606332845,0.662858666470445,0,1,0.8,0
"506","t3",0.900468381037505,0.816064477669491,0,1,0.8,0
"506","t4",0.0846336779228427,0.533723687999259,0,1,0.8,0
"506","t5",0.537996555080466,0.704710286551424,0,1,0.8,0
"507","t1",-0.974013399964669,0.165024942951277,0,1,NA,NA
"507","t2",-0.0038359253694329,0.49846969093858,0,1,0.8,0
"507","t3",-0.859297670820784,0.195088154444829,0,1,0.8,0
"507","t4",-0.54657135602395,0.292336626226594,0,1,0.8,0
"507","t5",-0.199209592346615,0.421049398098284,0,1,0.8,0
"508","t1",0.69644123290286,0.756923725828528,0,1,NA,NA
"508","t2",0.90680039326151,0.817743819048158,0,1,0.8,0
"508","t3",0.676809833226061,0.750736690808615,0,1,0.8,0
"508","t4",0.170788862653144,0.567805106639287,0,1,0.8,0
"508","t5",0.8529107515236,0.803145600524263,0,1,0.8,0
"509","t1",0.381552037020002,0.648603166919202,0,1,NA,NA
"509","t2",0.975179199869776,0.835264311060124,0,1,0.8,0
"509","t3",0.901617125362309,0.816369854696779,0,1,0.8,0
"509","t4",0.414159471507572,0.660621339566098,0,1,0.8,0
"509","t5",-0.0481321477030888,0.480805462863053,0,1,0.8,0
"510","t1",-0.462704668367542,0.321788035798818,0,1,NA,NA
"510","t2",-0.264580115721847,0.395666469873936,0,1,0.8,0
"510","t3",-0.984804143658818,0.162360142441579,0,1,0.8,0
"510","t4",-0.209480530174973,0.417036566445867,0,1,0.8,0
"510","t5",-0.496414359131292,0.309801048128155,0,1,0.8,0
"511","t1",0.151084469704459,0.560045458376408,0,1,NA,NA
"511","t2",-0.548685407573134,0.291610681073734,0,1,0.8,0
"511","t3",0.0595798309527006,0.523754858802396,0,1,0.8,0
"511","t4",-0.254746127091746,0.399459593492878,0,1,0.8,0
"511","t5",0.423623638484747,0.664079843450035,0,1,0.8,0
"512","t1",-0.252814310534851,0.400205854326487,0,1,NA,NA
"512","t2",-0.258432955444235,0.398036392713838,0,1,0.8,0
"512","t3",-0.452928172963649,0.32530023171206,0,1,0.8,0
"512","t4",-0.884347981732844,0.188254197098652,0,1,0.8,0
"512","t5",0.588793648376683,0.722000146413169,0,1,0.8,0
"513","t1",-0.250327988677316,0.401166856754571,0,1,NA,NA
"513","t2",1.18615948276013,0.882220338181313,0,1,0.8,0
"513","t3",0.693479562510494,0.75599567638546,0,1,0.8,0
"513","t4",-0.752919537684022,0.225749133392342,0,1,0.8,0
"513","t5",-0.233226208613832,0.407792877704047,0,1,0.8,0
"514","t1",-1.21873421037568,0.111472544493154,0,1,NA,NA
"514","t2",-0.513533642514996,0.303789041886524,0,1,0.8,0
"514","t3",0.973918986085339,0.834951617036566,0,1,0.8,0
"514","t4",2.29039628111717,0.989000822538841,0,1,0.8,0
"514","t5",1.31756237313508,0.90617490580699,0,1,0.8,0
"515","t1",-0.407064110484938,0.341980451019481,0,1,NA,NA
"515","t2",0.645689267735097,0.740759693798699,0,1,0.8,0
"515","t3",0.465389557982452,0.679173744710484,0,1,0.8,0
"515","t4",0.894548885804697,0.814485856971446,0,1,0.8,0
"515","t5",0.287226993916269,0.613030740714569,0,1,0.8,0
"516","t1",0.100370834550892,0.539975038263947,0,1,NA,NA
"516","t2",0.524089808028036,0.699891961477984,0,1,0.8,0
"516","t3",0.389362409672464,0.651495962445382,0,1,0.8,0
"516","t4",0.543123264305448,0.706477532123323,0,1,0.8,0
"516","t5",0.454918037137937,0.675415896991528,0,1,0.8,0
"517","t1",0.503850334347994,0.692816723138094,0,1,NA,NA
"517","t2",1.00976927885274,0.84369707903496,0,1,0.8,0
"517","t3",0.0932014678343241,0.537128245848132,0,1,0.8,0
"517","t4",-0.685403815399958,0.246544568545967,0,1,0.8,0
"517","t5",-0.303321993096769,0.380822243568464,0,1,0.8,0
"518","t1",-0.536873345816704,0.295677551766858,0,1,NA,NA
"518","t2",-0.729240114593634,0.232927398513281,0,1,0.8,0
"518","t3",-0.724782513396256,0.234292732563793,0,1,0.8,0
"518","t4",0.174273387234473,0.56917469345195,0,1,0.8,0
"518","t5",-0.812297441451266,0.208310489159434,0,1,0.8,0
"519","t1",-0.850127754451405,0.197627031244338,0,1,NA,NA
"519","t2",-0.998729343716219,0.158962910892026,0,1,0.8,0
"519","t3",-0.427503174619361,0.334506436674028,0,1,0.8,0
"519","t4",0.305156294774852,0.619876441253718,0,1,0.8,0
"519","t5",-0.337960976712981,0.367696297669075,0,1,0.8,0
"520","t1",-2.04473816197461,0.020440339576453,0,1,NA,NA
"520","t2",-1.49489665932033,0.0674707071413115,0,1,0.8,0
"520","t3",-1.51366457103049,0.065055467521617,0,1,0.8,0
"520","t4",-1.92329128032987,0.0272217395270265,0,1,0.8,0
"520","t5",-1.30384883347044,0.0961425643582204,0,1,0.8,0
"521","t1",0.288321183797111,0.61344955349341,0,1,NA,NA
"521","t2",-0.827715432095496,0.203915838706288,0,1,0.8,0
"521","t3",0.566667644024464,0.714529996172757,0,1,0.8,0
"521","t4",0.291250489864443,0.614570124946951,0,1,0.8,0
"521","t5",0.246526767070365,0.59736275671596,0,1,0.8,0
"522","t1",0.902096860174258,0.816497291671112,0,1,NA,NA
"522","t2",0.877620907708803,0.809925260404685,0,1,0.8,0
"522","t3",0.260083879211759,0.602600463665958,0,1,0.8,0
"522","t4",0.279920981720463,0.610230935311274,0,1,0.8,0
"522","t5",0.558563333715254,0.711770115182539,0,1,0.8,0
"523","t1",0.482682645925263,0.685339456424117,0,1,NA,NA
"523","t2",0.676651926461664,0.75068658765841,0,1,0.8,0
"523","t3",0.307637844287192,0.620821039876624,0,1,0.8,0
"523","t4",0.189304109674876,0.575072762746297,0,1,0.8,0
"523","t5",0.495633821614078,0.689923607023647,0,1,0.8,0
"524","t1",0.951911346261919,0.829429027624428,0,1,NA,NA
"524","t2",0.350255055747372,0.636926354109968,0,1,0.8,0
"524","t3",0.904467634955896,0.817126255725035,0,1,0.8,0
"524","t4",0.590689265714585,0.722635679219721,0,1,0.8,0
"524","t5",0.471875414632393,0.681492141253647,0,1,0.8,0
"525","t1",1.32483779875327,0.90738752251491,0,1,NA,NA
"525","t2",1.04358747144192,0.851661854070041,0,1,0.8,0
"525","t3",0.707830246319802,0.760474659530632,0,1,0.8,0
"525","t4",0.93109697852419,0.824098299287126,0,1,0.8,0
"525","t5",0.497453925476248,0.690565506876568,0,1,0.8,0
"526","t1",-1.53794599611954,0.0620309098158032,0,1,NA,NA
"526","t2",-1.10908622818118,0.133696492691634,0,1,0.8,0
"526","t3",-1.69581209336287,0.0449607357523985,0,1,0.8,0
"526","t4",-0.194757757391862,0.422791296840698,0,1,0.8,0
"526","t5",-0.267816521911187,0.394420276253145,0,1,0.8,0
"527","t1",-0.836759890504129,0.201363773550838,0,1,NA,NA
"527","t2",0.224125110867335,0.588670023099916,0,1,0.8,0
"527","t3",0.00411818391655807,0.501642913038969,0,1,0.8,0
"527","t4",-0.0726714908531489,0.471033767774782,0,1,0.8,0
"527","t5",0.616195458226039,0.731117237181927,0,1,0.8,0
"528","t1",-1.28101909676962,0.100093479268253,0,1,NA,NA
"528","t2",-2.10433625201159,0.0176745629485317,0,1,0.8,0
"528","t3",-1.05278583239597,0.146219579818959,0,1,0.8,0
"528","t4",-0.564001899623703,0.286376419667596,0,1,0.8,0
"528","t5",-0.232356268980342,0.408130655874297,0,1,0.8,0
"529","t1",-0.0744780635556629,0.470314997714013,0,1,NA,NA
"529","t2",-0.7357678643981,0.230935990591296,0,1,0.8,0
"529","t3",-0.062658878202065,0.47501907172742,0,1,0.8,0
"529","t4",-0.546156715475174,0.292479108362441,0,1,0.8,0
"529","t5",1.00053024304594,0.841473015346578,0,1,0.8,0
"530","t1",-1.02551839136387,0.152559326030314,0,1,NA,NA
"530","t2",-0.92479410260333,0.17753650941923,0,1,0.8,0
"530","t3",-0.945136617721075,0.172294566470879,0,1,0.8,0
"530","t4",-0.563143561626643,0.286668565262994,0,1,0.8,0
"530","t5",-1.18356937443047,0.118291784753136,0,1,0.8,0
"531","t1",-1.26901053252831,0.102218653773889,0,1,NA,NA
"531","t2",-0.116630413631412,0.453576467800323,0,1,0.8,0
"531","t3",0.260549390215315,0.602779988727681,0,1,0.8,0
"531","t4",-0.479277945590844,0.315870454815581,0,1,0.8,0
"531","t5",-0.244911447725811,0.403262498791071,0,1,0.8,0
"532","t1",0.262614380506331,0.603576092515141,0,1,NA,NA
"532","t2",0.0648742502319028,0.525862938633882,0,1,0.8,0
"532","t3",0.065649529290484,0.526171572268465,0,1,0.8,0
"532","t4",0.573921316938283,0.716989476404343,0,1,0.8,0
"532","t5",0.895554816095361,0.814754711542444,0,1,0.8,0
"533","t1",-1.53087693749691,0.0628999050240964,0,1,NA,NA
"533","t2",-0.580441322001444,0.280808523018672,0,1,0.8,0
"533","t3",-0.769782457821222,0.220714473615606,0,1,0.8,0
"533","t4",-0.0306088202072726,0.487790753969388,0,1,0.8,0
"533","t5",0.153026032524841,0.560811126961004,0,1,0.8,0
"534","t1",0.608366408628323,0.72852775733918,0,1,NA,NA
"534","t2",0.724830385199762,0.765721953748891,0,1,0.8,0
"534","t3",-0.341174003029405,0.366486296510793,0,1,0.8,0
"534","t4",0.924506200656357,0.822388587690729,0,1,0.8,0
"534","t5",0.474341453414901,0.682371782267501,0,1,0.8,0
"535","t1",0.770240451552776,0.779421363724396,0,1,NA,NA
"535","t2",0.0881676856349748,0.535128299801895,0,1,0.8,0
"535","t3",-0.925941596520649,0.177238166287899,0,1,0.8,0
"535","t4",-1.46247585795177,0.0718054276532949,0,1,0.8,0
"535","t5",-2.50121906490298,0.00618832972349317,0,1,0.8,0
"536","t1",0.209014633840427,0.582781592616811,0,1,NA,NA
"536","t2",0.837412407246732,0.798819602991853,0,1,0.8,0
"536","t3",-0.0028934148745586,0.498845696082406,0,1,0.8,0
"536","t4",0.407483329474868,0.658173482212769,0,1,0.8,0
"536","t5",0.805292227648866,0.789674467068737,0,1,0.8,0
"537","t1",0.510656038519913,0.695204035611823,0,1,NA,NA
"537","t2",1.67997602055776,0.953519009314733,0,1,0.8,0
"537","t3",2.13558721270329,0.983643462690627,0,1,0.8,0
"537","t4",1.54402900350987,0.938709346751103,0,1,0.8,0
"537","t5",0.858644357348448,0.80473162112217,0,1,0.8,0
"538","t1",1.5891373328205,0.943985304562375,0,1,NA,NA
"538","t2",1.72639862770273,0.957862138746908,0,1,0.8,0
"538","t3",2.44274258065715,0.992711935001929,0,1,0.8,0
"538","t4",1.85715670170677,0.968355568455055,0,1,0.8,0
"538","t5",1.49924617258874,0.933095109606391,0,1,0.8,0
"539","t1",0.897219300752668,0.815199045930058,0,1,NA,NA
"539","t2",0.898294640351622,0.815485755417733,0,1,0.8,0
"539","t3",-0.27600178914162,0.391273346027136,0,1,0.8,0
"539","t4",0.00269193595601686,0.501073925771951,0,1,0.8,0
"539","t5",-0.504574125308401,0.306928993539953,0,1,0.8,0
"540","t1",-0.712096258925266,0.238202585373074,0,1,NA,NA
"540","t2",0.0741221265648833,0.529543395382646,0,1,0.8,0
"540","t3",0.266601932639214,0.605112166275286,0,1,0.8,0
"540","t4",-0.109842438983413,0.456267166608782,0,1,0.8,0
"540","t5",-0.77861291814263,0.218103883536011,0,1,0.8,0
"541","t1",0.800975309052115,0.788427029969171,0,1,NA,NA
"541","t2",0.187064636439279,0.57419502264238,0,1,0.8,0
"541","t3",0.615164947207163,0.730777102903452,0,1,0.8,0
"541","t4",0.560498366314951,0.712430223161599,0,1,0.8,0
"541","t5",0.436350409528167,0.668708743531196,0,1,0.8,0
"542","t1",1.02490313646534,0.847295552724972,0,1,NA,NA
"542","t2",0.879408203821601,0.81041000722243,0,1,0.8,0
"542","t3",1.51845731580351,0.935550423940889,0,1,0.8,0
"542","t4",2.06775991772194,0.980668697750782,0,1,0.8,0
"542","t5",1.35653801115865,0.912535975126218,0,1,0.8,0
"543","t1",0.540769834220839,0.70566688128747,0,1,NA,NA
"543","t2",-1.25855901495396,0.104094829276641,0,1,0.8,0
"543","t3",-0.954181995594067,0.169995763298165,0,1,0.8,0
"543","t4",-0.875758886235263,0.190580562610591,0,1,0.8,0
"543","t5",-0.689808998284434,0.245157154617529,0,1,0.8,0
"544","t1",1.96384584499905,0.975226014154032,0,1,NA,NA
"544","t2",2.81160937145208,0.997535283570604,0,1,0.8,0
"544","t3",3.249937885912,0.999422848912418,0,1,0.8,0
"544","t4",3.19306184830786,0.999296136040724,0,1,0.8,0
"544","t5",2.52962619082034,0.994290794730313,0,1,0.8,0
"545","t1",-0.334315632198542,0.369070697808638,0,1,NA,NA
"545","t2",-1.06438018703691,0.143578252775598,0,1,0.8,0
"545","t3",-0.90351385592666,0.18312661890818,0,1,0.8,0
"545","t4",-1.10942027558816,0.133624459788728,0,1,0.8,0
"545","t5",-0.810613020512951,0.208793968583329,0,1,0.8,0
"546","t1",0.146787185755965,0.558350000297651,0,1,NA,NA
"546","t2",-0.0540621461654782,0.478442825551658,0,1,0.8,0
"546","t3",-0.326256110724657,0.372115295774037,0,1,0.8,0
"546","t4",-0.755738503745605,0.22490299693794,0,1,0.8,0
"546","t5",-0.317561437216817,0.37540881481884,0,1,0.8,0
"547","t1",0.609683563763832,0.728964277775958,0,1,NA,NA
"547","t2",0.582109699323117,0.719753603838949,0,1,0.8,0
"547","t3",1.28773674641982,0.901081191257259,0,1,0.8,0
"547","t4",1.91584709096714,0.972307719145585,0,1,0.8,0
"547","t5",2.69113825745454,0.996439566134472,0,1,0.8,0
"548","t1",0.786043046172736,0.78407886554487,0,1,NA,NA
"548","t2",0.601687157472196,0.72630879990091,0,1,0.8,0
"548","t3",1.34467721879445,0.910635252708347,0,1,0.8,0
"548","t4",1.85854124689327,0.968453904165014,0,1,0.8,0
"548","t5",1.83239500378267,0.966553704054477,0,1,0.8,0
"549","t1",-0.187600123664213,0.425595064647496,0,1,NA,NA
"549","t2",-0.286844088606856,0.387115851471194,0,1,0.8,0
"549","t3",-0.566523505437481,0.285518979389288,0,1,0.8,0
"549","t4",-0.149444613794127,0.440601405123535,0,1,0.8,0
"549","t5",0.180389590118213,0.571576636921994,0,1,0.8,0
"550","t1",1.05384300236276,0.854022599058226,0,1,NA,NA
"550","t2",1.0261928695171,0.847599659129932,0,1,0.8,0
"550","t3",-0.286923189410792,0.387085567051049,0,1,0.8,0
"550","t4",-0.987748081670606,0.161638020083474,0,1,0.8,0
"550","t5",-0.754841203289027,0.225172134016118,0,1,0.8,0
"551","t1",-0.156618655206247,0.437772699631751,0,1,NA,NA
"551","t2",-0.220351473968918,0.412798717361342,0,1,0.8,0
"551","t3",0.892131191797046,0.813838691068366,0,1,0.8,0
"551","t4",0.917918406162876,0.820669207697374,0,1,0.8,0
"551","t5",1.02910983824768,0.84828596821268,0,1,0.8,0
"552","t1",-0.470549884502555,0.318981101503596,0,1,NA,NA
"552","t2",-0.668755448063522,0.251825745349559,0,1,0.8,0
"552","t3",-0.545652112485583,0.292652547649146,0,1,0.8,0
"552","t4",-0.103276196065834,0.458871883684961,0,1,0.8,0
"552","t5",0.46573917190311,0.67929889506313,0,1,0.8,0
"553","t1",0.320716043607697,0.625787205994129,0,1,NA,NA
"553","t2",-0.22664173094873,0.410351169966015,0,1,0.8,0
"553","t3",1.0393989519828,0.850690384376187,0,1,0.8,0
"553","t4",0.761016686137827,0.776676449578969,0,1,0.8,0
"553","t5",1.45851380625438,0.927650513776938,0,1,0.8,0
"554","t1",-1.34444287952226,0.0894026078749448,0,1,NA,NA
"554","t2",-1.82774979030983,0.0337935559172218,0,1,0.8,0
"554","t3",-1.61581621768416,0.0530670270526946,0,1,0.8,0
"554","t4",-2.20665496307227,0.0136690869576447,0,1,0.8,0
"554","t5",-1.25453711865135,0.104823421435318,0,1,0.8,0
"555","t1",-0.949485598182129,0.171186846680939,0,1,NA,NA
"555","t2",-0.40037436991202,0.344440399455176,0,1,0.8,0
"555","t3",-0.385792303148358,0.349825248033622,0,1,0.8,0
"555","t4",-1.65383707988323,0.0490803098635491,0,1,0.8,0
"555","t5",-1.02181629846493,0.15343392692741,0,1,0.8,0
"556","t1",-0.677466154727002,0.249055118532851,0,1,NA,NA
"556","t2",-0.523296640956563,0.30038391908613,0,1,0.8,0
"556","t3",-0.566006550781653,0.285694663680186,0,1,0.8,0
"556","t4",-0.0772533594623512,0.469210996862472,0,1,0.8,0
"556","t5",-0.471617688168101,0.31859984948148,0,1,0.8,0
"557","t1",0.45084527352468,0.673949465621263,0,1,NA,NA
"557","t2",0.63361224372812,0.73683304579556,0,1,0.8,0
"557","t3",0.108421780168164,0.543169437550789,0,1,0.8,0
"557","t4",-0.215578667597489,0.414658092801393,0,1,0.8,0
"557","t5",-0.901222784728006,0.18373493941529,0,1,0.8,0
"558","t1",-2.51553131215973,0.00594265596009791,0,1,NA,NA
"558","t2",-1.44547715485601,0.0741619526891552,0,1,0.8,0
"558","t3",-0.823543203300688,0.205099579664196,0,1,0.8,0
"558","t4",-0.805874658571863,0.210157562205769,0,1,0.8,0
"558","t5",-1.06670689258644,0.14305210685045,0,1,0.8,0
"559","t1",-0.17986319368762,0.428629985544831,0,1,NA,NA
"559","t2",0.440322837381873,0.670148348711602,0,1,0.8,0
"559","t3",0.501837224028997,0.692108986789807,0,1,0.8,0
"559","t4",0.172709957680516,0.568560291839009,0,1,0.8,0
"559","t5",-0.0318275855328455,0.487304773851226,0,1,0.8,0
"560","t1",0.66044796217267,0.745516798924655,0,1,NA,NA
"560","t2",0.22369175163435,0.588501417714337,0,1,0.8,0
"560","t3",-0.289449774035169,0.386118605031934,0,1,0.8,0
"560","t4",-1.00146902686657,0.158300053527364,0,1,0.8,0
"560","t5",-0.605641084884844,0.272376556983509,0,1,0.8,0
"561","t1",0.63131064246461,0.736081285169348,0,1,NA,NA
"561","t2",0.128832447299096,0.551254884879696,0,1,0.8,0
"561","t3",0.12796829048776,0.550912966396383,0,1,0.8,0
"561","t4",-0.250196423243399,0.401217725576721,0,1,0.8,0
"561","t5",-0.187155816935854,0.425769232823387,0,1,0.8,0
"562","t1",-0.971836793348843,0.165565874194726,0,1,NA,NA
"562","t2",0.112487745308802,0.544781657050434,0,1,0.8,0
"562","t3",-0.382556848684741,0.351024185169291,0,1,0.8,0
"562","t4",-0.674913652043543,0.249865313183366,0,1,0.8,0
"562","t5",-0.733374599268158,0.231664993546172,0,1,0.8,0
"563","t1",-1.1001945630577,0.135623679496348,0,1,NA,NA
"563","t2",-0.717752732877249,0.23645488121139,0,1,0.8,0
"563","t3",-0.0475384969644063,0.48104202443192,0,1,0.8,0
"563","t4",-0.00496087536488654,0.498020905186829,0,1,0.8,0
"563","t5",-0.00625112780285147,0.497506177060947,0,1,0.8,0
"564","t1",1.81906908641923,0.965549554675817,0,1,NA,NA
"564","t2",1.68424732024249,0.953933059197936,0,1,0.8,0
"564","t3",1.44072955691136,0.925169449360191,0,1,0.8,0
"564","t4",0.750700646608772,0.773583583099921,0,1,0.8,0
"564","t5",1.52196951206137,0.935991639946411,0,1,0.8,0
"565","t1",-0.0257029844540386,0.489747121697292,0,1,NA,NA
"565","t2",-0.528475716054196,0.298584598737258,0,1,0.8,0
"565","t3",0.0529975270834721,0.52113306097608,0,1,0.8,0
"565","t4",0.152169676846713,0.560473445108985,0,1,0.8,0
"565","t5",-0.165497091599738,0.434276369418419,0,1,0.8,0
"566","t1",-0.447818110234622,0.327142236055806,0,1,NA,NA
"566","t2",-1.14946225711301,0.125182710643831,0,1,0.8,0
"566","t3",-0.808003886803217,0.209544172317792,0,1,0.8,0
"566","t4",0.310278413862573,0.621825377540551,0,1,0.8,0
"566","t5",-0.0210308156471763,0.491610536888125,0,1,0.8,0
"567","t1",0.250869264115483,0.599042405840009,0,1,NA,NA
"567","t2",-0.234689925200346,0.407224703947581,0,1,0.8,0
"567","t3",-0.511897718917962,0.304361297355047,0,1,0.8,0
"567","t4",-0.632036744348345,0.263681433623265,0,1,0.8,0
"567","t5",-0.108114384405368,0.456952478965902,0,1,0.8,0
"568","t1",0.882241171151152,0.811176799004897,0,1,NA,NA
"568","t2",0.764330781478813,0.777664926831229,0,1,0.8,0
"568","t3",0.384052019161423,0.649530053693086,0,1,0.8,0
"568","t4",0.580975616211852,0.719371556214608,0,1,0.8,0
"568","t5",0.64798969968837,0.741504193811831,0,1,0.8,0
"569","t1",-0.540678429359027,0.294364624423906,0,1,NA,NA
"569","t2",0.607842259232866,0.728353950811859,0,1,0.8,0
"569","t3",0.128260785642742,0.551028701373617,0,1,0.8,0
"569","t4",0.593571272707063,0.723600550126483,0,1,0.8,0
"569","t5",0.58373745049863,0.720301516633966,0,1,0.8,0
"570","t1",-0.79302727423721,0.213880966184661,0,1,NA,NA
"570","t2",-1.9783140924808,0.0239466421455394,0,1,0.8,0
"570","t3",-1.99128970463243,0.0232245233331522,0,1,0.8,0
"570","t4",-1.84525860563986,0.0324999644585997,0,1,0.8,0
"570","t5",-1.72165181681971,0.042566305284105,0,1,0.8,0
"571","t1",1.03211626793832,0.848991173086688,0,1,NA,NA
"571","t2",0.00139086504356994,0.500554874693311,0,1,0.8,0
"571","t3",-0.195984331033576,0.422311215097322,0,1,0.8,0
"571","t4",-0.624022502294706,0.266306403598271,0,1,0.8,0
"571","t5",-0.531858485350788,0.297412006085112,0,1,0.8,0
"572","t1",0.0912526804647063,0.53635409171693,0,1,NA,NA
"572","t2",-0.495688186140921,0.310057211723035,0,1,0.8,0
"572","t3",-0.789539061361796,0.214898504492295,0,1,0.8,0
"572","t4",-0.694416005076115,0.243710679694848,0,1,0.8,0
"572","t5",-0.246243543054576,0.402746855277847,0,1,0.8,0
"573","t1",-0.511886165194015,0.304365340620279,0,1,NA,NA
"573","t2",-0.419064093549492,0.337584645686223,0,1,0.8,0
"573","t3",-0.600281717987364,0.274159250320315,0,1,0.8,0
"573","t4",0.0884245754150819,0.535230385279947,0,1,0.8,0
"573","t5",-0.843995426933629,0.199335980524796,0,1,0.8,0
"574","t1",2.19739065380509,0.986003720900044,0,1,NA,NA
"574","t2",1.68046720511229,0.9535667750756,0,1,0.8,0
"574","t3",0.936748209606621,0.825555954320569,0,1,0.8,0
"574","t4",1.10358223388265,0.865112799295633,0,1,0.8,0
"574","t5",1.20226804144618,0.885370152628564,0,1,0.8,0
"575","t1",0.342328080852251,0.633947997353971,0,1,NA,NA
"575","t2",0.645773125346075,0.740786852495809,0,1,0.8,0
"575","t3",0.524474305193613,0.700025656605776,0,1,0.8,0
"575","t4",0.701834242627233,0.758608729391969,0,1,0.8,0
"575","t5",0.684923473865528,0.75330389378528,0,1,0.8,0
"576","t1",-0.773438037556544,0.219631592975929,0,1,NA,NA
"576","t2",-1.2105835658238,0.113027522941154,0,1,0.8,0
"576","t3",-0.360672026931399,0.359172319197526,0,1,0.8,0
"576","t4",-0.337415468328563,0.367901862808381,0,1,0.8,0
"576","t5",0.165411331964639,0.565689882540931,0,1,0.8,0
"577","t1",0.0111427864342837,0.504445236641914,0,1,NA,NA
"577","t2",0.435521688465017,0.668408100099919,0,1,0.8,0
"577","t3",-0.508045452615044,0.305710733892085,0,1,0.8,0
"577","t4",-1.00353047827518,0.157802489537232,0,1,0.8,0
"577","t5",-1.02162187472396,0.153479950169413,0,1,0.8,0
"578","t1",1.73134676616691,0.958305032458156,0,1,NA,NA
"578","t2",1.74106994022891,0.959164340164771,0,1,0.8,0
"578","t3",0.88177815771416,0.811051607198054,0,1,0.8,0
"578","t4",0.6276993209899,0.734899534871703,0,1,0.8,0
"578","t5",0.754888257488702,0.774841983992763,0,1,0.8,0
"579","t1",0.739874486454309,0.770311921602115,0,1,NA,NA
"579","t2",0.701406863298805,0.758475429990295,0,1,0.8,0
"579","t3",0.124664400260785,0.549605379021677,0,1,0.8,0
"579","t4",-0.426440994001356,0.334893267752791,0,1,0.8,0
"579","t5",-0.554234529442102,0.289709175044909,0,1,0.8,0
"580","t1",1.93772936679099,0.973671875428408,0,1,NA,NA
"580","t2",1.80961025012639,0.964821875371173,0,1,0.8,0
"580","t3",2.11489163438862,0.982780407822295,0,1,0.8,0
"580","t4",2.21629125180269,0.986664219111477,0,1,0.8,0
"580","t5",1.68411422195743,0.95392020183197,0,1,0.8,0
"581","t1",-0.881349224671906,0.189064415404573,0,1,NA,NA
"581","t2",-1.13648985269647,0.127875804992916,0,1,0.8,0
"581","t3",-0.771916651092059,0.220081897302065,0,1,0.8,0
"581","t4",-0.213284149790243,0.415552667884127,0,1,0.8,0
"581","t5",-0.969538951001104,0.166138177916987,0,1,0.8,0
"582","t1",1.04006896274485,0.850846068933606,0,1,NA,NA
"582","t2",-0.52141373936893,0.301039291176159,0,1,0.8,0
"582","t3",-1.70328164928762,0.0442576865337847,0,1,0.8,0
"582","t4",-1.65745279398097,0.0487139826393544,0,1,0.8,0
"582","t5",-2.12402095222345,0.0168341957996895,0,1,0.8,0
"583","t1",-0.875487238590987,0.190654425416142,0,1,NA,NA
"583","t2",-1.04621347625631,0.147731241166729,0,1,0.8,0
"583","t3",-0.828254658478013,0.203763147544224,0,1,0.8,0
"583","t4",0.518297157089596,0.697874521923955,0,1,0.8,0
"583","t5",-0.61687384990572,0.268658968191675,0,1,0.8,0
"584","t1",0.398428094065826,0.654842673800886,0,1,NA,NA
"584","t2",-0.246481439888583,0.402654785077336,0,1,0.8,0
"584","t3",0.140349910687069,0.555808234243364,0,1,0.8,0
"584","t4",-1.14593871102245,0.125910256190297,0,1,0.8,0
"584","t5",-0.173817906352813,0.431004285687281,0,1,0.8,0
"585","t1",0.754789685833463,0.774812408257276,0,1,NA,NA
"585","t2",0.633769712611535,0.736884439064602,0,1,0.8,0
"585","t3",0.763750911379186,0.777492152488502,0,1,0.8,0
"585","t4",0.727335076252022,0.766489642171237,0,1,0.8,0
"585","t5",-0.490500273766821,0.311889968070409,0,1,0.8,0
"586","t1",-0.548703884896479,0.291604339843616,0,1,NA,NA
"586","t2",0.470282069843431,0.680923247028775,0,1,0.8,0
"586","t3",0.337510395884788,0.632133911675046,0,1,0.8,0
"586","t4",-1.06242572676549,0.14402122980731,0,1,0.8,0
"586","t5",-0.854051819975959,0.196538138849298,0,1,0.8,0
"587","t1",0.279591162085965,0.610104405786842,0,1,NA,NA
"587","t2",0.134272361191098,0.553406396059663,0,1,0.8,0
"587","t3",0.652613966375367,0.74299741031439,0,1,0.8,0
"587","t4",0.190091307271401,0.575381209158578,0,1,0.8,0
"587","t5",-0.84363009080279,0.199438072009013,0,1,0.8,0
"588","t1",-0.0879627892038956,0.464953125687316,0,1,NA,NA
"588","t2",-0.93834202868078,0.174034333718952,0,1,0.8,0
"588","t3",-1.58669878348467,0.0562904410016495,0,1,0.8,0
"588","t4",-0.850532275312103,0.197514612104689,0,1,0.8,0
"588","t5",-0.822422693064686,0.205418184129198,0,1,0.8,0
"589","t1",-0.285791120244309,0.387519054813311,0,1,NA,NA
"589","t2",-0.555258064098196,0.289359079194749,0,1,0.8,0
"589","t3",0.212177169230539,0.584015591223291,0,1,0.8,0
"589","t4",-0.0921983325639427,0.463270231412473,0,1,0.8,0
"589","t5",-1.10371844529061,0.134857645862612,0,1,0.8,0
"590","t1",-0.0213380654955803,0.491487989434972,0,1,NA,NA
"590","t2",0.283784880824268,0.611712379123244,0,1,0.8,0
"590","t3",-0.176826990168843,0.429822144011277,0,1,0.8,0
"590","t4",1.10120960947989,0.864597279812367,0,1,0.8,0
"590","t5",0.415691135846042,0.661181985800354,0,1,0.8,0
"591","t1",-0.457136996519335,0.323786289896816,0,1,NA,NA
"591","t2",-1.02256533896321,0.153256702392975,0,1,0.8,0
"591","t3",-1.1709328451211,0.120812885770501,0,1,0.8,0
"591","t4",-1.02197822128428,0.153395604156511,0,1,0.8,0
"591","t5",-0.446675631512356,0.327554639473854,0,1,0.8,0
"592","t1",-0.522392459552613,0.300698552513495,0,1,NA,NA
"592","t2",-0.522947792165711,0.300505292468704,0,1,0.8,0
"592","t3",1.02467991389649,0.847242878198388,0,1,0.8,0
"592","t4",-0.675100151732491,0.249806068628284,0,1,0.8,0
"592","t5",-1.54991251324485,0.0605812579120063,0,1,0.8,0
"593","t1",-0.442414785015831,0.329094541026279,0,1,NA,NA
"593","t2",-0.550987107753854,0.290821256181756,0,1,0.8,0
"593","t3",0.586561206651858,0.721250778431051,0,1,0.8,0
"593","t4",0.419553742270602,0.662594256589766,0,1,0.8,0
"593","t5",-0.681573143099724,0.247754451004847,0,1,0.8,0
"594","t1",-0.897537219218246,0.184716161107644,0,1,NA,NA
"594","t2",-0.540968642204739,0.294264598337064,0,1,0.8,0
"594","t3",-0.309847783837655,0.378338356139833,0,1,0.8,0
"594","t4",-0.826486253672306,0.204264156346023,0,1,0.8,0
"594","t5",-0.587021334510683,0.278594689155793,0,1,0.8,0
"595","t1",-0.0669769578911942,0.473300023470074,0,1,NA,NA
"595","t2",0.225235548855186,0.589101982063844,0,1,0.8,0
"595","t3",0.829814799305935,0.796678248933808,0,1,0.8,0
"595","t4",0.558106476985304,0.711614160983524,0,1,0.8,0
"595","t5",-0.375256168734414,0.35373498025477,0,1,0.8,0
"596","t1",0.164075886451984,0.565164297819138,0,1,NA,NA
"596","t2",0.378616510148896,0.647513669962151,0,1,0.8,0
"596","t3",-0.074420326417806,0.470337967753341,0,1,0.8,0
"596","t4",0.529425850104669,0.701744965093306,0,1,0.8,0
"596","t5",1.0365561536132,0.850028621710747,0,1,0.8,0
"597","t1",0.415784969164339,0.661216320702806,0,1,NA,NA
"597","t2",0.118908786982259,0.547326189924101,0,1,0.8,0
"597","t3",0.613392087399025,0.730191441642554,0,1,0.8,0
"597","t4",-0.171920131340056,0.431750159851574,0,1,0.8,0
"597","t5",-0.337732577275838,0.367782361329158,0,1,0.8,0
"598","t1",1.18513392906933,0.882017750991508,0,1,NA,NA
"598","t2",0.888889070320247,0.812968650012937,0,1,0.8,0
"598","t3",-0.056865714629817,0.477326082930479,0,1,0.8,0
"598","t4",0.309963182682743,0.621705522827802,0,1,0.8,0
"598","t5",0.287360830124955,0.613081975018136,0,1,0.8,0
"599","t1",0.613426217840426,0.730202722596005,0,1,NA,NA
"599","t2",0.309095488253615,0.621375554443022,0,1,0.8,0
"599","t3",1.23300696111395,0.891213416469186,0,1,0.8,0
"599","t4",1.13751774832714,0.872339045321313,0,1,0.8,0
"599","t5",1.05037617179409,0.853227401723605,0,1,0.8,0
"600","t1",0.168246342344249,0.566805257694796,0,1,NA,NA
"600","t2",-0.625845336736208,0.265708195828568,0,1,0.8,0
"600","t3",-0.775624914422411,0.218985242686997,0,1,0.8,0
"600","t4",0.152404820008164,0.560566172164209,0,1,0.8,0
"600","t5",0.92379757135276,0.822204140045903,0,1,0.8,0
"601","t1",-0.244563771132495,0.403397109359503,0,1,NA,NA
"601","t2",-0.713710130132698,0.237703220528741,0,1,0.8,0
"601","t3",0.261543725696117,0.60316338282361,0,1,0.8,0
"601","t4",-1.16018796917658,0.122986142076781,0,1,0.8,0
"601","t5",-1.63921020172701,0.0505847449582451,0,1,0.8,0
"602","t1",-0.596942390932226,0.275272921891883,0,1,NA,NA
"602","t2",-2.09335659576517,0.0181586669790124,0,1,0.8,0
"602","t3",-0.619981347213562,0.267635033702607,0,1,0.8,0
"602","t4",-0.00308541370848192,0.498769099972139,0,1,0.8,0
"602","t5",0.476236226810371,0.683046953367592,0,1,0.8,0
"603","t1",-1.0587858265543,0.144848664989695,0,1,NA,NA
"603","t2",-2.08962577103465,0.018325714835011,0,1,0.8,0
"603","t3",-1.59702787181891,0.0551297472545155,0,1,0.8,0
"603","t4",-1.4949322437234,0.0674660631031373,0,1,0.8,0
"603","t5",-0.857294129469329,0.195641176047974,0,1,0.8,0
"604","t1",-0.0501139497170877,0.480015791719779,0,1,NA,NA
"604","t2",0.295155524388034,0.61606246218702,0,1,0.8,0
"604","t3",0.198588628065506,0.578707725037016,0,1,0.8,0
"604","t4",-0.395461517257327,0.346251158351753,0,1,0.8,0
"604","t5",0.00439852454997402,0.501754751756164,0,1,0.8,0
"605","t1",0.907936024576965,0.818043988430873,0,1,NA,NA
"605","t2",1.24605495552154,0.893627889871572,0,1,0.8,0
"605","t3",0.88981071295016,0.813216233386907,0,1,0.8,0
"605","t4",0.291568665625628,0.614691781949439,0,1,0.8,0
"605","t5",0.0561311684666235,0.52238134288673,0,1,0.8,0
"606","t1",0.109876757351169,0.543746442068368,0,1,NA,NA
"606","t2",-1.17417709023523,0.12016205020243,0,1,0.8,0
"606","t3",-0.374758126978752,0.353920179120507,0,1,0.8,0
"606","t4",-0.118277019619089,0.452924082630441,0,1,0.8,0
"606","t5",-0.616282249964237,0.268854125871022,0,1,0.8,0
"607","t1",-0.354077894369892,0.361640254035592,0,1,NA,NA
"607","t2",0.469961019752978,0.680808566358472,0,1,0.8,0
"607","t3",0.915424909252638,0.820015696709208,0,1,0.8,0
"607","t4",0.776397421827926,0.781242816773254,0,1,0.8,0
"607","t5",0.455218612289834,0.67552401417661,0,1,0.8,0
"608","t1",-0.271414104795201,0.39303627749905,0,1,NA,NA
"608","t2",-0.00926862793685351,0.496302405376584,0,1,0.8,0
"608","t3",-1.14072669112003,0.12699183783935,0,1,0.8,0
"608","t4",-1.27260227218446,0.101579605952643,0,1,0.8,0
"608","t5",-0.581317444095994,0.280513262974018,0,1,0.8,0
"609","t1",-0.118482735496929,0.452842586906627,0,1,NA,NA
"609","t2",0.919000391346184,0.820952316246835,0,1,0.8,0
"609","t3",0.798983554383551,0.787850026006668,0,1,0.8,0
"609","t4",0.752316283613758,0.774069561180461,0,1,0.8,0
"609","t5",0.959161580744551,0.831261324165563,0,1,0.8,0
"610","t1",-0.477576989474069,0.316475655883551,0,1,NA,NA
"610","t2",-0.735822994502352,0.230919212735101,0,1,0.8,0
"610","t3",-0.987175104562945,0.161778402048865,0,1,0.8,0
"610","t4",-0.687419371323755,0.245909246983336,0,1,0.8,0
"610","t5",-0.194556288406299,0.422870162921841,0,1,0.8,0
"611","t1",-0.359268031808697,0.359697293490171,0,1,NA,NA
"611","t2",-1.49099529126963,0.0679813655836455,0,1,0.8,0
"611","t3",-1.59813813277824,0.055006119362011,0,1,0.8,0
"611","t4",-0.906267469757766,0.182397149594603,0,1,0.8,0
"611","t5",-0.183064924710114,0.42737353834007,0,1,0.8,0
"612","t1",0.141761552205706,0.556365822907537,0,1,NA,NA
"612","t2",1.33150626255301,0.908488757131864,0,1,0.8,0
"612","t3",1.26618557654141,0.897276674930162,0,1,0.8,0
"612","t4",0.05364137338918,0.521389553626168,0,1,0.8,0
"612","t5",-0.626985696444568,0.265334305595664,0,1,0.8,0
"613","t1",2.66011894437988,0.99609434697777,0,1,NA,NA
"613","t2",3.11444413653196,0.999078540745441,0,1,0.8,0
"613","t3",1.40130420803336,0.919438438306743,0,1,0.8,0
"613","t4",0.795587720554011,0.786864146923989,0,1,0.8,0
"613","t5",1.07875484419206,0.859651485191593,0,1,0.8,0
"614","t1",-0.636684056574723,0.262165330350399,0,1,NA,NA
"614","t2",-0.732782552705102,0.23184553215358,0,1,0.8,0
"614","t3",0.194849733106376,0.577244706501983,0,1,0.8,0
"614","t4",-0.196661248574798,0.42204631848842,0,1,0.8,0
"614","t5",1.34308389681013,0.910377595387261,0,1,0.8,0
"615","t1",-1.44693860847321,0.0739570592995733,0,1,NA,NA
"615","t2",-1.71431380623984,0.0432355544402037,0,1,0.8,0
"615","t3",-0.506599176591417,0.3062180431069,0,1,0.8,0
"615","t4",0.0230130198761869,0.509180056329608,0,1,0.8,0
"615","t5",0.107281183097523,0.542717043952933,0,1,0.8,0
"616","t1",-0.237014006399315,0.406322962138802,0,1,NA,NA
"616","t2",-0.657771402711333,0.255342516433386,0,1,0.8,0
"616","t3",-0.772546189498756,0.219895500519732,0,1,0.8,0
"616","t4",-0.815587262104725,0.207368118603942,0,1,0.8,0
"616","t5",-1.24482865103259,0.106597371032478,0,1,0.8,0
"617","t1",0.250257891944984,0.598806041060016,0,1,NA,NA
"617","t2",-0.50232596411449,0.307719124141126,0,1,0.8,0
"617","t3",-0.481043474683744,0.315242800283548,0,1,0.8,0
"617","t4",-0.11840778582297,0.452872278492481,0,1,0.8,0
"617","t5",0.462129557248813,0.678005792373733,0,1,0.8,0
"618","t1",0.935983550739878,0.825359171489254,0,1,NA,NA
"618","t2",1.04165114999854,0.851213277560983,0,1,0.8,0
"618","t3",0.0184585162713967,0.507363464429063,0,1,0.8,0
"618","t4",-0.0941781436704058,0.462483823209837,0,1,0.8,0
"618","t5",-0.0790632012749209,0.468491176490995,0,1,0.8,0
"619","t1",-1.67059775929493,0.047400577692315,0,1,NA,NA
"619","t2",-0.919235453978871,0.178986215269099,0,1,0.8,0
"619","t3",-1.26233305159766,0.103414484189741,0,1,0.8,0
"619","t4",-1.38507966335798,0.0830140547997099,0,1,0.8,0
"619","t5",-0.932908223316602,0.175433678085764,0,1,0.8,0
"620","t1",0.281633733864199,0.610887814546004,0,1,NA,NA
"620","t2",1.55827684761176,0.940416182581178,0,1,0.8,0
"620","t3",1.75791761281334,0.960619235731797,0,1,0.8,0
"620","t4",1.21475999525983,0.887771178606555,0,1,0.8,0
"620","t5",1.5001796446979,0.93321606274578,0,1,0.8,0
"621","t1",1.2044107254432,0.885784565703943,0,1,NA,NA
"621","t2",2.36733542010508,0.991041656628573,0,1,0.8,0
"621","t3",2.01975916342631,0.978295812547587,0,1,0.8,0
"621","t4",1.50764204095502,0.934176916617216,0,1,0.8,0
"621","t5",1.22949472986993,0.890556813710653,0,1,0.8,0
"622","t1",-0.0219233099235841,0.491254565306008,0,1,NA,NA
"622","t2",0.718653464607072,0.76382276871735,0,1,0.8,0
"622","t3",0.845559722297091,0.801100798593377,0,1,0.8,0
"622","t4",0.0110461970332772,0.504406705417462,0,1,0.8,0
"622","t5",0.690896251671559,0.755184629066597,0,1,0.8,0
"623","t1",-0.591143622319555,0.277212096843868,0,1,NA,NA
"623","t2",-0.403944573031793,0.343126739117387,0,1,0.8,0
"623","t3",0.295218767440087,0.616086616887879,0,1,0.8,0
"623","t4",-0.274596216759132,0.391813236617549,0,1,0.8,0
"623","t5",0.507975870104017,0.694264867226001,0,1,0.8,0
"624","t1",0.372749546543435,0.645332571584731,0,1,NA,NA
"624","t2",0.990995406895477,0.83915608846438,0,1,0.8,0
"624","t3",0.873141767355667,0.808707094743417,0,1,0.8,0
"624","t4",1.24559826670953,0.89354404052281,0,1,0.8,0
"624","t5",1.35806246701381,0.91277806823227,0,1,0.8,0
"625","t1",-1.06562545142449,0.143296494614333,0,1,NA,NA
"625","t2",-0.662236604814436,0.253909799159688,0,1,0.8,0
"625","t3",0.0494972305661378,0.519738477907738,0,1,0.8,0
"625","t4",0.431990625534353,0.66712588672688,0,1,0.8,0
"625","t5",0.296546812661439,0.616593738818347,0,1,0.8,0
"626","t1",0.760300032144778,0.776462368667126,0,1,NA,NA
"626","t2",0.133419990345741,0.553069381634419,0,1,0.8,0
"626","t3",-0.136887497967718,0.445559860492376,0,1,0.8,0
"626","t4",-0.457362722820746,0.323705176676718,0,1,0.8,0
"626","t5",-0.335453218449654,0.3686416142811,0,1,0.8,0
"627","t1",0.640808505136935,0.739176446804777,0,1,NA,NA
"627","t2",-0.0200735903691574,0.491992333866113,0,1,0.8,0
"627","t3",0.73781856840003,0.769687645925544,0,1,0.8,0
"627","t4",0.385194876392266,0.649953480457905,0,1,0.8,0
"627","t5",0.657130185622941,0.744451394434636,0,1,0.8,0
"628","t1",0.286414534551748,0.61271967808716,0,1,NA,NA
"628","t2",0.450541802480676,0.673840090294723,0,1,0.8,0
"628","t3",-0.301240962866976,0.381615377904601,0,1,0.8,0
"628","t4",-0.246345001688206,0.402707588367157,0,1,0.8,0
"628","t5",-0.00852837191096581,0.496597713104939,0,1,0.8,0
"629","t1",2.90353987598934,0.998155150096864,0,1,NA,NA
"629","t2",1.98708273829204,0.97654338560139,0,1,0.8,0
"629","t3",3.05906723229536,0.998889863418094,0,1,0.8,0
"629","t4",2.18015235945154,0.985376915170982,0,1,0.8,0
"629","t5",1.69509691218482,0.954971481044138,0,1,0.8,0
"630","t1",-1.04479262885798,0.148059411207214,0,1,NA,NA
"630","t2",-0.734498997669949,0.231322335414981,0,1,0.8,0
"630","t3",-0.662353203395341,0.253872443616981,0,1,0.8,0
"630","t4",-0.967567568095787,0.166630190507349,0,1,0.8,0
"630","t5",-1.5710090229084,0.0580902764824058,0,1,0.8,0
"631","t1",1.3317272476692,0.908525083912537,0,1,NA,NA
"631","t2",0.524668299260473,0.70009310086824,0,1,0.8,0
"631","t3",1.20918018241171,0.886703185204152,0,1,0.8,0
"631","t4",1.56649904501643,0.94138408401267,0,1,0.8,0
"631","t5",0.908120570705817,0.818092738334716,0,1,0.8,0
"632","t1",-1.50976529029849,0.0655516623519361,0,1,NA,NA
"632","t2",-0.808379590492858,0.209436048687777,0,1,0.8,0
"632","t3",-0.306358723067331,0.379665766278997,0,1,0.8,0
"632","t4",-0.064068141923761,0.474457984386699,0,1,0.8,0
"632","t5",1.30372739363895,0.903836727050109,0,1,0.8,0
"633","t1",-0.306635008795763,0.379560601664707,0,1,NA,NA
"633","t2",0.519585822677399,0.698323859217,0,1,0.8,0
"633","t3",-0.663696041621721,0.253442436683888,0,1,0.8,0
"633","t4",-1.13988783885536,0.127166516096689,0,1,0.8,0
"633","t5",-1.56958508880682,0.0582558348791068,0,1,0.8,0
"634","t1",0.121293781603791,0.548270827392116,0,1,NA,NA
"634","t2",0.736377195945687,0.769249410698059,0,1,0.8,0
"634","t3",1.00219196864617,0.841874557008864,0,1,0.8,0
"634","t4",0.118146532963713,0.547024223178429,0,1,0.8,0
"634","t5",0.217744268732133,0.586185815167374,0,1,0.8,0
"635","t1",-1.40490353075848,0.0800249832682312,0,1,NA,NA
"635","t2",-1.2034498692231,0.11440113981481,0,1,0.8,0
"635","t3",-0.170232682950633,0.432413574774794,0,1,0.8,0
"635","t4",-0.830059807507821,0.203252484995265,0,1,0.8,0
"635","t5",-0.00711804416329594,0.497160335208854,0,1,0.8,0
"636","t1",-0.922863221275972,0.178039244608954,0,1,NA,NA
"636","t2",-1.49089522059003,0.0679945031964358,0,1,0.8,0
"636","t3",-1.5571246399195,0.0597204480081376,0,1,0.8,0
"636","t4",-1.06786684859228,0.142790289218562,0,1,0.8,0
"636","t5",-1.2082121282963,0.113482838903598,0,1,0.8,0
"637","t1",-1.63101111761614,0.0514439868275076,0,1,NA,NA
"637","t2",-1.11196250772037,0.133077135425608,0,1,0.8,0
"637","t3",-1.69975227181954,0.0445887662717688,0,1,0.8,0
"637","t4",-0.181089458401783,0.428148679389991,0,1,0.8,0
"637","t5",-0.959357177255001,0.168689420084747,0,1,0.8,0
"638","t1",0.418267044036989,0.662124058930203,0,1,NA,NA
"638","t2",0.490247989328202,0.68802078694304,0,1,0.8,0
"638","t3",-0.269833511684279,0.393644170079686,0,1,0.8,0
"638","t4",0.470433744088096,0.680977419793136,0,1,0.8,0
"638","t5",-0.94172260672252,0.173167338879688,0,1,0.8,0
"639","t1",-0.262190485199171,0.396587294293568,0,1,NA,NA
"639","t2",0.361307730795673,0.641065292409764,0,1,0.8,0
"639","t3",0.340393887215114,0.633220039275526,0,1,0.8,0
"639","t4",0.0127979147306066,0.50510548991814,0,1,0.8,0
"639","t5",0.152511230787935,0.56060813341646,0,1,0.8,0
"640","t1",-0.0851832554282093,0.466057851212099,0,1,NA,NA
"640","t2",0.414995885146649,0.660927542293756,0,1,0.8,0
"640","t3",0.711869290362545,0.76172713982855,0,1,0.8,0
"640","t4",1.06613514735268,0.856818723317065,0,1,0.8,0
"640","t5",0.453102840844049,0.674762655087988,0,1,0.8,0
"641","t1",0.585509428504954,0.720897385617718,0,1,NA,NA
"641","t2",-0.0122212364391056,0.495124553430956,0,1,0.8,0
"641","t3",0.271601618199464,0.607035822464466,0,1,0.8,0
"641","t4",-0.236499801905061,0.406522430488506,0,1,0.8,0
"641","t5",-0.603563247177562,0.273067026987732,0,1,0.8,0
"642","t1",-0.324558987855339,0.372757435543463,0,1,NA,NA
"642","t2",-0.651390887084367,0.257397095869536,0,1,0.8,0
"642","t3",0.133576324958011,0.553131196831848,0,1,0.8,0
"642","t4",0.316221538084403,0.624082819563848,0,1,0.8,0
"642","t5",0.718265297055696,0.763703138363667,0,1,0.8,0
"643","t1",0.696733243673266,0.757015124894679,0,1,NA,NA
"643","t2",0.413767862872029,0.660477939058917,0,1,0.8,0
"643","t3",0.0839900009439427,0.533467809115751,0,1,0.8,0
"643","t4",0.399486897930991,0.655232762055175,0,1,0.8,0
"643","t5",-0.0288157868089754,0.488505755027769,0,1,0.8,0
"644","t1",-0.36076241614449,0.359138530446216,0,1,NA,NA
"644","t2",0.0751942070789612,0.52996990330561,0,1,0.8,0
"644","t3",0.336052331520091,0.631584298011072,0,1,0.8,0
"644","t4",1.83175896251122,0.96650633013175,0,1,0.8,0
"644","t5",1.14351268866171,0.873587105228419,0,1,0.8,0
"645","t1",-0.85874945604467,0.19523937930353,0,1,NA,NA
"645","t2",-1.11629786398157,0.132147327820426,0,1,0.8,0
"645","t3",-0.274091343868356,0.392007212900398,0,1,0.8,0
"645","t4",0.0376566970066249,0.515019298864224,0,1,0.8,0
"645","t5",0.374190379509978,0.645868659495387,0,1,0.8,0
"646","t1",-0.911338433460683,0.181058540940285,0,1,NA,NA
"646","t2",-0.0989347080704807,0.46059505551303,0,1,0.8,0
"646","t3",-0.199651407955243,0.420876609682337,0,1,0.8,0
"646","t4",0.152746903388736,0.560701064409331,0,1,0.8,0
"646","t5",0.685663391444188,0.753537301485326,0,1,0.8,0
"647","t1",1.3831659605514,0.916693007806316,0,1,NA,NA
"647","t2",0.859092547305619,0.804855270641855,0,1,0.8,0
"647","t3",1.7302615044239,0.958208217978915,0,1,0.8,0
"647","t4",2.82186927172763,0.997612768237908,0,1,0.8,0
"647","t5",1.61854847642401,0.947227775706773,0,1,0.8,0
"648","t1",0.877033307082486,0.809765726327896,0,1,NA,NA
"648","t2",1.95147772707202,0.974499878396455,0,1,0.8,0
"648","t3",2.07572520707616,0.981040313391846,0,1,0.8,0
"648","t4",0.845784997108362,0.801163651780049,0,1,0.8,0
"648","t5",0.917946757789401,0.820676629676542,0,1,0.8,0
"649","t1",0.484144144802792,0.685858213109896,0,1,NA,NA
"649","t2",0.529459574365827,0.701756659657885,0,1,0.8,0
"649","t3",1.44201091509183,0.925350352786896,0,1,0.8,0
"649","t4",1.52378639578509,0.936218960485918,0,1,0.8,0
"649","t5",1.56075754515976,0.940709516014611,0,1,0.8,0
"650","t1",-1.19113227838216,0.116800830001011,0,1,NA,NA
"650","t2",-0.112859379843267,0.455071020350698,0,1,0.8,0
"650","t3",0.201930528546251,0.580014482333309,0,1,0.8,0
"650","t4",0.299038110263289,0.617544516284222,0,1,0.8,0
"650","t5",-0.0598948047475458,0.476119708839565,0,1,0.8,0
"651","t1",1.05343587174243,0.853929364588112,0,1,NA,NA
"651","t2",0.460451392366901,0.677403873264328,0,1,0.8,0
"651","t3",-0.342077076743538,0.3661464440398,0,1,0.8,0
"651","t4",-0.470536244132336,0.318985972945018,0,1,0.8,0
"651","t5",-0.225860343125178,0.410655021217221,0,1,0.8,0
"652","t1",-2.25621259965524,0.0120286599267274,0,1,NA,NA
"652","t2",-2.20483652334414,0.0137327840539521,0,1,0.8,0
"652","t3",-1.28025680479459,0.10022741691293,0,1,0.8,0
"652","t4",-0.99700934414484,0.159379987189699,0,1,0.8,0
"652","t5",0.939588017226381,0.826285537447006,0,1,0.8,0
"653","t1",1.14096945447443,0.873058682773262,0,1,NA,NA
"653","t2",1.3708772098098,0.91479338156303,0,1,0.8,0
"653","t3",1.46533217427489,0.928584843766742,0,1,0.8,0
"653","t4",0.824554801873625,0.795187804587931,0,1,0.8,0
"653","t5",1.79265832121336,0.963486212627183,0,1,0.8,0
"654","t1",0.0485173922897124,0.519348048139364,0,1,NA,NA
"654","t2",1.35860899265551,0.912864737965593,0,1,0.8,0
"654","t3",1.09418389059469,0.863062832355683,0,1,0.8,0
"654","t4",2.6022553614129,0.995369356810971,0,1,0.8,0
"654","t5",2.49716455929101,0.993740457714058,0,1,0.8,0
"655","t1",-0.262741402858233,0.396374951349571,0,1,NA,NA
"655","t2",-0.589015741431567,0.277925356981687,0,1,0.8,0
"655","t3",-0.532624396865909,0.29714680519332,0,1,0.8,0
"655","t4",-0.745389122758967,0.228018258785864,0,1,0.8,0
"655","t5",-1.0335188136138,0.150680585406059,0,1,0.8,0
"656","t1",0.939458650898387,0.826252343831584,0,1,NA,NA
"656","t2",0.558070681216524,0.711601939935273,0,1,0.8,0
"656","t3",0.31738131201981,0.624522857185388,0,1,0.8,0
"656","t4",0.113938136570778,0.545356583104055,0,1,0.8,0
"656","t5",0.674078111299935,0.749869172645074,0,1,0.8,0
"657","t1",0.401136098503776,0.65584003762342,0,1,NA,NA
"657","t2",0.0671795555793951,0.526780619682657,0,1,0.8,0
"657","t3",-0.433710305737759,0.332249410965706,0,1,0.8,0
"657","t4",-1.0469574850754,0.147559593526335,0,1,0.8,0
"657","t5",-1.23344837646932,0.108704262837753,0,1,0.8,0
"658","t1",-2.70473671327806,0.00341792730614543,0,1,NA,NA
"658","t2",-1.47114212278015,0.0706263427339949,0,1,0.8,0
"658","t3",0.115307069907093,0.545899132616314,0,1,0.8,0
"658","t4",-0.247033907922547,0.402440991201317,0,1,0.8,0
"658","t5",-0.826608763008079,0.204229424455077,0,1,0.8,0
"659","t1",-0.636994770656722,0.262064124923199,0,1,NA,NA
"659","t2",-1.13806313260964,0.127547060634534,0,1,0.8,0
"659","t3",-0.899018246351625,0.184321470912283,0,1,0.8,0
"659","t4",-0.947551076941509,0.171679021062021,0,1,0.8,0
"659","t5",-0.963310955507846,0.167695748510125,0,1,0.8,0
"660","t1",-1.02499792378934,0.152682083658874,0,1,NA,NA
"660","t2",-0.538590056112403,0.295084875214057,0,1,0.8,0
"660","t3",-0.990500987583169,0.160964653342576,0,1,0.8,0
"660","t4",-0.935108766675959,0.174866124540917,0,1,0.8,0
"660","t5",-1.19821717446445,0.115416240488089,0,1,0.8,0
"661","t1",-0.799705214020709,0.211940805660561,0,1,NA,NA
"661","t2",-0.457712194687984,0.323579612843082,0,1,0.8,0
"661","t3",-0.0132923064500491,0.494697293105307,0,1,0.8,0
"661","t4",-1.19810364856387,0.115438334316035,0,1,0.8,0
"661","t5",-1.87396623003294,0.0304675398993537,0,1,0.8,0
"662","t1",-1.50931647213786,0.0656089636031538,0,1,NA,NA
"662","t2",-0.660366130603142,0.254509450808879,0,1,0.8,0
"662","t3",-0.660855889023702,0.254352368448173,0,1,0.8,0
"662","t4",-0.829066702602028,0.203533332029985,0,1,0.8,0
"662","t5",-1.88159697709199,0.0299453784915962,0,1,0.8,0
"663","t1",-1.10560710917946,0.1344483057037,0,1,NA,NA
"663","t2",0.667304303886067,0.747711111089543,0,1,0.8,0
"663","t3",1.33805087674601,0.90956007377277,0,1,0.8,0
"663","t4",0.434941862886923,0.668197686432693,0,1,0.8,0
"663","t5",0.394831614441932,0.653516419204337,0,1,0.8,0
"664","t1",1.02619216592579,0.847599493339658,0,1,NA,NA
"664","t2",-0.74823659153273,0.227158731711337,0,1,0.8,0
"664","t3",-0.698307195658757,0.242492550084843,0,1,0.8,0
"664","t4",-0.8967779333031,0.184918712574193,0,1,0.8,0
"664","t5",-0.61057513096163,0.270740445387184,0,1,0.8,0
"665","t1",0.771851217442395,0.779898723587394,0,1,NA,NA
"665","t2",0.763435782422117,0.777398226604057,0,1,0.8,0
"665","t3",0.00728037035768299,0.502904421895076,0,1,0.8,0
"665","t4",0.704173154792026,0.759337526563341,0,1,0.8,0
"665","t5",1.79793130369103,0.963906052644243,0,1,0.8,0
"666","t1",-0.469628864474377,0.319310099352151,0,1,NA,NA
"666","t2",0.539112456429234,0.705095369473842,0,1,0.8,0
"666","t3",0.178626562268206,0.570884531875103,0,1,0.8,0
"666","t4",0.793673097272227,0.786307117073695,0,1,0.8,0
"666","t5",0.596597249389048,0.724611845938728,0,1,0.8,0
"667","t1",-1.20759674049323,0.113601206801832,0,1,NA,NA
"667","t2",-1.29393103812665,0.0978446211601659,0,1,0.8,0
"667","t3",-0.401965923193231,0.34385455263302,0,1,0.8,0
"667","t4",-0.697955359469094,0.242602555932049,0,1,0.8,0
"667","t5",-0.782292229831822,0.217021426132631,0,1,0.8,0
"668","t1",-0.957124825990699,0.169252127176151,0,1,NA,NA
"668","t2",-0.914124859771895,0.180325620581338,0,1,0.8,0
"668","t3",-0.513867332579924,0.303672374156441,0,1,0.8,0
"668","t4",-0.12424283093209,0.450561505377645,0,1,0.8,0
"668","t5",-0.201315519906129,0.420225933928799,0,1,0.8,0
"669","t1",-0.119960044298427,0.452257399680093,0,1,NA,NA
"669","t2",0.0873887603119863,0.534818748414444,0,1,0.8,0
"669","t3",-0.741805630950383,0.22910255420063,0,1,0.8,0
"669","t4",-1.29614218101993,0.0974632525066709,0,1,0.8,0
"669","t5",-1.1591216341943,0.123203304300991,0,1,0.8,0
"670","t1",0.228201018253067,0.590255015064031,0,1,NA,NA
"670","t2",-0.0696492053120325,0.472236435913369,0,1,0.8,0
"670","t3",-0.710411017248543,0.238724646561542,0,1,0.8,0
"670","t4",-1.30580980088346,0.0958086231298901,0,1,0.8,0
"670","t5",-0.575447852869593,0.28249422433186,0,1,0.8,0
"671","t1",-0.764096059718833,0.222405000124127,0,1,NA,NA
"671","t2",-0.101449744736932,0.459596724770949,0,1,0.8,0
"671","t3",1.24622507687446,0.893659112435011,0,1,0.8,0
"671","t4",1.52018224969871,0.935767411351225,0,1,0.8,0
"671","t5",0.45541072632113,0.675593110038991,0,1,0.8,0
"672","t1",0.314123526206458,0.62328638904728,0,1,NA,NA
"672","t2",0.866467603662067,0.80688310763005,0,1,0.8,0
"672","t3",1.17768013776008,0.880537925903393,0,1,0.8,0
"672","t4",0.80453855386856,0.789456993637553,0,1,0.8,0
"672","t5",1.34020994208394,0.90991144988243,0,1,0.8,0
"673","t1",1.33404189068797,0.908904935931787,0,1,NA,NA
"673","t2",0.0150154202771633,0.505990060916348,0,1,0.8,0
"673","t3",-0.566560997268742,0.2855062399902,0,1,0.8,0
"673","t4",-0.77428011390119,0.219382580449752,0,1,0.8,0
"673","t5",0.158125560508748,0.562821070192255,0,1,0.8,0
"674","t1",-0.038429619015788,0.484672572929412,0,1,NA,NA
"674","t2",-0.363291675894471,0.358193505434918,0,1,0.8,0
"674","t3",1.47553787977796,0.929966003942487,0,1,0.8,0
"674","t4",0.252966641650137,0.599853004465029,0,1,0.8,0
"674","t5",0.706942807496243,0.760198989891549,0,1,0.8,0
"675","t1",0.123748145040953,0.549242654815316,0,1,NA,NA
"675","t2",0.121457923502699,0.548335829955635,0,1,0.8,0
"675","t3",-0.529793150930085,0.298127677220905,0,1,0.8,0
"675","t4",-1.31040116444484,0.09503007995744,0,1,0.8,0
"675","t5",-1.31844260664534,0.0936777629458502,0,1,0.8,0
"676","t1",0.142408611582832,0.556621369672939,0,1,NA,NA
"676","t2",0.167147165543056,0.566372872375593,0,1,0.8,0
"676","t3",-0.962236925236171,0.167965302335564,0,1,0.8,0
"676","t4",-1.26145394934673,0.103572670750371,0,1,0.8,0
"676","t5",-1.38439077184602,0.0831194165294652,0,1,0.8,0
"677","t1",-0.77110121049557,0.220323471585289,0,1,NA,NA
"677","t2",-0.924800420467808,0.177534865936294,0,1,0.8,0
"677","t3",-0.837431050290439,0.201175159232173,0,1,0.8,0
"677","t4",-0.433363847731636,0.332375230156305,0,1,0.8,0
"677","t5",-0.159862672862738,0.436494626517183,0,1,0.8,0
"678","t1",0.379249411573561,0.647748668910936,0,1,NA,NA
"678","t2",-0.128187053941606,0.449000472501587,0,1,0.8,0
"678","t3",-0.493582087384321,0.310800676918087,0,1,0.8,0
"678","t4",-0.553283806118596,0.290034544044224,0,1,0.8,0
"678","t5",-1.1805073562271,0.118899243213299,0,1,0.8,0
"679","t1",0.276049240989896,0.608744876924902,0,1,NA,NA
"679","t2",-0.24749310139969,0.402263314879492,0,1,0.8,0
"679","t3",-0.0255080237563959,0.489824874269377,0,1,0.8,0
"679","t4",-0.583423853664867,0.279804001884433,0,1,0.8,0
"679","t5",-0.859476306815686,0.195038893151106,0,1,0.8,0
"680","t1",-0.443862600718419,0.328570962650701,0,1,NA,NA
"680","t2",0.101679065933266,0.540494290510945,0,1,0.8,0
"680","t3",-0.263186289848635,0.396203498763447,0,1,0.8,0
"680","t4",-0.421823393032988,0.336576964765954,0,1,0.8,0
"680","t5",-0.0714658489862037,0.471513501798815,0,1,0.8,0
"681","t1",-0.755627576248915,0.224936258746311,0,1,NA,NA
"681","t2",0.243712989011733,0.596273443560977,0,1,0.8,0
"681","t3",0.0854559934782367,0.534050560221061,0,1,0.8,0
"681","t4",0.994849972376963,0.840095381298809,0,1,0.8,0
"681","t5",1.58935558165266,0.944009931605734,0,1,0.8,0
"682","t1",0.744290979550332,0.771649771369994,0,1,NA,NA
"682","t2",0.842388986362631,0.800214872096259,0,1,0.8,0
"682","t3",1.15284341200537,0.875512668906214,0,1,0.8,0
"682","t4",1.07507275746559,0.85882892241363,0,1,0.8,0
"682","t5",1.13602180180265,0.872026279997382,0,1,0.8,0
"683","t1",0.0395946249995102,0.515791843645275,0,1,NA,NA
"683","t2",1.50526698002798,0.93387227454959,0,1,0.8,0
"683","t3",2.06764455975224,0.980663270648899,0,1,0.8,0
"683","t4",2.88593587738294,0.99804874170838,0,1,0.8,0
"683","t5",1.98401379394203,0.976372848890877,0,1,0.8,0
"684","t1",-0.571027229829286,0.283990592462942,0,1,NA,NA
"684","t2",0.979909287059168,0.836434550862426,0,1,0.8,0
"684","t3",1.02616473851709,0.84759303040698,0,1,0.8,0
"684","t4",-0.0055116204286136,0.497801192710054,0,1,0.8,0
"684","t5",1.35348907631644,0.912050281262529,0,1,0.8,0
"685","t1",-0.872791565749455,0.191388348815963,0,1,NA,NA
"685","t2",-0.370719179009723,0.355423351935441,0,1,0.8,0
"685","t3",-0.746698295538958,0.227622849427626,0,1,0.8,0
"685","t4",0.275046087997281,0.60835958492748,0,1,0.8,0
"685","t5",1.11520327407542,0.867618338315027,0,1,0.8,0
"686","t1",0.521871124638598,0.69911996787414,0,1,NA,NA
"686","t2",-0.104462898158188,0.45840100506431,0,1,0.8,0
"686","t3",-0.422325915108538,0.336393572475573,0,1,0.8,0
"686","t4",-1.64020753394447,0.0504810116893218,0,1,0.8,0
"686","t5",-1.09716834104538,0.136283904927587,0,1,0.8,0
"687","t1",-0.0542101960564234,0.478383848676458,0,1,NA,NA
"687","t2",-0.388262209766135,0.348911000074798,0,1,0.8,0
"687","t3",-0.159077572375668,0.436803878925967,0,1,0.8,0
"687","t4",-0.608455542315944,0.271442691682227,0,1,0.8,0
"687","t5",-0.0905822829563745,0.46391225510103,0,1,0.8,0
"688","t1",-0.915037656089224,0.180085930973291,0,1,NA,NA
"688","t2",0.266210152653641,0.604961317809965,0,1,0.8,0
"688","t3",-0.285376445146665,0.38767787580477,0,1,0.8,0
"688","t4",0.0389007666395832,0.515515247328435,0,1,0.8,0
"688","t5",-1.09260339457406,0.137283985826573,0,1,0.8,0
"689","t1",-1.04917956136949,0.147047741804272,0,1,NA,NA
"689","t2",-0.968833688352725,0.166314087598261,0,1,0.8,0
"689","t3",-0.66136815472227,0.254188121620878,0,1,0.8,0
"689","t4",-0.122661970833137,0.451187389634588,0,1,0.8,0
"689","t5",0.236896213523957,0.5936313462192,0,1,0.8,0
"690","t1",-0.328034379119985,0.371442834381014,0,1,NA,NA
"690","t2",-0.632135244482296,0.263649253369656,0,1,0.8,0
"690","t3",-1.01200866187787,0.155766955950335,0,1,0.8,0
"690","t4",-0.85750555925377,0.195582771884792,0,1,0.8,0
"690","t5",0.701405866181554,0.758475118943182,0,1,0.8,0
"691","t1",0.180713076250436,0.571703602792695,0,1,NA,NA
"691","t2",-0.01066478995217,0.495745445027213,0,1,0.8,0
"691","t3",0.185605106510858,0.573622775631722,0,1,0.8,0
"691","t4",1.5804260991937,0.942995340743775,0,1,0.8,0
"691","t5",1.48659530024999,0.931439135083994,0,1,0.8,0
"692","t1",0.58676180930075,0.721318155294284,0,1,NA,NA
"692","t2",0.369717903080417,0.64420365458379,0,1,0.8,0
"692","t3",1.11854276731786,0.868332374228615,0,1,0.8,0
"692","t4",0.624271566895611,0.73377537323642,0,1,0.8,0
"692","t5",0.212614465125315,0.584186156066811,0,1,0.8,0
"693","t1",1.05172631045139,0.853537431918085,0,1,NA,NA
"693","t2",0.668718866730794,0.748162584960822,0,1,0.8,0
"693","t3",0.171694871130529,0.568161290908841,0,1,0.8,0
"693","t4",0.696913216288459,0.757071446874295,0,1,0.8,0
"693","t5",2.289445865685,0.988973270086348,0,1,0.8,0
"694","t1",0.18483154751117,0.573319418588653,0,1,NA,NA
"694","t2",-1.25346361803923,0.105018515772092,0,1,0.8,0
"694","t3",-0.224071417373886,0.411350866329888,0,1,0.8,0
"694","t4",-0.45333608654457,0.325153375723301,0,1,0.8,0
"694","t5",-1.15584579089923,0.123872119612768,0,1,0.8,0
"695","t1",-1.26777179286724,0.102439729031175,0,1,NA,NA
"695","t2",-0.911157547752682,0.181106184163535,0,1,0.8,0
"695","t3",-2.1424553955515,0.016078427156283,0,1,0.8,0
"695","t4",-1.62841431760382,0.0517185318771104,0,1,0.8,0
"695","t5",-1.23841398901166,0.107781298122472,0,1,0.8,0
"696","t1",-0.317883661905616,0.375286593101919,0,1,NA,NA
"696","t2",-0.765445063669116,0.222003283785674,0,1,0.8,0
"696","t3",-0.750345295162824,0.226523384543193,0,1,0.8,0
"696","t4",-1.19514830688888,0.116014545543545,0,1,0.8,0
"696","t5",-2.10777787214037,0.017525103875687,0,1,0.8,0
"697","t1",-0.12602891158191,0.449854519451037,0,1,NA,NA
"697","t2",0.406603554231209,0.657850406814218,0,1,0.8,0
"697","t3",-0.570430039361384,0.284193030120214,0,1,0.8,0
"697","t4",-1.1165044728498,0.132103128334288,0,1,0.8,0
"697","t5",-1.52220716935699,0.0639785896505596,0,1,0.8,0
"698","t1",1.01509284175362,0.844969213241711,0,1,NA,NA
"698","t2",0.479646134745796,0.68426048219242,0,1,0.8,0
"698","t3",0.821057357518581,0.794193201076994,0,1,0.8,0
"698","t4",1.88863467677473,0.970529601434589,0,1,0.8,0
"698","t5",1.73367322299535,0.958511959896456,0,1,0.8,0
"699","t1",-1.34081006612504,0.0899910635780543,0,1,NA,NA
"699","t2",-0.639599189942722,0.261216604626154,0,1,0.8,0
"699","t3",-1.80701264501284,0.0353801538100861,0,1,0.8,0
"699","t4",-1.37256497410041,0.0849438134608283,0,1,0.8,0
"699","t5",-0.56055885290441,0.287549154250312,0,1,0.8,0
"700","t1",0.371739175684724,0.644956473028287,0,1,NA,NA
"700","t2",0.0534788281502492,0.521324800402874,0,1,0.8,0
"700","t3",-0.458054430133966,0.323456668490153,0,1,0.8,0
"700","t4",0.531146717173108,0.702341443570543,0,1,0.8,0
"700","t5",1.49170961545841,0.932112356357719,0,1,0.8,0
"701","t1",-0.0438042469553947,0.482530220877379,0,1,NA,NA
"701","t2",-0.841341759895521,0.200078251188817,0,1,0.8,0
"701","t3",-1.04007723399337,0.149152009826206,0,1,0.8,0
"701","t4",-0.804254387838493,0.210625037040895,0,1,0.8,0
"701","t5",-1.25901935819854,0.104011669917308,0,1,0.8,0
"702","t1",0.171601955064565,0.568124764831737,0,1,NA,NA
"702","t2",-0.403657403675154,0.343232333584946,0,1,0.8,0
"702","t3",0.0458977257318103,0.518304116564105,0,1,0.8,0
"702","t4",-0.417456281141724,0.33817234789201,0,1,0.8,0
"702","t5",-0.82802014207646,0.203829546492511,0,1,0.8,0
"703","t1",0.477002546101203,0.683319845702499,0,1,NA,NA
"703","t2",0.0954084455092017,0.538004795932312,0,1,0.8,0
"703","t3",-0.310612417015526,0.378047643205609,0,1,0.8,0
"703","t4",-0.728775913984323,0.233069373646854,0,1,0.8,0
"703","t5",-0.760511863890549,0.223474340204285,0,1,0.8,0
"704","t1",0.689094377545663,0.754618061007932,0,1,NA,NA
"704","t2",0.762649232237606,0.777163692490738,0,1,0.8,0
"704","t3",0.699963006990452,0.75802479641463,0,1,0.8,0
"704","t4",-0.247445871800016,0.402281588558174,0,1,0.8,0
"704","t5",-0.795541989007542,0.213149148077041,0,1,0.8,0
"705","t1",0.0886016542259748,0.535300753312185,0,1,NA,NA
"705","t2",-0.638590959816751,0.261544531916003,0,1,0.8,0
"705","t3",-0.309461957424596,0.378485073197311,0,1,0.8,0
"705","t4",-0.754178544591335,0.225371009507376,0,1,0.8,0
"705","t5",-0.145325551563391,0.44222692082058,0,1,0.8,0
"706","t1",-0.0293742256315726,0.488283064449206,0,1,NA,NA
"706","t2",-0.789475889728181,0.2149169580246,0,1,0.8,0
"706","t3",-0.754686954869122,0.225218417791587,0,1,0.8,0
"706","t4",0.626295485722589,0.734439426619911,0,1,0.8,0
"706","t5",0.0404553883067953,0.51613496356203,0,1,0.8,0
"707","t1",0.145441187224364,0.557818726170808,0,1,NA,NA
"707","t2",0.287882495477413,0.613281656726567,0,1,0.8,0
"707","t3",0.776107388586977,0.781157209255161,0,1,0.8,0
"707","t4",0.0347009311038517,0.513840890768801,0,1,0.8,0
"707","t5",-0.459976491693952,0.322766547198764,0,1,0.8,0
"708","t1",1.96871508196861,0.97550709079951,0,1,NA,NA
"708","t2",1.32007120474984,0.906594377158214,0,1,0.8,0
"708","t3",0.728960847190828,0.766987193683819,0,1,0.8,0
"708","t4",0.691618312592004,0.755411470820063,0,1,0.8,0
"708","t5",0.767673553000496,0.778659423902216,0,1,0.8,0
"709","t1",1.80687572410744,0.964609170798212,0,1,NA,NA
"709","t2",2.00211359078517,0.977363741923917,0,1,0.8,0
"709","t3",1.36941257852064,0.91456482771537,0,1,0.8,0
"709","t4",2.52332168138303,0.994187399839717,0,1,0.8,0
"709","t5",2.23448715204331,0.987274481509821,0,1,0.8,0
"710","t1",0.753204154278974,0.774336378322914,0,1,NA,NA
"710","t2",1.20939778720622,0.886744970817068,0,1,0.8,0
"710","t3",1.49750452106303,0.932868984960227,0,1,0.8,0
"710","t4",1.29942712895688,0.90310130675063,0,1,0.8,0
"710","t5",0.739521115783317,0.770204688754993,0,1,0.8,0
"711","t1",-1.17299441953408,0.120399021776393,0,1,NA,NA
"711","t2",-0.765625676885455,0.22194953091448,0,1,0.8,0
"711","t3",-0.888398148021866,0.187163310613843,0,1,0.8,0
"711","t4",-0.182607387093696,0.427553043872973,0,1,0.8,0
"711","t5",-0.033369781301717,0.486689853632004,0,1,0.8,0
"712","t1",0.539078051169351,0.705083500128239,0,1,NA,NA
"712","t2",0.425894511407414,0.664907642754261,0,1,0.8,0
"712","t3",0.42027680116265,0.662858372406078,0,1,0.8,0
"712","t4",0.497689305199923,0.690648476351177,0,1,0.8,0
"712","t5",0.50145959909441,0.691976147856785,0,1,0.8,0
"713","t1",-0.441916434596198,0.329274838790298,0,1,NA,NA
"713","t2",-0.562624085852663,0.286845443670934,0,1,0.8,0
"713","t3",-0.501186898559243,0.308119796961521,0,1,0.8,0
"713","t4",-0.578141919561211,0.28158415370641,0,1,0.8,0
"713","t5",-0.522099140350031,0.300800652497758,0,1,0.8,0
"714","t1",-1.58881806993554,0.0560507362242788,0,1,NA,NA
"714","t2",-0.112593198288244,0.455176538869312,0,1,0.8,0
"714","t3",0.774314728560148,0.780627652066116,0,1,0.8,0
"714","t4",-0.105608554648769,0.457946468542365,0,1,0.8,0
"714","t5",0.689547600564699,0.754760635422288,0,1,0.8,0
"715","t1",0.358056219535047,0.639849379193038,0,1,NA,NA
"715","t2",0.165241779899363,0.565623159183366,0,1,0.8,0
"715","t3",0.693543371137005,0.756015691161092,0,1,0.8,0
"715","t4",0.951653635943003,0.82936366486487,0,1,0.8,0
"715","t5",1.79142311052421,0.963387288469085,0,1,0.8,0
"716","t1",-0.184815059413872,0.426687047816813,0,1,NA,NA
"716","t2",-1.18613515231874,0.117784465185232,0,1,0.8,0
"716","t3",-0.032331543671921,0.487103827067741,0,1,0.8,0
"716","t4",0.196195078289011,0.577771259922118,0,1,0.8,0
"716","t5",-0.0738368410560158,0.470570106048462,0,1,0.8,0
"717","t1",1.74080842747306,0.959141417872161,0,1,NA,NA
"717","t2",1.43037733237103,0.923695624767935,0,1,0.8,0
"717","t3",0.985281895729213,0.837757188500643,0,1,0.8,0
"717","t4",0.784646645495061,0.783669613410012,0,1,0.8,0
"717","t5",1.30143193019451,0.90344467493776,0,1,0.8,0
"718","t1",0.345842924593942,0.635269617894664,0,1,NA,NA
"718","t2",-0.195718734249636,0.42241516009195,0,1,0.8,0
"718","t3",-0.256480016622692,0.398790104465224,0,1,0.8,0
"718","t4",-1.47034226178496,0.0707345402226875,0,1,0.8,0
"718","t5",-1.42514443276148,0.077057727475264,0,1,0.8,0
"719","t1",1.85331937005608,0.968081701779738,0,1,NA,NA
"719","t2",1.74011692567992,0.959080755592217,0,1,0.8,0
"719","t3",1.19143968676476,0.883259489618895,0,1,0.8,0
"719","t4",1.22004604366751,0.888776289569197,0,1,0.8,0
"719","t5",1.04171392559692,0.851227834628986,0,1,0.8,0
"720","t1",-0.156241207393108,0.437921448377892,0,1,NA,NA
"720","t2",0.27368739723687,0.607837568175214,0,1,0.8,0
"720","t3",0.205869180442463,0.581553449896987,0,1,0.8,0
"720","t4",0.501707845067165,0.692063477366304,0,1,0.8,0
"720","t5",-0.304095268512992,0.380527655719193,0,1,0.8,0
"721","t1",1.52054815642581,0.935813367366791,0,1,NA,NA
"721","t2",1.08155364583793,0.860274544396133,0,1,0.8,0
"721","t3",0.159652739053947,0.563422683994521,0,1,0.8,0
"721","t4",0.788296986916709,0.784738495150428,0,1,0.8,0
"721","t5",0.703628678614328,0.75916797664263,0,1,0.8,0
"722","t1",-0.716065829732927,0.236975350882858,0,1,NA,NA
"722","t2",-0.512714861450977,0.304075396206263,0,1,0.8,0
"722","t3",-0.436425632963824,0.331263972288974,0,1,0.8,0
"722","t4",0.386459329503414,0.650421741123153,0,1,0.8,0
"722","t5",0.379568014634091,0.647866946224356,0,1,0.8,0
"723","t1",-0.284493439322111,0.388016130542383,0,1,NA,NA
"723","t2",-0.303253854251421,0.380848205132841,0,1,0.8,0
"723","t3",-0.600476916598793,0.274094220147208,0,1,0.8,0
"723","t4",0.27495899213294,0.608326128040005,0,1,0.8,0
"723","t5",-0.291366573964537,0.385385488078289,0,1,0.8,0
"724","t1",-1.03914922680743,0.149367669830099,0,1,NA,NA
"724","t2",-1.08134221447753,0.139772457928606,0,1,0.8,0
"724","t3",0.0220762408164592,0.508806430530603,0,1,0.8,0
"724","t4",1.09584137284184,0.863425900364619,0,1,0.8,0
"724","t5",-0.0210497695267439,0.491602977057719,0,1,0.8,0
"725","t1",-0.264439499691998,0.395720639033243,0,1,NA,NA
"725","t2",0.276930601418481,0.609083302686994,0,1,0.8,0
"725","t3",-0.215162534891174,0.414820299822412,0,1,0.8,0
"725","t4",-0.832089758024054,0.202679141238194,0,1,0.8,0
"725","t5",-1.14621981014509,0.12585210653281,0,1,0.8,0
"726","t1",-0.48559078626322,0.313628665171564,0,1,NA,NA
"726","t2",0.353116501442097,0.6379994488016,0,1,0.8,0
"726","t3",0.549146551909166,0.70854755976552,0,1,0.8,0
"726","t4",1.10757138523184,0.865976516465998,0,1,0.8,0
"726","t5",1.07766399595973,0.859408134259756,0,1,0.8,0
"727","t1",0.098588533013438,0.539267512504011,0,1,NA,NA
"727","t2",1.37490851090239,0.915420094824336,0,1,0.8,0
"727","t3",1.82568768668781,0.966051340507318,0,1,0.8,0
"727","t4",1.3356281953997,0.909164585202711,0,1,0.8,0
"727","t5",1.46891774815053,0.929072449948446,0,1,0.8,0
"728","t1",-1.32797614324625,0.0920929941348732,0,1,NA,NA
"728","t2",-0.837304087964423,0.201210831002919,0,1,0.8,0
"728","t3",-0.761305550606852,0.223237293011996,0,1,0.8,0
"728","t4",-0.557105136165792,0.28872779927277,0,1,0.8,0
"728","t5",-0.466651745895223,0.320374529324629,0,1,0.8,0
"729","t1",0.646263033883248,0.740945488214493,0,1,NA,NA
"729","t2",0.630450440128691,0.735800040793751,0,1,0.8,0
"729","t3",0.2761989167858,0.608802355415819,0,1,0.8,0
"729","t4",0.23106436724778,0.591367601551241,0,1,0.8,0
"729","t5",-0.232709648186895,0.407993438355751,0,1,0.8,0
"730","t1",-0.334765392163494,0.368901034351438,0,1,NA,NA
"730","t2",-0.113439219822217,0.454841173725837,0,1,0.8,0
"730","t3",-0.408849684943438,0.341324987657243,0,1,0.8,0
"730","t4",-0.122110514876171,0.451405747266758,0,1,0.8,0
"730","t5",0.0420092733553661,0.516754347212031,0,1,0.8,0
"731","t1",-0.127988905971043,0.449078876292333,0,1,NA,NA
"731","t2",-0.66335921930023,0.25355025877468,0,1,0.8,0
"731","t3",-0.25449978812436,0.39955473387837,0,1,0.8,0
"731","t4",0.926697352264878,0.822958153679211,0,1,0.8,0
"731","t5",0.381895628298954,0.648730608456542,0,1,0.8,0
"732","t1",-0.559154953253737,0.288027986651286,0,1,NA,NA
"732","t2",-0.973185922613637,0.165230453024654,0,1,0.8,0
"732","t3",-1.02199162637068,0.153392431817763,0,1,0.8,0
"732","t4",0.443990913394788,0.671475423273372,0,1,0.8,0
"732","t5",0.707489329744594,0.760368779350733,0,1,0.8,0
"733","t1",-0.221927355963981,0.412185217253864,0,1,NA,NA
"733","t2",0.565033644635504,0.713974559936214,0,1,0.8,0
"733","t3",0.743716168826936,0.771475897246129,0,1,0.8,0
"733","t4",1.05020790633045,0.853188732359695,0,1,0.8,0
"733","t5",0.87224572889144,0.80846283123119,0,1,0.8,0
"734","t1",1.3012063852034,0.903406089870259,0,1,NA,NA
"734","t2",1.9697103690996,0.975564213036244,0,1,0.8,0
"734","t3",0.523920635055513,0.699833129095409,0,1,0.8,0
"734","t4",0.0620725297120774,0.524747463542302,0,1,0.8,0
"734","t5",0.465311971210919,0.679145968421507,0,1,0.8,0
"735","t1",0.0679072117282161,0.52707025106065,0,1,NA,NA
"735","t2",0.443256243477844,0.67120979926279,0,1,0.8,0
"735","t3",1.02433952745512,0.847162532950513,0,1,0.8,0
"735","t4",0.97783049207972,0.835920916324465,0,1,0.8,0
"735","t5",0.195260710801235,0.577405573372678,0,1,0.8,0
"736","t1",1.12975765772841,0.870710822753608,0,1,NA,NA
"736","t2",0.232706108577359,0.592005187266051,0,1,0.8,0
"736","t3",-0.0725744782333174,0.471072368284784,0,1,0.8,0
"736","t4",-0.0764231992605899,0.469541206617554,0,1,0.8,0
"736","t5",0.338851884612957,0.632639343633026,0,1,0.8,0
"737","t1",-1.0605131190473,0.144455612404272,0,1,NA,NA
"737","t2",-0.20007435720485,0.420711213935429,0,1,0.8,0
"737","t3",0.234092831917194,0.592543544675006,0,1,0.8,0
"737","t4",0.511447140065767,0.695481003319374,0,1,0.8,0
"737","t5",-0.150734799151617,0.440092460551907,0,1,0.8,0
"738","t1",0.0293878029871571,0.511722349794582,0,1,NA,NA
"738","t2",-0.421744822406943,0.336605642140398,0,1,0.8,0
"738","t3",-0.341643003307099,0.366309785203866,0,1,0.8,0
"738","t4",0.342724227587533,0.634097032784151,0,1,0.8,0
"738","t5",1.04407009675544,0.851773520129629,0,1,0.8,0
"739","t1",-0.720943130090101,0.235472252592444,0,1,NA,NA
"739","t2",-1.65479931370452,0.0489826066291145,0,1,0.8,0
"739","t3",-1.80670729341438,0.0354039649585994,0,1,0.8,0
"739","t4",-2.08682934636773,0.018451781690949,0,1,0.8,0
"739","t5",-2.50443718333825,0.00613231908981799,0,1,0.8,0
"740","t1",2.01897509405512,0.978255095891654,0,1,NA,NA
"740","t2",1.02565802599944,0.847473597089646,0,1,0.8,0
"740","t3",1.84153503778095,0.967228404543323,0,1,0.8,0
"740","t4",0.818182324844242,0.793373456885597,0,1,0.8,0
"740","t5",0.527770954309727,0.701170840421382,0,1,0.8,0
"741","t1",1.08652710148818,0.861377071356401,0,1,NA,NA
"741","t2",0.342496555087728,0.63401138197116,0,1,0.8,0
"741","t3",0.315885875894942,0.623955433575512,0,1,0.8,0
"741","t4",0.631194488912963,0.73604331751475,0,1,0.8,0
"741","t5",0.0160847338511818,0.506416603718525,0,1,0.8,0
"742","t1",-1.05775509286903,0.145083555486053,0,1,NA,NA
"742","t2",-1.29818145843383,0.0971124939875377,0,1,0.8,0
"742","t3",-1.51673444253643,0.0646668723204192,0,1,0.8,0
"742","t4",-1.0569092317108,0.145276507408267,0,1,0.8,0
"742","t5",-1.65071694498638,0.0493981930641748,0,1,0.8,0
"743","t1",0.880080069874173,0.810592032503337,0,1,NA,NA
"743","t2",0.675385639112272,0.750284606473278,0,1,0.8,0
"743","t3",1.10620368912895,0.865680816769385,0,1,0.8,0
"743","t4",-0.630280384278046,0.264255577273883,0,1,0.8,0
"743","t5",-0.651760979500886,0.257277688775419,0,1,0.8,0
"744","t1",-0.91007830867858,0.181390606565401,0,1,NA,NA
"744","t2",-1.66490301306735,0.0479660534992533,0,1,0.8,0
"744","t3",-0.945102004664784,0.172303400994377,0,1,0.8,0
"744","t4",-0.715405185495568,0.237179354612377,0,1,0.8,0
"744","t5",-0.802028119721917,0.211268346208367,0,1,0.8,0
"745","t1",0.120449701143503,0.547936538932845,0,1,NA,NA
"745","t2",0.326380370071062,0.627931706244761,0,1,0.8,0
"745","t3",0.537894945372025,0.704675210881082,0,1,0.8,0
"745","t4",0.941668409781669,0.826818783316488,0,1,0.8,0
"745","t5",-0.144477650349922,0.442561651857989,0,1,0.8,0
"746","t1",-1.46562081337503,0.0713758089113981,0,1,NA,NA
"746","t2",-0.720114368934522,0.235727290608275,0,1,0.8,0
"746","t3",0.360196570942175,0.640649930576935,0,1,0.8,0
"746","t4",-0.273495050893673,0.392236348097606,0,1,0.8,0
"746","t5",-0.417874745893751,0.338019348816032,0,1,0.8,0
"747","t1",-0.206337560208857,0.418263620464131,0,1,NA,NA
"747","t2",-0.231043871836422,0.408640359567128,0,1,0.8,0
"747","t3",-0.287313525751962,0.386936133507977,0,1,0.8,0
"747","t4",-0.0600323067885322,0.476064951992987,0,1,0.8,0
"747","t5",-1.03226313351654,0.150974433281956,0,1,0.8,0
"748","t1",1.11111058746483,0.86673962441273,0,1,NA,NA
"748","t2",0.521593369288697,0.699023259510858,0,1,0.8,0
"748","t3",1.16044551988477,0.877066268615395,0,1,0.8,0
"748","t4",1.66414039068403,0.951957811487064,0,1,0.8,0
"748","t5",2.45699158433629,0.992994701563203,0,1,0.8,0
"749","t1",-1.82287817225524,0.0341609222814441,0,1,NA,NA
"749","t2",-2.35973045607722,0.00914410885157103,0,1,0.8,0
"749","t3",-2.88658470270328,0.00194723952159127,0,1,0.8,0
"749","t4",-3.20856042518303,0.000667006371295522,0,1,0.8,0
"749","t5",-3.08721744356977,0.00101019873364574,0,1,0.8,0
"750","t1",1.27763187957849,0.899310372769833,0,1,NA,NA
"750","t2",1.35536002661754,0.912348560599213,0,1,0.8,0
"750","t3",1.24620321226576,0.893655099969439,0,1,0.8,0
"750","t4",1.34686149909801,0.910987578297424,0,1,0.8,0
"750","t5",0.54683365946244,0.70775349192858,0,1,0.8,0
"751","t1",-0.554167486591323,0.289732113713399,0,1,NA,NA
"751","t2",0.546497915917128,0.707638140042857,0,1,0.8,0
"751","t3",-0.249371946583835,0.401536541598995,0,1,0.8,0
"751","t4",0.262090092065827,0.603374007373869,0,1,0.8,0
"751","t5",-0.180857194609364,0.428239834225906,0,1,0.8,0
"752","t1",-0.555205322154217,0.289377114502713,0,1,NA,NA
"752","t2",0.68201328443598,0.752384724583772,0,1,0.8,0
"752","t3",1.01671777017307,0.845356145145833,0,1,0.8,0
"752","t4",1.65635337416576,0.951174861260766,0,1,0.8,0
"752","t5",1.95936584963345,0.974965021466654,0,1,0.8,0
"753","t1",1.18772491665797,0.882529098074883,0,1,NA,NA
"753","t2",1.76285491387273,0.961037518556255,0,1,0.8,0
"753","t3",0.953078267225629,0.829724791727363,0,1,0.8,0
"753","t4",1.07713858815656,0.859290821981332,0,1,0.8,0
"753","t5",1.44661190080391,0.925997174403453,0,1,0.8,0
"754","t1",0.829183316960295,0.796499658143148,0,1,NA,NA
"754","t2",1.43166355775765,0.92387993473302,0,1,0.8,0
"754","t3",1.36624015720312,0.914068201459182,0,1,0.8,0
"754","t4",0.337089960020885,0.631975457141177,0,1,0.8,0
"754","t5",0.0958264001465008,0.538170775221598,0,1,0.8,0
"755","t1",-1.33747144775111,0.0905343980994076,0,1,NA,NA
"755","t2",-0.853842839627825,0.196596037186443,0,1,0.8,0
"755","t3",-0.870373310327322,0.19204821370093,0,1,0.8,0
"755","t4",-0.588461768989278,0.278111193943485,0,1,0.8,0
"755","t5",-0.305721050315494,0.379908522192883,0,1,0.8,0
"756","t1",-0.541365952501208,0.294127685017884,0,1,NA,NA
"756","t2",-1.47794143491907,0.0697117272599663,0,1,0.8,0
"756","t3",-1.66293462694542,0.0481627610459266,0,1,0.8,0
"756","t4",-1.27349235775625,0.101421691355831,0,1,0.8,0
"756","t5",-1.94029913659102,0.026171673128518,0,1,0.8,0
"757","t1",0.07371067262854,0.529379696818069,0,1,NA,NA
"757","t2",0.176353265688928,0.569991791131481,0,1,0.8,0
"757","t3",-0.205255146746734,0.418686392818383,0,1,0.8,0
"757","t4",0.201287606097367,0.579763153430538,0,1,0.8,0
"757","t5",0.576669419069448,0.717918602715607,0,1,0.8,0
"758","t1",1.27274244757748,0.898445275146514,0,1,NA,NA
"758","t2",1.60611223121207,0.945875373532152,0,1,0.8,0
"758","t3",1.85311275303615,0.968066900353847,0,1,0.8,0
"758","t4",2.11008571386666,0.98257451320346,0,1,0.8,0
"758","t5",1.22701738883303,0.890091972332737,0,1,0.8,0
"759","t1",0.382411757127188,0.648922014515847,0,1,NA,NA
"759","t2",1.28374223910807,0.900383920076394,0,1,0.8,0
"759","t3",1.40647046033287,0.920207764866088,0,1,0.8,0
"759","t4",-0.045303003987439,0.481932896531444,0,1,0.8,0
"759","t5",-0.916629842599671,0.179668320449922,0,1,0.8,0
"760","t1",-0.333512994523385,0.3693735410925,0,1,NA,NA
"760","t2",-0.268059277336514,0.394326845499251,0,1,0.8,0
"760","t3",-0.118429806722471,0.452863554805732,0,1,0.8,0
"760","t4",0.159155396402706,0.56322677781749,0,1,0.8,0
"760","t5",-0.428857918020344,0.334013313268775,0,1,0.8,0
"761","t1",-0.515528949830849,0.303091722540557,0,1,NA,NA
"761","t2",-0.132322668931573,0.447364538907205,0,1,0.8,0
"761","t3",-0.314931913193932,0.376406675188757,0,1,0.8,0
"761","t4",0.814104739182483,0.792207524419746,0,1,0.8,0
"761","t5",1.22576879330698,0.889857153072685,0,1,0.8,0
"762","t1",0.636913596804606,0.737909437157214,0,1,NA,NA
"762","t2",-0.183476685722918,0.427212005174527,0,1,0.8,0
"762","t3",-0.0150974344283113,0.49397722387959,0,1,0.8,0
"762","t4",-0.560072485088906,0.28771499861646,0,1,0.8,0
"762","t5",-0.227775678404779,0.409910317768429,0,1,0.8,0
"763","t1",-0.464932558171729,0.32098987698555,0,1,NA,NA
"763","t2",-0.572304421871208,0.28355787727684,0,1,0.8,0
"763","t3",0.358655702661654,0.640073664690961,0,1,0.8,0
"763","t4",1.05775584670712,0.854916616397247,0,1,0.8,0
"763","t5",0.522524176195064,0.699347290971121,0,1,0.8,0
"764","t1",-0.135609402805178,0.446065035881475,0,1,NA,NA
"764","t2",-1.19345050006214,0.116346493626704,0,1,0.8,0
"764","t3",-2.18426372078662,0.0144714374988202,0,1,0.8,0
"764","t4",-2.28419547562211,0.0111800226780091,0,1,0.8,0
"764","t5",-2.23615283925944,0.0126708806193614,0,1,0.8,0
"765","t1",-0.966303906856011,0.166946065844968,0,1,NA,NA
"765","t2",-0.275020340929879,0.39165030543272,0,1,0.8,0
"765","t3",-0.759743908708868,0.223703838505857,0,1,0.8,0
"765","t4",-0.883783466245681,0.188406556647441,0,1,0.8,0
"765","t5",-0.15422035021258,0.438717998496223,0,1,0.8,0
"766","t1",-1.06411443137721,0.143638432025909,0,1,NA,NA
"766","t2",-0.321203840846197,0.374027960834792,0,1,0.8,0
"766","t3",-0.451091078288288,0.325961953776797,0,1,0.8,0
"766","t4",-0.384749170854948,0.35021163058486,0,1,0.8,0
"766","t5",-0.763899355308678,0.222463610829382,0,1,0.8,0
"767","t1",0.774401487629121,0.780653297901154,0,1,NA,NA
"767","t2",1.38335144322475,0.916721434272597,0,1,0.8,0
"767","t3",0.221870193367004,0.587792532752579,0,1,0.8,0
"767","t4",-0.538265633056263,0.295196836996476,0,1,0.8,0
"767","t5",-0.0749839372340039,0.470113746069943,0,1,0.8,0
"768","t1",0.478266298776781,0.683769660070539,0,1,NA,NA
"768","t2",1.15079039405106,0.875090761194498,0,1,0.8,0
"768","t3",1.22701584802677,0.890091682779933,0,1,0.8,0
"768","t4",0.716654534266614,0.763206356920666,0,1,0.8,0
"768","t5",1.21333557331996,0.887499226261277,0,1,0.8,0
"769","t1",0.25289672578904,0.599825990153477,0,1,NA,NA
"769","t2",0.439671937703741,0.669912634965607,0,1,0.8,0
"769","t3",0.487320080469724,0.686984240202361,0,1,0.8,0
"769","t4",-0.0343772950115063,0.486288144362127,0,1,0.8,0
"769","t5",-0.212185156765557,0.415981293140887,0,1,0.8,0
"770","t1",-0.0461932430987656,0.481578113976866,0,1,NA,NA
"770","t2",0.825852424911098,0.795556094480554,0,1,0.8,0
"770","t3",0.893621976747717,0.814237908106171,0,1,0.8,0
"770","t4",0.944982457066295,0.827666083843971,0,1,0.8,0
"770","t5",0.736019859850201,0.769140694139958,0,1,0.8,0
"771","t1",1.34632804108943,0.910901626804844,0,1,NA,NA
"771","t2",0.513808969121498,0.696307221727948,0,1,0.8,0
"771","t3",0.873298640399276,0.808749839286631,0,1,0.8,0
"771","t4",1.83158507975073,0.966493369304044,0,1,0.8,0
"771","t5",1.6550048486453,0.951038242810447,0,1,0.8,0
"772","t1",-1.67200274165641,0.0472618907224387,0,1,NA,NA
"772","t2",-1.38663792331234,0.0827760991462669,0,1,0.8,0
"772","t3",-0.40988539910771,0.340945008265538,0,1,0.8,0
"772","t4",-1.71834195242382,0.0428671307408721,0,1,0.8,0
"772","t5",-1.64345722374099,0.0501441844161854,0,1,0.8,0
"773","t1",-0.162703429405192,0.435375973349437,0,1,NA,NA
"773","t2",0.523828164558901,0.699800968919592,0,1,0.8,0
"773","t3",-0.141666909729835,0.443671556740458,0,1,0.8,0
"773","t4",-0.511525540566157,0.304491554462412,0,1,0.8,0
"773","t5",-0.274634230474199,0.391798632526129,0,1,0.8,0
"774","t1",-0.760422432706468,0.223501059226692,0,1,NA,NA
"774","t2",-1.37410433679634,0.0847046466426908,0,1,0.8,0
"774","t3",-1.13394003964753,0.128409850139378,0,1,0.8,0
"774","t4",-0.949668440252054,0.171140375331421,0,1,0.8,0
"774","t5",-0.848383165503966,0.198112307466949,0,1,0.8,0
"775","t1",0.0113678392604462,0.504535014042631,0,1,NA,NA
"775","t2",0.167679708985834,0.566582369979638,0,1,0.8,0
"775","t3",-0.767906191587421,0.221271459358954,0,1,0.8,0
"775","t4",-0.965542448960255,0.167136592584932,0,1,0.8,0
"775","t5",-0.136927236485086,0.445544154998473,0,1,0.8,0
"776","t1",-0.310943866991292,0.377921647625044,0,1,NA,NA
"776","t2",-0.697250164689495,0.242823124959839,0,1,0.8,0
"776","t3",0.149736164657761,0.559513612722695,0,1,0.8,0
"776","t4",-0.304058200977193,0.380541775428961,0,1,0.8,0
"776","t5",-1.33673847820575,0.0906540086192876,0,1,0.8,0
"777","t1",0.367044705516802,0.643207164248452,0,1,NA,NA
"777","t2",0.667438185500178,0.747753859209206,0,1,0.8,0
"777","t3",0.998925591978477,0.841084631121406,0,1,0.8,0
"777","t4",0.4847632877904,0.686077866322584,0,1,0.8,0
"777","t5",-0.16968297241572,0.432629732956525,0,1,0.8,0
"778","t1",-0.916049154397339,0.179820557124913,0,1,NA,NA
"778","t2",-0.604668670943588,0.27269958427324,0,1,0.8,0
"778","t3",-1.37304014508701,0.0848699334167216,0,1,0.8,0
"778","t4",-1.20909420664253,0.113313327344103,0,1,0.8,0
"778","t5",-0.873698565574616,0.19114121616432,0,1,0.8,0
"779","t1",-0.312894429938124,0.377180434763432,0,1,NA,NA
"779","t2",-0.342704321584851,0.365910455624099,0,1,0.8,0
"779","t3",-0.57789384190094,0.281667896571428,0,1,0.8,0
"779","t4",-0.393917543323632,0.346820958862486,0,1,0.8,0
"779","t5",-1.21034387790311,0.113073483701829,0,1,0.8,0
"780","t1",0.250756478491173,0.598998804111034,0,1,NA,NA
"780","t2",-0.0416820662637928,0.48337607529184,0,1,0.8,0
"780","t3",0.0296998692708388,0.511846791908154,0,1,0.8,0
"780","t4",-0.659767864914336,0.254701404123329,0,1,0.8,0
"780","t5",-1.47620257929417,0.0699447586690907,0,1,0.8,0
"781","t1",-1.38814201258832,0.0825469028204679,0,1,NA,NA
"781","t2",-0.753795991620728,0.225485865624877,0,1,0.8,0
"781","t3",-0.981495664711786,0.163174185624315,0,1,0.8,0
"781","t4",-1.14269750577332,0.126582102874334,0,1,0.8,0
"781","t5",-0.871205222300658,0.191821054494717,0,1,0.8,0
"782","t1",0.777861051974366,0.781674534315243,0,1,NA,NA
"782","t2",0.171205134545108,0.567968764839224,0,1,0.8,0
"782","t3",-0.232037761346185,0.4082543423794,0,1,0.8,0
"782","t4",0.299715333717417,0.617802849302779,0,1,0.8,0
"782","t5",0.085007221999955,0.533872175415462,0,1,0.8,0
"783","t1",-0.410193734292057,0.340831918409094,0,1,NA,NA
"783","t2",-1.47098079202646,0.0706481557572989,0,1,0.8,0
"783","t3",-0.795704643427177,0.213101863647271,0,1,0.8,0
"783","t4",-1.26763678630701,0.102463844361611,0,1,0.8,0
"783","t5",-0.639169741519155,0.261356257080069,0,1,0.8,0
"784","t1",-0.642931717474446,0.260134203825146,0,1,NA,NA
"784","t2",-0.0670210482219139,0.473282473407175,0,1,0.8,0
"784","t3",0.525875276546865,0.700512566082242,0,1,0.8,0
"784","t4",-0.0910830367255865,0.463713305670988,0,1,0.8,0
"784","t5",-0.541935449950455,0.29393148727947,0,1,0.8,0
"785","t1",-3.67328827561145,0.000119724543765187,0,1,NA,NA
"785","t2",-3.73168417314741,9.51019371614331e-05,0,1,0.8,0
"785","t3",-2.82885109953813,0.00233577141327553,0,1,0.8,0
"785","t4",-1.29525235201649,0.0976165951780501,0,1,0.8,0
"785","t5",-1.13345541577985,0.128511526950062,0,1,0.8,0
"786","t1",0.227672041466461,0.590049395337701,0,1,NA,NA
"786","t2",0.239720354080593,0.594726472656933,0,1,0.8,0
"786","t3",0.348300355780626,0.636192686660308,0,1,0.8,0
"786","t4",0.522020067765444,0.699171820853672,0,1,0.8,0
"786","t5",0.13381371898789,0.553225060709152,0,1,0.8,0
"787","t1",-2.21114949648232,0.0135127431713045,0,1,NA,NA
"787","t2",-2.04193675401919,0.0205789026923754,0,1,0.8,0
"787","t3",-0.715105098029085,0.237272052018722,0,1,0.8,0
"787","t4",0.535977634176995,0.704012995976583,0,1,0.8,0
"787","t5",-0.319210968617872,0.374783269984456,0,1,0.8,0
"788","t1",-0.0783211541860279,0.468786295270547,0,1,NA,NA
"788","t2",0.0622914324900249,0.524834624444437,0,1,0.8,0
"788","t3",-0.232695747817441,0.407998835670781,0,1,0.8,0
"788","t4",-0.18932355769164,0.424919616412925,0,1,0.8,0
"788","t5",-0.395585235581398,0.346205515386325,0,1,0.8,0
"789","t1",0.925415333429203,0.822625047061592,0,1,NA,NA
"789","t2",1.22430383887502,0.889581185342241,0,1,0.8,0
"789","t3",1.47860840341572,0.930377497263971,0,1,0.8,0
"789","t4",1.69302315597256,0.954774470167322,0,1,0.8,0
"789","t5",0.567017950753755,0.714649007089346,0,1,0.8,0
"790","t1",0.056050006008494,0.522349014645442,0,1,NA,NA
"790","t2",0.792370579270622,0.785927685521701,0,1,0.8,0
"790","t3",1.47414249462873,0.929778385465706,0,1,0.8,0
"790","t4",2.05689529059344,0.980151850453896,0,1,0.8,0
"790","t5",0.732647149556997,0.768113167018324,0,1,0.8,0
"791","t1",0.816000288656103,0.792750014690682,0,1,NA,NA
"791","t2",1.38856803740011,0.917517928849907,0,1,0.8,0
"791","t3",1.32211011321667,0.906934256680849,0,1,0.8,0
"791","t4",0.577556797226709,0.718218308986932,0,1,0.8,0
"791","t5",-0.341111332731762,0.366509885025304,0,1,0.8,0
"792","t1",0.87100163541626,0.808123369934037,0,1,NA,NA
"792","t2",1.6256627958062,0.947989295683892,0,1,0.8,0
"792","t3",1.54143529393818,0.938394560132096,0,1,0.8,0
"792","t4",0.681710713937616,0.752289054286729,0,1,0.8,0
"792","t5",1.65698241059018,0.951238484347676,0,1,0.8,0
"793","t1",-0.801816809998259,0.211329466663301,0,1,NA,NA
"793","t2",0.210873698093619,0.583507085746965,0,1,0.8,0
"793","t3",0.118989242241316,0.547358060661769,0,1,0.8,0
"793","t4",0.853744998414735,0.803376852199099,0,1,0.8,0
"793","t5",0.937990777584112,0.825875425205266,0,1,0.8,0
"794","t1",0.869921444454525,0.807828332297504,0,1,NA,NA
"794","t2",1.47922607696716,0.930460048857004,0,1,0.8,0
"794","t3",0.0861732383657832,0.53433564787719,0,1,0.8,0
"794","t4",1.01086919949356,0.843960481275841,0,1,0.8,0
"794","t5",0.748320869775933,0.772866680369418,0,1,0.8,0
"795","t1",0.314991828038258,0.623616070719436,0,1,NA,NA
"795","t2",0.457983267531277,0.676517768707257,0,1,0.8,0
"795","t3",-0.107072159751779,0.457365866736158,0,1,0.8,0
"795","t4",0.522702765803102,0.699409443376927,0,1,0.8,0
"795","t5",0.445125297644952,0.671885396042617,0,1,0.8,0
"796","t1",-1.5313192150373,0.0628452594392002,0,1,NA,NA
"796","t2",-0.192093099183201,0.423834640154042,0,1,0.8,0
"796","t3",0.0144919001129992,0.505781229320079,0,1,0.8,0
"796","t4",0.207248548754142,0.582092123074239,0,1,0.8,0
"796","t5",-0.0329419097386789,0.486860455889613,0,1,0.8,0
"797","t1",0.261484575559851,0.603140578605235,0,1,NA,NA
"797","t2",-0.205510028402636,0.418586831889882,0,1,0.8,0
"797","t3",-0.0743896197690816,0.470350184071582,0,1,0.8,0
"797","t4",-0.0802983549031668,0.467999983293937,0,1,0.8,0
"797","t5",0.339438820287236,0.632860410870901,0,1,0.8,0
"798","t1",-0.267370122588775,0.39459210052155,0,1,NA,NA
"798","t2",-0.757190764104179,0.224467791344672,0,1,0.8,0
"798","t3",-0.293552240358602,0.384550037595911,0,1,0.8,0
"798","t4",-1.26552369871931,0.102841829278506,0,1,0.8,0
"798","t5",-1.90762481062439,0.0282198630296545,0,1,0.8,0
"799","t1",0.254539834898187,0.600460733287036,0,1,NA,NA
"799","t2",-0.405658767690932,0.342496671066357,0,1,0.8,0
"799","t3",-0.972838633807744,0.165316754073126,0,1,0.8,0
"799","t4",-0.848570055053256,0.198060287741399,0,1,0.8,0
"799","t5",-1.99660424230223,0.0229340958250193,0,1,0.8,0
"800","t1",0.350225567950315,0.636915290029719,0,1,NA,NA
"800","t2",-0.295017192123893,0.383990373243015,0,1,0.8,0
"800","t3",-0.0921827662255583,0.463276415149002,0,1,0.8,0
"800","t4",-0.301915121580849,0.381358384002978,0,1,0.8,0
"800","t5",0.220800544399257,0.58737613016337,0,1,0.8,0
"801","t1",1.93539966684542,0.973529364913702,0,1,NA,NA
"801","t2",2.39763345048811,0.991749315568796,0,1,0.8,0
"801","t3",2.78428080884727,0.997317671657027,0,1,0.8,0
"801","t4",1.96095737326637,0.975058002180285,0,1,0.8,0
"801","t5",1.59878440347649,0.945065742143677,0,1,0.8,0
"802","t1",0.391570384781918,0.652312163263559,0,1,NA,NA
"802","t2",-0.400385452480737,0.344436318696512,0,1,0.8,0
"802","t3",0.692497744412783,0.755687599042901,0,1,0.8,0
"802","t4",-0.144629221612215,0.442501812146609,0,1,0.8,0
"802","t5",-0.00149342269382804,0.499404210766387,0,1,0.8,0
"803","t1",1.50458643259686,0.933784781722352,0,1,NA,NA
"803","t2",1.85479639716062,0.968187346630468,0,1,0.8,0
"803","t3",1.71913350049887,0.957204966981092,0,1,0.8,0
"803","t4",0.670331801277314,0.748676850537998,0,1,0.8,0
"803","t5",0.271210140722951,0.606885292996164,0,1,0.8,0
"804","t1",0.570486935480123,0.715826259693131,0,1,NA,NA
"804","t2",0.103619910172978,0.541264506657526,0,1,0.8,0
"804","t3",0.424787777836113,0.664504305888589,0,1,0.8,0
"804","t4",0.149902049919526,0.559579052804241,0,1,0.8,0
"804","t5",0.348276146019789,0.636183596750318,0,1,0.8,0
"805","t1",0.120050441356959,0.547778404783458,0,1,NA,NA
"805","t2",0.241842653238544,0.595548956395932,0,1,0.8,0
"805","t3",-0.0543443644769275,0.47833040200644,0,1,0.8,0
"805","t4",0.846563248392844,0.801380696973458,0,1,0.8,0
"805","t5",1.4345975081779,0.924299087454003,0,1,0.8,0
"806","t1",0.640159028620906,0.738965391879901,0,1,NA,NA
"806","t2",1.44770057275914,0.926149595151601,0,1,0.8,0
"806","t3",0.127729024014762,0.550818289812297,0,1,0.8,0
"806","t4",0.537536019090459,0.704551294187158,0,1,0.8,0
"806","t5",-0.747987666289615,0.227233798498282,0,1,0.8,0
"807","t1",0.364977244010033,0.642435803543776,0,1,NA,NA
"807","t2",-0.0237777184874285,0.490514956547784,0,1,0.8,0
"807","t3",0.676647334846484,0.750685130678179,0,1,0.8,0
"807","t4",0.558061665691417,0.711598861902623,0,1,0.8,0
"807","t5",0.506258093244664,0.693662261114182,0,1,0.8,0
"808","t1",0.847283408777945,0.801581413950771,0,1,NA,NA
"808","t2",0.0811698820930313,0.532346574465905,0,1,0.8,0
"808","t3",0.441871252139989,0.670708812724305,0,1,0.8,0
"808","t4",1.77751871658937,0.962258532919399,0,1,0.8,0
"808","t5",0.627653482287941,0.734884517593936,0,1,0.8,0
"809","t1",-1.2618556790563,0.103500361321494,0,1,NA,NA
"809","t2",-1.67054457634335,0.0474058338240234,0,1,0.8,0
"809","t3",-0.780146603001801,0.217652294051861,0,1,0.8,0
"809","t4",-0.340241362516372,0.366837385736899,0,1,0.8,0
"809","t5",0.423042708325197,0.663867949373736,0,1,0.8,0
"810","t1",0.763748750545773,0.777491508517414,0,1,NA,NA
"810","t2",0.874043239226836,0.808952646652648,0,1,0.8,0
"810","t3",1.63870835184637,0.949362993081899,0,1,0.8,0
"810","t4",1.75871511870894,0.960687045925171,0,1,0.8,0
"810","t5",1.04092553476726,0.851044945151475,0,1,0.8,0
"811","t1",0.806034994345942,0.789888664148748,0,1,NA,NA
"811","t2",-0.255077075401688,0.399331784909768,0,1,0.8,0
"811","t3",-0.404976222115962,0.342747494594336,0,1,0.8,0
"811","t4",0.31482556421362,0.623552949717236,0,1,0.8,0
"811","t5",-0.50920012986941,0.305305976035153,0,1,0.8,0
"812","t1",-0.528273518518589,0.298654754413292,0,1,NA,NA
"812","t2",-0.423126926944605,0.336101328684492,0,1,0.8,0
"812","t3",0.0463158280126886,0.518470738041237,0,1,0.8,0
"812","t4",-0.290928383543128,0.385553046420153,0,1,0.8,0
"812","t5",0.431720010046506,0.667027538855049,0,1,0.8,0
"813","t1",1.53787260714124,0.93796011689119,0,1,NA,NA
"813","t2",1.18969748417679,0.882917342715106,0,1,0.8,0
"813","t3",2.62083335151608,0.995614243603241,0,1,0.8,0
"813","t4",2.65162653418635,0.995994745422492,0,1,0.8,0
"813","t5",1.83719857023461,0.966909706659748,0,1,0.8,0
"814","t1",0.500257978467066,0.691553280688822,0,1,NA,NA
"814","t2",0.767538045475882,0.778619159035062,0,1,0.8,0
"814","t3",0.591769773863394,0.722997616877256,0,1,0.8,0
"814","t4",0.740917209518748,0.770628179920199,0,1,0.8,0
"814","t5",-0.240305012028771,0.405046904901073,0,1,0.8,0
"815","t1",-0.428560423532915,0.334121576044708,0,1,NA,NA
"815","t2",-0.96428388405183,0.167451809222913,0,1,0.8,0
"815","t3",-0.58317013635342,0.279889386374828,0,1,0.8,0
"815","t4",-0.669519079601404,0.25158220697958,0,1,0.8,0
"815","t5",0.13834737845398,0.555017058552209,0,1,0.8,0
"816","t1",0.121926347407303,0.548521325457841,0,1,NA,NA
"816","t2",0.169357003579425,0.567242079454243,0,1,0.8,0
"816","t3",0.307680027797701,0.62083709075948,0,1,0.8,0
"816","t4",0.989949624061976,0.838900628789,0,1,0.8,0
"816","t5",0.583304866783218,0.720155956563092,0,1,0.8,0
"817","t1",1.09298962338749,0.86280082212761,0,1,NA,NA
"817","t2",-0.228724657258431,0.409541464515183,0,1,0.8,0
"817","t3",0.404605809405599,0.65711635619845,0,1,0.8,0
"817","t4",-0.0090675650125628,0.49638261450695,0,1,0.8,0
"817","t5",-0.194809839412628,0.422770909566325,0,1,0.8,0
"818","t1",0.934645525732255,0.825014495523646,0,1,NA,NA
"818","t2",1.77055948314492,0.961683007701793,0,1,0.8,0
"818","t3",1.2579413153562,0.89579350977998,0,1,0.8,0
"818","t4",0.445593883292112,0.672054685120466,0,1,0.8,0
"818","t5",0.11952986489049,0.547572209560933,0,1,0.8,0
"819","t1",-0.363796071734081,0.358005148125812,0,1,NA,NA
"819","t2",0.0376254452482929,0.515006840045756,0,1,0.8,0
"819","t3",0.487528847122036,0.687058197457538,0,1,0.8,0
"819","t4",1.24339116085195,0.893138137041149,0,1,0.8,0
"819","t5",0.833725374778889,0.797782122120953,0,1,0.8,0
"820","t1",0.700868440429398,0.758307439275086,0,1,NA,NA
"820","t2",-0.143663496326055,0.442883098910539,0,1,0.8,0
"820","t3",-1.0159801757093,0.154819413476342,0,1,0.8,0
"820","t4",-0.347965677531582,0.3639329799919,0,1,0.8,0
"820","t5",-0.258362345826963,0.398063636981852,0,1,0.8,0
"821","t1",0.625236974302456,0.734092230908573,0,1,NA,NA
"821","t2",0.44555626468653,0.67204109569908,0,1,0.8,0
"821","t3",-0.156998976357107,0.437622827423168,0,1,0.8,0
"821","t4",-0.111950962812719,0.45543114403123,0,1,0.8,0
"821","t5",-0.0210647693120586,0.491596994335702,0,1,0.8,0
"822","t1",0.855277982029996,0.803801363101229,0,1,NA,NA
"822","t2",1.48962847739458,0.931839025019193,0,1,0.8,0
"822","t3",0.432759448476317,0.667405231861491,0,1,0.8,0
"822","t4",0.300353814279483,0.618046355479942,0,1,0.8,0
"822","t5",1.63519256439437,0.948995656797045,0,1,0.8,0
"823","t1",-1.64739615920749,0.0497383221518248,0,1,NA,NA
"823","t2",-1.83072053694937,0.0335711330713006,0,1,0.8,0
"823","t3",-1.79402510981479,0.0364045805473554,0,1,0.8,0
"823","t4",-2.26585311436433,0.0117301890447252,0,1,0.8,0
"823","t5",-2.12478165055691,0.0168024183160281,0,1,0.8,0
"824","t1",-1.1242125998943,0.130461422726512,0,1,NA,NA
"824","t2",-1.75429369181987,0.039690098064902,0,1,0.8,0
"824","t3",-2.47650962227227,0.00663370243552743,0,1,0.8,0
"824","t4",-2.66109295078207,0.0038943726123795,0,1,0.8,0
"824","t5",-1.27530162799859,0.101101250870436,0,1,0.8,0
"825","t1",-1.24258703825305,0.1070100243669,0,1,NA,NA
"825","t2",-0.459365776306513,0.322985760167032,0,1,0.8,0
"825","t3",0.0456869328498459,0.518220110495162,0,1,0.8,0
"825","t4",-0.115989767119881,0.453830325855291,0,1,0.8,0
"825","t5",-0.516152020198245,0.302874118906905,0,1,0.8,0
"826","t1",1.06737607291291,0.857098975684494,0,1,NA,NA
"826","t2",-0.121218409777574,0.451759021373729,0,1,0.8,0
"826","t3",0.513492077922061,0.696196424525084,0,1,0.8,0
"826","t4",-0.432779894477733,0.332587340529489,0,1,0.8,0
"826","t5",-0.0604542143487145,0.475896940384942,0,1,0.8,0
"827","t1",0.717323698083753,0.763412805972621,0,1,NA,NA
"827","t2",1.39190397121155,0.918024260428356,0,1,0.8,0
"827","t3",0.538670035821028,0.704942723612719,0,1,0.8,0
"827","t4",1.17169685615443,0.879340607153273,0,1,0.8,0
"827","t5",1.44088485808696,0.925191392730619,0,1,0.8,0
"828","t1",0.695183407228337,0.756529815262184,0,1,NA,NA
"828","t2",1.11821978183424,0.868263431198705,0,1,0.8,0
"828","t3",0.22858793671764,0.590405399275216,0,1,0.8,0
"828","t4",0.969608675659576,0.83387920657967,0,1,0.8,0
"828","t5",0.391436524148541,0.652262700348502,0,1,0.8,0
"829","t1",0.874919263755933,0.809191081672907,0,1,NA,NA
"829","t2",1.54714031855854,0.939085293239735,0,1,0.8,0
"829","t3",0.771739369703485,0.779865596014573,0,1,0.8,0
"829","t4",1.56134821266436,0.940779193113955,0,1,0.8,0
"829","t5",0.637243883983246,0.738017001512007,0,1,0.8,0
"830","t1",0.796004549426438,0.78698530443944,0,1,NA,NA
"830","t2",1.37338050001863,0.915182955677845,0,1,0.8,0
"830","t3",1.12133193298895,0.868926701127347,0,1,0.8,0
"830","t4",0.225225860978212,0.589098213958406,0,1,0.8,0
"830","t5",0.112439305778484,0.544762454297189,0,1,0.8,0
"831","t1",-1.08210839747057,0.139602182433009,0,1,NA,NA
"831","t2",-1.14512650149753,0.12607837944038,0,1,0.8,0
"831","t3",-0.576710100697947,0.282067653969319,0,1,0.8,0
"831","t4",-0.914407179381489,0.180251465389402,0,1,0.8,0
"831","t5",-1.73905863973377,0.0410122244230855,0,1,0.8,0
"832","t1",0.122329808113438,0.548681087093428,0,1,NA,NA
"832","t2",1.29627143308296,0.902559006570737,0,1,0.8,0
"832","t3",1.82521532797139,0.966015729186956,0,1,0.8,0
"832","t4",1.82691350775657,0.966143612516463,0,1,0.8,0
"832","t5",1.72306846610104,0.957561927739272,0,1,0.8,0
"833","t1",1.0632230511197,0.85615959437564,0,1,NA,NA
"833","t2",-0.275107783211419,0.391616716041368,0,1,0.8,0
"833","t3",-0.56299023134271,0.286720767931501,0,1,0.8,0
"833","t4",0.481380792808652,0.684877057437358,0,1,0.8,0
"833","t5",0.623633035169067,0.733565694908854,0,1,0.8,0
"834","t1",0.293396973316825,0.615390630671754,0,1,NA,NA
"834","t2",0.380806476284889,0.648326573332162,0,1,0.8,0
"834","t3",0.129481920991891,0.551511835259591,0,1,0.8,0
"834","t4",-0.316097147356552,0.37596438595185,0,1,0.8,0
"834","t5",-0.823887863959211,0.205001638379875,0,1,0.8,0
"835","t1",-1.36000895291165,0.0869135453831404,0,1,NA,NA
"835","t2",-0.511536936819579,0.304487565568342,0,1,0.8,0
"835","t3",0.767797420738652,0.778696226445222,0,1,0.8,0
"835","t4",0.0369596899477423,0.514741426736915,0,1,0.8,0
"835","t5",0.109512601901686,0.543602036493121,0,1,0.8,0
"836","t1",-0.517758135509055,0.302313515450805,0,1,NA,NA
"836","t2",-1.25786876429819,0.104219610898357,0,1,0.8,0
"836","t3",-0.173054778160678,0.43130418517833,0,1,0.8,0
"836","t4",0.214542634547098,0.584938038344565,0,1,0.8,0
"836","t5",-0.447909437992647,0.327109278344676,0,1,0.8,0
"837","t1",0.304965370473604,0.619803736452013,0,1,NA,NA
"837","t2",-0.256045131099178,0.398957994471121,0,1,0.8,0
"837","t3",0.100265066898962,0.539933054862101,0,1,0.8,0
"837","t4",-0.144303122879185,0.442630556209185,0,1,0.8,0
"837","t5",0.588055761150736,0.721752567186651,0,1,0.8,0
"838","t1",2.36309401939553,0.990938464412466,0,1,NA,NA
"838","t2",1.62107095675622,0.947498789060001,0,1,0.8,0
"838","t3",0.848104542930587,0.801810124086323,0,1,0.8,0
"838","t4",0.747452317963814,0.772604712590435,0,1,0.8,0
"838","t5",0.00846044490204616,0.503375188916872,0,1,0.8,0
"839","t1",0.23177519929551,0.591643689665943,0,1,NA,NA
"839","t2",0.640046552566992,0.738928832564534,0,1,0.8,0
"839","t3",1.03657773231885,0.850033652278909,0,1,0.8,0
"839","t4",2.2474082323723,0.987693025314488,0,1,0.8,0
"839","t5",1.66542125258552,0.952085628861985,0,1,0.8,0
"840","t1",0.948432852363403,0.828545429278165,0,1,NA,NA
"840","t2",0.723600718212457,0.765344549827338,0,1,0.8,0
"840","t3",0.26061099870849,0.602803746510751,0,1,0.8,0
"840","t4",0.0456580056113556,0.518208582226782,0,1,0.8,0
"840","t5",-0.134256317109803,0.446599947169848,0,1,0.8,0
"841","t1",-0.276972048005029,0.390900784637779,0,1,NA,NA
"841","t2",-0.315471867947242,0.376201703741898,0,1,0.8,0
"841","t3",-0.976709341700028,0.164356534520184,0,1,0.8,0
"841","t4",-0.630293568517311,0.264251265054319,0,1,0.8,0
"841","t5",-0.49995554182728,0.308553191081056,0,1,0.8,0
"842","t1",0.92943017037097,0.823666900862008,0,1,NA,NA
"842","t2",1.09523267527797,0.86329264300174,0,1,0.8,0
"842","t3",-0.00244647056413422,0.499024000427804,0,1,0.8,0
"842","t4",-0.249803592063916,0.401369620867907,0,1,0.8,0
"842","t5",0.257577107052078,0.601633350203769,0,1,0.8,0
"843","t1",0.659844508467203,0.745323191164061,0,1,NA,NA
"843","t2",0.165847638944682,0.565861572618025,0,1,0.8,0
"843","t3",0.438740234645251,0.669575115021679,0,1,0.8,0
"843","t4",-0.764182730128197,0.222379178314076,0,1,0.8,0
"843","t5",-0.533406479109223,0.296876116717083,0,1,0.8,0
"844","t1",-0.965739238659979,0.167087339796126,0,1,NA,NA
"844","t2",-0.551578961342724,0.290618426980302,0,1,0.8,0
"844","t3",-0.875148037839167,0.190746681026887,0,1,0.8,0
"844","t4",-0.675980418254312,0.249526538847189,0,1,0.8,0
"844","t5",-0.124260828480519,0.450554380605411,0,1,0.8,0
"845","t1",0.0792025574115566,0.531564244767651,0,1,NA,NA
"845","t2",1.40150722360454,0.919468775521229,0,1,0.8,0
"845","t3",2.05545212937285,0.980082322571156,0,1,0.8,0
"845","t4",2.17215335804666,0.98507795128539,0,1,0.8,0
"845","t5",2.87479048020692,0.997978521573391,0,1,0.8,0
"846","t1",0.0530716717762333,0.521162598859519,0,1,NA,NA
"846","t2",-0.811705110736659,0.208480430537737,0,1,0.8,0
"846","t3",-0.449187290691494,0.326648277459071,0,1,0.8,0
"846","t4",-0.228193617661759,0.409747861464979,0,1,0.8,0
"846","t5",-0.0178194097204613,0.492891460250088,0,1,0.8,0
"847","t1",1.1053060968174,0.865486511494964,0,1,NA,NA
"847","t2",1.03511869494296,0.849693258582585,0,1,0.8,0
"847","t3",0.802300822970839,0.788810516758511,0,1,0.8,0
"847","t4",1.02665925081711,0.847709528243283,0,1,0.8,0
"847","t5",0.777976894947143,0.781708682795842,0,1,0.8,0
"848","t1",-1.95606538296754,0.0252287262119353,0,1,NA,NA
"848","t2",-2.17279117889187,0.0148980187617446,0,1,0.8,0
"848","t3",-2.04631046816689,0.0203629172135052,0,1,0.8,0
"848","t4",-0.6289539120428,0.26468961470988,0,1,0.8,0
"848","t5",-0.498597139560338,0.309031610341176,0,1,0.8,0
"849","t1",0.876129512345702,0.809520184760913,0,1,NA,NA
"849","t2",1.11981476103721,0.868603646155221,0,1,0.8,0
"849","t3",0.851922399563567,0.802871418196275,0,1,0.8,0
"849","t4",1.03892559503734,0.850580329171835,0,1,0.8,0
"849","t5",1.46870352435049,0.929043389433166,0,1,0.8,0
"850","t1",1.01506030623736,0.844961459282786,0,1,NA,NA
"850","t2",0.24325921090664,0.596097699798083,0,1,0.8,0
"850","t3",0.816317546279312,0.792840729254129,0,1,0.8,0
"850","t4",0.761288611574009,0.77675764937093,0,1,0.8,0
"850","t5",0.570018998188724,0.715667593666495,0,1,0.8,0
"851","t1",1.90569555448181,0.971655141795054,0,1,NA,NA
"851","t2",0.927395062995796,0.823139273484441,0,1,0.8,0
"851","t3",0.666812894355548,0.74755417231968,0,1,0.8,0
"851","t4",0.281585215926711,0.610869211169565,0,1,0.8,0
"851","t5",1.1377136600574,0.872379966220865,0,1,0.8,0
"852","t1",1.05417258419793,0.854098045267165,0,1,NA,NA
"852","t2",1.34432612529852,0.91057852449618,0,1,0.8,0
"852","t3",1.73280704129065,0.958435014536513,0,1,0.8,0
"852","t4",1.15348528059209,0.875644372126064,0,1,0.8,0
"852","t5",1.23454757402576,0.891500534663071,0,1,0.8,0
"853","t1",-0.70338340670403,0.240908422274515,0,1,NA,NA
"853","t2",-1.01194848298203,0.155781343063327,0,1,0.8,0
"853","t3",-1.62460746061546,0.05212311322133,0,1,0.8,0
"853","t4",-2.38663004090354,0.0085017963198043,0,1,0.8,0
"853","t5",-1.91427601205106,0.0277924489006668,0,1,0.8,0
"854","t1",-0.0441788853023465,0.482380906352773,0,1,NA,NA
"854","t2",0.917005345853026,0.820430080587858,0,1,0.8,0
"854","t3",0.499004478026188,0.691111885318623,0,1,0.8,0
"854","t4",-0.154448084896618,0.438628221100627,0,1,0.8,0
"854","t5",-0.0941168556366817,0.462508165476451,0,1,0.8,0
"855","t1",-0.108669134018918,0.456732462160289,0,1,NA,NA
"855","t2",-0.0974998701654158,0.461164718666643,0,1,0.8,0
"855","t3",0.263449878586125,0.603898074803487,0,1,0.8,0
"855","t4",0.228116671287166,0.59022223003185,0,1,0.8,0
"855","t5",-0.60313055108141,0.27321092191286,0,1,0.8,0
"856","t1",0.473677238140563,0.682134956354275,0,1,NA,NA
"856","t2",-0.21150681946148,0.416245905709244,0,1,0.8,0
"856","t3",-0.710466499958517,0.238707448936557,0,1,0.8,0
"856","t4",-0.20970935193997,0.416947263022139,0,1,0.8,0
"856","t5",-0.59537269584985,0.27579718630214,0,1,0.8,0
"857","t1",1.35151699466929,0.911735060159117,0,1,NA,NA
"857","t2",0.837631568198686,0.798881171242528,0,1,0.8,0
"857","t3",0.0865379122352862,0.534480590254353,0,1,0.8,0
"857","t4",0.129808705510138,0.551641112402806,0,1,0.8,0
"857","t5",1.34998494794572,0.911489594439521,0,1,0.8,0
"858","t1",-0.465584082578108,0.320756619330496,0,1,NA,NA
"858","t2",0.470700036483825,0.681072520823356,0,1,0.8,0
"858","t3",0.439073354670089,0.669695807370477,0,1,0.8,0
"858","t4",1.19783446775968,0.884509267086539,0,1,0.8,0
"858","t5",1.27768769054742,0.89932021640066,0,1,0.8,0
"859","t1",1.98645474790007,0.976508573628962,0,1,NA,NA
"859","t2",1.33536322170186,0.909121252065194,0,1,0.8,0
"859","t3",1.68973793512973,0.954460948840799,0,1,0.8,0
"859","t4",1.32620476374303,0.907614059091426,0,1,0.8,0
"859","t5",1.04177985891882,0.851243122918288,0,1,0.8,0
"860","t1",0.116502814540696,0.546372972195968,0,1,NA,NA
"860","t2",0.475276069620564,0.682704893254383,0,1,0.8,0
"860","t3",-0.0703214203059267,0.471968916885293,0,1,0.8,0
"860","t4",-0.732549547135793,0.23191660632867,0,1,0.8,0
"860","t5",-0.405704570811448,0.342479841708031,0,1,0.8,0
"861","t1",1.20043294281082,0.885014379397035,0,1,NA,NA
"861","t2",0.650187199977871,0.742214345934103,0,1,0.8,0
"861","t3",0.986129230023489,0.837965149183013,0,1,0.8,0
"861","t4",1.43217237930836,0.92395275281556,0,1,0.8,0
"861","t5",1.44377845174643,0.92559934738692,0,1,0.8,0
"862","t1",0.114044729891437,0.545398832298815,0,1,NA,NA
"862","t2",-0.592242111555593,0.276844236891058,0,1,0.8,0
"862","t3",-0.156807049585987,0.437698458410642,0,1,0.8,0
"862","t4",-1.30577831864029,0.0958139776232106,0,1,0.8,0
"862","t5",-0.216549194944402,0.41427984134668,0,1,0.8,0
"863","t1",-0.680036168662065,0.248240779852495,0,1,NA,NA
"863","t2",-0.0964933388292285,0.461564382042625,0,1,0.8,0
"863","t3",0.476706172127775,0.683214316416724,0,1,0.8,0
"863","t4",0.877300638088468,0.809838317123434,0,1,0.8,0
"863","t5",0.735751823750262,0.769059127598067,0,1,0.8,0
"864","t1",0.0784813305303488,0.531277409754694,0,1,NA,NA
"864","t2",0.499284771327609,0.691210609048928,0,1,0.8,0
"864","t3",1.06946625275965,0.857570186221562,0,1,0.8,0
"864","t4",1.05495773105952,0.854277671537933,0,1,0.8,0
"864","t5",-0.22185984282889,0.412211496125455,0,1,0.8,0
"865","t1",0.507706648851557,0.694170457543805,0,1,NA,NA
"865","t2",1.00849889062615,0.84339248998512,0,1,0.8,0
"865","t3",-0.0843931815862098,0.466371914127059,0,1,0.8,0
"865","t4",0.0993980673306584,0.539588891393559,0,1,0.8,0
"865","t5",1.17176568438369,0.879354428280111,0,1,0.8,0
"866","t1",0.741624760602345,0.770842641359195,0,1,NA,NA
"866","t2",-0.198356429281888,0.42138310223772,0,1,0.8,0
"866","t3",-0.890589110908499,0.186574821536098,0,1,0.8,0
"866","t4",-0.441100390801996,0.329570160300542,0,1,0.8,0
"866","t5",-0.537542036820845,0.295446628037988,0,1,0.8,0
"867","t1",-0.456648445391732,0.323961876099929,0,1,NA,NA
"867","t2",-0.0798351998389139,0.468184164119657,0,1,0.8,0
"867","t3",0.26069226539745,0.602835084404638,0,1,0.8,0
"867","t4",0.0242274991095144,0.509664428276255,0,1,0.8,0
"867","t5",-0.371525914228282,0.355122929086215,0,1,0.8,0
"868","t1",0.972704841245727,0.834649990778416,0,1,NA,NA
"868","t2",0.104625876119232,0.541663659391714,0,1,0.8,0
"868","t3",0.945239407032268,0.827731667433863,0,1,0.8,0
"868","t4",0.415685949677086,0.661180088070704,0,1,0.8,0
"868","t5",0.267554881959448,0.605479017989112,0,1,0.8,0
"869","t1",-1.30808908390532,0.0954215477686375,0,1,NA,NA
"869","t2",-1.03864467184166,0.149485010899461,0,1,0.8,0
"869","t3",-1.58542838933513,0.0564345176162487,0,1,0.8,0
"869","t4",-1.47324773449122,0.0703421240285238,0,1,0.8,0
"869","t5",-0.642482735679847,0.260279897676661,0,1,0.8,0
"870","t1",0.95416973334173,0.83000113372691,0,1,NA,NA
"870","t2",1.16134454669146,0.877249094763641,0,1,0.8,0
"870","t3",0.154300975093114,0.561313785744236,0,1,0.8,0
"870","t4",-0.0424556720549194,0.483067724220123,0,1,0.8,0
"870","t5",-0.696583545760938,0.243031728073072,0,1,0.8,0
"871","t1",-0.152611556812141,0.439352305373177,0,1,NA,NA
"871","t2",0.59122058029861,0.72281368248269,0,1,0.8,0
"871","t3",0.946650265674713,0.828091489412609,0,1,0.8,0
"871","t4",1.36528140473886,0.913917689406163,0,1,0.8,0
"871","t5",1.96663778996018,0.975387508227701,0,1,0.8,0
"872","t1",0.366205950271108,0.642894298769534,0,1,NA,NA
"872","t2",0.459988532247794,0.67723777407387,0,1,0.8,0
"872","t3",1.04885644238766,0.852877902319585,0,1,0.8,0
"872","t4",0.79164087255282,0.785714946190183,0,1,0.8,0
"872","t5",0.324934133568088,0.627384538722425,0,1,0.8,0
"873","t1",0.800850853035196,0.788391002453864,0,1,NA,NA
"873","t2",0.617202012585689,0.731449255793973,0,1,0.8,0
"873","t3",0.428171339977007,0.665736809690739,0,1,0.8,0
"873","t4",1.44682694376344,0.926027300769761,0,1,0.8,0
"873","t5",1.7519587661204,0.96010955080059,0,1,0.8,0
"874","t1",0.304374556077927,0.619578724959865,0,1,NA,NA
"874","t2",0.14992394429321,0.559587689794805,0,1,0.8,0
"874","t3",0.0659913430599151,0.526307641165317,0,1,0.8,0
"874","t4",0.587944121712008,0.721715100061643,0,1,0.8,0
"874","t5",0.791134438935555,0.785567227827589,0,1,0.8,0
"875","t1",-0.911875018673783,0.180917256744578,0,1,NA,NA
"875","t2",-0.704572088586423,0.240538286679007,0,1,0.8,0
"875","t3",-0.136148012965575,0.445852136005795,0,1,0.8,0
"875","t4",-0.0312947192755338,0.48751725087734,0,1,0.8,0
"875","t5",-0.061122661882509,0.475630760659249,0,1,0.8,0
"876","t1",-0.340115396152176,0.366884813876823,0,1,NA,NA
"876","t2",-0.19254258263782,0.42365860786696,0,1,0.8,0
"876","t3",0.367096664167385,0.643226542264769,0,1,0.8,0
"876","t4",0.600427534992501,0.725889329152593,0,1,0.8,0
"876","t5",0.804330202775623,0.789396850416511,0,1,0.8,0
"877","t1",-2.04900742499577,0.0202306944411248,0,1,NA,NA
"877","t2",-1.13065662235837,0.129099822716702,0,1,0.8,0
"877","t3",-0.352554112868693,0.362211371917755,0,1,0.8,0
"877","t4",-0.00823050756412579,0.496716539614503,0,1,0.8,0
"877","t5",1.41269669850528,0.921127538630901,0,1,0.8,0
"878","t1",1.38851546273489,0.917509930208325,0,1,NA,NA
"878","t2",1.6374632106434,0.94923314005083,0,1,0.8,0
"878","t3",1.5576232675284,0.940338710132508,0,1,0.8,0
"878","t4",1.45360116056034,0.926971542510482,0,1,0.8,0
"878","t5",2.14774604554886,0.984133032347067,0,1,0.8,0
"879","t1",0.00103352153111752,0.500412315363064,0,1,NA,NA
"879","t2",0.474014661653012,0.682255274003925,0,1,0.8,0
"879","t3",0.867929257651199,0.807283469506167,0,1,0.8,0
"879","t4",1.87954593910584,0.969915006501258,0,1,0.8,0
"879","t5",2.44659288052738,0.992789318278853,0,1,0.8,0
"880","t1",-0.807086053724923,0.209808453219011,0,1,NA,NA
"880","t2",-1.09003201410999,0.137849521022792,0,1,0.8,0
"880","t3",-1.30551427931065,0.0958588940422382,0,1,0.8,0
"880","t4",-1.88072397532045,0.0300047382639532,0,1,0.8,0
"880","t5",-2.43083182617014,0.00753210245535136,0,1,0.8,0
"881","t1",0.552570448748575,0.709721209015697,0,1,NA,NA
"881","t2",-0.019116028490259,0.492374272440168,0,1,0.8,0
"881","t3",0.833645675884654,0.797759660650865,0,1,0.8,0
"881","t4",0.224681742887687,0.588886565718674,0,1,0.8,0
"881","t5",0.311500471651368,0.622289907807648,0,1,0.8,0
"882","t1",0.404117150924969,0.65693671326153,0,1,NA,NA
"882","t2",-0.146875278731764,0.441615232497224,0,1,0.8,0
"882","t3",0.502284038624339,0.692266132388352,0,1,0.8,0
"882","t4",0.70827636540021,0.760613174393571,0,1,0.8,0
"882","t5",0.456689321820801,0.676052816468584,0,1,0.8,0
"883","t1",0.846968387210052,0.801493628881872,0,1,NA,NA
"883","t2",1.59096902124434,0.944191726142702,0,1,0.8,0
"883","t3",1.2783778979362,0.899441893363044,0,1,0.8,0
"883","t4",-0.361766732936974,0.358763176977715,0,1,0.8,0
"883","t5",-0.526755310238852,0.299181760355499,0,1,0.8,0
"884","t1",0.37090786033878,0.644646919798106,0,1,NA,NA
"884","t2",0.828360620284762,0.796266849336771,0,1,0.8,0
"884","t3",1.05879015546646,0.855152320971521,0,1,0.8,0
"884","t4",1.044740129629,0.851928453820484,0,1,0.8,0
"884","t5",0.732650745199905,0.768114263818529,0,1,0.8,0
"885","t1",1.91273377490974,0.972108928486705,0,1,NA,NA
"885","t2",1.07426215358349,0.858647398771587,0,1,0.8,0
"885","t3",0.942282502548246,0.826975987986558,0,1,0.8,0
"885","t4",1.31354838384566,0.905500885768316,0,1,0.8,0
"885","t5",1.46833658450844,0.928993590985377,0,1,0.8,0
"886","t1",-0.988906577454073,0.161354426061735,0,1,NA,NA
"886","t2",-1.03992684426583,0.149186944835373,0,1,0.8,0
"886","t3",-0.157847818247849,0.437288358719557,0,1,0.8,0
"886","t4",-0.812733825099502,0.208185341737166,0,1,0.8,0
"886","t5",-1.84444441263057,0.0325591999238588,0,1,0.8,0
"887","t1",-0.500871698887292,0.308230710681528,0,1,NA,NA
"887","t2",0.522713326501412,0.699413118508814,0,1,0.8,0
"887","t3",1.14734717697088,0.874380918350397,0,1,0.8,0
"887","t4",2.07062215056544,0.98080293974964,0,1,0.8,0
"887","t5",2.915969095544,0.998227071891257,0,1,0.8,0
"888","t1",-0.453517645840548,0.325088019948453,0,1,NA,NA
"888","t2",-0.719369783858793,0.235956554623708,0,1,0.8,0
"888","t3",-0.0266371853391345,0.489374557081015,0,1,0.8,0
"888","t4",-0.995793244507149,0.159675306652381,0,1,0.8,0
"888","t5",0.311764112241785,0.622390100063339,0,1,0.8,0
"889","t1",-1.48127346107452,0.0692668587435037,0,1,NA,NA
"889","t2",-2.91293911466888,0.00179022202113614,0,1,0.8,0
"889","t3",-2.6606582975948,0.00389940291634804,0,1,0.8,0
"889","t4",-2.52339223582698,0.00581143392487177,0,1,0.8,0
"889","t5",-1.771374487387,0.0382492241148553,0,1,0.8,0
"890","t1",1.72927386643796,0.958119954215363,0,1,NA,NA
"890","t2",1.68672134295571,0.954171526917617,0,1,0.8,0
"890","t3",1.07149921568897,0.858027488415747,0,1,0.8,0
"890","t4",0.389572617348219,0.651573698173063,0,1,0.8,0
"890","t5",-0.451654978824346,0.325758778196612,0,1,0.8,0
"891","t1",1.41856353648086,0.921986848581582,0,1,NA,NA
"891","t2",-0.174670653123525,0.430669214322851,0,1,0.8,0
"891","t3",-0.23027288749713,0.4089398635933,0,1,0.8,0
"891","t4",0.439826717086234,0.66996869215982,0,1,0.8,0
"891","t5",0.927462093364395,0.823156667833075,0,1,0.8,0
"892","t1",0.78602966138536,0.784074944909662,0,1,NA,NA
"892","t2",1.00017911169721,0.841388081974356,0,1,0.8,0
"892","t3",1.41716582169604,0.921782774043404,0,1,0.8,0
"892","t4",0.814685265552803,0.792373755202291,0,1,0.8,0
"892","t5",1.48677132409353,0.931462391180047,0,1,0.8,0
"893","t1",-0.259247747071451,0.397722046589479,0,1,NA,NA
"893","t2",-0.694401165798911,0.243715331416299,0,1,0.8,0
"893","t3",-0.388803336609505,0.348710816201471,0,1,0.8,0
"893","t4",0.142836305478892,0.556790268287333,0,1,0.8,0
"893","t5",-0.0368689391540476,0.485294752932844,0,1,0.8,0
"894","t1",0.920187361892469,0.821262571262196,0,1,NA,NA
"894","t2",1.5693310808116,0.94171459312365,0,1,0.8,0
"894","t3",0.438259607464587,0.669400948433238,0,1,0.8,0
"894","t4",-0.248592164633198,0.401838134995543,0,1,0.8,0
"894","t5",0.286628124875234,0.612801461466212,0,1,0.8,0
"895","t1",-1.70785827559187,0.0438313214108348,0,1,NA,NA
"895","t2",-1.19862371104959,0.115337147073562,0,1,0.8,0
"895","t3",-2.58148185835933,0.00491885809088736,0,1,0.8,0
"895","t4",-2.11712816120247,0.0171244861205709,0,1,0.8,0
"895","t5",-2.25231875271663,0.0121510679667259,0,1,0.8,0
"896","t1",0.110815124749741,0.544118524296209,0,1,NA,NA
"896","t2",0.530369383657628,0.702072075459199,0,1,0.8,0
"896","t3",0.140606581193966,0.55590962557324,0,1,0.8,0
"896","t4",1.01252304660757,0.844355983489377,0,1,0.8,0
"896","t5",2.6297801179336,0.995727994488982,0,1,0.8,0
"897","t1",-0.899673697561062,0.18414696236141,0,1,NA,NA
"897","t2",-0.974094363502561,0.165004843954779,0,1,0.8,0
"897","t3",-1.08439753268936,0.139094288616557,0,1,0.8,0
"897","t4",-1.13543396802932,0.128096767048144,0,1,0.8,0
"897","t5",1.06942910946324,0.857561821813204,0,1,0.8,0
"898","t1",0.317619990965348,0.624613395892084,0,1,NA,NA
"898","t2",0.233391419961581,0.592271262444742,0,1,0.8,0
"898","t3",0.198755332274259,0.578772930758946,0,1,0.8,0
"898","t4",-0.265896993213767,0.395159270417671,0,1,0.8,0
"898","t5",-1.33751759412039,0.0905268715705854,0,1,0.8,0
"899","t1",0.249301050413894,0.598436040570959,0,1,NA,NA
"899","t2",0.533773378608687,0.703250832904057,0,1,0.8,0
"899","t3",1.0041208717418,0.842339821872287,0,1,0.8,0
"899","t4",0.964423175928069,0.832583096268432,0,1,0.8,0
"899","t5",1.38497982267226,0.91697068140741,0,1,0.8,0
"900","t1",1.22851459514249,0.890373073052615,0,1,NA,NA
"900","t2",0.783140520893387,0.783227700866455,0,1,0.8,0
"900","t3",1.1883927020601,0.882660634850476,0,1,0.8,0
"900","t4",-0.772052960500129,0.220041530466041,0,1,0.8,0
"900","t5",-0.697332983412085,0.242797215507661,0,1,0.8,0
"901","t1",0.433263091309847,0.667588175740093,0,1,NA,NA
"901","t2",-0.249772573580512,0.401381615361644,0,1,0.8,0
"901","t3",-0.726460829399319,0.233778156082056,0,1,0.8,0
"901","t4",-0.296316324605754,0.383494260112881,0,1,0.8,0
"901","t5",-0.73164720752518,0.232191963316024,0,1,0.8,0
"902","t1",-0.184875413111883,0.426663378020748,0,1,NA,NA
"902","t2",0.142290301473992,0.556574646558385,0,1,0.8,0
"902","t3",0.0128378355578808,0.505121414715748,0,1,0.8,0
"902","t4",-0.46598377720233,0.320613556351909,0,1,0.8,0
"902","t5",-0.204994758386525,0.41878811013404,0,1,0.8,0
"903","t1",0.31495330300406,0.623601445229724,0,1,NA,NA
"903","t2",0.852531368412994,0.803040381786238,0,1,0.8,0
"903","t3",-0.0939840062193333,0.462560930841511,0,1,0.8,0
"903","t4",0.30543190453358,0.619981387173505,0,1,0.8,0
"903","t5",0.348877385242979,0.636409318144582,0,1,0.8,0
"904","t1",0.2992755297044,0.617635088041425,0,1,NA,NA
"904","t2",0.890005674142023,0.813268580337889,0,1,0.8,0
"904","t3",-0.249940929164655,0.401316515294378,0,1,0.8,0
"904","t4",0.0355115451964905,0.514164079776409,0,1,0.8,0
"904","t5",0.0125358198073667,0.505000937560105,0,1,0.8,0
"905","t1",0.176466676697414,0.570036337012425,0,1,NA,NA
"905","t2",0.800982331988668,0.788429062861099,0,1,0.8,0
"905","t3",1.0071983736413,0.843080272759875,0,1,0.8,0
"905","t4",0.917401493916642,0.820533854898222,0,1,0.8,0
"905","t5",0.690545857720604,0.755074508946368,0,1,0.8,0
"906","t1",0.390332766753491,0.651854751631618,0,1,NA,NA
"906","t2",0.925573299789854,0.822666112781366,0,1,0.8,0
"906","t3",0.487904961442956,0.687191419964513,0,1,0.8,0
"906","t4",0.537642139585132,0.704587934007925,0,1,0.8,0
"906","t5",-0.57190525866376,0.283693080616195,0,1,0.8,0
"907","t1",1.75826891948982,0.960649118293077,0,1,NA,NA
"907","t2",1.57885695272696,0.942815564130342,0,1,0.8,0
"907","t3",1.75973955469871,0.960774012046565,0,1,0.8,0
"907","t4",1.36399774529996,0.913715862353508,0,1,0.8,0
"907","t5",0.0695324497413365,0.527717098004275,0,1,0.8,0
"908","t1",-1.02444626522065,0.152812269516289,0,1,NA,NA
"908","t2",0.173009513549431,0.568678025169962,0,1,0.8,0
"908","t3",0.175085167753123,0.569493643665931,0,1,0.8,0
"908","t4",-0.654603488150848,0.256361538848295,0,1,0.8,0
"908","t5",-0.4626868265695,0.321794431088285,0,1,0.8,0
"909","t1",1.56199572215075,0.940855501685292,0,1,NA,NA
"909","t2",0.611074571032345,0.729424893226197,0,1,0.8,0
"909","t3",1.0266419858872,0.847705461945331,0,1,0.8,0
"909","t4",1.38317111210172,0.916693797414498,0,1,0.8,0
"909","t5",1.0949382378429,0.863228152243858,0,1,0.8,0
"910","t1",0.828165997180596,0.796211751177907,0,1,NA,NA
"910","t2",0.862894020684477,0.805902130755731,0,1,0.8,0
"910","t3",-0.685039524613624,0.246659490071368,0,1,0.8,0
"910","t4",-0.500612935925613,0.308321778316076,0,1,0.8,0
"910","t5",-0.175595658238062,0.430305806788803,0,1,0.8,0
"911","t1",0.327489346370366,0.628351100254804,0,1,NA,NA
"911","t2",-0.143108144788553,0.4431023862718,0,1,0.8,0
"911","t3",-0.497718453566378,0.309341249758437,0,1,0.8,0
"911","t4",0.342465005671298,0.63399951249571,0,1,0.8,0
"911","t5",0.306747834712803,0.620482341510112,0,1,0.8,0
"912","t1",-0.0570634081953915,0.477247342467308,0,1,NA,NA
"912","t2",0.00583074096514195,0.502326115916686,0,1,0.8,0
"912","t3",0.159326725100602,0.563294266946231,0,1,0.8,0
"912","t4",0.753735246773557,0.774495893546349,0,1,0.8,0
"912","t5",0.0603089179604015,0.524045200314401,0,1,0.8,0
"913","t1",1.20002312122916,0.884934819536284,0,1,NA,NA
"913","t2",0.475696882955722,0.682854829041635,0,1,0.8,0
"913","t3",-0.946332326982738,0.171989554987259,0,1,0.8,0
"913","t4",-0.0321442489722701,0.487178508024847,0,1,0.8,0
"913","t5",-0.947083430377064,0.171798133664229,0,1,0.8,0
"914","t1",0.0482488125660585,0.519241025671363,0,1,NA,NA
"914","t2",0.335320539074233,0.631308349116101,0,1,0.8,0
"914","t3",-0.58973218632398,0.277685106524622,0,1,0.8,0
"914","t4",-0.196888117258961,0.421957546363421,0,1,0.8,0
"914","t5",-0.58205182456146,0.28026588679138,0,1,0.8,0
"915","t1",0.136116120466323,0.554135258076712,0,1,NA,NA
"915","t2",-0.149396814571852,0.440620262564096,0,1,0.8,0
"915","t3",0.772864345490716,0.780198666174359,0,1,0.8,0
"915","t4",1.00369955115186,0.842238273257146,0,1,0.8,0
"915","t5",0.279854106748734,0.610205280843712,0,1,0.8,0
"916","t1",1.47852802130551,0.930366748711094,0,1,NA,NA
"916","t2",1.14803313593338,0.874522557543428,0,1,0.8,0
"916","t3",1.02153597448711,0.846499712944142,0,1,0.8,0
"916","t4",-0.0477417273176985,0.480961039204872,0,1,0.8,0
"916","t5",-0.140690525439581,0.444057215124298,0,1,0.8,0
"917","t1",1.1761788120573,0.880238285288215,0,1,NA,NA
"917","t2",-0.0205053554350558,0.491820119978129,0,1,0.8,0
"917","t3",-1.03467628521336,0.150410057339911,0,1,0.8,0
"917","t4",-1.15654193060487,0.123729779448138,0,1,0.8,0
"917","t5",-1.04562366130909,0.147867410264699,0,1,0.8,0
"918","t1",-0.297238974845735,0.383142034057528,0,1,NA,NA
"918","t2",0.386211840985508,0.650330107519085,0,1,0.8,0
"918","t3",0.35207868930873,0.6376103750363,0,1,0.8,0
"918","t4",0.317744995737046,0.624660811539717,0,1,0.8,0
"918","t5",-0.219446920437376,0.413150961704874,0,1,0.8,0
"919","t1",-2.09296447214835,0.0181761630810797,0,1,NA,NA
"919","t2",-1.51374655420937,0.0650450662996855,0,1,0.8,0
"919","t3",-0.831801584978932,0.202760474561748,0,1,0.8,0
"919","t4",-0.301507119536271,0.38151391092459,0,1,0.8,0
"919","t5",-0.720074000800413,0.235739717146477,0,1,0.8,0
"920","t1",1.55372945668985,0.939875518204644,0,1,NA,NA
"920","t2",1.82074716322744,0.965677350338918,0,1,0.8,0
"920","t3",1.91388871035079,0.97218281138507,0,1,0.8,0
"920","t4",1.20321941572665,0.885554288293543,0,1,0.8,0
"920","t5",2.06969853309878,0.980759707892731,0,1,0.8,0
"921","t1",0.333504125194265,0.630623111966997,0,1,NA,NA
"921","t2",0.336108386095615,0.631605432626586,0,1,0.8,0
"921","t3",-0.406200591988809,0.342297609574894,0,1,0.8,0
"921","t4",1.73536930528408,0.958662293377613,0,1,0.8,0
"921","t5",1.8117650710669,0.964988747848909,0,1,0.8,0
"922","t1",0.109694336450651,0.543674103915691,0,1,NA,NA
"922","t2",0.596874098851417,0.724704279361695,0,1,0.8,0
"922","t3",1.85786541257785,0.968405935419839,0,1,0.8,0
"922","t4",2.00699237995927,0.977624762821794,0,1,0.8,0
"922","t5",1.28387099949444,0.900406452041142,0,1,0.8,0
"923","t1",-2.14920783736131,0.0158089641481638,0,1,NA,NA
"923","t2",-2.88306889560403,0.00196910648113716,0,1,0.8,0
"923","t3",-2.0139039611404,0.0220098087965298,0,1,0.8,0
"923","t4",-1.69201156952216,0.0453218838563686,0,1,0.8,0
"923","t5",-0.838045972419944,0.201002442270242,0,1,0.8,0
"924","t1",-0.439470981044467,0.330160152167082,0,1,NA,NA
"924","t2",-0.245625703388149,0.402985995125341,0,1,0.8,0
"924","t3",-0.349985201256917,0.36317490192425,0,1,0.8,0
"924","t4",-0.0572471414182788,0.477174163142537,0,1,0.8,0
"924","t5",0.307466066815948,0.620755676165392,0,1,0.8,0
"925","t1",-1.05477662705581,0.145763748325408,0,1,NA,NA
"925","t2",-0.845861176757147,0.198815096295148,0,1,0.8,0
"925","t3",0.99214160539241,0.839435773334487,0,1,0.8,0
"925","t4",0.0530176184048139,0.521141065000864,0,1,0.8,0
"925","t5",-0.346607510076022,0.364443101536992,0,1,0.8,0
"926","t1",-1.29359188515848,0.0979032134637237,0,1,NA,NA
"926","t2",-1.42915696914318,0.0764795612379227,0,1,0.8,0
"926","t3",-2.34904111370284,0.00941091420209962,0,1,0.8,0
"926","t4",-1.72213111834031,0.0425228845856113,0,1,0.8,0
"926","t5",-1.12731589697671,0.129804471747192,0,1,0.8,0
"927","t1",-0.200918178363419,0.420381276635453,0,1,NA,NA
"927","t2",-0.505659693378714,0.306547784235335,0,1,0.8,0
"927","t3",-0.0254007009447697,0.48986767600817,0,1,0.8,0
"927","t4",0.341680090608522,0.633704171637265,0,1,0.8,0
"927","t5",0.140777829107045,0.555977270787399,0,1,0.8,0
"928","t1",-1.76299158941448,0.0389509540982544,0,1,NA,NA
"928","t2",-1.10810885825808,0.133907402887633,0,1,0.8,0
"928","t3",-0.310178101619777,0.378212761118073,0,1,0.8,0
"928","t4",-1.11489196801168,0.132448359515409,0,1,0.8,0
"928","t5",-1.35572416681729,0.0875934735973311,0,1,0.8,0
"929","t1",0.578812021269107,0.718641990562901,0,1,NA,NA
"929","t2",-0.429052530674241,0.333942498231711,0,1,0.8,0
"929","t3",-1.19114023837061,0.116799267814855,0,1,0.8,0
"929","t4",-0.155788551707135,0.438099847428515,0,1,0.8,0
"929","t5",-0.240299493259856,0.405049043912331,0,1,0.8,0
"930","t1",-0.179659251450919,0.428710042731836,0,1,NA,NA
"930","t2",0.187810237704673,0.574487294973531,0,1,0.8,0
"930","t3",0.525546687094742,0.7003983965406,0,1,0.8,0
"930","t4",0.366481281957063,0.642997011302391,0,1,0.8,0
"930","t5",0.600142458420911,0.725794350871782,0,1,0.8,0
"931","t1",0.116904988033182,0.546532327309251,0,1,NA,NA
"931","t2",0.532645924415241,0.702860647271595,0,1,0.8,0
"931","t3",0.519526202479112,0.698303077228882,0,1,0.8,0
"931","t4",0.505327776302826,0.693335681578704,0,1,0.8,0
"931","t5",0.57941205351978,0.718844413546397,0,1,0.8,0
"932","t1",-0.751717821069945,0.226110385498032,0,1,NA,NA
"932","t2",-0.67528118504913,0.24974856768625,0,1,0.8,0
"932","t3",0.075535392876553,0.530105630741287,0,1,0.8,0
"932","t4",1.01878488266733,0.845847447914273,0,1,0.8,0
"932","t5",1.16231196524352,0.877445615955028,0,1,0.8,0
"933","t1",1.54318294433546,0.938606802839786,0,1,NA,NA
"933","t2",1.41368493048983,0.921272784047598,0,1,0.8,0
"933","t3",0.578363838360287,0.718490748609828,0,1,0.8,0
"933","t4",1.05636732156834,0.854599785149238,0,1,0.8,0
"933","t5",0.96611963492369,0.833007839756614,0,1,0.8,0
"934","t1",0.391122831899911,0.652146777603775,0,1,NA,NA
"934","t2",1.18657160813837,0.882301679774346,0,1,0.8,0
"934","t3",0.865181902451302,0.806530521569501,0,1,0.8,0
"934","t4",1.30844864608439,0.904639408998724,0,1,0.8,0
"934","t5",1.8470490146976,0.967629981575202,0,1,0.8,0
"935","t1",1.64019361314387,0.949517541565001,0,1,NA,NA
"935","t2",2.02403942100319,0.978516952090566,0,1,0.8,0
"935","t3",2.71891479448641,0.996725176130164,0,1,0.8,0
"935","t4",2.03021520379472,0.978832665464958,0,1,0.8,0
"935","t5",1.80175914605852,0.964208346020433,0,1,0.8,0
"936","t1",1.59157927741995,0.944260365329683,0,1,NA,NA
"936","t2",1.10080559173461,0.864509361211091,0,1,0.8,0
"936","t3",1.6226413133619,0.947666948231934,0,1,0.8,0
"936","t4",0.922805411939234,0.821945689999289,0,1,0.8,0
"936","t5",0.769430322754775,0.779181053320103,0,1,0.8,0
"937","t1",-0.980923101127948,0.163315332261845,0,1,NA,NA
"937","t2",-0.696328356947949,0.243111609209375,0,1,0.8,0
"937","t3",0.387972123362145,0.650981668356109,0,1,0.8,0
"937","t4",0.9181829065124,0.820738441937191,0,1,0.8,0
"937","t5",0.451554060728856,0.674204864416556,0,1,0.8,0
"938","t1",0.206774641403493,0.581907069310546,0,1,NA,NA
"938","t2",-0.68044222328001,0.24811224675249,0,1,0.8,0
"938","t3",-0.939686282284928,0.173689251790491,0,1,0.8,0
"938","t4",-1.84005067134425,0.0328803992106891,0,1,0.8,0
"938","t5",-1.52917419516902,0.0631106329554042,0,1,0.8,0
"939","t1",-1.20815748689539,0.113493345445022,0,1,NA,NA
"939","t2",-0.908352470255097,0.181846014413567,0,1,0.8,0
"939","t3",0.35619996889466,0.63915459238239,0,1,0.8,0
"939","t4",0.134500709953465,0.553496675135377,0,1,0.8,0
"939","t5",0.446914612561616,0.672531643542532,0,1,0.8,0
"940","t1",-0.0180097804483951,0.492815525503829,0,1,NA,NA
"940","t2",0.289287289672937,0.613819230961673,0,1,0.8,0
"940","t3",0.0252013086183143,0.510052803418808,0,1,0.8,0
"940","t4",0.247573391799117,0.597767749914981,0,1,0.8,0
"940","t5",0.623257938139521,0.733442483202739,0,1,0.8,0
"941","t1",0.191592519765986,0.575969298835844,0,1,NA,NA
"941","t2",0.254160785509037,0.600314327675345,0,1,0.8,0
"941","t3",-0.117531852576175,0.453219302124661,0,1,0.8,0
"941","t4",-0.515023250954494,0.303268386274122,0,1,0.8,0
"941","t5",-0.0847856715748636,0.466215892473083,0,1,0.8,0
"942","t1",1.23772280657256,0.892090570181608,0,1,NA,NA
"942","t2",-0.020300677655547,0.491901757604142,0,1,0.8,0
"942","t3",0.369920118904699,0.644278994792985,0,1,0.8,0
"942","t4",0.962843957034265,0.832187081198102,0,1,0.8,0
"942","t5",0.847503181372698,0.801642642717245,0,1,0.8,0
"943","t1",-1.13917787286324,0.127314486308023,0,1,NA,NA
"943","t2",-0.91036973596365,0.181313776341387,0,1,0.8,0
"943","t3",-0.902836338497348,0.183306380972848,0,1,0.8,0
"943","t4",-0.0656053320372117,0.473846021954911,0,1,0.8,0
"943","t5",-0.160500466195859,0.436243427208065,0,1,0.8,0
"944","t1",0.0434118735043953,0.517313393531367,0,1,NA,NA
"944","t2",0.172925043965895,0.568644827020405,0,1,0.8,0
"944","t3",0.59093042818402,0.72271648141876,0,1,0.8,0
"944","t4",0.366497728069596,0.643003146199563,0,1,0.8,0
"944","t5",0.524380921642218,0.699993188296119,0,1,0.8,0
"945","t1",-0.707996987623343,0.239473564084619,0,1,NA,NA
"945","t2",-0.530397965509699,0.297918018150647,0,1,0.8,0
"945","t3",-1.54006751527791,0.0617719485437977,0,1,0.8,0
"945","t4",-1.3064593568229,0.0956981959089975,0,1,0.8,0
"945","t5",-0.943750681254307,0.172648534251588,0,1,0.8,0
"946","t1",-1.50294905477344,0.0664260908961296,0,1,NA,NA
"946","t2",-2.02255716260355,0.0215594122553379,0,1,0.8,0
"946","t3",-1.35666265655645,0.0874442115996708,0,1,0.8,0
"946","t4",-1.8375644608913,0.0330633048469891,0,1,0.8,0
"946","t5",-0.845914699081475,0.198800165929397,0,1,0.8,0
"947","t1",0.869557426956143,0.807728843996301,0,1,NA,NA
"947","t2",0.780592715427348,0.782478961218594,0,1,0.8,0
"947","t3",0.349492974330048,0.636640377813123,0,1,0.8,0
"947","t4",0.618676856124657,0.731935370213043,0,1,0.8,0
"947","t5",0.472844587447408,0.681837969547299,0,1,0.8,0
"948","t1",-0.245141728783732,0.403173346770927,0,1,NA,NA
"948","t2",-0.15818905460253,0.437153914161224,0,1,0.8,0
"948","t3",0.406913479037888,0.657964232126755,0,1,0.8,0
"948","t4",-0.305465595008165,0.380005784866779,0,1,0.8,0
"948","t5",-1.13685432755536,0.127799593877549,0,1,0.8,0
"949","t1",-1.36773958652553,0.0856968020088971,0,1,NA,NA
"949","t2",-2.30106714240684,0.0106939181112604,0,1,0.8,0
"949","t3",-0.669048638079312,0.251732226089026,0,1,0.8,0
"949","t4",-0.42252533930299,0.336320804646688,0,1,0.8,0
"949","t5",0.0924134822452828,0.536815236007706,0,1,0.8,0
"950","t1",-0.592863480850283,0.276636259863153,0,1,NA,NA
"950","t2",0.168892785175171,0.567059512864198,0,1,0.8,0
"950","t3",0.302057629172429,0.618695934170263,0,1,0.8,0
"950","t4",1.76444050217423,0.961171077893716,0,1,0.8,0
"950","t5",0.848537071785313,0.801930532138452,0,1,0.8,0
"951","t1",0.915671306834196,0.820080340607092,0,1,NA,NA
"951","t2",0.381311388044901,0.648513897790407,0,1,0.8,0
"951","t3",0.480728604371313,0.684645300723069,0,1,0.8,0
"951","t4",-0.612767923357545,0.270014901625341,0,1,0.8,0
"951","t5",-0.706973471567067,0.239791481885809,0,1,0.8,0
"952","t1",-0.86523467502826,0.193454998545349,0,1,NA,NA
"952","t2",-0.54137367671724,0.29412502354107,0,1,0.8,0
"952","t3",-1.10250925463693,0.135120168661338,0,1,0.8,0
"952","t4",-0.23829514489179,0.405826093361112,0,1,0.8,0
"952","t5",0.0526284225243564,0.520986014776844,0,1,0.8,0
"953","t1",-0.0981279986852641,0.460915327537805,0,1,NA,NA
"953","t2",0.103353792524329,0.541158908048527,0,1,0.8,0
"953","t3",0.795017393987164,0.786698307913064,0,1,0.8,0
"953","t4",0.854578958121222,0.803607859705221,0,1,0.8,0
"953","t5",1.50231412988909,0.933491999410803,0,1,0.8,0
"954","t1",0.499143968039292,0.691161017632112,0,1,NA,NA
"954","t2",-0.0611984051941799,0.475600599912366,0,1,0.8,0
"954","t3",0.299910008785714,0.617877100173072,0,1,0.8,0
"954","t4",0.129718285843455,0.551605342602176,0,1,0.8,0
"954","t5",0.0646932078522353,0.525790864577929,0,1,0.8,0
"955","t1",-0.695533911450635,0.243360383436084,0,1,NA,NA
"955","t2",0.0737932724639457,0.529412559886187,0,1,0.8,0
"955","t3",0.00854389827438642,0.503408480792225,0,1,0.8,0
"955","t4",-0.429514478969116,0.333774429625769,0,1,0.8,0
"955","t5",-0.188841444616184,0.425108544045301,0,1,0.8,0
"956","t1",-1.24244608617123,0.107036010362208,0,1,NA,NA
"956","t2",-1.64015472745805,0.0504864998788687,0,1,0.8,0
"956","t3",-0.918045058769904,0.179297638275311,0,1,0.8,0
"956","t4",0.0812112528367237,0.53236302469608,0,1,0.8,0
"956","t5",-0.146271520352745,0.441853523744689,0,1,0.8,0
"957","t1",-1.99554659729598,0.0229916486423463,0,1,NA,NA
"957","t2",-0.466236498169762,0.320523113505569,0,1,0.8,0
"957","t3",0.111707140456016,0.544472191247454,0,1,0.8,0
"957","t4",-0.789633983318348,0.214870777869246,0,1,0.8,0
"957","t5",-0.731458213670437,0.232249659514201,0,1,0.8,0
"958","t1",-0.352687347687742,0.362161422846839,0,1,NA,NA
"958","t2",-0.543878665401761,0.293262485547963,0,1,0.8,0
"958","t3",-0.090679141148341,0.463873772644082,0,1,0.8,0
"958","t4",-0.805136096010663,0.210370574059324,0,1,0.8,0
"958","t5",-0.337234706518778,0.367969988033322,0,1,0.8,0
"959","t1",-0.422624812783401,0.33628451009281,0,1,NA,NA
"959","t2",-1.18503782569467,0.118001245829124,0,1,0.8,0
"959","t3",-1.96671376381238,0.0246081096029244,0,1,0.8,0
"959","t4",-1.73035409851023,0.0417835147522835,0,1,0.8,0
"959","t5",-2.02961934295439,0.0211976235951576,0,1,0.8,0
"960","t1",0.284602986630733,0.61202583857812,0,1,NA,NA
"960","t2",0.79765146302037,0.787463611186006,0,1,0.8,0
"960","t3",0.273167266158076,0.607637679405997,0,1,0.8,0
"960","t4",0.0976519476682546,0.538895663343474,0,1,0.8,0
"960","t5",0.188045738743128,0.574579601820755,0,1,0.8,0
"961","t1",1.42183297631111,0.922462627990171,0,1,NA,NA
"961","t2",0.939534145851572,0.82627171528549,0,1,0.8,0
"961","t3",1.50663368893325,0.934047711413845,0,1,0.8,0
"961","t4",0.924708229923612,0.822441151339329,0,1,0.8,0
"961","t5",-0.598543114679907,0.274738799854559,0,1,0.8,0
"962","t1",1.53686192356743,0.937836437253281,0,1,NA,NA
"962","t2",1.55751293542422,0.940325624076735,0,1,0.8,0
"962","t3",1.58463670702027,0.943475550043677,0,1,0.8,0
"962","t4",0.529722359312683,0.701847778460087,0,1,0.8,0
"962","t5",-0.278091443202734,0.390471082055574,0,1,0.8,0
"963","t1",0.525356458341135,0.700332291889936,0,1,NA,NA
"963","t2",0.664137399413124,0.74669881236285,0,1,0.8,0
"963","t3",0.12527517497384,0.549847147580577,0,1,0.8,0
"963","t4",-0.520206605013792,0.301459791114597,0,1,0.8,0
"963","t5",-1.14831087136771,0.125420126390002,0,1,0.8,0
"964","t1",0.505208560537309,0.693293820833787,0,1,NA,NA
"964","t2",-0.20774021248753,0.417715908768196,0,1,0.8,0
"964","t3",-0.00376726847640882,0.498497080878121,0,1,0.8,0
"964","t4",0.217830060464263,0.586219238976085,0,1,0.8,0
"964","t5",1.22243901729478,0.889229174008466,0,1,0.8,0
"965","t1",0.121780268308074,0.548463479382917,0,1,NA,NA
"965","t2",-0.845985689768815,0.198780363704395,0,1,0.8,0
"965","t3",-0.661756515587486,0.254063639254048,0,1,0.8,0
"965","t4",0.0758407550466573,0.53022710418101,0,1,0.8,0
"965","t5",0.280004080472098,0.610262812849675,0,1,0.8,0
"966","t1",0.78353222825585,0.783342682057992,0,1,NA,NA
"966","t2",-0.0474275607684474,0.48108623170709,0,1,0.8,0
"966","t3",0.0729015585657176,0.529057773155118,0,1,0.8,0
"966","t4",0.146410158227378,0.558201195691001,0,1,0.8,0
"966","t5",-0.588749916631267,0.278014523660867,0,1,0.8,0
"967","t1",0.197935727626139,0.57845232472755,0,1,NA,NA
"967","t2",-1.00730725247981,0.156893572824266,0,1,0.8,0
"967","t3",-0.025477053570347,0.489837225572003,0,1,0.8,0
"967","t4",-0.0935815255657375,0.462720792832487,0,1,0.8,0
"967","t5",0.0451076222212911,0.517989237022836,0,1,0.8,0
"968","t1",-0.495799855377878,0.310017813462764,0,1,NA,NA
"968","t2",-0.602685338482444,0.273359018456822,0,1,0.8,0
"968","t3",-0.595742872393767,0.27567350637898,0,1,0.8,0
"968","t4",-1.36990749315093,0.0853578901777488,0,1,0.8,0
"968","t5",-1.09549049890657,0.136650902853854,0,1,0.8,0
"969","t1",-1.08529272133021,0.138896014308557,0,1,NA,NA
"969","t2",0.230917223739001,0.591310445146502,0,1,0.8,0
"969","t3",-0.4085836712924,0.341422607856345,0,1,0.8,0
"969","t4",-0.731782158905989,0.232150770130242,0,1,0.8,0
"969","t5",-0.919587635599015,0.178894145220928,0,1,0.8,0
"970","t1",-0.0729712584435516,0.470914494479075,0,1,NA,NA
"970","t2",0.452462768140285,0.674532181311334,0,1,0.8,0
"970","t3",0.761466445987474,0.776810743504937,0,1,0.8,0
"970","t4",1.00334054697862,0.842151710537358,0,1,0.8,0
"970","t5",0.904539999046033,0.817145432656549,0,1,0.8,0
"971","t1",-1.72695240497206,0.0420881058089435,0,1,NA,NA
"971","t2",-1.57240271985954,0.0579285919533386,0,1,0.8,0
"971","t3",-1.50728759294656,0.0658684782054287,0,1,0.8,0
"971","t4",-0.885581913067294,0.18792143076857,0,1,0.8,0
"971","t5",-0.641496440826809,0.260600096292178,0,1,0.8,0
"972","t1",-0.715155719588613,0.237256413558498,0,1,NA,NA
"972","t2",-0.0792682292902498,0.468409638057171,0,1,0.8,0
"972","t3",-0.613668362142535,0.269717249516718,0,1,0.8,0
"972","t4",0.187004178724863,0.574171321702204,0,1,0.8,0
"972","t5",-0.701941648183902,0.241357777153205,0,1,0.8,0
"973","t1",-0.192569891343651,0.42364791338332,0,1,NA,NA
"973","t2",-0.839850656525474,0.200496063405286,0,1,0.8,0
"973","t3",-0.618948293072122,0.267975211354694,0,1,0.8,0
"973","t4",-0.429882517624653,0.333640551612399,0,1,0.8,0
"973","t5",-0.791648630638346,0.214282791364213,0,1,0.8,0
"974","t1",-1.65645295114513,0.0488150627352297,0,1,NA,NA
"974","t2",-0.965995461111034,0.167023226125311,0,1,0.8,0
"974","t3",-2.23868853748376,0.0125880944357043,0,1,0.8,0
"974","t4",-0.650183557982916,0.257786830187855,0,1,0.8,0
"974","t5",-0.120007247706703,0.452238703307459,0,1,0.8,0
"975","t1",-0.477955079719368,0.316341088619083,0,1,NA,NA
"975","t2",-0.75073860796998,0.226404991484399,0,1,0.8,0
"975","t3",-1.09798553680322,0.13610540243309,0,1,0.8,0
"975","t4",-0.775120812753836,0.219134137171125,0,1,0.8,0
"975","t5",-1.78495195781208,0.0371345549120923,0,1,0.8,0
"976","t1",0.103859650648307,0.541359636001289,0,1,NA,NA
"976","t2",0.720245510938161,0.764313076392022,0,1,0.8,0
"976","t3",0.21347501025,0.584521760593069,0,1,0.8,0
"976","t4",0.724160464955232,0.765516386481683,0,1,0.8,0
"976","t5",0.487170558252583,0.686931266137217,0,1,0.8,0
"977","t1",0.736499783272883,0.769286700291559,0,1,NA,NA
"977","t2",0.747037941284325,0.772479670646092,0,1,0.8,0
"977","t3",-0.533035143344492,0.29700462661468,0,1,0.8,0
"977","t4",-0.190623928648686,0.424410120800215,0,1,0.8,0
"977","t5",0.566257425593992,0.714390601213771,0,1,0.8,0
"978","t1",-0.0174852360103302,0.49302475550212,0,1,NA,NA
"978","t2",0.220776318624289,0.587366698194632,0,1,0.8,0
"978","t3",-0.462447395042264,0.321880259043869,0,1,0.8,0
"978","t4",0.155716237578148,0.561871651217508,0,1,0.8,0
"978","t5",0.212901952824671,0.584298280415351,0,1,0.8,0
"979","t1",0.190101842879523,0.575385336996987,0,1,NA,NA
"979","t2",0.781054392775284,0.782614747884081,0,1,0.8,0
"979","t3",-0.306079745002322,0.379771964728924,0,1,0.8,0
"979","t4",-1.24123465664173,0.10725953778789,0,1,0.8,0
"979","t5",-2.00502075346277,0.0224804142047492,0,1,0.8,0
"980","t1",0.300580098075961,0.618132645264268,0,1,NA,NA
"980","t2",0.76282556966581,0.777216285155672,0,1,0.8,0
"980","t3",0.480364342394943,0.684515827727616,0,1,0.8,0
"980","t4",0.372949974425767,0.645407161662034,0,1,0.8,0
"980","t5",-0.15647303398203,0.437830086589527,0,1,0.8,0
"981","t1",-0.39934423977396,0.344819786958396,0,1,NA,NA
"981","t2",0.468430223980863,0.680261520783756,0,1,0.8,0
"981","t3",0.00397443731166702,0.501585566910119,0,1,0.8,0
"981","t4",1.31286833389951,0.905386340554042,0,1,0.8,0
"981","t5",0.395934427776615,0.653923298808205,0,1,0.8,0
"982","t1",-1.17058306409779,0.120883204042912,0,1,NA,NA
"982","t2",-0.568731288014707,0.284769255620452,0,1,0.8,0
"982","t3",-0.255570086712195,0.399141409396407,0,1,0.8,0
"982","t4",0.694531543922886,0.756325537042291,0,1,0.8,0
"982","t5",1.18020949412651,0.881041548051088,0,1,0.8,0
"983","t1",-3.17958454529316,0.0007374316919595,0,1,NA,NA
"983","t2",-3.04954849075484,0.00114592815872435,0,1,0.8,0
"983","t3",-2.39562401569204,0.00829605013462466,0,1,0.8,0
"983","t4",-2.47532081658196,0.0066558269919621,0,1,0.8,0
"983","t5",-1.97108338895828,0.024357169203439,0,1,0.8,0
"984","t1",0.246606121274163,0.597393466625363,0,1,NA,NA
"984","t2",0.169926387923757,0.567465985825865,0,1,0.8,0
"984","t3",0.73201622739894,0.767920668376116,0,1,0.8,0
"984","t4",-0.685616551835542,0.24647747060431,0,1,0.8,0
"984","t5",-1.20717953785165,0.11368150446069,0,1,0.8,0
"985","t1",0.928143099095429,0.823333327192813,0,1,NA,NA
"985","t2",0.748136338572075,0.772811037328451,0,1,0.8,0
"985","t3",-0.612250607634896,0.270185981581978,0,1,0.8,0
"985","t4",-0.238088516962499,0.405906220413027,0,1,0.8,0
"985","t5",-0.0803141615958904,0.467993697637009,0,1,0.8,0
"986","t1",1.61734169642669,0.947097728261724,0,1,NA,NA
"986","t2",1.00594239697393,0.84277835994981,0,1,0.8,0
"986","t3",0.235230540531932,0.592985098485603,0,1,0.8,0
"986","t4",0.0366335315353218,0.514611396416386,0,1,0.8,0
"986","t5",-0.845930847924199,0.198795661247909,0,1,0.8,0
"987","t1",-0.691966310784283,0.24447924294509,0,1,NA,NA
"987","t2",-1.17644063059393,0.119709421799415,0,1,0.8,0
"987","t3",-0.555833712313251,0.289162268450741,0,1,0.8,0
"987","t4",-0.634426066922003,0.262901401205131,0,1,0.8,0
"987","t5",-1.16446549799314,0.122117708798094,0,1,0.8,0
"988","t1",0.872028474633443,0.808403578121215,0,1,NA,NA
"988","t2",1.102723776447,0.864926430907509,0,1,0.8,0
"988","t3",1.30412738518774,0.903904923436085,0,1,0.8,0
"988","t4",1.03765970331943,0.850285744130218,0,1,0.8,0
"988","t5",0.194072475619262,0.576940433429261,0,1,0.8,0
"989","t1",1.26953892725151,0.897875542053953,0,1,NA,NA
"989","t2",0.715948446998983,0.762988408946796,0,1,0.8,0
"989","t3",1.23784230330868,0.892112730377432,0,1,0.8,0
"989","t4",0.00736619334647262,0.502938659395825,0,1,0.8,0
"989","t5",0.10188434671882,0.540575762595012,0,1,0.8,0
"990","t1",0.227417438590482,0.589950419263914,0,1,NA,NA
"990","t2",0.336039486609634,0.631579454956169,0,1,0.8,0
"990","t3",0.437634837367942,0.66917449342059,0,1,0.8,0
"990","t4",0.295817329779345,0.616315206126106,0,1,0.8,0
"990","t5",0.323886095450688,0.626987864359162,0,1,0.8,0
"991","t1",-0.169162019236046,0.432834601728246,0,1,NA,NA
"991","t2",-1.36446865694451,0.0862100561459041,0,1,0.8,0
"991","t3",-1.13718705516747,0.127730048627855,0,1,0.8,0
"991","t4",-1.19125864544632,0.116776031603559,0,1,0.8,0
"991","t5",-0.284837895599273,0.387884168891503,0,1,0.8,0
"992","t1",-0.38761778495425,0.349149452755228,0,1,NA,NA
"992","t2",-1.34518774846955,0.0892823058248525,0,1,0.8,0
"992","t3",0.473806836387731,0.682181170455194,0,1,0.8,0
"992","t4",0.740360259140626,0.770459287027706,0,1,0.8,0
"992","t5",0.912920267437451,0.819357761356353,0,1,0.8,0
"993","t1",0.820387097169766,0.794002265669405,0,1,NA,NA
"993","t2",1.07991460235146,0.859909894949165,0,1,0.8,0
"993","t3",0.862015793120997,0.805660586437328,0,1,0.8,0
"993","t4",0.242845635920815,0.595937509405404,0,1,0.8,0
"993","t5",0.851907143232581,0.802867184071503,0,1,0.8,0
"994","t1",-0.477516539910839,0.316497172927484,0,1,NA,NA
"994","t2",-0.886006523414275,0.187807005986224,0,1,0.8,0
"994","t3",-1.24191758597787,0.107133485445304,0,1,0.8,0
"994","t4",0.201716817564139,0.579930942829558,0,1,0.8,0
"994","t5",0.195883996830833,0.577649518352759,0,1,0.8,0
"995","t1",0.920874977312068,0.82144214794971,0,1,NA,NA
"995","t2",0.763450151884079,0.777402509991445,0,1,0.8,0
"995","t3",1.14850486958621,0.874619898044289,0,1,0.8,0
"995","t4",1.23555809042039,0.8916885644706,0,1,0.8,0
"995","t5",1.31975110246871,0.906540933963086,0,1,0.8,0
"996","t1",1.21937943369202,0.888649893924594,0,1,NA,NA
"996","t2",1.07806624818244,0.859497903660542,0,1,0.8,0
"996","t3",1.056957815877,0.854734579942737,0,1,0.8,0
"996","t4",0.798641164506603,0.78775074433774,0,1,0.8,0
"996","t5",0.885145652284959,0.81196096004593,0,1,0.8,0
"997","t1",1.4045767188688,0.919926408212632,0,1,NA,NA
"997","t2",1.02545795912802,0.847426423766907,0,1,0.8,0
"997","t3",1.01744724958894,0.845529642821473,0,1,0.8,0
"997","t4",1.37825648872646,0.915937943984542,0,1,0.8,0
"997","t5",-0.498298794911672,0.309136728562417,0,1,0.8,0
"998","t1",-1.13951246415515,0.127244736300781,0,1,NA,NA
"998","t2",-1.2213258476064,0.110981335316843,0,1,0.8,0
"998","t3",-1.08301033505729,0.139401917850418,0,1,0.8,0
"998","t4",-0.528306499197808,0.298643310726434,0,1,0.8,0
"998","t5",-1.11881541203598,0.131609447638324,0,1,0.8,0
"999","t1",1.16165178712801,0.877311531454325,0,1,NA,NA
"999","t2",1.04169756537278,0.851224040939336,0,1,0.8,0
"999","t3",1.12740448168795,0.870214247462482,0,1,0.8,0
"999","t4",-0.348183354167603,0.363851244022138,0,1,0.8,0
"999","t5",-0.487719142422723,0.31287439546864,0,1,0.8,0
"1000","t1",2.23502738549076,0.987292224541306,0,1,NA,NA
"1000","t2",2.32189874934849,0.989880805910272,0,1,0.8,0
"1000","t3",1.17568736053536,0.880140084380312,0,1,0.8,0
"1000","t4",0.750815917165827,0.773618275633836,0,1,0.8,0
"1000","t5",1.76291981905601,0.961042993067602,0,1,0.8,0
