"schema_version","evidence_status","study_id","scenario_id","margin_family","copula_family","copula_code","runner_contract_version","phase1_contract_version","runner_settings_signature","n_subjects","n_time","target_replicates","replicate","data_seed","training_covariate_seed","training_response_seed","test_response_seed","diagnostic_seed","predictive_seed","seed_source","method","attempted","success","converged","elapsed_sec","stop_reason","error","retry_index","convergence_status","failure_reason","retained","retention_reason","attempt_id","has_fixed_output","has_smooth_output","has_predictive_output","has_diagnostic_output"
"2026-09-01.3","legacy_pre_phase1_reconciliation","bcpe_t_legacy_reconciliation","n500_d4","BCPE","t","t","legacy_unversioned","legacy_pre_phase1","legacy_unrecorded",500,4,100,1,110001,,110001,610001,,,"reconstructed_runner_rule_110000_plus_rep","gamlss.longitudinal",TRUE,TRUE,TRUE,96.4574811458588,"tolerance",,1,"converged","none",TRUE,"successful_fit_with_complete_outputs","bcpe_t_legacy_reconciliation::n500_d4::gamlss.longitudinal::rep001::try01",TRUE,TRUE,TRUE,TRUE
"2026-09-01.3","legacy_pre_phase1_reconciliation","bcpe_t_legacy_reconciliation","n500_d4","BCPE","t","t","legacy_unversioned","legacy_pre_phase1","legacy_unrecorded",500,4,100,2,110002,,110002,610002,,,"reconstructed_runner_rule_110000_plus_rep","gamlss.longitudinal",TRUE,TRUE,TRUE,112.328688144684,"tolerance",,1,"converged","none",TRUE,"successful_fit_with_complete_outputs","bcpe_t_legacy_reconciliation::n500_d4::gamlss.longitudinal::rep002::try01",TRUE,TRUE,TRUE,TRUE
"2026-09-01.3","legacy_pre_phase1_reconciliation","bcpe_t_legacy_reconciliation","n500_d4","BCPE","t","t","legacy_unversioned","legacy_pre_phase1","legacy_unrecorded",500,4,100,3,110003,,110003,610003,,,"reconstructed_runner_rule_110000_plus_rep","gamlss.longitudinal",TRUE,TRUE,TRUE,87.747899055481,"tolerance",,1,"converged","none",TRUE,"successful_fit_with_complete_outputs","bcpe_t_legacy_reconciliation::n500_d4::gamlss.longitudinal::rep003::try01",TRUE,TRUE,TRUE,TRUE
"2026-09-01.3","legacy_pre_phase1_reconciliation","bcpe_t_legacy_reconciliation","n500_d4","BCPE","t","t","legacy_unversioned","legacy_pre_phase1","legacy_unrecorded",500,4,100,4,110004,,110004,610004,,,"reconstructed_runner_rule_110000_plus_rep","gamlss.longitudinal",TRUE,TRUE,TRUE,75.2228410243988,"tolerance",,1,"converged","none",TRUE,"successful_fit_with_complete_outputs","bcpe_t_legacy_reconciliation::n500_d4::gamlss.longitudinal::rep004::try01",TRUE,TRUE,TRUE,TRUE
"2026-09-01.3","legacy_pre_phase1_reconciliation","bcpe_t_legacy_reconciliation","n500_d4","BCPE","t","t","legacy_unversioned","legacy_pre_phase1","legacy_unrecorded",500,4,100,5,110005,,110005,610005,,,"reconstructed_runner_rule_110000_plus_rep","gamlss.longitudinal",TRUE,TRUE,TRUE,108.223638057709,"tolerance",,1,"converged","none",TRUE,"successful_fit_with_complete_outputs","bcpe_t_legacy_reconciliation::n500_d4::gamlss.longitudinal::rep005::try01",TRUE,TRUE,TRUE,TRUE
"2026-09-01.3","legacy_pre_phase1_reconciliation","bcpe_t_legacy_reconciliation","n500_d4","BCPE","t","t","legacy_unversioned","legacy_pre_phase1","legacy_unrecorded",500,4,100,6,110006,,110006,610006,,,"reconstructed_runner_rule_110000_plus_rep","gamlss.longitudinal",TRUE,TRUE,TRUE,104.00848197937,"tolerance",,1,"converged","none",TRUE,"successful_fit_with_complete_outputs","bcpe_t_legacy_reconciliation::n500_d4::gamlss.longitudinal::rep006::try01",TRUE,TRUE,TRUE,TRUE
"2026-09-01.3","legacy_pre_phase1_reconciliation","bcpe_t_legacy_reconciliation","n500_d4","BCPE","t","t","legacy_unversioned","legacy_pre_phase1","legacy_unrecorded",500,4,100,7,110007,,110007,610007,,,"reconstructed_runner_rule_110000_plus_rep","gamlss.longitudinal",TRUE,TRUE,TRUE,102.983590841293,"tolerance",,1,"converged","none",TRUE,"successful_fit_with_complete_outputs","bcpe_t_legacy_reconciliation::n500_d4::gamlss.longitudinal::rep007::try01",TRUE,TRUE,TRUE,TRUE
"2026-09-01.3","legacy_pre_phase1_reconciliation","bcpe_t_legacy_reconciliation","n500_d4","BCPE","t","t","legacy_unversioned","legacy_pre_phase1","legacy_unrecorded",500,4,100,8,110008,,110008,610008,,,"reconstructed_runner_rule_110000_plus_rep","gamlss.longitudinal",TRUE,TRUE,TRUE,89.2818419933319,"tolerance",,1,"converged","none",TRUE,"successful_fit_with_complete_outputs","bcpe_t_legacy_reconciliation::n500_d4::gamlss.longitudinal::rep008::try01",TRUE,TRUE,TRUE,TRUE
"2026-09-01.3","legacy_pre_phase1_reconciliation","bcpe_t_legacy_reconciliation","n500_d4","BCPE","t","t","legacy_unversioned","legacy_pre_phase1","legacy_unrecorded",500,4,100,9,110009,,110009,610009,,,"reconstructed_runner_rule_110000_plus_rep","gamlss.longitudinal",TRUE,TRUE,TRUE,85.3402299880981,"tolerance",,1,"converged","none",TRUE,"successful_fit_with_complete_outputs","bcpe_t_legacy_reconciliation::n500_d4::gamlss.longitudinal::rep009::try01",TRUE,TRUE,TRUE,TRUE
"2026-09-01.3","legacy_pre_phase1_reconciliation","bcpe_t_legacy_reconciliation","n500_d4","BCPE","t","t","legacy_unversioned","legacy_pre_phase1","legacy_unrecorded",500,4,100,10,110010,,110010,610010,,,"reconstructed_runner_rule_110000_plus_rep","gamlss.longitudinal",TRUE,TRUE,TRUE,73.7091119289398,"tolerance",,1,"converged","none",TRUE,"successful_fit_with_complete_outputs","bcpe_t_legacy_reconciliation::n500_d4::gamlss.longitudinal::rep010::try01",TRUE,TRUE,TRUE,TRUE
"2026-09-01.3","legacy_pre_phase1_reconciliation","bcpe_t_legacy_reconciliation","n500_d4","BCPE","t","t","legacy_unversioned","legacy_pre_phase1","legacy_unrecorded",500,4,100,11,110011,,110011,610011,,,"reconstructed_runner_rule_110000_plus_rep","gamlss.longitudinal",TRUE,TRUE,TRUE,117.582516908646,"tolerance",,1,"converged","none",TRUE,"successful_fit_with_complete_outputs","bcpe_t_legacy_reconciliation::n500_d4::gamlss.longitudinal::rep011::try01",TRUE,TRUE,TRUE,TRUE
"2026-09-01.3","legacy_pre_phase1_reconciliation","bcpe_t_legacy_reconciliation","n500_d4","BCPE","t","t","legacy_unversioned","legacy_pre_phase1","legacy_unrecorded",500,4,100,12,110012,,110012,610012,,,"reconstructed_runner_rule_110000_plus_rep","gamlss.longitudinal",TRUE,TRUE,TRUE,75.1670398712158,"tolerance",,1,"converged","none",TRUE,"successful_fit_with_complete_outputs","bcpe_t_legacy_reconciliation::n500_d4::gamlss.longitudinal::rep012::try01",TRUE,TRUE,TRUE,TRUE
"2026-09-01.3","legacy_pre_phase1_reconciliation","bcpe_t_legacy_reconciliation","n500_d4","BCPE","t","t","legacy_unversioned","legacy_pre_phase1","legacy_unrecorded",500,4,100,13,110013,,110013,610013,,,"reconstructed_runner_rule_110000_plus_rep","gamlss.longitudinal",TRUE,TRUE,TRUE,89.8684020042419,"tolerance",,1,"converged","none",TRUE,"successful_fit_with_complete_outputs","bcpe_t_legacy_reconciliation::n500_d4::gamlss.longitudinal::rep013::try01",TRUE,TRUE,TRUE,TRUE
"2026-09-01.3","legacy_pre_phase1_reconciliation","bcpe_t_legacy_reconciliation","n500_d4","BCPE","t","t","legacy_unversioned","legacy_pre_phase1","legacy_unrecorded",500,4,100,14,110014,,110014,610014,,,"reconstructed_runner_rule_110000_plus_rep","gamlss.longitudinal",TRUE,TRUE,TRUE,92.1572031974792,"tolerance",,1,"converged","none",TRUE,"successful_fit_with_complete_outputs","bcpe_t_legacy_reconciliation::n500_d4::gamlss.longitudinal::rep014::try01",TRUE,TRUE,TRUE,TRUE
"2026-09-01.3","legacy_pre_phase1_reconciliation","bcpe_t_legacy_reconciliation","n500_d4","BCPE","t","t","legacy_unversioned","legacy_pre_phase1","legacy_unrecorded",500,4,100,15,110015,,110015,610015,,,"reconstructed_runner_rule_110000_plus_rep","gamlss.longitudinal",TRUE,TRUE,TRUE,88.0155160427094,"tolerance",,1,"converged","none",TRUE,"successful_fit_with_complete_outputs","bcpe_t_legacy_reconciliation::n500_d4::gamlss.longitudinal::rep015::try01",TRUE,TRUE,TRUE,TRUE
"2026-09-01.3","legacy_pre_phase1_reconciliation","bcpe_t_legacy_reconciliation","n500_d4","BCPE","t","t","legacy_unversioned","legacy_pre_phase1","legacy_unrecorded",500,4,100,16,110016,,110016,610016,,,"reconstructed_runner_rule_110000_plus_rep","gamlss.longitudinal",TRUE,TRUE,TRUE,89.2369031906128,"tolerance",,1,"converged","none",TRUE,"successful_fit_with_complete_outputs","bcpe_t_legacy_reconciliation::n500_d4::gamlss.longitudinal::rep016::try01",TRUE,TRUE,TRUE,TRUE
"2026-09-01.3","legacy_pre_phase1_reconciliation","bcpe_t_legacy_reconciliation","n500_d4","BCPE","t","t","legacy_unversioned","legacy_pre_phase1","legacy_unrecorded",500,4,100,17,110017,,110017,610017,,,"reconstructed_runner_rule_110000_plus_rep","gamlss.longitudinal",TRUE,TRUE,TRUE,86.3146150112152,"tolerance",,1,"converged","none",TRUE,"successful_fit_with_complete_outputs","bcpe_t_legacy_reconciliation::n500_d4::gamlss.longitudinal::rep017::try01",TRUE,TRUE,TRUE,TRUE
"2026-09-01.3","legacy_pre_phase1_reconciliation","bcpe_t_legacy_reconciliation","n500_d4","BCPE","t","t","legacy_unversioned","legacy_pre_phase1","legacy_unrecorded",500,4,100,18,110018,,110018,610018,,,"reconstructed_runner_rule_110000_plus_rep","gamlss.longitudinal",TRUE,TRUE,TRUE,77.4994349479675,"tolerance",,1,"converged","none",TRUE,"successful_fit_with_complete_outputs","bcpe_t_legacy_reconciliation::n500_d4::gamlss.longitudinal::rep018::try01",TRUE,TRUE,TRUE,TRUE
"2026-09-01.3","legacy_pre_phase1_reconciliation","bcpe_t_legacy_reconciliation","n500_d4","BCPE","t","t","legacy_unversioned","legacy_pre_phase1","legacy_unrecorded",500,4,100,19,110019,,110019,610019,,,"reconstructed_runner_rule_110000_plus_rep","gamlss.longitudinal",TRUE,TRUE,TRUE,97.6697030067444,"tolerance",,1,"converged","none",TRUE,"successful_fit_with_complete_outputs","bcpe_t_legacy_reconciliation::n500_d4::gamlss.longitudinal::rep019::try01",TRUE,TRUE,TRUE,TRUE
"2026-09-01.3","legacy_pre_phase1_reconciliation","bcpe_t_legacy_reconciliation","n500_d4","BCPE","t","t","legacy_unversioned","legacy_pre_phase1","legacy_unrecorded",500,4,100,20,110020,,110020,610020,,,"reconstructed_runner_rule_110000_plus_rep","gamlss.longitudinal",TRUE,TRUE,TRUE,94.3008131980896,"tolerance",,1,"converged","none",TRUE,"successful_fit_with_complete_outputs","bcpe_t_legacy_reconciliation::n500_d4::gamlss.longitudinal::rep020::try01",TRUE,TRUE,TRUE,TRUE
"2026-09-01.3","legacy_pre_phase1_reconciliation","bcpe_t_legacy_reconciliation","n500_d4","BCPE","t","t","legacy_unversioned","legacy_pre_phase1","legacy_unrecorded",500,4,100,21,110021,,110021,610021,,,"reconstructed_runner_rule_110000_plus_rep","gamlss.longitudinal",TRUE,TRUE,TRUE,95.243203163147,"tolerance",,1,"converged","none",TRUE,"successful_fit_with_complete_outputs","bcpe_t_legacy_reconciliation::n500_d4::gamlss.longitudinal::rep021::try01",TRUE,TRUE,TRUE,TRUE
"2026-09-01.3","legacy_pre_phase1_reconciliation","bcpe_t_legacy_reconciliation","n500_d4","BCPE","t","t","legacy_unversioned","legacy_pre_phase1","legacy_unrecorded",500,4,100,22,110022,,110022,610022,,,"reconstructed_runner_rule_110000_plus_rep","gamlss.longitudinal",TRUE,TRUE,TRUE,124.440429925919,"tolerance",,1,"converged","none",TRUE,"successful_fit_with_complete_outputs","bcpe_t_legacy_reconciliation::n500_d4::gamlss.longitudinal::rep022::try01",TRUE,TRUE,TRUE,TRUE
"2026-09-01.3","legacy_pre_phase1_reconciliation","bcpe_t_legacy_reconciliation","n500_d4","BCPE","t","t","legacy_unversioned","legacy_pre_phase1","legacy_unrecorded",500,4,100,23,110023,,110023,610023,,,"reconstructed_runner_rule_110000_plus_rep","gamlss.longitudinal",TRUE,TRUE,TRUE,83.4902360439301,"tolerance",,1,"converged","none",TRUE,"successful_fit_with_complete_outputs","bcpe_t_legacy_reconciliation::n500_d4::gamlss.longitudinal::rep023::try01",TRUE,TRUE,TRUE,TRUE
"2026-09-01.3","legacy_pre_phase1_reconciliation","bcpe_t_legacy_reconciliation","n500_d4","BCPE","t","t","legacy_unversioned","legacy_pre_phase1","legacy_unrecorded",500,4,100,24,110024,,110024,610024,,,"reconstructed_runner_rule_110000_plus_rep","gamlss.longitudinal",TRUE,TRUE,TRUE,180.640557050705,"tolerance",,1,"converged","none",TRUE,"successful_fit_with_complete_outputs","bcpe_t_legacy_reconciliation::n500_d4::gamlss.longitudinal::rep024::try01",TRUE,TRUE,TRUE,TRUE
"2026-09-01.3","legacy_pre_phase1_reconciliation","bcpe_t_legacy_reconciliation","n500_d4","BCPE","t","t","legacy_unversioned","legacy_pre_phase1","legacy_unrecorded",500,4,100,25,110025,,110025,610025,,,"reconstructed_runner_rule_110000_plus_rep","gamlss.longitudinal",TRUE,TRUE,TRUE,83.0144159793854,"tolerance",,1,"converged","none",TRUE,"successful_fit_with_complete_outputs","bcpe_t_legacy_reconciliation::n500_d4::gamlss.longitudinal::rep025::try01",TRUE,TRUE,TRUE,TRUE
"2026-09-01.3","legacy_pre_phase1_reconciliation","bcpe_t_legacy_reconciliation","n500_d4","BCPE","t","t","legacy_unversioned","legacy_pre_phase1","legacy_unrecorded",500,4,100,26,110026,,110026,610026,,,"reconstructed_runner_rule_110000_plus_rep","gamlss.longitudinal",TRUE,TRUE,TRUE,67.9361021518707,"tolerance",,1,"converged","none",TRUE,"successful_fit_with_complete_outputs","bcpe_t_legacy_reconciliation::n500_d4::gamlss.longitudinal::rep026::try01",TRUE,TRUE,TRUE,TRUE
"2026-09-01.3","legacy_pre_phase1_reconciliation","bcpe_t_legacy_reconciliation","n500_d4","BCPE","t","t","legacy_unversioned","legacy_pre_phase1","legacy_unrecorded",500,4,100,27,110027,,110027,610027,,,"reconstructed_runner_rule_110000_plus_rep","gamlss.longitudinal",TRUE,TRUE,TRUE,104.883306026459,"tolerance",,1,"converged","none",TRUE,"successful_fit_with_complete_outputs","bcpe_t_legacy_reconciliation::n500_d4::gamlss.longitudinal::rep027::try01",TRUE,TRUE,TRUE,TRUE
"2026-09-01.3","legacy_pre_phase1_reconciliation","bcpe_t_legacy_reconciliation","n500_d4","BCPE","t","t","legacy_unversioned","legacy_pre_phase1","legacy_unrecorded",500,4,100,28,110028,,110028,610028,,,"reconstructed_runner_rule_110000_plus_rep","gamlss.longitudinal",TRUE,TRUE,TRUE,95.2178790569305,"tolerance",,1,"converged","none",TRUE,"successful_fit_with_complete_outputs","bcpe_t_legacy_reconciliation::n500_d4::gamlss.longitudinal::rep028::try01",TRUE,TRUE,TRUE,TRUE
"2026-09-01.3","legacy_pre_phase1_reconciliation","bcpe_t_legacy_reconciliation","n500_d4","BCPE","t","t","legacy_unversioned","legacy_pre_phase1","legacy_unrecorded",500,4,100,29,110029,,110029,610029,,,"reconstructed_runner_rule_110000_plus_rep","gamlss.longitudinal",TRUE,TRUE,TRUE,79.8410029411316,"tolerance",,1,"converged","none",TRUE,"successful_fit_with_complete_outputs","bcpe_t_legacy_reconciliation::n500_d4::gamlss.longitudinal::rep029::try01",TRUE,TRUE,TRUE,TRUE
"2026-09-01.3","legacy_pre_phase1_reconciliation","bcpe_t_legacy_reconciliation","n500_d4","BCPE","t","t","legacy_unversioned","legacy_pre_phase1","legacy_unrecorded",500,4,100,30,110030,,110030,610030,,,"reconstructed_runner_rule_110000_plus_rep","gamlss.longitudinal",TRUE,TRUE,TRUE,63.0336110591888,"tolerance",,1,"converged","none",TRUE,"successful_fit_with_complete_outputs","bcpe_t_legacy_reconciliation::n500_d4::gamlss.longitudinal::rep030::try01",TRUE,TRUE,TRUE,TRUE
"2026-09-01.3","legacy_pre_phase1_reconciliation","bcpe_t_legacy_reconciliation","n500_d4","BCPE","t","t","legacy_unversioned","legacy_pre_phase1","legacy_unrecorded",500,4,100,31,110031,,110031,610031,,,"reconstructed_runner_rule_110000_plus_rep","gamlss.longitudinal",TRUE,TRUE,TRUE,90.291846036911,"tolerance",,1,"converged","none",TRUE,"successful_fit_with_complete_outputs","bcpe_t_legacy_reconciliation::n500_d4::gamlss.longitudinal::rep031::try01",TRUE,TRUE,TRUE,TRUE
"2026-09-01.3","legacy_pre_phase1_reconciliation","bcpe_t_legacy_reconciliation","n500_d4","BCPE","t","t","legacy_unversioned","legacy_pre_phase1","legacy_unrecorded",500,4,100,32,110032,,110032,610032,,,"reconstructed_runner_rule_110000_plus_rep","gamlss.longitudinal",TRUE,TRUE,TRUE,113.361236095428,"tolerance",,1,"converged","none",TRUE,"successful_fit_with_complete_outputs","bcpe_t_legacy_reconciliation::n500_d4::gamlss.longitudinal::rep032::try01",TRUE,TRUE,TRUE,TRUE
"2026-09-01.3","legacy_pre_phase1_reconciliation","bcpe_t_legacy_reconciliation","n500_d4","BCPE","t","t","legacy_unversioned","legacy_pre_phase1","legacy_unrecorded",500,4,100,33,110033,,110033,610033,,,"reconstructed_runner_rule_110000_plus_rep","gamlss.longitudinal",TRUE,TRUE,TRUE,163.801056146622,"tolerance",,1,"converged","none",TRUE,"successful_fit_with_complete_outputs","bcpe_t_legacy_reconciliation::n500_d4::gamlss.longitudinal::rep033::try01",TRUE,TRUE,TRUE,TRUE
"2026-09-01.3","legacy_pre_phase1_reconciliation","bcpe_t_legacy_reconciliation","n500_d4","BCPE","t","t","legacy_unversioned","legacy_pre_phase1","legacy_unrecorded",500,4,100,34,110034,,110034,610034,,,"reconstructed_runner_rule_110000_plus_rep","gamlss.longitudinal",TRUE,TRUE,TRUE,131.251270055771,"tolerance",,1,"converged","none",TRUE,"successful_fit_with_complete_outputs","bcpe_t_legacy_reconciliation::n500_d4::gamlss.longitudinal::rep034::try01",TRUE,TRUE,TRUE,TRUE
"2026-09-01.3","legacy_pre_phase1_reconciliation","bcpe_t_legacy_reconciliation","n500_d4","BCPE","t","t","legacy_unversioned","legacy_pre_phase1","legacy_unrecorded",500,4,100,35,110035,,110035,610035,,,"reconstructed_runner_rule_110000_plus_rep","gamlss.longitudinal",TRUE,TRUE,TRUE,97.939316034317,"tolerance",,1,"converged","none",TRUE,"successful_fit_with_complete_outputs","bcpe_t_legacy_reconciliation::n500_d4::gamlss.longitudinal::rep035::try01",TRUE,TRUE,TRUE,TRUE
"2026-09-01.3","legacy_pre_phase1_reconciliation","bcpe_t_legacy_reconciliation","n500_d4","BCPE","t","t","legacy_unversioned","legacy_pre_phase1","legacy_unrecorded",500,4,100,36,110036,,110036,610036,,,"reconstructed_runner_rule_110000_plus_rep","gamlss.longitudinal",TRUE,TRUE,TRUE,105.800659179688,"tolerance",,1,"converged","none",TRUE,"successful_fit_with_complete_outputs","bcpe_t_legacy_reconciliation::n500_d4::gamlss.longitudinal::rep036::try01",TRUE,TRUE,TRUE,TRUE
"2026-09-01.3","legacy_pre_phase1_reconciliation","bcpe_t_legacy_reconciliation","n500_d4","BCPE","t","t","legacy_unversioned","legacy_pre_phase1","legacy_unrecorded",500,4,100,37,110037,,110037,610037,,,"reconstructed_runner_rule_110000_plus_rep","gamlss.longitudinal",TRUE,TRUE,TRUE,76.6895558834076,"tolerance",,1,"converged","none",TRUE,"successful_fit_with_complete_outputs","bcpe_t_legacy_reconciliation::n500_d4::gamlss.longitudinal::rep037::try01",TRUE,TRUE,TRUE,TRUE
"2026-09-01.3","legacy_pre_phase1_reconciliation","bcpe_t_legacy_reconciliation","n500_d4","BCPE","t","t","legacy_unversioned","legacy_pre_phase1","legacy_unrecorded",500,4,100,38,110038,,110038,610038,,,"reconstructed_runner_rule_110000_plus_rep","gamlss.longitudinal",TRUE,TRUE,TRUE,107.229275941849,"tolerance",,1,"converged","none",TRUE,"successful_fit_with_complete_outputs","bcpe_t_legacy_reconciliation::n500_d4::gamlss.longitudinal::rep038::try01",TRUE,TRUE,TRUE,TRUE
"2026-09-01.3","legacy_pre_phase1_reconciliation","bcpe_t_legacy_reconciliation","n500_d4","BCPE","t","t","legacy_unversioned","legacy_pre_phase1","legacy_unrecorded",500,4,100,39,110039,,110039,610039,,,"reconstructed_runner_rule_110000_plus_rep","gamlss.longitudinal",TRUE,TRUE,TRUE,69.0679230690002,"tolerance",,1,"converged","none",TRUE,"successful_fit_with_complete_outputs","bcpe_t_legacy_reconciliation::n500_d4::gamlss.longitudinal::rep039::try01",TRUE,TRUE,TRUE,TRUE
"2026-09-01.3","legacy_pre_phase1_reconciliation","bcpe_t_legacy_reconciliation","n500_d4","BCPE","t","t","legacy_unversioned","legacy_pre_phase1","legacy_unrecorded",500,4,100,40,110040,,110040,610040,,,"reconstructed_runner_rule_110000_plus_rep","gamlss.longitudinal",TRUE,TRUE,TRUE,82.9499709606171,"tolerance",,1,"converged","none",TRUE,"successful_fit_with_complete_outputs","bcpe_t_legacy_reconciliation::n500_d4::gamlss.longitudinal::rep040::try01",TRUE,TRUE,TRUE,TRUE
"2026-09-01.3","legacy_pre_phase1_reconciliation","bcpe_t_legacy_reconciliation","n500_d4","BCPE","t","t","legacy_unversioned","legacy_pre_phase1","legacy_unrecorded",500,4,100,41,110041,,110041,610041,,,"reconstructed_runner_rule_110000_plus_rep","gamlss.longitudinal",TRUE,TRUE,TRUE,87.1040179729462,"tolerance",,1,"converged","none",TRUE,"successful_fit_with_complete_outputs","bcpe_t_legacy_reconciliation::n500_d4::gamlss.longitudinal::rep041::try01",TRUE,TRUE,TRUE,TRUE
"2026-09-01.3","legacy_pre_phase1_reconciliation","bcpe_t_legacy_reconciliation","n500_d4","BCPE","t","t","legacy_unversioned","legacy_pre_phase1","legacy_unrecorded",500,4,100,42,110042,,110042,610042,,,"reconstructed_runner_rule_110000_plus_rep","gamlss.longitudinal",TRUE,TRUE,TRUE,97.0741121768951,"tolerance",,1,"converged","none",TRUE,"successful_fit_with_complete_outputs","bcpe_t_legacy_reconciliation::n500_d4::gamlss.longitudinal::rep042::try01",TRUE,TRUE,TRUE,TRUE
"2026-09-01.3","legacy_pre_phase1_reconciliation","bcpe_t_legacy_reconciliation","n500_d4","BCPE","t","t","legacy_unversioned","legacy_pre_phase1","legacy_unrecorded",500,4,100,43,110043,,110043,610043,,,"reconstructed_runner_rule_110000_plus_rep","gamlss.longitudinal",TRUE,TRUE,TRUE,108.783747911453,"tolerance",,1,"converged","none",TRUE,"successful_fit_with_complete_outputs","bcpe_t_legacy_reconciliation::n500_d4::gamlss.longitudinal::rep043::try01",TRUE,TRUE,TRUE,TRUE
"2026-09-01.3","legacy_pre_phase1_reconciliation","bcpe_t_legacy_reconciliation","n500_d4","BCPE","t","t","legacy_unversioned","legacy_pre_phase1","legacy_unrecorded",500,4,100,44,110044,,110044,610044,,,"reconstructed_runner_rule_110000_plus_rep","gamlss.longitudinal",TRUE,TRUE,TRUE,106.189346075058,"tolerance",,1,"converged","none",TRUE,"successful_fit_with_complete_outputs","bcpe_t_legacy_reconciliation::n500_d4::gamlss.longitudinal::rep044::try01",TRUE,TRUE,TRUE,TRUE
"2026-09-01.3","legacy_pre_phase1_reconciliation","bcpe_t_legacy_reconciliation","n500_d4","BCPE","t","t","legacy_unversioned","legacy_pre_phase1","legacy_unrecorded",500,4,100,45,110045,,110045,610045,,,"reconstructed_runner_rule_110000_plus_rep","gamlss.longitudinal",TRUE,TRUE,TRUE,86.0853190422058,"tolerance",,1,"converged","none",TRUE,"successful_fit_with_complete_outputs","bcpe_t_legacy_reconciliation::n500_d4::gamlss.longitudinal::rep045::try01",TRUE,TRUE,TRUE,TRUE
"2026-09-01.3","legacy_pre_phase1_reconciliation","bcpe_t_legacy_reconciliation","n500_d4","BCPE","t","t","legacy_unversioned","legacy_pre_phase1","legacy_unrecorded",500,4,100,46,110046,,110046,610046,,,"reconstructed_runner_rule_110000_plus_rep","gamlss.longitudinal",TRUE,TRUE,TRUE,83.9775309562683,"tolerance",,1,"converged","none",TRUE,"successful_fit_with_complete_outputs","bcpe_t_legacy_reconciliation::n500_d4::gamlss.longitudinal::rep046::try01",TRUE,TRUE,TRUE,TRUE
"2026-09-01.3","legacy_pre_phase1_reconciliation","bcpe_t_legacy_reconciliation","n500_d4","BCPE","t","t","legacy_unversioned","legacy_pre_phase1","legacy_unrecorded",500,4,100,47,110047,,110047,610047,,,"reconstructed_runner_rule_110000_plus_rep","gamlss.longitudinal",TRUE,TRUE,TRUE,86.8950440883636,"tolerance",,1,"converged","none",TRUE,"successful_fit_with_complete_outputs","bcpe_t_legacy_reconciliation::n500_d4::gamlss.longitudinal::rep047::try01",TRUE,TRUE,TRUE,TRUE
"2026-09-01.3","legacy_pre_phase1_reconciliation","bcpe_t_legacy_reconciliation","n500_d4","BCPE","t","t","legacy_unversioned","legacy_pre_phase1","legacy_unrecorded",500,4,100,48,110048,,110048,610048,,,"reconstructed_runner_rule_110000_plus_rep","gamlss.longitudinal",TRUE,TRUE,TRUE,83.8424639701843,"tolerance",,1,"converged","none",TRUE,"successful_fit_with_complete_outputs","bcpe_t_legacy_reconciliation::n500_d4::gamlss.longitudinal::rep048::try01",TRUE,TRUE,TRUE,TRUE
"2026-09-01.3","legacy_pre_phase1_reconciliation","bcpe_t_legacy_reconciliation","n500_d4","BCPE","t","t","legacy_unversioned","legacy_pre_phase1","legacy_unrecorded",500,4,100,49,110049,,110049,610049,,,"reconstructed_runner_rule_110000_plus_rep","gamlss.longitudinal",TRUE,TRUE,TRUE,96.758269071579,"tolerance",,1,"converged","none",TRUE,"successful_fit_with_complete_outputs","bcpe_t_legacy_reconciliation::n500_d4::gamlss.longitudinal::rep049::try01",TRUE,TRUE,TRUE,TRUE
"2026-09-01.3","legacy_pre_phase1_reconciliation","bcpe_t_legacy_reconciliation","n500_d4","BCPE","t","t","legacy_unversioned","legacy_pre_phase1","legacy_unrecorded",500,4,100,50,110050,,110050,610050,,,"reconstructed_runner_rule_110000_plus_rep","gamlss.longitudinal",TRUE,TRUE,TRUE,87.8649661540985,"tolerance",,1,"converged","none",TRUE,"successful_fit_with_complete_outputs","bcpe_t_legacy_reconciliation::n500_d4::gamlss.longitudinal::rep050::try01",TRUE,TRUE,TRUE,TRUE
"2026-09-01.3","legacy_pre_phase1_reconciliation","bcpe_t_legacy_reconciliation","n500_d4","BCPE","t","t","legacy_unversioned","legacy_pre_phase1","legacy_unrecorded",500,4,100,51,110051,,110051,610051,,,"reconstructed_runner_rule_110000_plus_rep","gamlss.longitudinal",TRUE,TRUE,TRUE,105.686820030212,"tolerance",,1,"converged","none",TRUE,"successful_fit_with_complete_outputs","bcpe_t_legacy_reconciliation::n500_d4::gamlss.longitudinal::rep051::try01",TRUE,TRUE,TRUE,TRUE
"2026-09-01.3","legacy_pre_phase1_reconciliation","bcpe_t_legacy_reconciliation","n500_d4","BCPE","t","t","legacy_unversioned","legacy_pre_phase1","legacy_unrecorded",500,4,100,52,110052,,110052,610052,,,"reconstructed_runner_rule_110000_plus_rep","gamlss.longitudinal",TRUE,TRUE,TRUE,105.770486831665,"tolerance",,1,"converged","none",TRUE,"successful_fit_with_complete_outputs","bcpe_t_legacy_reconciliation::n500_d4::gamlss.longitudinal::rep052::try01",TRUE,TRUE,TRUE,TRUE
"2026-09-01.3","legacy_pre_phase1_reconciliation","bcpe_t_legacy_reconciliation","n500_d4","BCPE","t","t","legacy_unversioned","legacy_pre_phase1","legacy_unrecorded",500,4,100,53,110053,,110053,610053,,,"reconstructed_runner_rule_110000_plus_rep","gamlss.longitudinal",TRUE,TRUE,TRUE,125.076649904251,"tolerance",,1,"converged","none",TRUE,"successful_fit_with_complete_outputs","bcpe_t_legacy_reconciliation::n500_d4::gamlss.longitudinal::rep053::try01",TRUE,TRUE,TRUE,TRUE
"2026-09-01.3","legacy_pre_phase1_reconciliation","bcpe_t_legacy_reconciliation","n500_d4","BCPE","t","t","legacy_unversioned","legacy_pre_phase1","legacy_unrecorded",500,4,100,54,110054,,110054,610054,,,"reconstructed_runner_rule_110000_plus_rep","gamlss.longitudinal",TRUE,TRUE,TRUE,83.8166649341583,"tolerance",,1,"converged","none",TRUE,"successful_fit_with_complete_outputs","bcpe_t_legacy_reconciliation::n500_d4::gamlss.longitudinal::rep054::try01",TRUE,TRUE,TRUE,TRUE
"2026-09-01.3","legacy_pre_phase1_reconciliation","bcpe_t_legacy_reconciliation","n500_d4","BCPE","t","t","legacy_unversioned","legacy_pre_phase1","legacy_unrecorded",500,4,100,55,110055,,110055,610055,,,"reconstructed_runner_rule_110000_plus_rep","gamlss.longitudinal",TRUE,TRUE,TRUE,92.6345961093903,"tolerance",,1,"converged","none",TRUE,"successful_fit_with_complete_outputs","bcpe_t_legacy_reconciliation::n500_d4::gamlss.longitudinal::rep055::try01",TRUE,TRUE,TRUE,TRUE
"2026-09-01.3","legacy_pre_phase1_reconciliation","bcpe_t_legacy_reconciliation","n500_d4","BCPE","t","t","legacy_unversioned","legacy_pre_phase1","legacy_unrecorded",500,4,100,56,110056,,110056,610056,,,"reconstructed_runner_rule_110000_plus_rep","gamlss.longitudinal",TRUE,TRUE,TRUE,95.8325660228729,"tolerance",,1,"converged","none",TRUE,"successful_fit_with_complete_outputs","bcpe_t_legacy_reconciliation::n500_d4::gamlss.longitudinal::rep056::try01",TRUE,TRUE,TRUE,TRUE
"2026-09-01.3","legacy_pre_phase1_reconciliation","bcpe_t_legacy_reconciliation","n500_d4","BCPE","t","t","legacy_unversioned","legacy_pre_phase1","legacy_unrecorded",500,4,100,57,110057,,110057,610057,,,"reconstructed_runner_rule_110000_plus_rep","gamlss.longitudinal",TRUE,TRUE,TRUE,93.2809228897095,"tolerance",,1,"converged","none",TRUE,"successful_fit_with_complete_outputs","bcpe_t_legacy_reconciliation::n500_d4::gamlss.longitudinal::rep057::try01",TRUE,TRUE,TRUE,TRUE
"2026-09-01.3","legacy_pre_phase1_reconciliation","bcpe_t_legacy_reconciliation","n500_d4","BCPE","t","t","legacy_unversioned","legacy_pre_phase1","legacy_unrecorded",500,4,100,58,110058,,110058,610058,,,"reconstructed_runner_rule_110000_plus_rep","gamlss.longitudinal",TRUE,TRUE,TRUE,93.4212160110474,"tolerance",,1,"converged","none",TRUE,"successful_fit_with_complete_outputs","bcpe_t_legacy_reconciliation::n500_d4::gamlss.longitudinal::rep058::try01",TRUE,TRUE,TRUE,TRUE
"2026-09-01.3","legacy_pre_phase1_reconciliation","bcpe_t_legacy_reconciliation","n500_d4","BCPE","t","t","legacy_unversioned","legacy_pre_phase1","legacy_unrecorded",500,4,100,59,110059,,110059,610059,,,"reconstructed_runner_rule_110000_plus_rep","gamlss.longitudinal",TRUE,TRUE,TRUE,90.7655889987946,"tolerance",,1,"converged","none",TRUE,"successful_fit_with_complete_outputs","bcpe_t_legacy_reconciliation::n500_d4::gamlss.longitudinal::rep059::try01",TRUE,TRUE,TRUE,TRUE
"2026-09-01.3","legacy_pre_phase1_reconciliation","bcpe_t_legacy_reconciliation","n500_d4","BCPE","t","t","legacy_unversioned","legacy_pre_phase1","legacy_unrecorded",500,4,100,60,110060,,110060,610060,,,"reconstructed_runner_rule_110000_plus_rep","gamlss.longitudinal",TRUE,TRUE,TRUE,121.248601913452,"tolerance",,1,"converged","none",TRUE,"successful_fit_with_complete_outputs","bcpe_t_legacy_reconciliation::n500_d4::gamlss.longitudinal::rep060::try01",TRUE,TRUE,TRUE,TRUE
"2026-09-01.3","legacy_pre_phase1_reconciliation","bcpe_t_legacy_reconciliation","n500_d4","BCPE","t","t","legacy_unversioned","legacy_pre_phase1","legacy_unrecorded",500,4,100,61,110061,,110061,610061,,,"reconstructed_runner_rule_110000_plus_rep","gamlss.longitudinal",TRUE,TRUE,TRUE,83.3758141994476,"tolerance",,1,"converged","none",TRUE,"successful_fit_with_complete_outputs","bcpe_t_legacy_reconciliation::n500_d4::gamlss.longitudinal::rep061::try01",TRUE,TRUE,TRUE,TRUE
"2026-09-01.3","legacy_pre_phase1_reconciliation","bcpe_t_legacy_reconciliation","n500_d4","BCPE","t","t","legacy_unversioned","legacy_pre_phase1","legacy_unrecorded",500,4,100,62,110062,,110062,610062,,,"reconstructed_runner_rule_110000_plus_rep","gamlss.longitudinal",TRUE,TRUE,TRUE,101.653337955475,"tolerance",,1,"converged","none",TRUE,"successful_fit_with_complete_outputs","bcpe_t_legacy_reconciliation::n500_d4::gamlss.longitudinal::rep062::try01",TRUE,TRUE,TRUE,TRUE
"2026-09-01.3","legacy_pre_phase1_reconciliation","bcpe_t_legacy_reconciliation","n500_d4","BCPE","t","t","legacy_unversioned","legacy_pre_phase1","legacy_unrecorded",500,4,100,63,110063,,110063,610063,,,"reconstructed_runner_rule_110000_plus_rep","gamlss.longitudinal",TRUE,TRUE,TRUE,91.2899038791656,"tolerance",,1,"converged","none",TRUE,"successful_fit_with_complete_outputs","bcpe_t_legacy_reconciliation::n500_d4::gamlss.longitudinal::rep063::try01",TRUE,TRUE,TRUE,TRUE
"2026-09-01.3","legacy_pre_phase1_reconciliation","bcpe_t_legacy_reconciliation","n500_d4","BCPE","t","t","legacy_unversioned","legacy_pre_phase1","legacy_unrecorded",500,4,100,64,110064,,110064,610064,,,"reconstructed_runner_rule_110000_plus_rep","gamlss.longitudinal",TRUE,TRUE,TRUE,96.8147871494293,"tolerance",,1,"converged","none",TRUE,"successful_fit_with_complete_outputs","bcpe_t_legacy_reconciliation::n500_d4::gamlss.longitudinal::rep064::try01",TRUE,TRUE,TRUE,TRUE
"2026-09-01.3","legacy_pre_phase1_reconciliation","bcpe_t_legacy_reconciliation","n500_d4","BCPE","t","t","legacy_unversioned","legacy_pre_phase1","legacy_unrecorded",500,4,100,65,110065,,110065,610065,,,"reconstructed_runner_rule_110000_plus_rep","gamlss.longitudinal",TRUE,TRUE,TRUE,85.1783628463745,"tolerance",,1,"converged","none",TRUE,"successful_fit_with_complete_outputs","bcpe_t_legacy_reconciliation::n500_d4::gamlss.longitudinal::rep065::try01",TRUE,TRUE,TRUE,TRUE
"2026-09-01.3","legacy_pre_phase1_reconciliation","bcpe_t_legacy_reconciliation","n500_d4","BCPE","t","t","legacy_unversioned","legacy_pre_phase1","legacy_unrecorded",500,4,100,66,110066,,110066,610066,,,"reconstructed_runner_rule_110000_plus_rep","gamlss.longitudinal",TRUE,TRUE,TRUE,83.4307651519775,"tolerance",,1,"converged","none",TRUE,"successful_fit_with_complete_outputs","bcpe_t_legacy_reconciliation::n500_d4::gamlss.longitudinal::rep066::try01",TRUE,TRUE,TRUE,TRUE
"2026-09-01.3","legacy_pre_phase1_reconciliation","bcpe_t_legacy_reconciliation","n500_d4","BCPE","t","t","legacy_unversioned","legacy_pre_phase1","legacy_unrecorded",500,4,100,67,110067,,110067,610067,,,"reconstructed_runner_rule_110000_plus_rep","gamlss.longitudinal",TRUE,TRUE,TRUE,79.3959848880768,"tolerance",,1,"converged","none",TRUE,"successful_fit_with_complete_outputs","bcpe_t_legacy_reconciliation::n500_d4::gamlss.longitudinal::rep067::try01",TRUE,TRUE,TRUE,TRUE
"2026-09-01.3","legacy_pre_phase1_reconciliation","bcpe_t_legacy_reconciliation","n500_d4","BCPE","t","t","legacy_unversioned","legacy_pre_phase1","legacy_unrecorded",500,4,100,68,110068,,110068,610068,,,"reconstructed_runner_rule_110000_plus_rep","gamlss.longitudinal",TRUE,TRUE,TRUE,193.132941007614,"tolerance",,1,"converged","none",TRUE,"successful_fit_with_complete_outputs","bcpe_t_legacy_reconciliation::n500_d4::gamlss.longitudinal::rep068::try01",TRUE,TRUE,TRUE,TRUE
"2026-09-01.3","legacy_pre_phase1_reconciliation","bcpe_t_legacy_reconciliation","n500_d4","BCPE","t","t","legacy_unversioned","legacy_pre_phase1","legacy_unrecorded",500,4,100,69,110069,,110069,610069,,,"reconstructed_runner_rule_110000_plus_rep","gamlss.longitudinal",TRUE,TRUE,TRUE,108.509853839874,"tolerance",,1,"converged","none",TRUE,"successful_fit_with_complete_outputs","bcpe_t_legacy_reconciliation::n500_d4::gamlss.longitudinal::rep069::try01",TRUE,TRUE,TRUE,TRUE
"2026-09-01.3","legacy_pre_phase1_reconciliation","bcpe_t_legacy_reconciliation","n500_d4","BCPE","t","t","legacy_unversioned","legacy_pre_phase1","legacy_unrecorded",500,4,100,70,110070,,110070,610070,,,"reconstructed_runner_rule_110000_plus_rep","gamlss.longitudinal",TRUE,TRUE,TRUE,90.9498779773712,"tolerance",,1,"converged","none",TRUE,"successful_fit_with_complete_outputs","bcpe_t_legacy_reconciliation::n500_d4::gamlss.longitudinal::rep070::try01",TRUE,TRUE,TRUE,TRUE
"2026-09-01.3","legacy_pre_phase1_reconciliation","bcpe_t_legacy_reconciliation","n500_d4","BCPE","t","t","legacy_unversioned","legacy_pre_phase1","legacy_unrecorded",500,4,100,71,110071,,110071,610071,,,"reconstructed_runner_rule_110000_plus_rep","gamlss.longitudinal",TRUE,TRUE,TRUE,83.7717139720917,"tolerance",,1,"converged","none",TRUE,"successful_fit_with_complete_outputs","bcpe_t_legacy_reconciliation::n500_d4::gamlss.longitudinal::rep071::try01",TRUE,TRUE,TRUE,TRUE
"2026-09-01.3","legacy_pre_phase1_reconciliation","bcpe_t_legacy_reconciliation","n500_d4","BCPE","t","t","legacy_unversioned","legacy_pre_phase1","legacy_unrecorded",500,4,100,72,110072,,110072,610072,,,"reconstructed_runner_rule_110000_plus_rep","gamlss.longitudinal",TRUE,TRUE,TRUE,91.4311559200287,"tolerance",,1,"converged","none",TRUE,"successful_fit_with_complete_outputs","bcpe_t_legacy_reconciliation::n500_d4::gamlss.longitudinal::rep072::try01",TRUE,TRUE,TRUE,TRUE
"2026-09-01.3","legacy_pre_phase1_reconciliation","bcpe_t_legacy_reconciliation","n500_d4","BCPE","t","t","legacy_unversioned","legacy_pre_phase1","legacy_unrecorded",500,4,100,73,110073,,110073,610073,,,"reconstructed_runner_rule_110000_plus_rep","gamlss.longitudinal",TRUE,TRUE,TRUE,108.949630975723,"tolerance",,1,"converged","none",TRUE,"successful_fit_with_complete_outputs","bcpe_t_legacy_reconciliation::n500_d4::gamlss.longitudinal::rep073::try01",TRUE,TRUE,TRUE,TRUE
"2026-09-01.3","legacy_pre_phase1_reconciliation","bcpe_t_legacy_reconciliation","n500_d4","BCPE","t","t","legacy_unversioned","legacy_pre_phase1","legacy_unrecorded",500,4,100,74,110074,,110074,610074,,,"reconstructed_runner_rule_110000_plus_rep","gamlss.longitudinal",TRUE,TRUE,TRUE,113.76678609848,"tolerance",,1,"converged","none",TRUE,"successful_fit_with_complete_outputs","bcpe_t_legacy_reconciliation::n500_d4::gamlss.longitudinal::rep074::try01",TRUE,TRUE,TRUE,TRUE
"2026-09-01.3","legacy_pre_phase1_reconciliation","bcpe_t_legacy_reconciliation","n500_d4","BCPE","t","t","legacy_unversioned","legacy_pre_phase1","legacy_unrecorded",500,4,100,75,110075,,110075,610075,,,"reconstructed_runner_rule_110000_plus_rep","gamlss.longitudinal",TRUE,TRUE,TRUE,87.6866579055786,"tolerance",,1,"converged","none",TRUE,"successful_fit_with_complete_outputs","bcpe_t_legacy_reconciliation::n500_d4::gamlss.longitudinal::rep075::try01",TRUE,TRUE,TRUE,TRUE
"2026-09-01.3","legacy_pre_phase1_reconciliation","bcpe_t_legacy_reconciliation","n500_d4","BCPE","t","t","legacy_unversioned","legacy_pre_phase1","legacy_unrecorded",500,4,100,76,110076,,110076,610076,,,"reconstructed_runner_rule_110000_plus_rep","gamlss.longitudinal",TRUE,TRUE,TRUE,96.2550859451294,"tolerance",,1,"converged","none",TRUE,"successful_fit_with_complete_outputs","bcpe_t_legacy_reconciliation::n500_d4::gamlss.longitudinal::rep076::try01",TRUE,TRUE,TRUE,TRUE
"2026-09-01.3","legacy_pre_phase1_reconciliation","bcpe_t_legacy_reconciliation","n500_d4","BCPE","t","t","legacy_unversioned","legacy_pre_phase1","legacy_unrecorded",500,4,100,77,110077,,110077,610077,,,"reconstructed_runner_rule_110000_plus_rep","gamlss.longitudinal",TRUE,TRUE,TRUE,97.9402840137482,"tolerance",,1,"converged","none",TRUE,"successful_fit_with_complete_outputs","bcpe_t_legacy_reconciliation::n500_d4::gamlss.longitudinal::rep077::try01",TRUE,TRUE,TRUE,TRUE
"2026-09-01.3","legacy_pre_phase1_reconciliation","bcpe_t_legacy_reconciliation","n500_d4","BCPE","t","t","legacy_unversioned","legacy_pre_phase1","legacy_unrecorded",500,4,100,78,110078,,110078,610078,,,"reconstructed_runner_rule_110000_plus_rep","gamlss.longitudinal",TRUE,TRUE,TRUE,86.1843991279602,"tolerance",,1,"converged","none",TRUE,"successful_fit_with_complete_outputs","bcpe_t_legacy_reconciliation::n500_d4::gamlss.longitudinal::rep078::try01",TRUE,TRUE,TRUE,TRUE
"2026-09-01.3","legacy_pre_phase1_reconciliation","bcpe_t_legacy_reconciliation","n500_d4","BCPE","t","t","legacy_unversioned","legacy_pre_phase1","legacy_unrecorded",500,4,100,79,110079,,110079,610079,,,"reconstructed_runner_rule_110000_plus_rep","gamlss.longitudinal",TRUE,TRUE,TRUE,94.7555360794067,"tolerance",,1,"converged","none",TRUE,"successful_fit_with_complete_outputs","bcpe_t_legacy_reconciliation::n500_d4::gamlss.longitudinal::rep079::try01",TRUE,TRUE,TRUE,TRUE
"2026-09-01.3","legacy_pre_phase1_reconciliation","bcpe_t_legacy_reconciliation","n500_d4","BCPE","t","t","legacy_unversioned","legacy_pre_phase1","legacy_unrecorded",500,4,100,80,110080,,110080,610080,,,"reconstructed_runner_rule_110000_plus_rep","gamlss.longitudinal",TRUE,TRUE,TRUE,77.9418280124664,"tolerance",,1,"converged","none",TRUE,"successful_fit_with_complete_outputs","bcpe_t_legacy_reconciliation::n500_d4::gamlss.longitudinal::rep080::try01",TRUE,TRUE,TRUE,TRUE
"2026-09-01.3","legacy_pre_phase1_reconciliation","bcpe_t_legacy_reconciliation","n500_d4","BCPE","t","t","legacy_unversioned","legacy_pre_phase1","legacy_unrecorded",500,4,100,81,110081,,110081,610081,,,"reconstructed_runner_rule_110000_plus_rep","gamlss.longitudinal",TRUE,TRUE,TRUE,97.5233891010284,"tolerance",,1,"converged","none",TRUE,"successful_fit_with_complete_outputs","bcpe_t_legacy_reconciliation::n500_d4::gamlss.longitudinal::rep081::try01",TRUE,TRUE,TRUE,TRUE
"2026-09-01.3","legacy_pre_phase1_reconciliation","bcpe_t_legacy_reconciliation","n500_d4","BCPE","t","t","legacy_unversioned","legacy_pre_phase1","legacy_unrecorded",500,4,100,82,110082,,110082,610082,,,"reconstructed_runner_rule_110000_plus_rep","gamlss.longitudinal",TRUE,TRUE,TRUE,91.6314311027527,"tolerance",,1,"converged","none",TRUE,"successful_fit_with_complete_outputs","bcpe_t_legacy_reconciliation::n500_d4::gamlss.longitudinal::rep082::try01",TRUE,TRUE,TRUE,TRUE
"2026-09-01.3","legacy_pre_phase1_reconciliation","bcpe_t_legacy_reconciliation","n500_d4","BCPE","t","t","legacy_unversioned","legacy_pre_phase1","legacy_unrecorded",500,4,100,83,110083,,110083,610083,,,"reconstructed_runner_rule_110000_plus_rep","gamlss.longitudinal",TRUE,TRUE,TRUE,96.2830278873444,"tolerance",,1,"converged","none",TRUE,"successful_fit_with_complete_outputs","bcpe_t_legacy_reconciliation::n500_d4::gamlss.longitudinal::rep083::try01",TRUE,TRUE,TRUE,TRUE
"2026-09-01.3","legacy_pre_phase1_reconciliation","bcpe_t_legacy_reconciliation","n500_d4","BCPE","t","t","legacy_unversioned","legacy_pre_phase1","legacy_unrecorded",500,4,100,84,110084,,110084,610084,,,"reconstructed_runner_rule_110000_plus_rep","gamlss.longitudinal",TRUE,TRUE,TRUE,79.5758450031281,"tolerance",,1,"converged","none",TRUE,"successful_fit_with_complete_outputs","bcpe_t_legacy_reconciliation::n500_d4::gamlss.longitudinal::rep084::try01",TRUE,TRUE,TRUE,TRUE
"2026-09-01.3","legacy_pre_phase1_reconciliation","bcpe_t_legacy_reconciliation","n500_d4","BCPE","t","t","legacy_unversioned","legacy_pre_phase1","legacy_unrecorded",500,4,100,85,110085,,110085,610085,,,"reconstructed_runner_rule_110000_plus_rep","gamlss.longitudinal",TRUE,TRUE,TRUE,79.6549940109253,"tolerance",,1,"converged","none",TRUE,"successful_fit_with_complete_outputs","bcpe_t_legacy_reconciliation::n500_d4::gamlss.longitudinal::rep085::try01",TRUE,TRUE,TRUE,TRUE
"2026-09-01.3","legacy_pre_phase1_reconciliation","bcpe_t_legacy_reconciliation","n500_d4","BCPE","t","t","legacy_unversioned","legacy_pre_phase1","legacy_unrecorded",500,4,100,86,110086,,110086,610086,,,"reconstructed_runner_rule_110000_plus_rep","gamlss.longitudinal",TRUE,TRUE,TRUE,107.139447927475,"tolerance",,1,"converged","none",TRUE,"successful_fit_with_complete_outputs","bcpe_t_legacy_reconciliation::n500_d4::gamlss.longitudinal::rep086::try01",TRUE,TRUE,TRUE,TRUE
"2026-09-01.3","legacy_pre_phase1_reconciliation","bcpe_t_legacy_reconciliation","n500_d4","BCPE","t","t","legacy_unversioned","legacy_pre_phase1","legacy_unrecorded",500,4,100,87,110087,,110087,610087,,,"reconstructed_runner_rule_110000_plus_rep","gamlss.longitudinal",TRUE,TRUE,TRUE,106.812027931213,"tolerance",,1,"converged","none",TRUE,"successful_fit_with_complete_outputs","bcpe_t_legacy_reconciliation::n500_d4::gamlss.longitudinal::rep087::try01",TRUE,TRUE,TRUE,TRUE
"2026-09-01.3","legacy_pre_phase1_reconciliation","bcpe_t_legacy_reconciliation","n500_d4","BCPE","t","t","legacy_unversioned","legacy_pre_phase1","legacy_unrecorded",500,4,100,88,110088,,110088,610088,,,"reconstructed_runner_rule_110000_plus_rep","gamlss.longitudinal",TRUE,TRUE,TRUE,80.0477800369263,"tolerance",,1,"converged","none",TRUE,"successful_fit_with_complete_outputs","bcpe_t_legacy_reconciliation::n500_d4::gamlss.longitudinal::rep088::try01",TRUE,TRUE,TRUE,TRUE
"2026-09-01.3","legacy_pre_phase1_reconciliation","bcpe_t_legacy_reconciliation","n500_d4","BCPE","t","t","legacy_unversioned","legacy_pre_phase1","legacy_unrecorded",500,4,100,89,110089,,110089,610089,,,"reconstructed_runner_rule_110000_plus_rep","gamlss.longitudinal",TRUE,TRUE,TRUE,100.724180936813,"tolerance",,1,"converged","none",TRUE,"successful_fit_with_complete_outputs","bcpe_t_legacy_reconciliation::n500_d4::gamlss.longitudinal::rep089::try01",TRUE,TRUE,TRUE,TRUE
"2026-09-01.3","legacy_pre_phase1_reconciliation","bcpe_t_legacy_reconciliation","n500_d4","BCPE","t","t","legacy_unversioned","legacy_pre_phase1","legacy_unrecorded",500,4,100,90,110090,,110090,610090,,,"reconstructed_runner_rule_110000_plus_rep","gamlss.longitudinal",TRUE,TRUE,TRUE,109.560267925262,"tolerance",,1,"converged","none",TRUE,"successful_fit_with_complete_outputs","bcpe_t_legacy_reconciliation::n500_d4::gamlss.longitudinal::rep090::try01",TRUE,TRUE,TRUE,TRUE
"2026-09-01.3","legacy_pre_phase1_reconciliation","bcpe_t_legacy_reconciliation","n500_d4","BCPE","t","t","legacy_unversioned","legacy_pre_phase1","legacy_unrecorded",500,4,100,91,110091,,110091,610091,,,"reconstructed_runner_rule_110000_plus_rep","gamlss.longitudinal",TRUE,TRUE,TRUE,120.628130912781,"tolerance",,1,"converged","none",TRUE,"successful_fit_with_complete_outputs","bcpe_t_legacy_reconciliation::n500_d4::gamlss.longitudinal::rep091::try01",TRUE,TRUE,TRUE,TRUE
"2026-09-01.3","legacy_pre_phase1_reconciliation","bcpe_t_legacy_reconciliation","n500_d4","BCPE","t","t","legacy_unversioned","legacy_pre_phase1","legacy_unrecorded",500,4,100,92,110092,,110092,610092,,,"reconstructed_runner_rule_110000_plus_rep","gamlss.longitudinal",TRUE,TRUE,TRUE,101.612713098526,"tolerance",,1,"converged","none",TRUE,"successful_fit_with_complete_outputs","bcpe_t_legacy_reconciliation::n500_d4::gamlss.longitudinal::rep092::try01",TRUE,TRUE,TRUE,TRUE
"2026-09-01.3","legacy_pre_phase1_reconciliation","bcpe_t_legacy_reconciliation","n500_d4","BCPE","t","t","legacy_unversioned","legacy_pre_phase1","legacy_unrecorded",500,4,100,93,110093,,110093,610093,,,"reconstructed_runner_rule_110000_plus_rep","gamlss.longitudinal",TRUE,TRUE,TRUE,119.314831972122,"tolerance",,1,"converged","none",TRUE,"successful_fit_with_complete_outputs","bcpe_t_legacy_reconciliation::n500_d4::gamlss.longitudinal::rep093::try01",TRUE,TRUE,TRUE,TRUE
"2026-09-01.3","legacy_pre_phase1_reconciliation","bcpe_t_legacy_reconciliation","n500_d4","BCPE","t","t","legacy_unversioned","legacy_pre_phase1","legacy_unrecorded",500,4,100,94,110094,,110094,610094,,,"reconstructed_runner_rule_110000_plus_rep","gamlss.longitudinal",TRUE,TRUE,TRUE,88.9144310951233,"tolerance",,1,"converged","none",TRUE,"successful_fit_with_complete_outputs","bcpe_t_legacy_reconciliation::n500_d4::gamlss.longitudinal::rep094::try01",TRUE,TRUE,TRUE,TRUE
"2026-09-01.3","legacy_pre_phase1_reconciliation","bcpe_t_legacy_reconciliation","n500_d4","BCPE","t","t","legacy_unversioned","legacy_pre_phase1","legacy_unrecorded",500,4,100,95,110095,,110095,610095,,,"reconstructed_runner_rule_110000_plus_rep","gamlss.longitudinal",TRUE,TRUE,TRUE,104.093918800354,"tolerance",,1,"converged","none",TRUE,"successful_fit_with_complete_outputs","bcpe_t_legacy_reconciliation::n500_d4::gamlss.longitudinal::rep095::try01",TRUE,TRUE,TRUE,TRUE
"2026-09-01.3","legacy_pre_phase1_reconciliation","bcpe_t_legacy_reconciliation","n500_d4","BCPE","t","t","legacy_unversioned","legacy_pre_phase1","legacy_unrecorded",500,4,100,96,110096,,110096,610096,,,"reconstructed_runner_rule_110000_plus_rep","gamlss.longitudinal",TRUE,TRUE,TRUE,89.3935959339142,"tolerance",,1,"converged","none",TRUE,"successful_fit_with_complete_outputs","bcpe_t_legacy_reconciliation::n500_d4::gamlss.longitudinal::rep096::try01",TRUE,TRUE,TRUE,TRUE
"2026-09-01.3","legacy_pre_phase1_reconciliation","bcpe_t_legacy_reconciliation","n500_d4","BCPE","t","t","legacy_unversioned","legacy_pre_phase1","legacy_unrecorded",500,4,100,97,110097,,110097,610097,,,"reconstructed_runner_rule_110000_plus_rep","gamlss.longitudinal",TRUE,TRUE,TRUE,122.955341100693,"tolerance",,1,"converged","none",TRUE,"successful_fit_with_complete_outputs","bcpe_t_legacy_reconciliation::n500_d4::gamlss.longitudinal::rep097::try01",TRUE,TRUE,TRUE,TRUE
"2026-09-01.3","legacy_pre_phase1_reconciliation","bcpe_t_legacy_reconciliation","n500_d4","BCPE","t","t","legacy_unversioned","legacy_pre_phase1","legacy_unrecorded",500,4,100,98,110098,,110098,610098,,,"reconstructed_runner_rule_110000_plus_rep","gamlss.longitudinal",TRUE,TRUE,TRUE,97.5966811180115,"tolerance",,1,"converged","none",TRUE,"successful_fit_with_complete_outputs","bcpe_t_legacy_reconciliation::n500_d4::gamlss.longitudinal::rep098::try01",TRUE,TRUE,TRUE,TRUE
"2026-09-01.3","legacy_pre_phase1_reconciliation","bcpe_t_legacy_reconciliation","n500_d4","BCPE","t","t","legacy_unversioned","legacy_pre_phase1","legacy_unrecorded",500,4,100,99,110099,,110099,610099,,,"reconstructed_runner_rule_110000_plus_rep","gamlss.longitudinal",TRUE,TRUE,TRUE,120.004114866257,"tolerance",,1,"converged","none",TRUE,"successful_fit_with_complete_outputs","bcpe_t_legacy_reconciliation::n500_d4::gamlss.longitudinal::rep099::try01",TRUE,TRUE,TRUE,TRUE
"2026-09-01.3","legacy_pre_phase1_reconciliation","bcpe_t_legacy_reconciliation","n500_d4","BCPE","t","t","legacy_unversioned","legacy_pre_phase1","legacy_unrecorded",500,4,100,100,110100,,110100,610100,,,"reconstructed_runner_rule_110000_plus_rep","gamlss.longitudinal",TRUE,TRUE,TRUE,102.913866996765,"tolerance",,1,"converged","none",TRUE,"successful_fit_with_complete_outputs","bcpe_t_legacy_reconciliation::n500_d4::gamlss.longitudinal::rep100::try01",TRUE,TRUE,TRUE,TRUE
"2026-09-01.3","legacy_pre_phase1_reconciliation","bcpe_t_legacy_reconciliation","n500_d4","BCPE","t","t","legacy_unversioned","legacy_pre_phase1","legacy_unrecorded",500,4,100,1,110001,,110001,610001,,,"reconstructed_runner_rule_110000_plus_rep","gamlss2",TRUE,TRUE,,5.28174090385437,,,1,"not_reported","convergence_not_reported",TRUE,"successful_fit_with_complete_outputs","bcpe_t_legacy_reconciliation::n500_d4::gamlss2::rep001::try01",TRUE,TRUE,TRUE,TRUE
"2026-09-01.3","legacy_pre_phase1_reconciliation","bcpe_t_legacy_reconciliation","n500_d4","BCPE","t","t","legacy_unversioned","legacy_pre_phase1","legacy_unrecorded",500,4,100,2,110002,,110002,610002,,,"reconstructed_runner_rule_110000_plus_rep","gamlss2",TRUE,TRUE,,4.72916793823242,,,1,"not_reported","convergence_not_reported",TRUE,"successful_fit_with_complete_outputs","bcpe_t_legacy_reconciliation::n500_d4::gamlss2::rep002::try01",TRUE,TRUE,TRUE,TRUE
"2026-09-01.3","legacy_pre_phase1_reconciliation","bcpe_t_legacy_reconciliation","n500_d4","BCPE","t","t","legacy_unversioned","legacy_pre_phase1","legacy_unrecorded",500,4,100,3,110003,,110003,610003,,,"reconstructed_runner_rule_110000_plus_rep","gamlss2",TRUE,TRUE,,4.12100601196289,,,1,"not_reported","convergence_not_reported",TRUE,"successful_fit_with_complete_outputs","bcpe_t_legacy_reconciliation::n500_d4::gamlss2::rep003::try01",TRUE,TRUE,TRUE,TRUE
"2026-09-01.3","legacy_pre_phase1_reconciliation","bcpe_t_legacy_reconciliation","n500_d4","BCPE","t","t","legacy_unversioned","legacy_pre_phase1","legacy_unrecorded",500,4,100,4,110004,,110004,610004,,,"reconstructed_runner_rule_110000_plus_rep","gamlss2",TRUE,TRUE,,2.74699902534485,,,1,"not_reported","convergence_not_reported",TRUE,"successful_fit_with_complete_outputs","bcpe_t_legacy_reconciliation::n500_d4::gamlss2::rep004::try01",TRUE,TRUE,TRUE,TRUE
"2026-09-01.3","legacy_pre_phase1_reconciliation","bcpe_t_legacy_reconciliation","n500_d4","BCPE","t","t","legacy_unversioned","legacy_pre_phase1","legacy_unrecorded",500,4,100,5,110005,,110005,610005,,,"reconstructed_runner_rule_110000_plus_rep","gamlss2",TRUE,TRUE,,2.61967206001282,,,1,"not_reported","convergence_not_reported",TRUE,"successful_fit_with_complete_outputs","bcpe_t_legacy_reconciliation::n500_d4::gamlss2::rep005::try01",TRUE,TRUE,TRUE,TRUE
"2026-09-01.3","legacy_pre_phase1_reconciliation","bcpe_t_legacy_reconciliation","n500_d4","BCPE","t","t","legacy_unversioned","legacy_pre_phase1","legacy_unrecorded",500,4,100,6,110006,,110006,610006,,,"reconstructed_runner_rule_110000_plus_rep","gamlss2",TRUE,TRUE,,5.34562993049622,,,1,"not_reported","convergence_not_reported",TRUE,"successful_fit_with_complete_outputs","bcpe_t_legacy_reconciliation::n500_d4::gamlss2::rep006::try01",TRUE,TRUE,TRUE,TRUE
"2026-09-01.3","legacy_pre_phase1_reconciliation","bcpe_t_legacy_reconciliation","n500_d4","BCPE","t","t","legacy_unversioned","legacy_pre_phase1","legacy_unrecorded",500,4,100,7,110007,,110007,610007,,,"reconstructed_runner_rule_110000_plus_rep","gamlss2",TRUE,TRUE,,3.92253804206848,,,1,"not_reported","convergence_not_reported",TRUE,"successful_fit_with_complete_outputs","bcpe_t_legacy_reconciliation::n500_d4::gamlss2::rep007::try01",TRUE,TRUE,TRUE,TRUE
"2026-09-01.3","legacy_pre_phase1_reconciliation","bcpe_t_legacy_reconciliation","n500_d4","BCPE","t","t","legacy_unversioned","legacy_pre_phase1","legacy_unrecorded",500,4,100,8,110008,,110008,610008,,,"reconstructed_runner_rule_110000_plus_rep","gamlss2",TRUE,TRUE,,4.71554899215698,,,1,"not_reported","convergence_not_reported",TRUE,"successful_fit_with_complete_outputs","bcpe_t_legacy_reconciliation::n500_d4::gamlss2::rep008::try01",TRUE,TRUE,TRUE,TRUE
"2026-09-01.3","legacy_pre_phase1_reconciliation","bcpe_t_legacy_reconciliation","n500_d4","BCPE","t","t","legacy_unversioned","legacy_pre_phase1","legacy_unrecorded",500,4,100,9,110009,,110009,610009,,,"reconstructed_runner_rule_110000_plus_rep","gamlss2",TRUE,TRUE,,6.73646593093872,,,1,"not_reported","convergence_not_reported",TRUE,"successful_fit_with_complete_outputs","bcpe_t_legacy_reconciliation::n500_d4::gamlss2::rep009::try01",TRUE,TRUE,TRUE,TRUE
"2026-09-01.3","legacy_pre_phase1_reconciliation","bcpe_t_legacy_reconciliation","n500_d4","BCPE","t","t","legacy_unversioned","legacy_pre_phase1","legacy_unrecorded",500,4,100,10,110010,,110010,610010,,,"reconstructed_runner_rule_110000_plus_rep","gamlss2",TRUE,TRUE,,4.6542820930481,,,1,"not_reported","convergence_not_reported",TRUE,"successful_fit_with_complete_outputs","bcpe_t_legacy_reconciliation::n500_d4::gamlss2::rep010::try01",TRUE,TRUE,TRUE,TRUE
"2026-09-01.3","legacy_pre_phase1_reconciliation","bcpe_t_legacy_reconciliation","n500_d4","BCPE","t","t","legacy_unversioned","legacy_pre_phase1","legacy_unrecorded",500,4,100,11,110011,,110011,610011,,,"reconstructed_runner_rule_110000_plus_rep","gamlss2",TRUE,TRUE,,3.83577394485474,,,1,"not_reported","convergence_not_reported",TRUE,"successful_fit_with_complete_outputs","bcpe_t_legacy_reconciliation::n500_d4::gamlss2::rep011::try01",TRUE,TRUE,TRUE,TRUE
"2026-09-01.3","legacy_pre_phase1_reconciliation","bcpe_t_legacy_reconciliation","n500_d4","BCPE","t","t","legacy_unversioned","legacy_pre_phase1","legacy_unrecorded",500,4,100,12,110012,,110012,610012,,,"reconstructed_runner_rule_110000_plus_rep","gamlss2",TRUE,TRUE,,3.56994104385376,,,1,"not_reported","convergence_not_reported",TRUE,"successful_fit_with_complete_outputs","bcpe_t_legacy_reconciliation::n500_d4::gamlss2::rep012::try01",TRUE,TRUE,TRUE,TRUE
"2026-09-01.3","legacy_pre_phase1_reconciliation","bcpe_t_legacy_reconciliation","n500_d4","BCPE","t","t","legacy_unversioned","legacy_pre_phase1","legacy_unrecorded",500,4,100,13,110013,,110013,610013,,,"reconstructed_runner_rule_110000_plus_rep","gamlss2",TRUE,TRUE,,4.07166600227356,,,1,"not_reported","convergence_not_reported",TRUE,"successful_fit_with_complete_outputs","bcpe_t_legacy_reconciliation::n500_d4::gamlss2::rep013::try01",TRUE,TRUE,TRUE,TRUE
"2026-09-01.3","legacy_pre_phase1_reconciliation","bcpe_t_legacy_reconciliation","n500_d4","BCPE","t","t","legacy_unversioned","legacy_pre_phase1","legacy_unrecorded",500,4,100,14,110014,,110014,610014,,,"reconstructed_runner_rule_110000_plus_rep","gamlss2",TRUE,TRUE,,4.46705102920532,,,1,"not_reported","convergence_not_reported",TRUE,"successful_fit_with_complete_outputs","bcpe_t_legacy_reconciliation::n500_d4::gamlss2::rep014::try01",TRUE,TRUE,TRUE,TRUE
"2026-09-01.3","legacy_pre_phase1_reconciliation","bcpe_t_legacy_reconciliation","n500_d4","BCPE","t","t","legacy_unversioned","legacy_pre_phase1","legacy_unrecorded",500,4,100,15,110015,,110015,610015,,,"reconstructed_runner_rule_110000_plus_rep","gamlss2",TRUE,TRUE,,3.6795220375061,,,1,"not_reported","convergence_not_reported",TRUE,"successful_fit_with_complete_outputs","bcpe_t_legacy_reconciliation::n500_d4::gamlss2::rep015::try01",TRUE,TRUE,TRUE,TRUE
"2026-09-01.3","legacy_pre_phase1_reconciliation","bcpe_t_legacy_reconciliation","n500_d4","BCPE","t","t","legacy_unversioned","legacy_pre_phase1","legacy_unrecorded",500,4,100,16,110016,,110016,610016,,,"reconstructed_runner_rule_110000_plus_rep","gamlss2",TRUE,TRUE,,3.83865404129028,,,1,"not_reported","convergence_not_reported",TRUE,"successful_fit_with_complete_outputs","bcpe_t_legacy_reconciliation::n500_d4::gamlss2::rep016::try01",TRUE,TRUE,TRUE,TRUE
"2026-09-01.3","legacy_pre_phase1_reconciliation","bcpe_t_legacy_reconciliation","n500_d4","BCPE","t","t","legacy_unversioned","legacy_pre_phase1","legacy_unrecorded",500,4,100,17,110017,,110017,610017,,,"reconstructed_runner_rule_110000_plus_rep","gamlss2",TRUE,TRUE,,4.04227995872498,,,1,"not_reported","convergence_not_reported",TRUE,"successful_fit_with_complete_outputs","bcpe_t_legacy_reconciliation::n500_d4::gamlss2::rep017::try01",TRUE,TRUE,TRUE,TRUE
"2026-09-01.3","legacy_pre_phase1_reconciliation","bcpe_t_legacy_reconciliation","n500_d4","BCPE","t","t","legacy_unversioned","legacy_pre_phase1","legacy_unrecorded",500,4,100,18,110018,,110018,610018,,,"reconstructed_runner_rule_110000_plus_rep","gamlss2",TRUE,TRUE,,4.00978708267212,,,1,"not_reported","convergence_not_reported",TRUE,"successful_fit_with_complete_outputs","bcpe_t_legacy_reconciliation::n500_d4::gamlss2::rep018::try01",TRUE,TRUE,TRUE,TRUE
"2026-09-01.3","legacy_pre_phase1_reconciliation","bcpe_t_legacy_reconciliation","n500_d4","BCPE","t","t","legacy_unversioned","legacy_pre_phase1","legacy_unrecorded",500,4,100,19,110019,,110019,610019,,,"reconstructed_runner_rule_110000_plus_rep","gamlss2",TRUE,TRUE,,3.21057987213135,,,1,"not_reported","convergence_not_reported",TRUE,"successful_fit_with_complete_outputs","bcpe_t_legacy_reconciliation::n500_d4::gamlss2::rep019::try01",TRUE,TRUE,TRUE,TRUE
"2026-09-01.3","legacy_pre_phase1_reconciliation","bcpe_t_legacy_reconciliation","n500_d4","BCPE","t","t","legacy_unversioned","legacy_pre_phase1","legacy_unrecorded",500,4,100,20,110020,,110020,610020,,,"reconstructed_runner_rule_110000_plus_rep","gamlss2",TRUE,TRUE,,3.7265248298645,,,1,"not_reported","convergence_not_reported",TRUE,"successful_fit_with_complete_outputs","bcpe_t_legacy_reconciliation::n500_d4::gamlss2::rep020::try01",TRUE,TRUE,TRUE,TRUE
"2026-09-01.3","legacy_pre_phase1_reconciliation","bcpe_t_legacy_reconciliation","n500_d4","BCPE","t","t","legacy_unversioned","legacy_pre_phase1","legacy_unrecorded",500,4,100,21,110021,,110021,610021,,,"reconstructed_runner_rule_110000_plus_rep","gamlss2",TRUE,TRUE,,4.1958110332489,,,1,"not_reported","convergence_not_reported",TRUE,"successful_fit_with_complete_outputs","bcpe_t_legacy_reconciliation::n500_d4::gamlss2::rep021::try01",TRUE,TRUE,TRUE,TRUE
"2026-09-01.3","legacy_pre_phase1_reconciliation","bcpe_t_legacy_reconciliation","n500_d4","BCPE","t","t","legacy_unversioned","legacy_pre_phase1","legacy_unrecorded",500,4,100,22,110022,,110022,610022,,,"reconstructed_runner_rule_110000_plus_rep","gamlss2",TRUE,TRUE,,3.69004392623901,,,1,"not_reported","convergence_not_reported",TRUE,"successful_fit_with_complete_outputs","bcpe_t_legacy_reconciliation::n500_d4::gamlss2::rep022::try01",TRUE,TRUE,TRUE,TRUE
"2026-09-01.3","legacy_pre_phase1_reconciliation","bcpe_t_legacy_reconciliation","n500_d4","BCPE","t","t","legacy_unversioned","legacy_pre_phase1","legacy_unrecorded",500,4,100,23,110023,,110023,610023,,,"reconstructed_runner_rule_110000_plus_rep","gamlss2",TRUE,TRUE,,3.48608803749084,,,1,"not_reported","convergence_not_reported",TRUE,"successful_fit_with_complete_outputs","bcpe_t_legacy_reconciliation::n500_d4::gamlss2::rep023::try01",TRUE,TRUE,TRUE,TRUE
"2026-09-01.3","legacy_pre_phase1_reconciliation","bcpe_t_legacy_reconciliation","n500_d4","BCPE","t","t","legacy_unversioned","legacy_pre_phase1","legacy_unrecorded",500,4,100,24,110024,,110024,610024,,,"reconstructed_runner_rule_110000_plus_rep","gamlss2",TRUE,TRUE,,4.88030099868774,,,1,"not_reported","convergence_not_reported",TRUE,"successful_fit_with_complete_outputs","bcpe_t_legacy_reconciliation::n500_d4::gamlss2::rep024::try01",TRUE,TRUE,TRUE,TRUE
"2026-09-01.3","legacy_pre_phase1_reconciliation","bcpe_t_legacy_reconciliation","n500_d4","BCPE","t","t","legacy_unversioned","legacy_pre_phase1","legacy_unrecorded",500,4,100,25,110025,,110025,610025,,,"reconstructed_runner_rule_110000_plus_rep","gamlss2",TRUE,TRUE,,3.63508081436157,,,1,"not_reported","convergence_not_reported",TRUE,"successful_fit_with_complete_outputs","bcpe_t_legacy_reconciliation::n500_d4::gamlss2::rep025::try01",TRUE,TRUE,TRUE,TRUE
"2026-09-01.3","legacy_pre_phase1_reconciliation","bcpe_t_legacy_reconciliation","n500_d4","BCPE","t","t","legacy_unversioned","legacy_pre_phase1","legacy_unrecorded",500,4,100,26,110026,,110026,610026,,,"reconstructed_runner_rule_110000_plus_rep","gamlss2",TRUE,TRUE,,3.31814384460449,,,1,"not_reported","convergence_not_reported",TRUE,"successful_fit_with_complete_outputs","bcpe_t_legacy_reconciliation::n500_d4::gamlss2::rep026::try01",TRUE,TRUE,TRUE,TRUE
"2026-09-01.3","legacy_pre_phase1_reconciliation","bcpe_t_legacy_reconciliation","n500_d4","BCPE","t","t","legacy_unversioned","legacy_pre_phase1","legacy_unrecorded",500,4,100,27,110027,,110027,610027,,,"reconstructed_runner_rule_110000_plus_rep","gamlss2",TRUE,TRUE,,4.15959000587463,,,1,"not_reported","convergence_not_reported",TRUE,"successful_fit_with_complete_outputs","bcpe_t_legacy_reconciliation::n500_d4::gamlss2::rep027::try01",TRUE,TRUE,TRUE,TRUE
"2026-09-01.3","legacy_pre_phase1_reconciliation","bcpe_t_legacy_reconciliation","n500_d4","BCPE","t","t","legacy_unversioned","legacy_pre_phase1","legacy_unrecorded",500,4,100,28,110028,,110028,610028,,,"reconstructed_runner_rule_110000_plus_rep","gamlss2",TRUE,TRUE,,4.15229487419128,,,1,"not_reported","convergence_not_reported",TRUE,"successful_fit_with_complete_outputs","bcpe_t_legacy_reconciliation::n500_d4::gamlss2::rep028::try01",TRUE,TRUE,TRUE,TRUE
"2026-09-01.3","legacy_pre_phase1_reconciliation","bcpe_t_legacy_reconciliation","n500_d4","BCPE","t","t","legacy_unversioned","legacy_pre_phase1","legacy_unrecorded",500,4,100,29,110029,,110029,610029,,,"reconstructed_runner_rule_110000_plus_rep","gamlss2",TRUE,TRUE,,3.84848189353943,,,1,"not_reported","convergence_not_reported",TRUE,"successful_fit_with_complete_outputs","bcpe_t_legacy_reconciliation::n500_d4::gamlss2::rep029::try01",TRUE,TRUE,TRUE,TRUE
"2026-09-01.3","legacy_pre_phase1_reconciliation","bcpe_t_legacy_reconciliation","n500_d4","BCPE","t","t","legacy_unversioned","legacy_pre_phase1","legacy_unrecorded",500,4,100,30,110030,,110030,610030,,,"reconstructed_runner_rule_110000_plus_rep","gamlss2",TRUE,TRUE,,3.04916715621948,,,1,"not_reported","convergence_not_reported",TRUE,"successful_fit_with_complete_outputs","bcpe_t_legacy_reconciliation::n500_d4::gamlss2::rep030::try01",TRUE,TRUE,TRUE,TRUE
"2026-09-01.3","legacy_pre_phase1_reconciliation","bcpe_t_legacy_reconciliation","n500_d4","BCPE","t","t","legacy_unversioned","legacy_pre_phase1","legacy_unrecorded",500,4,100,31,110031,,110031,610031,,,"reconstructed_runner_rule_110000_plus_rep","gamlss2",TRUE,TRUE,,4.36088490486145,,,1,"not_reported","convergence_not_reported",TRUE,"successful_fit_with_complete_outputs","bcpe_t_legacy_reconciliation::n500_d4::gamlss2::rep031::try01",TRUE,TRUE,TRUE,TRUE
"2026-09-01.3","legacy_pre_phase1_reconciliation","bcpe_t_legacy_reconciliation","n500_d4","BCPE","t","t","legacy_unversioned","legacy_pre_phase1","legacy_unrecorded",500,4,100,32,110032,,110032,610032,,,"reconstructed_runner_rule_110000_plus_rep","gamlss2",TRUE,TRUE,,4.3815279006958,,,1,"not_reported","convergence_not_reported",TRUE,"successful_fit_with_complete_outputs","bcpe_t_legacy_reconciliation::n500_d4::gamlss2::rep032::try01",TRUE,TRUE,TRUE,TRUE
"2026-09-01.3","legacy_pre_phase1_reconciliation","bcpe_t_legacy_reconciliation","n500_d4","BCPE","t","t","legacy_unversioned","legacy_pre_phase1","legacy_unrecorded",500,4,100,33,110033,,110033,610033,,,"reconstructed_runner_rule_110000_plus_rep","gamlss2",TRUE,TRUE,,4.08853793144226,,,1,"not_reported","convergence_not_reported",TRUE,"successful_fit_with_complete_outputs","bcpe_t_legacy_reconciliation::n500_d4::gamlss2::rep033::try01",TRUE,TRUE,TRUE,TRUE
"2026-09-01.3","legacy_pre_phase1_reconciliation","bcpe_t_legacy_reconciliation","n500_d4","BCPE","t","t","legacy_unversioned","legacy_pre_phase1","legacy_unrecorded",500,4,100,34,110034,,110034,610034,,,"reconstructed_runner_rule_110000_plus_rep","gamlss2",TRUE,TRUE,,3.71823406219482,,,1,"not_reported","convergence_not_reported",TRUE,"successful_fit_with_complete_outputs","bcpe_t_legacy_reconciliation::n500_d4::gamlss2::rep034::try01",TRUE,TRUE,TRUE,TRUE
"2026-09-01.3","legacy_pre_phase1_reconciliation","bcpe_t_legacy_reconciliation","n500_d4","BCPE","t","t","legacy_unversioned","legacy_pre_phase1","legacy_unrecorded",500,4,100,35,110035,,110035,610035,,,"reconstructed_runner_rule_110000_plus_rep","gamlss2",TRUE,TRUE,,4.7808198928833,,,1,"not_reported","convergence_not_reported",TRUE,"successful_fit_with_complete_outputs","bcpe_t_legacy_reconciliation::n500_d4::gamlss2::rep035::try01",TRUE,TRUE,TRUE,TRUE
"2026-09-01.3","legacy_pre_phase1_reconciliation","bcpe_t_legacy_reconciliation","n500_d4","BCPE","t","t","legacy_unversioned","legacy_pre_phase1","legacy_unrecorded",500,4,100,36,110036,,110036,610036,,,"reconstructed_runner_rule_110000_plus_rep","gamlss2",TRUE,TRUE,,3.41819596290588,,,1,"not_reported","convergence_not_reported",TRUE,"successful_fit_with_complete_outputs","bcpe_t_legacy_reconciliation::n500_d4::gamlss2::rep036::try01",TRUE,TRUE,TRUE,TRUE
"2026-09-01.3","legacy_pre_phase1_reconciliation","bcpe_t_legacy_reconciliation","n500_d4","BCPE","t","t","legacy_unversioned","legacy_pre_phase1","legacy_unrecorded",500,4,100,37,110037,,110037,610037,,,"reconstructed_runner_rule_110000_plus_rep","gamlss2",TRUE,TRUE,,4.00702404975891,,,1,"not_reported","convergence_not_reported",TRUE,"successful_fit_with_complete_outputs","bcpe_t_legacy_reconciliation::n500_d4::gamlss2::rep037::try01",TRUE,TRUE,TRUE,TRUE
"2026-09-01.3","legacy_pre_phase1_reconciliation","bcpe_t_legacy_reconciliation","n500_d4","BCPE","t","t","legacy_unversioned","legacy_pre_phase1","legacy_unrecorded",500,4,100,38,110038,,110038,610038,,,"reconstructed_runner_rule_110000_plus_rep","gamlss2",TRUE,TRUE,,3.75095701217651,,,1,"not_reported","convergence_not_reported",TRUE,"successful_fit_with_complete_outputs","bcpe_t_legacy_reconciliation::n500_d4::gamlss2::rep038::try01",TRUE,TRUE,TRUE,TRUE
"2026-09-01.3","legacy_pre_phase1_reconciliation","bcpe_t_legacy_reconciliation","n500_d4","BCPE","t","t","legacy_unversioned","legacy_pre_phase1","legacy_unrecorded",500,4,100,39,110039,,110039,610039,,,"reconstructed_runner_rule_110000_plus_rep","gamlss2",TRUE,TRUE,,4.4334728717804,,,1,"not_reported","convergence_not_reported",TRUE,"successful_fit_with_complete_outputs","bcpe_t_legacy_reconciliation::n500_d4::gamlss2::rep039::try01",TRUE,TRUE,TRUE,TRUE
"2026-09-01.3","legacy_pre_phase1_reconciliation","bcpe_t_legacy_reconciliation","n500_d4","BCPE","t","t","legacy_unversioned","legacy_pre_phase1","legacy_unrecorded",500,4,100,40,110040,,110040,610040,,,"reconstructed_runner_rule_110000_plus_rep","gamlss2",TRUE,TRUE,,3.43479800224304,,,1,"not_reported","convergence_not_reported",TRUE,"successful_fit_with_complete_outputs","bcpe_t_legacy_reconciliation::n500_d4::gamlss2::rep040::try01",TRUE,TRUE,TRUE,TRUE
"2026-09-01.3","legacy_pre_phase1_reconciliation","bcpe_t_legacy_reconciliation","n500_d4","BCPE","t","t","legacy_unversioned","legacy_pre_phase1","legacy_unrecorded",500,4,100,41,110041,,110041,610041,,,"reconstructed_runner_rule_110000_plus_rep","gamlss2",TRUE,TRUE,,3.40987992286682,,,1,"not_reported","convergence_not_reported",TRUE,"successful_fit_with_complete_outputs","bcpe_t_legacy_reconciliation::n500_d4::gamlss2::rep041::try01",TRUE,TRUE,TRUE,TRUE
"2026-09-01.3","legacy_pre_phase1_reconciliation","bcpe_t_legacy_reconciliation","n500_d4","BCPE","t","t","legacy_unversioned","legacy_pre_phase1","legacy_unrecorded",500,4,100,42,110042,,110042,610042,,,"reconstructed_runner_rule_110000_plus_rep","gamlss2",TRUE,TRUE,,5.58166599273682,,,1,"not_reported","convergence_not_reported",TRUE,"successful_fit_with_complete_outputs","bcpe_t_legacy_reconciliation::n500_d4::gamlss2::rep042::try01",TRUE,TRUE,TRUE,TRUE
"2026-09-01.3","legacy_pre_phase1_reconciliation","bcpe_t_legacy_reconciliation","n500_d4","BCPE","t","t","legacy_unversioned","legacy_pre_phase1","legacy_unrecorded",500,4,100,43,110043,,110043,610043,,,"reconstructed_runner_rule_110000_plus_rep","gamlss2",TRUE,TRUE,,9.34757208824158,,,1,"not_reported","convergence_not_reported",TRUE,"successful_fit_with_complete_outputs","bcpe_t_legacy_reconciliation::n500_d4::gamlss2::rep043::try01",TRUE,TRUE,TRUE,TRUE
"2026-09-01.3","legacy_pre_phase1_reconciliation","bcpe_t_legacy_reconciliation","n500_d4","BCPE","t","t","legacy_unversioned","legacy_pre_phase1","legacy_unrecorded",500,4,100,44,110044,,110044,610044,,,"reconstructed_runner_rule_110000_plus_rep","gamlss2",TRUE,TRUE,,4.97596287727356,,,1,"not_reported","convergence_not_reported",TRUE,"successful_fit_with_complete_outputs","bcpe_t_legacy_reconciliation::n500_d4::gamlss2::rep044::try01",TRUE,TRUE,TRUE,TRUE
"2026-09-01.3","legacy_pre_phase1_reconciliation","bcpe_t_legacy_reconciliation","n500_d4","BCPE","t","t","legacy_unversioned","legacy_pre_phase1","legacy_unrecorded",500,4,100,45,110045,,110045,610045,,,"reconstructed_runner_rule_110000_plus_rep","gamlss2",TRUE,TRUE,,4.04035997390747,,,1,"not_reported","convergence_not_reported",TRUE,"successful_fit_with_complete_outputs","bcpe_t_legacy_reconciliation::n500_d4::gamlss2::rep045::try01",TRUE,TRUE,TRUE,TRUE
"2026-09-01.3","legacy_pre_phase1_reconciliation","bcpe_t_legacy_reconciliation","n500_d4","BCPE","t","t","legacy_unversioned","legacy_pre_phase1","legacy_unrecorded",500,4,100,46,110046,,110046,610046,,,"reconstructed_runner_rule_110000_plus_rep","gamlss2",TRUE,TRUE,,3.7218279838562,,,1,"not_reported","convergence_not_reported",TRUE,"successful_fit_with_complete_outputs","bcpe_t_legacy_reconciliation::n500_d4::gamlss2::rep046::try01",TRUE,TRUE,TRUE,TRUE
"2026-09-01.3","legacy_pre_phase1_reconciliation","bcpe_t_legacy_reconciliation","n500_d4","BCPE","t","t","legacy_unversioned","legacy_pre_phase1","legacy_unrecorded",500,4,100,47,110047,,110047,610047,,,"reconstructed_runner_rule_110000_plus_rep","gamlss2",TRUE,TRUE,,5.28196597099304,,,1,"not_reported","convergence_not_reported",TRUE,"successful_fit_with_complete_outputs","bcpe_t_legacy_reconciliation::n500_d4::gamlss2::rep047::try01",TRUE,TRUE,TRUE,TRUE
"2026-09-01.3","legacy_pre_phase1_reconciliation","bcpe_t_legacy_reconciliation","n500_d4","BCPE","t","t","legacy_unversioned","legacy_pre_phase1","legacy_unrecorded",500,4,100,48,110048,,110048,610048,,,"reconstructed_runner_rule_110000_plus_rep","gamlss2",TRUE,TRUE,,4.09853315353394,,,1,"not_reported","convergence_not_reported",TRUE,"successful_fit_with_complete_outputs","bcpe_t_legacy_reconciliation::n500_d4::gamlss2::rep048::try01",TRUE,TRUE,TRUE,TRUE
"2026-09-01.3","legacy_pre_phase1_reconciliation","bcpe_t_legacy_reconciliation","n500_d4","BCPE","t","t","legacy_unversioned","legacy_pre_phase1","legacy_unrecorded",500,4,100,49,110049,,110049,610049,,,"reconstructed_runner_rule_110000_plus_rep","gamlss2",TRUE,TRUE,,6.88431096076965,,,1,"not_reported","convergence_not_reported",TRUE,"successful_fit_with_complete_outputs","bcpe_t_legacy_reconciliation::n500_d4::gamlss2::rep049::try01",TRUE,TRUE,TRUE,TRUE
"2026-09-01.3","legacy_pre_phase1_reconciliation","bcpe_t_legacy_reconciliation","n500_d4","BCPE","t","t","legacy_unversioned","legacy_pre_phase1","legacy_unrecorded",500,4,100,50,110050,,110050,610050,,,"reconstructed_runner_rule_110000_plus_rep","gamlss2",TRUE,TRUE,,4.18647718429565,,,1,"not_reported","convergence_not_reported",TRUE,"successful_fit_with_complete_outputs","bcpe_t_legacy_reconciliation::n500_d4::gamlss2::rep050::try01",TRUE,TRUE,TRUE,TRUE
"2026-09-01.3","legacy_pre_phase1_reconciliation","bcpe_t_legacy_reconciliation","n500_d4","BCPE","t","t","legacy_unversioned","legacy_pre_phase1","legacy_unrecorded",500,4,100,51,110051,,110051,610051,,,"reconstructed_runner_rule_110000_plus_rep","gamlss2",TRUE,TRUE,,4.03344297409058,,,1,"not_reported","convergence_not_reported",TRUE,"successful_fit_with_complete_outputs","bcpe_t_legacy_reconciliation::n500_d4::gamlss2::rep051::try01",TRUE,TRUE,TRUE,TRUE
"2026-09-01.3","legacy_pre_phase1_reconciliation","bcpe_t_legacy_reconciliation","n500_d4","BCPE","t","t","legacy_unversioned","legacy_pre_phase1","legacy_unrecorded",500,4,100,52,110052,,110052,610052,,,"reconstructed_runner_rule_110000_plus_rep","gamlss2",TRUE,TRUE,,4.55557489395142,,,1,"not_reported","convergence_not_reported",TRUE,"successful_fit_with_complete_outputs","bcpe_t_legacy_reconciliation::n500_d4::gamlss2::rep052::try01",TRUE,TRUE,TRUE,TRUE
"2026-09-01.3","legacy_pre_phase1_reconciliation","bcpe_t_legacy_reconciliation","n500_d4","BCPE","t","t","legacy_unversioned","legacy_pre_phase1","legacy_unrecorded",500,4,100,53,110053,,110053,610053,,,"reconstructed_runner_rule_110000_plus_rep","gamlss2",TRUE,TRUE,,4.60269689559937,,,1,"not_reported","convergence_not_reported",TRUE,"successful_fit_with_complete_outputs","bcpe_t_legacy_reconciliation::n500_d4::gamlss2::rep053::try01",TRUE,TRUE,TRUE,TRUE
"2026-09-01.3","legacy_pre_phase1_reconciliation","bcpe_t_legacy_reconciliation","n500_d4","BCPE","t","t","legacy_unversioned","legacy_pre_phase1","legacy_unrecorded",500,4,100,54,110054,,110054,610054,,,"reconstructed_runner_rule_110000_plus_rep","gamlss2",TRUE,TRUE,,6.18898105621338,,,1,"not_reported","convergence_not_reported",TRUE,"successful_fit_with_complete_outputs","bcpe_t_legacy_reconciliation::n500_d4::gamlss2::rep054::try01",TRUE,TRUE,TRUE,TRUE
"2026-09-01.3","legacy_pre_phase1_reconciliation","bcpe_t_legacy_reconciliation","n500_d4","BCPE","t","t","legacy_unversioned","legacy_pre_phase1","legacy_unrecorded",500,4,100,55,110055,,110055,610055,,,"reconstructed_runner_rule_110000_plus_rep","gamlss2",TRUE,TRUE,,3.56654596328735,,,1,"not_reported","convergence_not_reported",TRUE,"successful_fit_with_complete_outputs","bcpe_t_legacy_reconciliation::n500_d4::gamlss2::rep055::try01",TRUE,TRUE,TRUE,TRUE
"2026-09-01.3","legacy_pre_phase1_reconciliation","bcpe_t_legacy_reconciliation","n500_d4","BCPE","t","t","legacy_unversioned","legacy_pre_phase1","legacy_unrecorded",500,4,100,56,110056,,110056,610056,,,"reconstructed_runner_rule_110000_plus_rep","gamlss2",TRUE,TRUE,,4.21722197532654,,,1,"not_reported","convergence_not_reported",TRUE,"successful_fit_with_complete_outputs","bcpe_t_legacy_reconciliation::n500_d4::gamlss2::rep056::try01",TRUE,TRUE,TRUE,TRUE
"2026-09-01.3","legacy_pre_phase1_reconciliation","bcpe_t_legacy_reconciliation","n500_d4","BCPE","t","t","legacy_unversioned","legacy_pre_phase1","legacy_unrecorded",500,4,100,57,110057,,110057,610057,,,"reconstructed_runner_rule_110000_plus_rep","gamlss2",TRUE,TRUE,,3.82266998291016,,,1,"not_reported","convergence_not_reported",TRUE,"successful_fit_with_complete_outputs","bcpe_t_legacy_reconciliation::n500_d4::gamlss2::rep057::try01",TRUE,TRUE,TRUE,TRUE
"2026-09-01.3","legacy_pre_phase1_reconciliation","bcpe_t_legacy_reconciliation","n500_d4","BCPE","t","t","legacy_unversioned","legacy_pre_phase1","legacy_unrecorded",500,4,100,58,110058,,110058,610058,,,"reconstructed_runner_rule_110000_plus_rep","gamlss2",TRUE,TRUE,,4.60426497459412,,,1,"not_reported","convergence_not_reported",TRUE,"successful_fit_with_complete_outputs","bcpe_t_legacy_reconciliation::n500_d4::gamlss2::rep058::try01",TRUE,TRUE,TRUE,TRUE
"2026-09-01.3","legacy_pre_phase1_reconciliation","bcpe_t_legacy_reconciliation","n500_d4","BCPE","t","t","legacy_unversioned","legacy_pre_phase1","legacy_unrecorded",500,4,100,59,110059,,110059,610059,,,"reconstructed_runner_rule_110000_plus_rep","gamlss2",TRUE,TRUE,,4.8113009929657,,,1,"not_reported","convergence_not_reported",TRUE,"successful_fit_with_complete_outputs","bcpe_t_legacy_reconciliation::n500_d4::gamlss2::rep059::try01",TRUE,TRUE,TRUE,TRUE
"2026-09-01.3","legacy_pre_phase1_reconciliation","bcpe_t_legacy_reconciliation","n500_d4","BCPE","t","t","legacy_unversioned","legacy_pre_phase1","legacy_unrecorded",500,4,100,60,110060,,110060,610060,,,"reconstructed_runner_rule_110000_plus_rep","gamlss2",TRUE,TRUE,,12.7910940647125,,,1,"not_reported","convergence_not_reported",TRUE,"successful_fit_with_complete_outputs","bcpe_t_legacy_reconciliation::n500_d4::gamlss2::rep060::try01",TRUE,TRUE,TRUE,TRUE
"2026-09-01.3","legacy_pre_phase1_reconciliation","bcpe_t_legacy_reconciliation","n500_d4","BCPE","t","t","legacy_unversioned","legacy_pre_phase1","legacy_unrecorded",500,4,100,61,110061,,110061,610061,,,"reconstructed_runner_rule_110000_plus_rep","gamlss2",TRUE,TRUE,,3.7453761100769,,,1,"not_reported","convergence_not_reported",TRUE,"successful_fit_with_complete_outputs","bcpe_t_legacy_reconciliation::n500_d4::gamlss2::rep061::try01",TRUE,TRUE,TRUE,TRUE
"2026-09-01.3","legacy_pre_phase1_reconciliation","bcpe_t_legacy_reconciliation","n500_d4","BCPE","t","t","legacy_unversioned","legacy_pre_phase1","legacy_unrecorded",500,4,100,62,110062,,110062,610062,,,"reconstructed_runner_rule_110000_plus_rep","gamlss2",TRUE,TRUE,,3.92792510986328,,,1,"not_reported","convergence_not_reported",TRUE,"successful_fit_with_complete_outputs","bcpe_t_legacy_reconciliation::n500_d4::gamlss2::rep062::try01",TRUE,TRUE,TRUE,TRUE
"2026-09-01.3","legacy_pre_phase1_reconciliation","bcpe_t_legacy_reconciliation","n500_d4","BCPE","t","t","legacy_unversioned","legacy_pre_phase1","legacy_unrecorded",500,4,100,63,110063,,110063,610063,,,"reconstructed_runner_rule_110000_plus_rep","gamlss2",TRUE,TRUE,,4.46836090087891,,,1,"not_reported","convergence_not_reported",TRUE,"successful_fit_with_complete_outputs","bcpe_t_legacy_reconciliation::n500_d4::gamlss2::rep063::try01",TRUE,TRUE,TRUE,TRUE
"2026-09-01.3","legacy_pre_phase1_reconciliation","bcpe_t_legacy_reconciliation","n500_d4","BCPE","t","t","legacy_unversioned","legacy_pre_phase1","legacy_unrecorded",500,4,100,64,110064,,110064,610064,,,"reconstructed_runner_rule_110000_plus_rep","gamlss2",TRUE,TRUE,,3.40923810005188,,,1,"not_reported","convergence_not_reported",TRUE,"successful_fit_with_complete_outputs","bcpe_t_legacy_reconciliation::n500_d4::gamlss2::rep064::try01",TRUE,TRUE,TRUE,TRUE
"2026-09-01.3","legacy_pre_phase1_reconciliation","bcpe_t_legacy_reconciliation","n500_d4","BCPE","t","t","legacy_unversioned","legacy_pre_phase1","legacy_unrecorded",500,4,100,65,110065,,110065,610065,,,"reconstructed_runner_rule_110000_plus_rep","gamlss2",TRUE,TRUE,,3.66563487052917,,,1,"not_reported","convergence_not_reported",TRUE,"successful_fit_with_complete_outputs","bcpe_t_legacy_reconciliation::n500_d4::gamlss2::rep065::try01",TRUE,TRUE,TRUE,TRUE
"2026-09-01.3","legacy_pre_phase1_reconciliation","bcpe_t_legacy_reconciliation","n500_d4","BCPE","t","t","legacy_unversioned","legacy_pre_phase1","legacy_unrecorded",500,4,100,66,110066,,110066,610066,,,"reconstructed_runner_rule_110000_plus_rep","gamlss2",TRUE,TRUE,,7.21774196624756,,,1,"not_reported","convergence_not_reported",TRUE,"successful_fit_with_complete_outputs","bcpe_t_legacy_reconciliation::n500_d4::gamlss2::rep066::try01",TRUE,TRUE,TRUE,TRUE
"2026-09-01.3","legacy_pre_phase1_reconciliation","bcpe_t_legacy_reconciliation","n500_d4","BCPE","t","t","legacy_unversioned","legacy_pre_phase1","legacy_unrecorded",500,4,100,67,110067,,110067,610067,,,"reconstructed_runner_rule_110000_plus_rep","gamlss2",TRUE,TRUE,,5.04356288909912,,,1,"not_reported","convergence_not_reported",TRUE,"successful_fit_with_complete_outputs","bcpe_t_legacy_reconciliation::n500_d4::gamlss2::rep067::try01",TRUE,TRUE,TRUE,TRUE
"2026-09-01.3","legacy_pre_phase1_reconciliation","bcpe_t_legacy_reconciliation","n500_d4","BCPE","t","t","legacy_unversioned","legacy_pre_phase1","legacy_unrecorded",500,4,100,68,110068,,110068,610068,,,"reconstructed_runner_rule_110000_plus_rep","gamlss2",TRUE,TRUE,,3.427570104599,,,1,"not_reported","convergence_not_reported",TRUE,"successful_fit_with_complete_outputs","bcpe_t_legacy_reconciliation::n500_d4::gamlss2::rep068::try01",TRUE,TRUE,TRUE,TRUE
"2026-09-01.3","legacy_pre_phase1_reconciliation","bcpe_t_legacy_reconciliation","n500_d4","BCPE","t","t","legacy_unversioned","legacy_pre_phase1","legacy_unrecorded",500,4,100,69,110069,,110069,610069,,,"reconstructed_runner_rule_110000_plus_rep","gamlss2",TRUE,TRUE,,3.95679187774658,,,1,"not_reported","convergence_not_reported",TRUE,"successful_fit_with_complete_outputs","bcpe_t_legacy_reconciliation::n500_d4::gamlss2::rep069::try01",TRUE,TRUE,TRUE,TRUE
"2026-09-01.3","legacy_pre_phase1_reconciliation","bcpe_t_legacy_reconciliation","n500_d4","BCPE","t","t","legacy_unversioned","legacy_pre_phase1","legacy_unrecorded",500,4,100,70,110070,,110070,610070,,,"reconstructed_runner_rule_110000_plus_rep","gamlss2",TRUE,TRUE,,4.83574891090393,,,1,"not_reported","convergence_not_reported",TRUE,"successful_fit_with_complete_outputs","bcpe_t_legacy_reconciliation::n500_d4::gamlss2::rep070::try01",TRUE,TRUE,TRUE,TRUE
"2026-09-01.3","legacy_pre_phase1_reconciliation","bcpe_t_legacy_reconciliation","n500_d4","BCPE","t","t","legacy_unversioned","legacy_pre_phase1","legacy_unrecorded",500,4,100,71,110071,,110071,610071,,,"reconstructed_runner_rule_110000_plus_rep","gamlss2",TRUE,TRUE,,4.27863788604736,,,1,"not_reported","convergence_not_reported",TRUE,"successful_fit_with_complete_outputs","bcpe_t_legacy_reconciliation::n500_d4::gamlss2::rep071::try01",TRUE,TRUE,TRUE,TRUE
"2026-09-01.3","legacy_pre_phase1_reconciliation","bcpe_t_legacy_reconciliation","n500_d4","BCPE","t","t","legacy_unversioned","legacy_pre_phase1","legacy_unrecorded",500,4,100,72,110072,,110072,610072,,,"reconstructed_runner_rule_110000_plus_rep","gamlss2",TRUE,TRUE,,4.30517387390137,,,1,"not_reported","convergence_not_reported",TRUE,"successful_fit_with_complete_outputs","bcpe_t_legacy_reconciliation::n500_d4::gamlss2::rep072::try01",TRUE,TRUE,TRUE,TRUE
"2026-09-01.3","legacy_pre_phase1_reconciliation","bcpe_t_legacy_reconciliation","n500_d4","BCPE","t","t","legacy_unversioned","legacy_pre_phase1","legacy_unrecorded",500,4,100,73,110073,,110073,610073,,,"reconstructed_runner_rule_110000_plus_rep","gamlss2",TRUE,TRUE,,5.62388300895691,,,1,"not_reported","convergence_not_reported",TRUE,"successful_fit_with_complete_outputs","bcpe_t_legacy_reconciliation::n500_d4::gamlss2::rep073::try01",TRUE,TRUE,TRUE,TRUE
"2026-09-01.3","legacy_pre_phase1_reconciliation","bcpe_t_legacy_reconciliation","n500_d4","BCPE","t","t","legacy_unversioned","legacy_pre_phase1","legacy_unrecorded",500,4,100,74,110074,,110074,610074,,,"reconstructed_runner_rule_110000_plus_rep","gamlss2",TRUE,TRUE,,10.9928178787231,,,1,"not_reported","convergence_not_reported",TRUE,"successful_fit_with_complete_outputs","bcpe_t_legacy_reconciliation::n500_d4::gamlss2::rep074::try01",TRUE,TRUE,TRUE,TRUE
"2026-09-01.3","legacy_pre_phase1_reconciliation","bcpe_t_legacy_reconciliation","n500_d4","BCPE","t","t","legacy_unversioned","legacy_pre_phase1","legacy_unrecorded",500,4,100,75,110075,,110075,610075,,,"reconstructed_runner_rule_110000_plus_rep","gamlss2",TRUE,TRUE,,7.32018899917603,,,1,"not_reported","convergence_not_reported",TRUE,"successful_fit_with_complete_outputs","bcpe_t_legacy_reconciliation::n500_d4::gamlss2::rep075::try01",TRUE,TRUE,TRUE,TRUE
"2026-09-01.3","legacy_pre_phase1_reconciliation","bcpe_t_legacy_reconciliation","n500_d4","BCPE","t","t","legacy_unversioned","legacy_pre_phase1","legacy_unrecorded",500,4,100,76,110076,,110076,610076,,,"reconstructed_runner_rule_110000_plus_rep","gamlss2",TRUE,TRUE,,3.91398215293884,,,1,"not_reported","convergence_not_reported",TRUE,"successful_fit_with_complete_outputs","bcpe_t_legacy_reconciliation::n500_d4::gamlss2::rep076::try01",TRUE,TRUE,TRUE,TRUE
"2026-09-01.3","legacy_pre_phase1_reconciliation","bcpe_t_legacy_reconciliation","n500_d4","BCPE","t","t","legacy_unversioned","legacy_pre_phase1","legacy_unrecorded",500,4,100,77,110077,,110077,610077,,,"reconstructed_runner_rule_110000_plus_rep","gamlss2",TRUE,TRUE,,5.04782581329346,,,1,"not_reported","convergence_not_reported",TRUE,"successful_fit_with_complete_outputs","bcpe_t_legacy_reconciliation::n500_d4::gamlss2::rep077::try01",TRUE,TRUE,TRUE,TRUE
"2026-09-01.3","legacy_pre_phase1_reconciliation","bcpe_t_legacy_reconciliation","n500_d4","BCPE","t","t","legacy_unversioned","legacy_pre_phase1","legacy_unrecorded",500,4,100,78,110078,,110078,610078,,,"reconstructed_runner_rule_110000_plus_rep","gamlss2",TRUE,TRUE,,4.08386206626892,,,1,"not_reported","convergence_not_reported",TRUE,"successful_fit_with_complete_outputs","bcpe_t_legacy_reconciliation::n500_d4::gamlss2::rep078::try01",TRUE,TRUE,TRUE,TRUE
"2026-09-01.3","legacy_pre_phase1_reconciliation","bcpe_t_legacy_reconciliation","n500_d4","BCPE","t","t","legacy_unversioned","legacy_pre_phase1","legacy_unrecorded",500,4,100,79,110079,,110079,610079,,,"reconstructed_runner_rule_110000_plus_rep","gamlss2",TRUE,TRUE,,3.36275506019592,,,1,"not_reported","convergence_not_reported",TRUE,"successful_fit_with_complete_outputs","bcpe_t_legacy_reconciliation::n500_d4::gamlss2::rep079::try01",TRUE,TRUE,TRUE,TRUE
"2026-09-01.3","legacy_pre_phase1_reconciliation","bcpe_t_legacy_reconciliation","n500_d4","BCPE","t","t","legacy_unversioned","legacy_pre_phase1","legacy_unrecorded",500,4,100,80,110080,,110080,610080,,,"reconstructed_runner_rule_110000_plus_rep","gamlss2",TRUE,TRUE,,4.65788602828979,,,1,"not_reported","convergence_not_reported",TRUE,"successful_fit_with_complete_outputs","bcpe_t_legacy_reconciliation::n500_d4::gamlss2::rep080::try01",TRUE,TRUE,TRUE,TRUE
"2026-09-01.3","legacy_pre_phase1_reconciliation","bcpe_t_legacy_reconciliation","n500_d4","BCPE","t","t","legacy_unversioned","legacy_pre_phase1","legacy_unrecorded",500,4,100,81,110081,,110081,610081,,,"reconstructed_runner_rule_110000_plus_rep","gamlss2",TRUE,TRUE,,3.4204580783844,,,1,"not_reported","convergence_not_reported",TRUE,"successful_fit_with_complete_outputs","bcpe_t_legacy_reconciliation::n500_d4::gamlss2::rep081::try01",TRUE,TRUE,TRUE,TRUE
"2026-09-01.3","legacy_pre_phase1_reconciliation","bcpe_t_legacy_reconciliation","n500_d4","BCPE","t","t","legacy_unversioned","legacy_pre_phase1","legacy_unrecorded",500,4,100,82,110082,,110082,610082,,,"reconstructed_runner_rule_110000_plus_rep","gamlss2",TRUE,TRUE,,3.83759689331055,,,1,"not_reported","convergence_not_reported",TRUE,"successful_fit_with_complete_outputs","bcpe_t_legacy_reconciliation::n500_d4::gamlss2::rep082::try01",TRUE,TRUE,TRUE,TRUE
"2026-09-01.3","legacy_pre_phase1_reconciliation","bcpe_t_legacy_reconciliation","n500_d4","BCPE","t","t","legacy_unversioned","legacy_pre_phase1","legacy_unrecorded",500,4,100,83,110083,,110083,610083,,,"reconstructed_runner_rule_110000_plus_rep","gamlss2",TRUE,TRUE,,3.43493580818176,,,1,"not_reported","convergence_not_reported",TRUE,"successful_fit_with_complete_outputs","bcpe_t_legacy_reconciliation::n500_d4::gamlss2::rep083::try01",TRUE,TRUE,TRUE,TRUE
"2026-09-01.3","legacy_pre_phase1_reconciliation","bcpe_t_legacy_reconciliation","n500_d4","BCPE","t","t","legacy_unversioned","legacy_pre_phase1","legacy_unrecorded",500,4,100,84,110084,,110084,610084,,,"reconstructed_runner_rule_110000_plus_rep","gamlss2",TRUE,TRUE,,3.68210887908936,,,1,"not_reported","convergence_not_reported",TRUE,"successful_fit_with_complete_outputs","bcpe_t_legacy_reconciliation::n500_d4::gamlss2::rep084::try01",TRUE,TRUE,TRUE,TRUE
"2026-09-01.3","legacy_pre_phase1_reconciliation","bcpe_t_legacy_reconciliation","n500_d4","BCPE","t","t","legacy_unversioned","legacy_pre_phase1","legacy_unrecorded",500,4,100,85,110085,,110085,610085,,,"reconstructed_runner_rule_110000_plus_rep","gamlss2",TRUE,TRUE,,5.26616096496582,,,1,"not_reported","convergence_not_reported",TRUE,"successful_fit_with_complete_outputs","bcpe_t_legacy_reconciliation::n500_d4::gamlss2::rep085::try01",TRUE,TRUE,TRUE,TRUE
"2026-09-01.3","legacy_pre_phase1_reconciliation","bcpe_t_legacy_reconciliation","n500_d4","BCPE","t","t","legacy_unversioned","legacy_pre_phase1","legacy_unrecorded",500,4,100,86,110086,,110086,610086,,,"reconstructed_runner_rule_110000_plus_rep","gamlss2",TRUE,TRUE,,3.76445817947388,,,1,"not_reported","convergence_not_reported",TRUE,"successful_fit_with_complete_outputs","bcpe_t_legacy_reconciliation::n500_d4::gamlss2::rep086::try01",TRUE,TRUE,TRUE,TRUE
"2026-09-01.3","legacy_pre_phase1_reconciliation","bcpe_t_legacy_reconciliation","n500_d4","BCPE","t","t","legacy_unversioned","legacy_pre_phase1","legacy_unrecorded",500,4,100,87,110087,,110087,610087,,,"reconstructed_runner_rule_110000_plus_rep","gamlss2",TRUE,TRUE,,3.3663330078125,,,1,"not_reported","convergence_not_reported",TRUE,"successful_fit_with_complete_outputs","bcpe_t_legacy_reconciliation::n500_d4::gamlss2::rep087::try01",TRUE,TRUE,TRUE,TRUE
"2026-09-01.3","legacy_pre_phase1_reconciliation","bcpe_t_legacy_reconciliation","n500_d4","BCPE","t","t","legacy_unversioned","legacy_pre_phase1","legacy_unrecorded",500,4,100,88,110088,,110088,610088,,,"reconstructed_runner_rule_110000_plus_rep","gamlss2",TRUE,TRUE,,3.51010203361511,,,1,"not_reported","convergence_not_reported",TRUE,"successful_fit_with_complete_outputs","bcpe_t_legacy_reconciliation::n500_d4::gamlss2::rep088::try01",TRUE,TRUE,TRUE,TRUE
"2026-09-01.3","legacy_pre_phase1_reconciliation","bcpe_t_legacy_reconciliation","n500_d4","BCPE","t","t","legacy_unversioned","legacy_pre_phase1","legacy_unrecorded",500,4,100,89,110089,,110089,610089,,,"reconstructed_runner_rule_110000_plus_rep","gamlss2",TRUE,TRUE,,3.78220891952515,,,1,"not_reported","convergence_not_reported",TRUE,"successful_fit_with_complete_outputs","bcpe_t_legacy_reconciliation::n500_d4::gamlss2::rep089::try01",TRUE,TRUE,TRUE,TRUE
"2026-09-01.3","legacy_pre_phase1_reconciliation","bcpe_t_legacy_reconciliation","n500_d4","BCPE","t","t","legacy_unversioned","legacy_pre_phase1","legacy_unrecorded",500,4,100,90,110090,,110090,610090,,,"reconstructed_runner_rule_110000_plus_rep","gamlss2",TRUE,TRUE,,4.28641796112061,,,1,"not_reported","convergence_not_reported",TRUE,"successful_fit_with_complete_outputs","bcpe_t_legacy_reconciliation::n500_d4::gamlss2::rep090::try01",TRUE,TRUE,TRUE,TRUE
"2026-09-01.3","legacy_pre_phase1_reconciliation","bcpe_t_legacy_reconciliation","n500_d4","BCPE","t","t","legacy_unversioned","legacy_pre_phase1","legacy_unrecorded",500,4,100,91,110091,,110091,610091,,,"reconstructed_runner_rule_110000_plus_rep","gamlss2",TRUE,TRUE,,5.54250311851501,,,1,"not_reported","convergence_not_reported",TRUE,"successful_fit_with_complete_outputs","bcpe_t_legacy_reconciliation::n500_d4::gamlss2::rep091::try01",TRUE,TRUE,TRUE,TRUE
"2026-09-01.3","legacy_pre_phase1_reconciliation","bcpe_t_legacy_reconciliation","n500_d4","BCPE","t","t","legacy_unversioned","legacy_pre_phase1","legacy_unrecorded",500,4,100,92,110092,,110092,610092,,,"reconstructed_runner_rule_110000_plus_rep","gamlss2",TRUE,TRUE,,5.77249908447266,,,1,"not_reported","convergence_not_reported",TRUE,"successful_fit_with_complete_outputs","bcpe_t_legacy_reconciliation::n500_d4::gamlss2::rep092::try01",TRUE,TRUE,TRUE,TRUE
"2026-09-01.3","legacy_pre_phase1_reconciliation","bcpe_t_legacy_reconciliation","n500_d4","BCPE","t","t","legacy_unversioned","legacy_pre_phase1","legacy_unrecorded",500,4,100,93,110093,,110093,610093,,,"reconstructed_runner_rule_110000_plus_rep","gamlss2",TRUE,TRUE,,4.01985812187195,,,1,"not_reported","convergence_not_reported",TRUE,"successful_fit_with_complete_outputs","bcpe_t_legacy_reconciliation::n500_d4::gamlss2::rep093::try01",TRUE,TRUE,TRUE,TRUE
"2026-09-01.3","legacy_pre_phase1_reconciliation","bcpe_t_legacy_reconciliation","n500_d4","BCPE","t","t","legacy_unversioned","legacy_pre_phase1","legacy_unrecorded",500,4,100,94,110094,,110094,610094,,,"reconstructed_runner_rule_110000_plus_rep","gamlss2",TRUE,TRUE,,4.98140692710876,,,1,"not_reported","convergence_not_reported",TRUE,"successful_fit_with_complete_outputs","bcpe_t_legacy_reconciliation::n500_d4::gamlss2::rep094::try01",TRUE,TRUE,TRUE,TRUE
"2026-09-01.3","legacy_pre_phase1_reconciliation","bcpe_t_legacy_reconciliation","n500_d4","BCPE","t","t","legacy_unversioned","legacy_pre_phase1","legacy_unrecorded",500,4,100,95,110095,,110095,610095,,,"reconstructed_runner_rule_110000_plus_rep","gamlss2",TRUE,TRUE,,7.83142590522766,,,1,"not_reported","convergence_not_reported",TRUE,"successful_fit_with_complete_outputs","bcpe_t_legacy_reconciliation::n500_d4::gamlss2::rep095::try01",TRUE,TRUE,TRUE,TRUE
"2026-09-01.3","legacy_pre_phase1_reconciliation","bcpe_t_legacy_reconciliation","n500_d4","BCPE","t","t","legacy_unversioned","legacy_pre_phase1","legacy_unrecorded",500,4,100,96,110096,,110096,610096,,,"reconstructed_runner_rule_110000_plus_rep","gamlss2",TRUE,TRUE,,4.23799800872803,,,1,"not_reported","convergence_not_reported",TRUE,"successful_fit_with_complete_outputs","bcpe_t_legacy_reconciliation::n500_d4::gamlss2::rep096::try01",TRUE,TRUE,TRUE,TRUE
"2026-09-01.3","legacy_pre_phase1_reconciliation","bcpe_t_legacy_reconciliation","n500_d4","BCPE","t","t","legacy_unversioned","legacy_pre_phase1","legacy_unrecorded",500,4,100,97,110097,,110097,610097,,,"reconstructed_runner_rule_110000_plus_rep","gamlss2",TRUE,TRUE,,4.65337681770325,,,1,"not_reported","convergence_not_reported",TRUE,"successful_fit_with_complete_outputs","bcpe_t_legacy_reconciliation::n500_d4::gamlss2::rep097::try01",TRUE,TRUE,TRUE,TRUE
"2026-09-01.3","legacy_pre_phase1_reconciliation","bcpe_t_legacy_reconciliation","n500_d4","BCPE","t","t","legacy_unversioned","legacy_pre_phase1","legacy_unrecorded",500,4,100,98,110098,,110098,610098,,,"reconstructed_runner_rule_110000_plus_rep","gamlss2",TRUE,TRUE,,6.25474190711975,,,1,"not_reported","convergence_not_reported",TRUE,"successful_fit_with_complete_outputs","bcpe_t_legacy_reconciliation::n500_d4::gamlss2::rep098::try01",TRUE,TRUE,TRUE,TRUE
"2026-09-01.3","legacy_pre_phase1_reconciliation","bcpe_t_legacy_reconciliation","n500_d4","BCPE","t","t","legacy_unversioned","legacy_pre_phase1","legacy_unrecorded",500,4,100,99,110099,,110099,610099,,,"reconstructed_runner_rule_110000_plus_rep","gamlss2",TRUE,TRUE,,3.36839699745178,,,1,"not_reported","convergence_not_reported",TRUE,"successful_fit_with_complete_outputs","bcpe_t_legacy_reconciliation::n500_d4::gamlss2::rep099::try01",TRUE,TRUE,TRUE,TRUE
"2026-09-01.3","legacy_pre_phase1_reconciliation","bcpe_t_legacy_reconciliation","n500_d4","BCPE","t","t","legacy_unversioned","legacy_pre_phase1","legacy_unrecorded",500,4,100,100,110100,,110100,610100,,,"reconstructed_runner_rule_110000_plus_rep","gamlss2",TRUE,TRUE,,3.48168301582336,,,1,"not_reported","convergence_not_reported",TRUE,"successful_fit_with_complete_outputs","bcpe_t_legacy_reconciliation::n500_d4::gamlss2::rep100::try01",TRUE,TRUE,TRUE,TRUE
"2026-09-01.3","legacy_pre_phase1_reconciliation","nbi_gaussian_legacy_reconciliation","n500_d4_nbi_signal2","NBI","Gaussian","N","legacy_unversioned_gaussian_runner","legacy_pre_phase1","legacy_unrecorded",500,4,100,1,20260530,,20260530,20760530,,,"reconstructed_runner_rule_20260529_plus_rep","gamlss",TRUE,TRUE,TRUE,1.02487778663635,,,1,"converged","none",TRUE,"successful_fit_with_complete_outputs","nbi_gaussian_legacy_reconciliation::n500_d4_nbi_signal2::gamlss::rep001::try01",TRUE,TRUE,TRUE,TRUE
"2026-09-01.3","legacy_pre_phase1_reconciliation","nbi_gaussian_legacy_reconciliation","n500_d4_nbi_signal2","NBI","Gaussian","N","legacy_unversioned_gaussian_runner","legacy_pre_phase1","legacy_unrecorded",500,4,100,2,20260531,,20260531,20760531,,,"reconstructed_runner_rule_20260529_plus_rep","gamlss",TRUE,TRUE,TRUE,0.986371994018555,,,1,"converged","none",TRUE,"successful_fit_with_complete_outputs","nbi_gaussian_legacy_reconciliation::n500_d4_nbi_signal2::gamlss::rep002::try01",TRUE,TRUE,TRUE,TRUE
"2026-09-01.3","legacy_pre_phase1_reconciliation","nbi_gaussian_legacy_reconciliation","n500_d4_nbi_signal2","NBI","Gaussian","N","legacy_unversioned_gaussian_runner","legacy_pre_phase1","legacy_unrecorded",500,4,100,3,20260532,,20260532,20760532,,,"reconstructed_runner_rule_20260529_plus_rep","gamlss",TRUE,TRUE,TRUE,0.6507248878479,,,1,"converged","none",TRUE,"successful_fit_with_complete_outputs","nbi_gaussian_legacy_reconciliation::n500_d4_nbi_signal2::gamlss::rep003::try01",TRUE,TRUE,TRUE,TRUE
"2026-09-01.3","legacy_pre_phase1_reconciliation","nbi_gaussian_legacy_reconciliation","n500_d4_nbi_signal2","NBI","Gaussian","N","legacy_unversioned_gaussian_runner","legacy_pre_phase1","legacy_unrecorded",500,4,100,4,20260533,,20260533,20760533,,,"reconstructed_runner_rule_20260529_plus_rep","gamlss",TRUE,TRUE,TRUE,0.732545852661133,,,1,"converged","none",TRUE,"successful_fit_with_complete_outputs","nbi_gaussian_legacy_reconciliation::n500_d4_nbi_signal2::gamlss::rep004::try01",TRUE,TRUE,TRUE,TRUE
"2026-09-01.3","legacy_pre_phase1_reconciliation","nbi_gaussian_legacy_reconciliation","n500_d4_nbi_signal2","NBI","Gaussian","N","legacy_unversioned_gaussian_runner","legacy_pre_phase1","legacy_unrecorded",500,4,100,5,20260534,,20260534,20760534,,,"reconstructed_runner_rule_20260529_plus_rep","gamlss",TRUE,TRUE,TRUE,0.721991062164307,,,1,"converged","none",TRUE,"successful_fit_with_complete_outputs","nbi_gaussian_legacy_reconciliation::n500_d4_nbi_signal2::gamlss::rep005::try01",TRUE,TRUE,TRUE,TRUE
"2026-09-01.3","legacy_pre_phase1_reconciliation","nbi_gaussian_legacy_reconciliation","n500_d4_nbi_signal2","NBI","Gaussian","N","legacy_unversioned_gaussian_runner","legacy_pre_phase1","legacy_unrecorded",500,4,100,6,20260535,,20260535,20760535,,,"reconstructed_runner_rule_20260529_plus_rep","gamlss",TRUE,TRUE,TRUE,1.0728759765625,,,1,"converged","none",TRUE,"successful_fit_with_complete_outputs","nbi_gaussian_legacy_reconciliation::n500_d4_nbi_signal2::gamlss::rep006::try01",TRUE,TRUE,TRUE,TRUE
"2026-09-01.3","legacy_pre_phase1_reconciliation","nbi_gaussian_legacy_reconciliation","n500_d4_nbi_signal2","NBI","Gaussian","N","legacy_unversioned_gaussian_runner","legacy_pre_phase1","legacy_unrecorded",500,4,100,7,20260536,,20260536,20760536,,,"reconstructed_runner_rule_20260529_plus_rep","gamlss",TRUE,TRUE,TRUE,0.969266891479492,,,1,"converged","none",TRUE,"successful_fit_with_complete_outputs","nbi_gaussian_legacy_reconciliation::n500_d4_nbi_signal2::gamlss::rep007::try01",TRUE,TRUE,TRUE,TRUE
"2026-09-01.3","legacy_pre_phase1_reconciliation","nbi_gaussian_legacy_reconciliation","n500_d4_nbi_signal2","NBI","Gaussian","N","legacy_unversioned_gaussian_runner","legacy_pre_phase1","legacy_unrecorded",500,4,100,8,20260537,,20260537,20760537,,,"reconstructed_runner_rule_20260529_plus_rep","gamlss",TRUE,TRUE,TRUE,0.972867965698242,,,1,"converged","none",TRUE,"successful_fit_with_complete_outputs","nbi_gaussian_legacy_reconciliation::n500_d4_nbi_signal2::gamlss::rep008::try01",TRUE,TRUE,TRUE,TRUE
"2026-09-01.3","legacy_pre_phase1_reconciliation","nbi_gaussian_legacy_reconciliation","n500_d4_nbi_signal2","NBI","Gaussian","N","legacy_unversioned_gaussian_runner","legacy_pre_phase1","legacy_unrecorded",500,4,100,9,20260538,,20260538,20760538,,,"reconstructed_runner_rule_20260529_plus_rep","gamlss",TRUE,TRUE,TRUE,1.20959901809692,,,1,"converged","none",TRUE,"successful_fit_with_complete_outputs","nbi_gaussian_legacy_reconciliation::n500_d4_nbi_signal2::gamlss::rep009::try01",TRUE,TRUE,TRUE,TRUE
"2026-09-01.3","legacy_pre_phase1_reconciliation","nbi_gaussian_legacy_reconciliation","n500_d4_nbi_signal2","NBI","Gaussian","N","legacy_unversioned_gaussian_runner","legacy_pre_phase1","legacy_unrecorded",500,4,100,10,20260539,,20260539,20760539,,,"reconstructed_runner_rule_20260529_plus_rep","gamlss",TRUE,TRUE,TRUE,0.765160799026489,,,1,"converged","none",TRUE,"successful_fit_with_complete_outputs","nbi_gaussian_legacy_reconciliation::n500_d4_nbi_signal2::gamlss::rep010::try01",TRUE,TRUE,TRUE,TRUE
"2026-09-01.3","legacy_pre_phase1_reconciliation","nbi_gaussian_legacy_reconciliation","n500_d4_nbi_signal2","NBI","Gaussian","N","legacy_unversioned_gaussian_runner","legacy_pre_phase1","legacy_unrecorded",500,4,100,11,20260540,,20260540,20760540,,,"reconstructed_runner_rule_20260529_plus_rep","gamlss",TRUE,TRUE,TRUE,2.20594787597656,,,1,"converged","none",TRUE,"successful_fit_with_complete_outputs","nbi_gaussian_legacy_reconciliation::n500_d4_nbi_signal2::gamlss::rep011::try01",TRUE,TRUE,TRUE,TRUE
"2026-09-01.3","legacy_pre_phase1_reconciliation","nbi_gaussian_legacy_reconciliation","n500_d4_nbi_signal2","NBI","Gaussian","N","legacy_unversioned_gaussian_runner","legacy_pre_phase1","legacy_unrecorded",500,4,100,12,20260541,,20260541,20760541,,,"reconstructed_runner_rule_20260529_plus_rep","gamlss",TRUE,TRUE,TRUE,1.29885601997375,,,1,"converged","none",TRUE,"successful_fit_with_complete_outputs","nbi_gaussian_legacy_reconciliation::n500_d4_nbi_signal2::gamlss::rep012::try01",TRUE,TRUE,TRUE,TRUE
"2026-09-01.3","legacy_pre_phase1_reconciliation","nbi_gaussian_legacy_reconciliation","n500_d4_nbi_signal2","NBI","Gaussian","N","legacy_unversioned_gaussian_runner","legacy_pre_phase1","legacy_unrecorded",500,4,100,13,20260542,,20260542,20760542,,,"reconstructed_runner_rule_20260529_plus_rep","gamlss",TRUE,TRUE,TRUE,0.694293022155762,,,1,"converged","none",TRUE,"successful_fit_with_complete_outputs","nbi_gaussian_legacy_reconciliation::n500_d4_nbi_signal2::gamlss::rep013::try01",TRUE,TRUE,TRUE,TRUE
"2026-09-01.3","legacy_pre_phase1_reconciliation","nbi_gaussian_legacy_reconciliation","n500_d4_nbi_signal2","NBI","Gaussian","N","legacy_unversioned_gaussian_runner","legacy_pre_phase1","legacy_unrecorded",500,4,100,14,20260543,,20260543,20760543,,,"reconstructed_runner_rule_20260529_plus_rep","gamlss",TRUE,TRUE,TRUE,3.81957411766052,,,1,"converged","none",TRUE,"successful_fit_with_complete_outputs","nbi_gaussian_legacy_reconciliation::n500_d4_nbi_signal2::gamlss::rep014::try01",TRUE,TRUE,TRUE,TRUE
"2026-09-01.3","legacy_pre_phase1_reconciliation","nbi_gaussian_legacy_reconciliation","n500_d4_nbi_signal2","NBI","Gaussian","N","legacy_unversioned_gaussian_runner","legacy_pre_phase1","legacy_unrecorded",500,4,100,15,20260544,,20260544,20760544,,,"reconstructed_runner_rule_20260529_plus_rep","gamlss",TRUE,TRUE,TRUE,0.792569875717163,,,1,"converged","none",TRUE,"successful_fit_with_complete_outputs","nbi_gaussian_legacy_reconciliation::n500_d4_nbi_signal2::gamlss::rep015::try01",TRUE,TRUE,TRUE,TRUE
"2026-09-01.3","legacy_pre_phase1_reconciliation","nbi_gaussian_legacy_reconciliation","n500_d4_nbi_signal2","NBI","Gaussian","N","legacy_unversioned_gaussian_runner","legacy_pre_phase1","legacy_unrecorded",500,4,100,16,20260545,,20260545,20760545,,,"reconstructed_runner_rule_20260529_plus_rep","gamlss",TRUE,TRUE,TRUE,0.705224990844727,,,1,"converged","none",TRUE,"successful_fit_with_complete_outputs","nbi_gaussian_legacy_reconciliation::n500_d4_nbi_signal2::gamlss::rep016::try01",TRUE,TRUE,TRUE,TRUE
"2026-09-01.3","legacy_pre_phase1_reconciliation","nbi_gaussian_legacy_reconciliation","n500_d4_nbi_signal2","NBI","Gaussian","N","legacy_unversioned_gaussian_runner","legacy_pre_phase1","legacy_unrecorded",500,4,100,17,20260546,,20260546,20760546,,,"reconstructed_runner_rule_20260529_plus_rep","gamlss",TRUE,TRUE,TRUE,1.2089102268219,,,1,"converged","none",TRUE,"successful_fit_with_complete_outputs","nbi_gaussian_legacy_reconciliation::n500_d4_nbi_signal2::gamlss::rep017::try01",TRUE,TRUE,TRUE,TRUE
"2026-09-01.3","legacy_pre_phase1_reconciliation","nbi_gaussian_legacy_reconciliation","n500_d4_nbi_signal2","NBI","Gaussian","N","legacy_unversioned_gaussian_runner","legacy_pre_phase1","legacy_unrecorded",500,4,100,18,20260547,,20260547,20760547,,,"reconstructed_runner_rule_20260529_plus_rep","gamlss",TRUE,TRUE,TRUE,0.858707189559937,,,1,"converged","none",TRUE,"successful_fit_with_complete_outputs","nbi_gaussian_legacy_reconciliation::n500_d4_nbi_signal2::gamlss::rep018::try01",TRUE,TRUE,TRUE,TRUE
"2026-09-01.3","legacy_pre_phase1_reconciliation","nbi_gaussian_legacy_reconciliation","n500_d4_nbi_signal2","NBI","Gaussian","N","legacy_unversioned_gaussian_runner","legacy_pre_phase1","legacy_unrecorded",500,4,100,19,20260548,,20260548,20760548,,,"reconstructed_runner_rule_20260529_plus_rep","gamlss",TRUE,TRUE,TRUE,1.81851291656494,,,1,"converged","none",TRUE,"successful_fit_with_complete_outputs","nbi_gaussian_legacy_reconciliation::n500_d4_nbi_signal2::gamlss::rep019::try01",TRUE,TRUE,TRUE,TRUE
"2026-09-01.3","legacy_pre_phase1_reconciliation","nbi_gaussian_legacy_reconciliation","n500_d4_nbi_signal2","NBI","Gaussian","N","legacy_unversioned_gaussian_runner","legacy_pre_phase1","legacy_unrecorded",500,4,100,20,20260549,,20260549,20760549,,,"reconstructed_runner_rule_20260529_plus_rep","gamlss",TRUE,TRUE,TRUE,0.756433010101318,,,1,"converged","none",TRUE,"successful_fit_with_complete_outputs","nbi_gaussian_legacy_reconciliation::n500_d4_nbi_signal2::gamlss::rep020::try01",TRUE,TRUE,TRUE,TRUE
"2026-09-01.3","legacy_pre_phase1_reconciliation","nbi_gaussian_legacy_reconciliation","n500_d4_nbi_signal2","NBI","Gaussian","N","legacy_unversioned_gaussian_runner","legacy_pre_phase1","legacy_unrecorded",500,4,100,21,20260550,,20260550,20760550,,,"reconstructed_runner_rule_20260529_plus_rep","gamlss",TRUE,TRUE,TRUE,0.750555992126465,,,1,"converged","none",TRUE,"successful_fit_with_complete_outputs","nbi_gaussian_legacy_reconciliation::n500_d4_nbi_signal2::gamlss::rep021::try01",TRUE,TRUE,TRUE,TRUE
"2026-09-01.3","legacy_pre_phase1_reconciliation","nbi_gaussian_legacy_reconciliation","n500_d4_nbi_signal2","NBI","Gaussian","N","legacy_unversioned_gaussian_runner","legacy_pre_phase1","legacy_unrecorded",500,4,100,22,20260551,,20260551,20760551,,,"reconstructed_runner_rule_20260529_plus_rep","gamlss",TRUE,TRUE,TRUE,0.885729074478149,,,1,"converged","none",TRUE,"successful_fit_with_complete_outputs","nbi_gaussian_legacy_reconciliation::n500_d4_nbi_signal2::gamlss::rep022::try01",TRUE,TRUE,TRUE,TRUE
"2026-09-01.3","legacy_pre_phase1_reconciliation","nbi_gaussian_legacy_reconciliation","n500_d4_nbi_signal2","NBI","Gaussian","N","legacy_unversioned_gaussian_runner","legacy_pre_phase1","legacy_unrecorded",500,4,100,23,20260552,,20260552,20760552,,,"reconstructed_runner_rule_20260529_plus_rep","gamlss",TRUE,TRUE,TRUE,0.807276010513306,,,1,"converged","none",TRUE,"successful_fit_with_complete_outputs","nbi_gaussian_legacy_reconciliation::n500_d4_nbi_signal2::gamlss::rep023::try01",TRUE,TRUE,TRUE,TRUE
"2026-09-01.3","legacy_pre_phase1_reconciliation","nbi_gaussian_legacy_reconciliation","n500_d4_nbi_signal2","NBI","Gaussian","N","legacy_unversioned_gaussian_runner","legacy_pre_phase1","legacy_unrecorded",500,4,100,24,20260553,,20260553,20760553,,,"reconstructed_runner_rule_20260529_plus_rep","gamlss",TRUE,TRUE,TRUE,0.950509071350098,,,1,"converged","none",TRUE,"successful_fit_with_complete_outputs","nbi_gaussian_legacy_reconciliation::n500_d4_nbi_signal2::gamlss::rep024::try01",TRUE,TRUE,TRUE,TRUE
"2026-09-01.3","legacy_pre_phase1_reconciliation","nbi_gaussian_legacy_reconciliation","n500_d4_nbi_signal2","NBI","Gaussian","N","legacy_unversioned_gaussian_runner","legacy_pre_phase1","legacy_unrecorded",500,4,100,25,20260554,,20260554,20760554,,,"reconstructed_runner_rule_20260529_plus_rep","gamlss",TRUE,TRUE,TRUE,1.09924697875977,,,1,"converged","none",TRUE,"successful_fit_with_complete_outputs","nbi_gaussian_legacy_reconciliation::n500_d4_nbi_signal2::gamlss::rep025::try01",TRUE,TRUE,TRUE,TRUE
"2026-09-01.3","legacy_pre_phase1_reconciliation","nbi_gaussian_legacy_reconciliation","n500_d4_nbi_signal2","NBI","Gaussian","N","legacy_unversioned_gaussian_runner","legacy_pre_phase1","legacy_unrecorded",500,4,100,26,20260555,,20260555,20760555,,,"reconstructed_runner_rule_20260529_plus_rep","gamlss",TRUE,TRUE,TRUE,0.839685201644897,,,1,"converged","none",TRUE,"successful_fit_with_complete_outputs","nbi_gaussian_legacy_reconciliation::n500_d4_nbi_signal2::gamlss::rep026::try01",TRUE,TRUE,TRUE,TRUE
"2026-09-01.3","legacy_pre_phase1_reconciliation","nbi_gaussian_legacy_reconciliation","n500_d4_nbi_signal2","NBI","Gaussian","N","legacy_unversioned_gaussian_runner","legacy_pre_phase1","legacy_unrecorded",500,4,100,27,20260556,,20260556,20760556,,,"reconstructed_runner_rule_20260529_plus_rep","gamlss",TRUE,TRUE,TRUE,0.879051923751831,,,1,"converged","none",TRUE,"successful_fit_with_complete_outputs","nbi_gaussian_legacy_reconciliation::n500_d4_nbi_signal2::gamlss::rep027::try01",TRUE,TRUE,TRUE,TRUE
"2026-09-01.3","legacy_pre_phase1_reconciliation","nbi_gaussian_legacy_reconciliation","n500_d4_nbi_signal2","NBI","Gaussian","N","legacy_unversioned_gaussian_runner","legacy_pre_phase1","legacy_unrecorded",500,4,100,28,20260557,,20260557,20760557,,,"reconstructed_runner_rule_20260529_plus_rep","gamlss",TRUE,TRUE,TRUE,0.906208992004395,,,1,"converged","none",TRUE,"successful_fit_with_complete_outputs","nbi_gaussian_legacy_reconciliation::n500_d4_nbi_signal2::gamlss::rep028::try01",TRUE,TRUE,TRUE,TRUE
"2026-09-01.3","legacy_pre_phase1_reconciliation","nbi_gaussian_legacy_reconciliation","n500_d4_nbi_signal2","NBI","Gaussian","N","legacy_unversioned_gaussian_runner","legacy_pre_phase1","legacy_unrecorded",500,4,100,29,20260558,,20260558,20760558,,,"reconstructed_runner_rule_20260529_plus_rep","gamlss",TRUE,TRUE,TRUE,4.45581603050232,,,1,"converged","none",TRUE,"successful_fit_with_complete_outputs","nbi_gaussian_legacy_reconciliation::n500_d4_nbi_signal2::gamlss::rep029::try01",TRUE,TRUE,TRUE,TRUE
"2026-09-01.3","legacy_pre_phase1_reconciliation","nbi_gaussian_legacy_reconciliation","n500_d4_nbi_signal2","NBI","Gaussian","N","legacy_unversioned_gaussian_runner","legacy_pre_phase1","legacy_unrecorded",500,4,100,30,20260559,,20260559,20760559,,,"reconstructed_runner_rule_20260529_plus_rep","gamlss",TRUE,TRUE,TRUE,0.790034055709839,,,1,"converged","none",TRUE,"successful_fit_with_complete_outputs","nbi_gaussian_legacy_reconciliation::n500_d4_nbi_signal2::gamlss::rep030::try01",TRUE,TRUE,TRUE,TRUE
"2026-09-01.3","legacy_pre_phase1_reconciliation","nbi_gaussian_legacy_reconciliation","n500_d4_nbi_signal2","NBI","Gaussian","N","legacy_unversioned_gaussian_runner","legacy_pre_phase1","legacy_unrecorded",500,4,100,31,20260560,,20260560,20760560,,,"reconstructed_runner_rule_20260529_plus_rep","gamlss",TRUE,TRUE,TRUE,0.700865983963013,,,1,"converged","none",TRUE,"successful_fit_with_complete_outputs","nbi_gaussian_legacy_reconciliation::n500_d4_nbi_signal2::gamlss::rep031::try01",TRUE,TRUE,TRUE,TRUE
"2026-09-01.3","legacy_pre_phase1_reconciliation","nbi_gaussian_legacy_reconciliation","n500_d4_nbi_signal2","NBI","Gaussian","N","legacy_unversioned_gaussian_runner","legacy_pre_phase1","legacy_unrecorded",500,4,100,32,20260561,,20260561,20760561,,,"reconstructed_runner_rule_20260529_plus_rep","gamlss",TRUE,TRUE,TRUE,0.856850862503052,,,1,"converged","none",TRUE,"successful_fit_with_complete_outputs","nbi_gaussian_legacy_reconciliation::n500_d4_nbi_signal2::gamlss::rep032::try01",TRUE,TRUE,TRUE,TRUE
"2026-09-01.3","legacy_pre_phase1_reconciliation","nbi_gaussian_legacy_reconciliation","n500_d4_nbi_signal2","NBI","Gaussian","N","legacy_unversioned_gaussian_runner","legacy_pre_phase1","legacy_unrecorded",500,4,100,33,20260562,,20260562,20760562,,,"reconstructed_runner_rule_20260529_plus_rep","gamlss",TRUE,TRUE,TRUE,0.958539009094238,,,1,"converged","none",TRUE,"successful_fit_with_complete_outputs","nbi_gaussian_legacy_reconciliation::n500_d4_nbi_signal2::gamlss::rep033::try01",TRUE,TRUE,TRUE,TRUE
"2026-09-01.3","legacy_pre_phase1_reconciliation","nbi_gaussian_legacy_reconciliation","n500_d4_nbi_signal2","NBI","Gaussian","N","legacy_unversioned_gaussian_runner","legacy_pre_phase1","legacy_unrecorded",500,4,100,34,20260563,,20260563,20760563,,,"reconstructed_runner_rule_20260529_plus_rep","gamlss",TRUE,TRUE,TRUE,2.07876706123352,,,1,"converged","none",TRUE,"successful_fit_with_complete_outputs","nbi_gaussian_legacy_reconciliation::n500_d4_nbi_signal2::gamlss::rep034::try01",TRUE,TRUE,TRUE,TRUE
"2026-09-01.3","legacy_pre_phase1_reconciliation","nbi_gaussian_legacy_reconciliation","n500_d4_nbi_signal2","NBI","Gaussian","N","legacy_unversioned_gaussian_runner","legacy_pre_phase1","legacy_unrecorded",500,4,100,35,20260564,,20260564,20760564,,,"reconstructed_runner_rule_20260529_plus_rep","gamlss",TRUE,TRUE,TRUE,0.76623010635376,,,1,"converged","none",TRUE,"successful_fit_with_complete_outputs","nbi_gaussian_legacy_reconciliation::n500_d4_nbi_signal2::gamlss::rep035::try01",TRUE,TRUE,TRUE,TRUE
"2026-09-01.3","legacy_pre_phase1_reconciliation","nbi_gaussian_legacy_reconciliation","n500_d4_nbi_signal2","NBI","Gaussian","N","legacy_unversioned_gaussian_runner","legacy_pre_phase1","legacy_unrecorded",500,4,100,36,20260565,,20260565,20760565,,,"reconstructed_runner_rule_20260529_plus_rep","gamlss",TRUE,TRUE,TRUE,0.83903694152832,,,1,"converged","none",TRUE,"successful_fit_with_complete_outputs","nbi_gaussian_legacy_reconciliation::n500_d4_nbi_signal2::gamlss::rep036::try01",TRUE,TRUE,TRUE,TRUE
"2026-09-01.3","legacy_pre_phase1_reconciliation","nbi_gaussian_legacy_reconciliation","n500_d4_nbi_signal2","NBI","Gaussian","N","legacy_unversioned_gaussian_runner","legacy_pre_phase1","legacy_unrecorded",500,4,100,37,20260566,,20260566,20760566,,,"reconstructed_runner_rule_20260529_plus_rep","gamlss",TRUE,TRUE,TRUE,0.83575701713562,,,1,"converged","none",TRUE,"successful_fit_with_complete_outputs","nbi_gaussian_legacy_reconciliation::n500_d4_nbi_signal2::gamlss::rep037::try01",TRUE,TRUE,TRUE,TRUE
"2026-09-01.3","legacy_pre_phase1_reconciliation","nbi_gaussian_legacy_reconciliation","n500_d4_nbi_signal2","NBI","Gaussian","N","legacy_unversioned_gaussian_runner","legacy_pre_phase1","legacy_unrecorded",500,4,100,38,20260567,,20260567,20760567,,,"reconstructed_runner_rule_20260529_plus_rep","gamlss",TRUE,TRUE,TRUE,3.44404101371765,,,1,"converged","none",TRUE,"successful_fit_with_complete_outputs","nbi_gaussian_legacy_reconciliation::n500_d4_nbi_signal2::gamlss::rep038::try01",TRUE,TRUE,TRUE,TRUE
"2026-09-01.3","legacy_pre_phase1_reconciliation","nbi_gaussian_legacy_reconciliation","n500_d4_nbi_signal2","NBI","Gaussian","N","legacy_unversioned_gaussian_runner","legacy_pre_phase1","legacy_unrecorded",500,4,100,39,20260568,,20260568,20760568,,,"reconstructed_runner_rule_20260529_plus_rep","gamlss",TRUE,TRUE,TRUE,0.767249822616577,,,1,"converged","none",TRUE,"successful_fit_with_complete_outputs","nbi_gaussian_legacy_reconciliation::n500_d4_nbi_signal2::gamlss::rep039::try01",TRUE,TRUE,TRUE,TRUE
"2026-09-01.3","legacy_pre_phase1_reconciliation","nbi_gaussian_legacy_reconciliation","n500_d4_nbi_signal2","NBI","Gaussian","N","legacy_unversioned_gaussian_runner","legacy_pre_phase1","legacy_unrecorded",500,4,100,40,20260569,,20260569,20760569,,,"reconstructed_runner_rule_20260529_plus_rep","gamlss",TRUE,TRUE,TRUE,0.686195135116577,,,1,"converged","none",TRUE,"successful_fit_with_complete_outputs","nbi_gaussian_legacy_reconciliation::n500_d4_nbi_signal2::gamlss::rep040::try01",TRUE,TRUE,TRUE,TRUE
"2026-09-01.3","legacy_pre_phase1_reconciliation","nbi_gaussian_legacy_reconciliation","n500_d4_nbi_signal2","NBI","Gaussian","N","legacy_unversioned_gaussian_runner","legacy_pre_phase1","legacy_unrecorded",500,4,100,41,20260570,,20260570,20760570,,,"reconstructed_runner_rule_20260529_plus_rep","gamlss",TRUE,TRUE,TRUE,0.919561862945557,,,1,"converged","none",TRUE,"successful_fit_with_complete_outputs","nbi_gaussian_legacy_reconciliation::n500_d4_nbi_signal2::gamlss::rep041::try01",TRUE,TRUE,TRUE,TRUE
"2026-09-01.3","legacy_pre_phase1_reconciliation","nbi_gaussian_legacy_reconciliation","n500_d4_nbi_signal2","NBI","Gaussian","N","legacy_unversioned_gaussian_runner","legacy_pre_phase1","legacy_unrecorded",500,4,100,42,20260571,,20260571,20760571,,,"reconstructed_runner_rule_20260529_plus_rep","gamlss",TRUE,TRUE,TRUE,2.0433988571167,,,1,"converged","none",TRUE,"successful_fit_with_complete_outputs","nbi_gaussian_legacy_reconciliation::n500_d4_nbi_signal2::gamlss::rep042::try01",TRUE,TRUE,TRUE,TRUE
"2026-09-01.3","legacy_pre_phase1_reconciliation","nbi_gaussian_legacy_reconciliation","n500_d4_nbi_signal2","NBI","Gaussian","N","legacy_unversioned_gaussian_runner","legacy_pre_phase1","legacy_unrecorded",500,4,100,43,20260572,,20260572,20760572,,,"reconstructed_runner_rule_20260529_plus_rep","gamlss",TRUE,TRUE,TRUE,0.901999950408936,,,1,"converged","none",TRUE,"successful_fit_with_complete_outputs","nbi_gaussian_legacy_reconciliation::n500_d4_nbi_signal2::gamlss::rep043::try01",TRUE,TRUE,TRUE,TRUE
"2026-09-01.3","legacy_pre_phase1_reconciliation","nbi_gaussian_legacy_reconciliation","n500_d4_nbi_signal2","NBI","Gaussian","N","legacy_unversioned_gaussian_runner","legacy_pre_phase1","legacy_unrecorded",500,4,100,44,20260573,,20260573,20760573,,,"reconstructed_runner_rule_20260529_plus_rep","gamlss",TRUE,TRUE,TRUE,0.663661003112793,,,1,"converged","none",TRUE,"successful_fit_with_complete_outputs","nbi_gaussian_legacy_reconciliation::n500_d4_nbi_signal2::gamlss::rep044::try01",TRUE,TRUE,TRUE,TRUE
"2026-09-01.3","legacy_pre_phase1_reconciliation","nbi_gaussian_legacy_reconciliation","n500_d4_nbi_signal2","NBI","Gaussian","N","legacy_unversioned_gaussian_runner","legacy_pre_phase1","legacy_unrecorded",500,4,100,45,20260574,,20260574,20760574,,,"reconstructed_runner_rule_20260529_plus_rep","gamlss",TRUE,TRUE,TRUE,0.729364156723022,,,1,"converged","none",TRUE,"successful_fit_with_complete_outputs","nbi_gaussian_legacy_reconciliation::n500_d4_nbi_signal2::gamlss::rep045::try01",TRUE,TRUE,TRUE,TRUE
"2026-09-01.3","legacy_pre_phase1_reconciliation","nbi_gaussian_legacy_reconciliation","n500_d4_nbi_signal2","NBI","Gaussian","N","legacy_unversioned_gaussian_runner","legacy_pre_phase1","legacy_unrecorded",500,4,100,46,20260575,,20260575,20760575,,,"reconstructed_runner_rule_20260529_plus_rep","gamlss",TRUE,TRUE,TRUE,1.12259101867676,,,1,"converged","none",TRUE,"successful_fit_with_complete_outputs","nbi_gaussian_legacy_reconciliation::n500_d4_nbi_signal2::gamlss::rep046::try01",TRUE,TRUE,TRUE,TRUE
"2026-09-01.3","legacy_pre_phase1_reconciliation","nbi_gaussian_legacy_reconciliation","n500_d4_nbi_signal2","NBI","Gaussian","N","legacy_unversioned_gaussian_runner","legacy_pre_phase1","legacy_unrecorded",500,4,100,47,20260576,,20260576,20760576,,,"reconstructed_runner_rule_20260529_plus_rep","gamlss",TRUE,TRUE,TRUE,1.71300292015076,,,1,"converged","none",TRUE,"successful_fit_with_complete_outputs","nbi_gaussian_legacy_reconciliation::n500_d4_nbi_signal2::gamlss::rep047::try01",TRUE,TRUE,TRUE,TRUE
"2026-09-01.3","legacy_pre_phase1_reconciliation","nbi_gaussian_legacy_reconciliation","n500_d4_nbi_signal2","NBI","Gaussian","N","legacy_unversioned_gaussian_runner","legacy_pre_phase1","legacy_unrecorded",500,4,100,48,20260577,,20260577,20760577,,,"reconstructed_runner_rule_20260529_plus_rep","gamlss",TRUE,TRUE,TRUE,0.8194580078125,,,1,"converged","none",TRUE,"successful_fit_with_complete_outputs","nbi_gaussian_legacy_reconciliation::n500_d4_nbi_signal2::gamlss::rep048::try01",TRUE,TRUE,TRUE,TRUE
"2026-09-01.3","legacy_pre_phase1_reconciliation","nbi_gaussian_legacy_reconciliation","n500_d4_nbi_signal2","NBI","Gaussian","N","legacy_unversioned_gaussian_runner","legacy_pre_phase1","legacy_unrecorded",500,4,100,49,20260578,,20260578,20760578,,,"reconstructed_runner_rule_20260529_plus_rep","gamlss",TRUE,TRUE,TRUE,1.31679892539978,,,1,"converged","none",TRUE,"successful_fit_with_complete_outputs","nbi_gaussian_legacy_reconciliation::n500_d4_nbi_signal2::gamlss::rep049::try01",TRUE,TRUE,TRUE,TRUE
"2026-09-01.3","legacy_pre_phase1_reconciliation","nbi_gaussian_legacy_reconciliation","n500_d4_nbi_signal2","NBI","Gaussian","N","legacy_unversioned_gaussian_runner","legacy_pre_phase1","legacy_unrecorded",500,4,100,50,20260579,,20260579,20760579,,,"reconstructed_runner_rule_20260529_plus_rep","gamlss",TRUE,TRUE,TRUE,0.621348857879639,,,1,"converged","none",TRUE,"successful_fit_with_complete_outputs","nbi_gaussian_legacy_reconciliation::n500_d4_nbi_signal2::gamlss::rep050::try01",TRUE,TRUE,TRUE,TRUE
"2026-09-01.3","legacy_pre_phase1_reconciliation","nbi_gaussian_legacy_reconciliation","n500_d4_nbi_signal2","NBI","Gaussian","N","legacy_unversioned_gaussian_runner","legacy_pre_phase1","legacy_unrecorded",500,4,100,51,20260580,,20260580,20760580,,,"reconstructed_runner_rule_20260529_plus_rep","gamlss",TRUE,TRUE,TRUE,1.17296504974365,,,1,"converged","none",TRUE,"successful_fit_with_complete_outputs","nbi_gaussian_legacy_reconciliation::n500_d4_nbi_signal2::gamlss::rep051::try01",TRUE,TRUE,TRUE,TRUE
"2026-09-01.3","legacy_pre_phase1_reconciliation","nbi_gaussian_legacy_reconciliation","n500_d4_nbi_signal2","NBI","Gaussian","N","legacy_unversioned_gaussian_runner","legacy_pre_phase1","legacy_unrecorded",500,4,100,52,20260581,,20260581,20760581,,,"reconstructed_runner_rule_20260529_plus_rep","gamlss",TRUE,TRUE,TRUE,4.05964708328247,,,1,"converged","none",TRUE,"successful_fit_with_complete_outputs","nbi_gaussian_legacy_reconciliation::n500_d4_nbi_signal2::gamlss::rep052::try01",TRUE,TRUE,TRUE,TRUE
"2026-09-01.3","legacy_pre_phase1_reconciliation","nbi_gaussian_legacy_reconciliation","n500_d4_nbi_signal2","NBI","Gaussian","N","legacy_unversioned_gaussian_runner","legacy_pre_phase1","legacy_unrecorded",500,4,100,53,20260582,,20260582,20760582,,,"reconstructed_runner_rule_20260529_plus_rep","gamlss",TRUE,TRUE,TRUE,1.40016102790833,,,1,"converged","none",TRUE,"successful_fit_with_complete_outputs","nbi_gaussian_legacy_reconciliation::n500_d4_nbi_signal2::gamlss::rep053::try01",TRUE,TRUE,TRUE,TRUE
"2026-09-01.3","legacy_pre_phase1_reconciliation","nbi_gaussian_legacy_reconciliation","n500_d4_nbi_signal2","NBI","Gaussian","N","legacy_unversioned_gaussian_runner","legacy_pre_phase1","legacy_unrecorded",500,4,100,54,20260583,,20260583,20760583,,,"reconstructed_runner_rule_20260529_plus_rep","gamlss",TRUE,TRUE,TRUE,0.627909898757935,,,1,"converged","none",TRUE,"successful_fit_with_complete_outputs","nbi_gaussian_legacy_reconciliation::n500_d4_nbi_signal2::gamlss::rep054::try01",TRUE,TRUE,TRUE,TRUE
"2026-09-01.3","legacy_pre_phase1_reconciliation","nbi_gaussian_legacy_reconciliation","n500_d4_nbi_signal2","NBI","Gaussian","N","legacy_unversioned_gaussian_runner","legacy_pre_phase1","legacy_unrecorded",500,4,100,55,20260584,,20260584,20760584,,,"reconstructed_runner_rule_20260529_plus_rep","gamlss",TRUE,TRUE,TRUE,0.681091785430908,,,1,"converged","none",TRUE,"successful_fit_with_complete_outputs","nbi_gaussian_legacy_reconciliation::n500_d4_nbi_signal2::gamlss::rep055::try01",TRUE,TRUE,TRUE,TRUE
"2026-09-01.3","legacy_pre_phase1_reconciliation","nbi_gaussian_legacy_reconciliation","n500_d4_nbi_signal2","NBI","Gaussian","N","legacy_unversioned_gaussian_runner","legacy_pre_phase1","legacy_unrecorded",500,4,100,56,20260585,,20260585,20760585,,,"reconstructed_runner_rule_20260529_plus_rep","gamlss",TRUE,TRUE,TRUE,4.12737202644348,,,1,"converged","none",TRUE,"successful_fit_with_complete_outputs","nbi_gaussian_legacy_reconciliation::n500_d4_nbi_signal2::gamlss::rep056::try01",TRUE,TRUE,TRUE,TRUE
"2026-09-01.3","legacy_pre_phase1_reconciliation","nbi_gaussian_legacy_reconciliation","n500_d4_nbi_signal2","NBI","Gaussian","N","legacy_unversioned_gaussian_runner","legacy_pre_phase1","legacy_unrecorded",500,4,100,57,20260586,,20260586,20760586,,,"reconstructed_runner_rule_20260529_plus_rep","gamlss",TRUE,TRUE,TRUE,0.785538911819458,,,1,"converged","none",TRUE,"successful_fit_with_complete_outputs","nbi_gaussian_legacy_reconciliation::n500_d4_nbi_signal2::gamlss::rep057::try01",TRUE,TRUE,TRUE,TRUE
"2026-09-01.3","legacy_pre_phase1_reconciliation","nbi_gaussian_legacy_reconciliation","n500_d4_nbi_signal2","NBI","Gaussian","N","legacy_unversioned_gaussian_runner","legacy_pre_phase1","legacy_unrecorded",500,4,100,58,20260587,,20260587,20760587,,,"reconstructed_runner_rule_20260529_plus_rep","gamlss",TRUE,TRUE,TRUE,0.805309057235718,,,1,"converged","none",TRUE,"successful_fit_with_complete_outputs","nbi_gaussian_legacy_reconciliation::n500_d4_nbi_signal2::gamlss::rep058::try01",TRUE,TRUE,TRUE,TRUE
"2026-09-01.3","legacy_pre_phase1_reconciliation","nbi_gaussian_legacy_reconciliation","n500_d4_nbi_signal2","NBI","Gaussian","N","legacy_unversioned_gaussian_runner","legacy_pre_phase1","legacy_unrecorded",500,4,100,59,20260588,,20260588,20760588,,,"reconstructed_runner_rule_20260529_plus_rep","gamlss",TRUE,TRUE,TRUE,0.647043943405151,,,1,"converged","none",TRUE,"successful_fit_with_complete_outputs","nbi_gaussian_legacy_reconciliation::n500_d4_nbi_signal2::gamlss::rep059::try01",TRUE,TRUE,TRUE,TRUE
"2026-09-01.3","legacy_pre_phase1_reconciliation","nbi_gaussian_legacy_reconciliation","n500_d4_nbi_signal2","NBI","Gaussian","N","legacy_unversioned_gaussian_runner","legacy_pre_phase1","legacy_unrecorded",500,4,100,60,20260589,,20260589,20760589,,,"reconstructed_runner_rule_20260529_plus_rep","gamlss",TRUE,TRUE,TRUE,0.822844982147217,,,1,"converged","none",TRUE,"successful_fit_with_complete_outputs","nbi_gaussian_legacy_reconciliation::n500_d4_nbi_signal2::gamlss::rep060::try01",TRUE,TRUE,TRUE,TRUE
"2026-09-01.3","legacy_pre_phase1_reconciliation","nbi_gaussian_legacy_reconciliation","n500_d4_nbi_signal2","NBI","Gaussian","N","legacy_unversioned_gaussian_runner","legacy_pre_phase1","legacy_unrecorded",500,4,100,61,20260590,,20260590,20760590,,,"reconstructed_runner_rule_20260529_plus_rep","gamlss",TRUE,TRUE,TRUE,0.636368989944458,,,1,"converged","none",TRUE,"successful_fit_with_complete_outputs","nbi_gaussian_legacy_reconciliation::n500_d4_nbi_signal2::gamlss::rep061::try01",TRUE,TRUE,TRUE,TRUE
"2026-09-01.3","legacy_pre_phase1_reconciliation","nbi_gaussian_legacy_reconciliation","n500_d4_nbi_signal2","NBI","Gaussian","N","legacy_unversioned_gaussian_runner","legacy_pre_phase1","legacy_unrecorded",500,4,100,62,20260591,,20260591,20760591,,,"reconstructed_runner_rule_20260529_plus_rep","gamlss",TRUE,TRUE,TRUE,1.19248104095459,,,1,"converged","none",TRUE,"successful_fit_with_complete_outputs","nbi_gaussian_legacy_reconciliation::n500_d4_nbi_signal2::gamlss::rep062::try01",TRUE,TRUE,TRUE,TRUE
"2026-09-01.3","legacy_pre_phase1_reconciliation","nbi_gaussian_legacy_reconciliation","n500_d4_nbi_signal2","NBI","Gaussian","N","legacy_unversioned_gaussian_runner","legacy_pre_phase1","legacy_unrecorded",500,4,100,63,20260592,,20260592,20760592,,,"reconstructed_runner_rule_20260529_plus_rep","gamlss",TRUE,TRUE,TRUE,3.19897413253784,,,1,"converged","none",TRUE,"successful_fit_with_complete_outputs","nbi_gaussian_legacy_reconciliation::n500_d4_nbi_signal2::gamlss::rep063::try01",TRUE,TRUE,TRUE,TRUE
"2026-09-01.3","legacy_pre_phase1_reconciliation","nbi_gaussian_legacy_reconciliation","n500_d4_nbi_signal2","NBI","Gaussian","N","legacy_unversioned_gaussian_runner","legacy_pre_phase1","legacy_unrecorded",500,4,100,64,20260593,,20260593,20760593,,,"reconstructed_runner_rule_20260529_plus_rep","gamlss",TRUE,TRUE,TRUE,3.26617479324341,,,1,"converged","none",TRUE,"successful_fit_with_complete_outputs","nbi_gaussian_legacy_reconciliation::n500_d4_nbi_signal2::gamlss::rep064::try01",TRUE,TRUE,TRUE,TRUE
"2026-09-01.3","legacy_pre_phase1_reconciliation","nbi_gaussian_legacy_reconciliation","n500_d4_nbi_signal2","NBI","Gaussian","N","legacy_unversioned_gaussian_runner","legacy_pre_phase1","legacy_unrecorded",500,4,100,65,20260594,,20260594,20760594,,,"reconstructed_runner_rule_20260529_plus_rep","gamlss",TRUE,TRUE,TRUE,4.05529284477234,,,1,"converged","none",TRUE,"successful_fit_with_complete_outputs","nbi_gaussian_legacy_reconciliation::n500_d4_nbi_signal2::gamlss::rep065::try01",TRUE,TRUE,TRUE,TRUE
"2026-09-01.3","legacy_pre_phase1_reconciliation","nbi_gaussian_legacy_reconciliation","n500_d4_nbi_signal2","NBI","Gaussian","N","legacy_unversioned_gaussian_runner","legacy_pre_phase1","legacy_unrecorded",500,4,100,66,20260595,,20260595,20760595,,,"reconstructed_runner_rule_20260529_plus_rep","gamlss",TRUE,TRUE,TRUE,0.803372144699097,,,1,"converged","none",TRUE,"successful_fit_with_complete_outputs","nbi_gaussian_legacy_reconciliation::n500_d4_nbi_signal2::gamlss::rep066::try01",TRUE,TRUE,TRUE,TRUE
"2026-09-01.3","legacy_pre_phase1_reconciliation","nbi_gaussian_legacy_reconciliation","n500_d4_nbi_signal2","NBI","Gaussian","N","legacy_unversioned_gaussian_runner","legacy_pre_phase1","legacy_unrecorded",500,4,100,67,20260596,,20260596,20760596,,,"reconstructed_runner_rule_20260529_plus_rep","gamlss",TRUE,TRUE,TRUE,1.50776386260986,,,1,"converged","none",TRUE,"successful_fit_with_complete_outputs","nbi_gaussian_legacy_reconciliation::n500_d4_nbi_signal2::gamlss::rep067::try01",TRUE,TRUE,TRUE,TRUE
"2026-09-01.3","legacy_pre_phase1_reconciliation","nbi_gaussian_legacy_reconciliation","n500_d4_nbi_signal2","NBI","Gaussian","N","legacy_unversioned_gaussian_runner","legacy_pre_phase1","legacy_unrecorded",500,4,100,68,20260597,,20260597,20760597,,,"reconstructed_runner_rule_20260529_plus_rep","gamlss",TRUE,TRUE,TRUE,3.02436804771423,,,1,"converged","none",TRUE,"successful_fit_with_complete_outputs","nbi_gaussian_legacy_reconciliation::n500_d4_nbi_signal2::gamlss::rep068::try01",TRUE,TRUE,TRUE,TRUE
"2026-09-01.3","legacy_pre_phase1_reconciliation","nbi_gaussian_legacy_reconciliation","n500_d4_nbi_signal2","NBI","Gaussian","N","legacy_unversioned_gaussian_runner","legacy_pre_phase1","legacy_unrecorded",500,4,100,69,20260598,,20260598,20760598,,,"reconstructed_runner_rule_20260529_plus_rep","gamlss",TRUE,TRUE,TRUE,0.901827812194824,,,1,"converged","none",TRUE,"successful_fit_with_complete_outputs","nbi_gaussian_legacy_reconciliation::n500_d4_nbi_signal2::gamlss::rep069::try01",TRUE,TRUE,TRUE,TRUE
"2026-09-01.3","legacy_pre_phase1_reconciliation","nbi_gaussian_legacy_reconciliation","n500_d4_nbi_signal2","NBI","Gaussian","N","legacy_unversioned_gaussian_runner","legacy_pre_phase1","legacy_unrecorded",500,4,100,70,20260599,,20260599,20760599,,,"reconstructed_runner_rule_20260529_plus_rep","gamlss",TRUE,TRUE,TRUE,3.33600902557373,,,1,"converged","none",TRUE,"successful_fit_with_complete_outputs","nbi_gaussian_legacy_reconciliation::n500_d4_nbi_signal2::gamlss::rep070::try01",TRUE,TRUE,TRUE,TRUE
"2026-09-01.3","legacy_pre_phase1_reconciliation","nbi_gaussian_legacy_reconciliation","n500_d4_nbi_signal2","NBI","Gaussian","N","legacy_unversioned_gaussian_runner","legacy_pre_phase1","legacy_unrecorded",500,4,100,71,20260600,,20260600,20760600,,,"reconstructed_runner_rule_20260529_plus_rep","gamlss",TRUE,TRUE,TRUE,0.645764827728271,,,1,"converged","none",TRUE,"successful_fit_with_complete_outputs","nbi_gaussian_legacy_reconciliation::n500_d4_nbi_signal2::gamlss::rep071::try01",TRUE,TRUE,TRUE,TRUE
"2026-09-01.3","legacy_pre_phase1_reconciliation","nbi_gaussian_legacy_reconciliation","n500_d4_nbi_signal2","NBI","Gaussian","N","legacy_unversioned_gaussian_runner","legacy_pre_phase1","legacy_unrecorded",500,4,100,72,20260601,,20260601,20760601,,,"reconstructed_runner_rule_20260529_plus_rep","gamlss",TRUE,TRUE,TRUE,0.652467966079712,,,1,"converged","none",TRUE,"successful_fit_with_complete_outputs","nbi_gaussian_legacy_reconciliation::n500_d4_nbi_signal2::gamlss::rep072::try01",TRUE,TRUE,TRUE,TRUE
"2026-09-01.3","legacy_pre_phase1_reconciliation","nbi_gaussian_legacy_reconciliation","n500_d4_nbi_signal2","NBI","Gaussian","N","legacy_unversioned_gaussian_runner","legacy_pre_phase1","legacy_unrecorded",500,4,100,73,20260602,,20260602,20760602,,,"reconstructed_runner_rule_20260529_plus_rep","gamlss",TRUE,TRUE,TRUE,0.698538064956665,,,1,"converged","none",TRUE,"successful_fit_with_complete_outputs","nbi_gaussian_legacy_reconciliation::n500_d4_nbi_signal2::gamlss::rep073::try01",TRUE,TRUE,TRUE,TRUE
"2026-09-01.3","legacy_pre_phase1_reconciliation","nbi_gaussian_legacy_reconciliation","n500_d4_nbi_signal2","NBI","Gaussian","N","legacy_unversioned_gaussian_runner","legacy_pre_phase1","legacy_unrecorded",500,4,100,74,20260603,,20260603,20760603,,,"reconstructed_runner_rule_20260529_plus_rep","gamlss",TRUE,TRUE,TRUE,2.43988990783691,,,1,"converged","none",TRUE,"successful_fit_with_complete_outputs","nbi_gaussian_legacy_reconciliation::n500_d4_nbi_signal2::gamlss::rep074::try01",TRUE,TRUE,TRUE,TRUE
"2026-09-01.3","legacy_pre_phase1_reconciliation","nbi_gaussian_legacy_reconciliation","n500_d4_nbi_signal2","NBI","Gaussian","N","legacy_unversioned_gaussian_runner","legacy_pre_phase1","legacy_unrecorded",500,4,100,75,20260604,,20260604,20760604,,,"reconstructed_runner_rule_20260529_plus_rep","gamlss",TRUE,TRUE,TRUE,3.82398700714111,,,1,"converged","none",TRUE,"successful_fit_with_complete_outputs","nbi_gaussian_legacy_reconciliation::n500_d4_nbi_signal2::gamlss::rep075::try01",TRUE,TRUE,TRUE,TRUE
"2026-09-01.3","legacy_pre_phase1_reconciliation","nbi_gaussian_legacy_reconciliation","n500_d4_nbi_signal2","NBI","Gaussian","N","legacy_unversioned_gaussian_runner","legacy_pre_phase1","legacy_unrecorded",500,4,100,76,20260605,,20260605,20760605,,,"reconstructed_runner_rule_20260529_plus_rep","gamlss",TRUE,TRUE,TRUE,2.61179113388062,,,1,"converged","none",TRUE,"successful_fit_with_complete_outputs","nbi_gaussian_legacy_reconciliation::n500_d4_nbi_signal2::gamlss::rep076::try01",TRUE,TRUE,TRUE,TRUE
"2026-09-01.3","legacy_pre_phase1_reconciliation","nbi_gaussian_legacy_reconciliation","n500_d4_nbi_signal2","NBI","Gaussian","N","legacy_unversioned_gaussian_runner","legacy_pre_phase1","legacy_unrecorded",500,4,100,77,20260606,,20260606,20760606,,,"reconstructed_runner_rule_20260529_plus_rep","gamlss",TRUE,TRUE,TRUE,0.579693078994751,,,1,"converged","none",TRUE,"successful_fit_with_complete_outputs","nbi_gaussian_legacy_reconciliation::n500_d4_nbi_signal2::gamlss::rep077::try01",TRUE,TRUE,TRUE,TRUE
"2026-09-01.3","legacy_pre_phase1_reconciliation","nbi_gaussian_legacy_reconciliation","n500_d4_nbi_signal2","NBI","Gaussian","N","legacy_unversioned_gaussian_runner","legacy_pre_phase1","legacy_unrecorded",500,4,100,78,20260607,,20260607,20760607,,,"reconstructed_runner_rule_20260529_plus_rep","gamlss",TRUE,TRUE,TRUE,0.984802961349487,,,1,"converged","none",TRUE,"successful_fit_with_complete_outputs","nbi_gaussian_legacy_reconciliation::n500_d4_nbi_signal2::gamlss::rep078::try01",TRUE,TRUE,TRUE,TRUE
"2026-09-01.3","legacy_pre_phase1_reconciliation","nbi_gaussian_legacy_reconciliation","n500_d4_nbi_signal2","NBI","Gaussian","N","legacy_unversioned_gaussian_runner","legacy_pre_phase1","legacy_unrecorded",500,4,100,79,20260608,,20260608,20760608,,,"reconstructed_runner_rule_20260529_plus_rep","gamlss",TRUE,TRUE,TRUE,0.662950992584229,,,1,"converged","none",TRUE,"successful_fit_with_complete_outputs","nbi_gaussian_legacy_reconciliation::n500_d4_nbi_signal2::gamlss::rep079::try01",TRUE,TRUE,TRUE,TRUE
"2026-09-01.3","legacy_pre_phase1_reconciliation","nbi_gaussian_legacy_reconciliation","n500_d4_nbi_signal2","NBI","Gaussian","N","legacy_unversioned_gaussian_runner","legacy_pre_phase1","legacy_unrecorded",500,4,100,80,20260609,,20260609,20760609,,,"reconstructed_runner_rule_20260529_plus_rep","gamlss",TRUE,TRUE,TRUE,3.03702998161316,,,1,"converged","none",TRUE,"successful_fit_with_complete_outputs","nbi_gaussian_legacy_reconciliation::n500_d4_nbi_signal2::gamlss::rep080::try01",TRUE,TRUE,TRUE,TRUE
"2026-09-01.3","legacy_pre_phase1_reconciliation","nbi_gaussian_legacy_reconciliation","n500_d4_nbi_signal2","NBI","Gaussian","N","legacy_unversioned_gaussian_runner","legacy_pre_phase1","legacy_unrecorded",500,4,100,81,20260610,,20260610,20760610,,,"reconstructed_runner_rule_20260529_plus_rep","gamlss",TRUE,TRUE,TRUE,0.808388948440552,,,1,"converged","none",TRUE,"successful_fit_with_complete_outputs","nbi_gaussian_legacy_reconciliation::n500_d4_nbi_signal2::gamlss::rep081::try01",TRUE,TRUE,TRUE,TRUE
"2026-09-01.3","legacy_pre_phase1_reconciliation","nbi_gaussian_legacy_reconciliation","n500_d4_nbi_signal2","NBI","Gaussian","N","legacy_unversioned_gaussian_runner","legacy_pre_phase1","legacy_unrecorded",500,4,100,82,20260611,,20260611,20760611,,,"reconstructed_runner_rule_20260529_plus_rep","gamlss",TRUE,TRUE,TRUE,5.61811685562134,,,1,"converged","none",TRUE,"successful_fit_with_complete_outputs","nbi_gaussian_legacy_reconciliation::n500_d4_nbi_signal2::gamlss::rep082::try01",TRUE,TRUE,TRUE,TRUE
"2026-09-01.3","legacy_pre_phase1_reconciliation","nbi_gaussian_legacy_reconciliation","n500_d4_nbi_signal2","NBI","Gaussian","N","legacy_unversioned_gaussian_runner","legacy_pre_phase1","legacy_unrecorded",500,4,100,83,20260612,,20260612,20760612,,,"reconstructed_runner_rule_20260529_plus_rep","gamlss",TRUE,TRUE,TRUE,0.62164306640625,,,1,"converged","none",TRUE,"successful_fit_with_complete_outputs","nbi_gaussian_legacy_reconciliation::n500_d4_nbi_signal2::gamlss::rep083::try01",TRUE,TRUE,TRUE,TRUE
"2026-09-01.3","legacy_pre_phase1_reconciliation","nbi_gaussian_legacy_reconciliation","n500_d4_nbi_signal2","NBI","Gaussian","N","legacy_unversioned_gaussian_runner","legacy_pre_phase1","legacy_unrecorded",500,4,100,84,20260613,,20260613,20760613,,,"reconstructed_runner_rule_20260529_plus_rep","gamlss",TRUE,TRUE,TRUE,0.76517915725708,,,1,"converged","none",TRUE,"successful_fit_with_complete_outputs","nbi_gaussian_legacy_reconciliation::n500_d4_nbi_signal2::gamlss::rep084::try01",TRUE,TRUE,TRUE,TRUE
"2026-09-01.3","legacy_pre_phase1_reconciliation","nbi_gaussian_legacy_reconciliation","n500_d4_nbi_signal2","NBI","Gaussian","N","legacy_unversioned_gaussian_runner","legacy_pre_phase1","legacy_unrecorded",500,4,100,85,20260614,,20260614,20760614,,,"reconstructed_runner_rule_20260529_plus_rep","gamlss",TRUE,TRUE,TRUE,0.545470952987671,,,1,"converged","none",TRUE,"successful_fit_with_complete_outputs","nbi_gaussian_legacy_reconciliation::n500_d4_nbi_signal2::gamlss::rep085::try01",TRUE,TRUE,TRUE,TRUE
"2026-09-01.3","legacy_pre_phase1_reconciliation","nbi_gaussian_legacy_reconciliation","n500_d4_nbi_signal2","NBI","Gaussian","N","legacy_unversioned_gaussian_runner","legacy_pre_phase1","legacy_unrecorded",500,4,100,86,20260615,,20260615,20760615,,,"reconstructed_runner_rule_20260529_plus_rep","gamlss",TRUE,TRUE,TRUE,0.703816175460815,,,1,"converged","none",TRUE,"successful_fit_with_complete_outputs","nbi_gaussian_legacy_reconciliation::n500_d4_nbi_signal2::gamlss::rep086::try01",TRUE,TRUE,TRUE,TRUE
"2026-09-01.3","legacy_pre_phase1_reconciliation","nbi_gaussian_legacy_reconciliation","n500_d4_nbi_signal2","NBI","Gaussian","N","legacy_unversioned_gaussian_runner","legacy_pre_phase1","legacy_unrecorded",500,4,100,87,20260616,,20260616,20760616,,,"reconstructed_runner_rule_20260529_plus_rep","gamlss",TRUE,TRUE,TRUE,4.32790613174438,,,1,"converged","none",TRUE,"successful_fit_with_complete_outputs","nbi_gaussian_legacy_reconciliation::n500_d4_nbi_signal2::gamlss::rep087::try01",TRUE,TRUE,TRUE,TRUE
"2026-09-01.3","legacy_pre_phase1_reconciliation","nbi_gaussian_legacy_reconciliation","n500_d4_nbi_signal2","NBI","Gaussian","N","legacy_unversioned_gaussian_runner","legacy_pre_phase1","legacy_unrecorded",500,4,100,88,20260617,,20260617,20760617,,,"reconstructed_runner_rule_20260529_plus_rep","gamlss",TRUE,TRUE,TRUE,2.53699707984924,,,1,"converged","none",TRUE,"successful_fit_with_complete_outputs","nbi_gaussian_legacy_reconciliation::n500_d4_nbi_signal2::gamlss::rep088::try01",TRUE,TRUE,TRUE,TRUE
"2026-09-01.3","legacy_pre_phase1_reconciliation","nbi_gaussian_legacy_reconciliation","n500_d4_nbi_signal2","NBI","Gaussian","N","legacy_unversioned_gaussian_runner","legacy_pre_phase1","legacy_unrecorded",500,4,100,89,20260618,,20260618,20760618,,,"reconstructed_runner_rule_20260529_plus_rep","gamlss",TRUE,TRUE,TRUE,0.639292001724243,,,1,"converged","none",TRUE,"successful_fit_with_complete_outputs","nbi_gaussian_legacy_reconciliation::n500_d4_nbi_signal2::gamlss::rep089::try01",TRUE,TRUE,TRUE,TRUE
"2026-09-01.3","legacy_pre_phase1_reconciliation","nbi_gaussian_legacy_reconciliation","n500_d4_nbi_signal2","NBI","Gaussian","N","legacy_unversioned_gaussian_runner","legacy_pre_phase1","legacy_unrecorded",500,4,100,90,20260619,,20260619,20760619,,,"reconstructed_runner_rule_20260529_plus_rep","gamlss",TRUE,TRUE,TRUE,0.613116979598999,,,1,"converged","none",TRUE,"successful_fit_with_complete_outputs","nbi_gaussian_legacy_reconciliation::n500_d4_nbi_signal2::gamlss::rep090::try01",TRUE,TRUE,TRUE,TRUE
"2026-09-01.3","legacy_pre_phase1_reconciliation","nbi_gaussian_legacy_reconciliation","n500_d4_nbi_signal2","NBI","Gaussian","N","legacy_unversioned_gaussian_runner","legacy_pre_phase1","legacy_unrecorded",500,4,100,91,20260620,,20260620,20760620,,,"reconstructed_runner_rule_20260529_plus_rep","gamlss",TRUE,TRUE,TRUE,1.19068908691406,,,1,"converged","none",TRUE,"successful_fit_with_complete_outputs","nbi_gaussian_legacy_reconciliation::n500_d4_nbi_signal2::gamlss::rep091::try01",TRUE,TRUE,TRUE,TRUE
"2026-09-01.3","legacy_pre_phase1_reconciliation","nbi_gaussian_legacy_reconciliation","n500_d4_nbi_signal2","NBI","Gaussian","N","legacy_unversioned_gaussian_runner","legacy_pre_phase1","legacy_unrecorded",500,4,100,92,20260621,,20260621,20760621,,,"reconstructed_runner_rule_20260529_plus_rep","gamlss",TRUE,TRUE,TRUE,0.58933687210083,,,1,"converged","none",TRUE,"successful_fit_with_complete_outputs","nbi_gaussian_legacy_reconciliation::n500_d4_nbi_signal2::gamlss::rep092::try01",TRUE,TRUE,TRUE,TRUE
"2026-09-01.3","legacy_pre_phase1_reconciliation","nbi_gaussian_legacy_reconciliation","n500_d4_nbi_signal2","NBI","Gaussian","N","legacy_unversioned_gaussian_runner","legacy_pre_phase1","legacy_unrecorded",500,4,100,93,20260622,,20260622,20760622,,,"reconstructed_runner_rule_20260529_plus_rep","gamlss",TRUE,TRUE,TRUE,0.773371934890747,,,1,"converged","none",TRUE,"successful_fit_with_complete_outputs","nbi_gaussian_legacy_reconciliation::n500_d4_nbi_signal2::gamlss::rep093::try01",TRUE,TRUE,TRUE,TRUE
"2026-09-01.3","legacy_pre_phase1_reconciliation","nbi_gaussian_legacy_reconciliation","n500_d4_nbi_signal2","NBI","Gaussian","N","legacy_unversioned_gaussian_runner","legacy_pre_phase1","legacy_unrecorded",500,4,100,94,20260623,,20260623,20760623,,,"reconstructed_runner_rule_20260529_plus_rep","gamlss",TRUE,TRUE,TRUE,0.649016857147217,,,1,"converged","none",TRUE,"successful_fit_with_complete_outputs","nbi_gaussian_legacy_reconciliation::n500_d4_nbi_signal2::gamlss::rep094::try01",TRUE,TRUE,TRUE,TRUE
"2026-09-01.3","legacy_pre_phase1_reconciliation","nbi_gaussian_legacy_reconciliation","n500_d4_nbi_signal2","NBI","Gaussian","N","legacy_unversioned_gaussian_runner","legacy_pre_phase1","legacy_unrecorded",500,4,100,95,20260624,,20260624,20760624,,,"reconstructed_runner_rule_20260529_plus_rep","gamlss",TRUE,TRUE,TRUE,0.781968832015991,,,1,"converged","none",TRUE,"successful_fit_with_complete_outputs","nbi_gaussian_legacy_reconciliation::n500_d4_nbi_signal2::gamlss::rep095::try01",TRUE,TRUE,TRUE,TRUE
"2026-09-01.3","legacy_pre_phase1_reconciliation","nbi_gaussian_legacy_reconciliation","n500_d4_nbi_signal2","NBI","Gaussian","N","legacy_unversioned_gaussian_runner","legacy_pre_phase1","legacy_unrecorded",500,4,100,96,20260625,,20260625,20760625,,,"reconstructed_runner_rule_20260529_plus_rep","gamlss",TRUE,TRUE,TRUE,0.66579794883728,,,1,"converged","none",TRUE,"successful_fit_with_complete_outputs","nbi_gaussian_legacy_reconciliation::n500_d4_nbi_signal2::gamlss::rep096::try01",TRUE,TRUE,TRUE,TRUE
"2026-09-01.3","legacy_pre_phase1_reconciliation","nbi_gaussian_legacy_reconciliation","n500_d4_nbi_signal2","NBI","Gaussian","N","legacy_unversioned_gaussian_runner","legacy_pre_phase1","legacy_unrecorded",500,4,100,97,20260626,,20260626,20760626,,,"reconstructed_runner_rule_20260529_plus_rep","gamlss",TRUE,TRUE,TRUE,0.712680101394653,,,1,"converged","none",TRUE,"successful_fit_with_complete_outputs","nbi_gaussian_legacy_reconciliation::n500_d4_nbi_signal2::gamlss::rep097::try01",TRUE,TRUE,TRUE,TRUE
"2026-09-01.3","legacy_pre_phase1_reconciliation","nbi_gaussian_legacy_reconciliation","n500_d4_nbi_signal2","NBI","Gaussian","N","legacy_unversioned_gaussian_runner","legacy_pre_phase1","legacy_unrecorded",500,4,100,98,20260627,,20260627,20760627,,,"reconstructed_runner_rule_20260529_plus_rep","gamlss",TRUE,TRUE,TRUE,0.650417804718018,,,1,"converged","none",TRUE,"successful_fit_with_complete_outputs","nbi_gaussian_legacy_reconciliation::n500_d4_nbi_signal2::gamlss::rep098::try01",TRUE,TRUE,TRUE,TRUE
"2026-09-01.3","legacy_pre_phase1_reconciliation","nbi_gaussian_legacy_reconciliation","n500_d4_nbi_signal2","NBI","Gaussian","N","legacy_unversioned_gaussian_runner","legacy_pre_phase1","legacy_unrecorded",500,4,100,99,20260628,,20260628,20760628,,,"reconstructed_runner_rule_20260529_plus_rep","gamlss",TRUE,TRUE,TRUE,0.659363985061646,,,1,"converged","none",TRUE,"successful_fit_with_complete_outputs","nbi_gaussian_legacy_reconciliation::n500_d4_nbi_signal2::gamlss::rep099::try01",TRUE,TRUE,TRUE,TRUE
"2026-09-01.3","legacy_pre_phase1_reconciliation","nbi_gaussian_legacy_reconciliation","n500_d4_nbi_signal2","NBI","Gaussian","N","legacy_unversioned_gaussian_runner","legacy_pre_phase1","legacy_unrecorded",500,4,100,100,20260629,,20260629,20760629,,,"reconstructed_runner_rule_20260529_plus_rep","gamlss",TRUE,TRUE,TRUE,0.682333946228027,,,1,"converged","none",TRUE,"successful_fit_with_complete_outputs","nbi_gaussian_legacy_reconciliation::n500_d4_nbi_signal2::gamlss::rep100::try01",TRUE,TRUE,TRUE,TRUE
"2026-09-01.3","legacy_pre_phase1_reconciliation","nbi_gaussian_legacy_reconciliation","n500_d4_nbi_signal2","NBI","Gaussian","N","legacy_unversioned_gaussian_runner","legacy_pre_phase1","legacy_unrecorded",500,4,100,1,20260530,,20260530,20760530,,,"reconstructed_runner_rule_20260529_plus_rep","ours_rs_joint",TRUE,TRUE,TRUE,358.933614015579,,,1,"converged","none",TRUE,"successful_fit_with_complete_outputs","nbi_gaussian_legacy_reconciliation::n500_d4_nbi_signal2::ours_rs_joint::rep001::try01",TRUE,TRUE,TRUE,TRUE
"2026-09-01.3","legacy_pre_phase1_reconciliation","nbi_gaussian_legacy_reconciliation","n500_d4_nbi_signal2","NBI","Gaussian","N","legacy_unversioned_gaussian_runner","legacy_pre_phase1","legacy_unrecorded",500,4,100,2,20260531,,20260531,20760531,,,"reconstructed_runner_rule_20260529_plus_rep","ours_rs_joint",TRUE,TRUE,TRUE,479.26153087616,,,1,"converged","none",TRUE,"successful_fit_with_complete_outputs","nbi_gaussian_legacy_reconciliation::n500_d4_nbi_signal2::ours_rs_joint::rep002::try01",TRUE,TRUE,TRUE,TRUE
"2026-09-01.3","legacy_pre_phase1_reconciliation","nbi_gaussian_legacy_reconciliation","n500_d4_nbi_signal2","NBI","Gaussian","N","legacy_unversioned_gaussian_runner","legacy_pre_phase1","legacy_unrecorded",500,4,100,3,20260532,,20260532,20760532,,,"reconstructed_runner_rule_20260529_plus_rep","ours_rs_joint",TRUE,TRUE,TRUE,392.170235157013,,,1,"converged","none",TRUE,"successful_fit_with_complete_outputs","nbi_gaussian_legacy_reconciliation::n500_d4_nbi_signal2::ours_rs_joint::rep003::try01",TRUE,TRUE,TRUE,TRUE
"2026-09-01.3","legacy_pre_phase1_reconciliation","nbi_gaussian_legacy_reconciliation","n500_d4_nbi_signal2","NBI","Gaussian","N","legacy_unversioned_gaussian_runner","legacy_pre_phase1","legacy_unrecorded",500,4,100,4,20260533,,20260533,20760533,,,"reconstructed_runner_rule_20260529_plus_rep","ours_rs_joint",TRUE,TRUE,TRUE,316.367490053177,,,1,"converged","none",TRUE,"successful_fit_with_complete_outputs","nbi_gaussian_legacy_reconciliation::n500_d4_nbi_signal2::ours_rs_joint::rep004::try01",TRUE,TRUE,TRUE,TRUE
"2026-09-01.3","legacy_pre_phase1_reconciliation","nbi_gaussian_legacy_reconciliation","n500_d4_nbi_signal2","NBI","Gaussian","N","legacy_unversioned_gaussian_runner","legacy_pre_phase1","legacy_unrecorded",500,4,100,5,20260534,,20260534,20760534,,,"reconstructed_runner_rule_20260529_plus_rep","ours_rs_joint",TRUE,TRUE,TRUE,328.548373937607,,,1,"converged","none",TRUE,"successful_fit_with_complete_outputs","nbi_gaussian_legacy_reconciliation::n500_d4_nbi_signal2::ours_rs_joint::rep005::try01",TRUE,TRUE,TRUE,TRUE
"2026-09-01.3","legacy_pre_phase1_reconciliation","nbi_gaussian_legacy_reconciliation","n500_d4_nbi_signal2","NBI","Gaussian","N","legacy_unversioned_gaussian_runner","legacy_pre_phase1","legacy_unrecorded",500,4,100,6,20260535,,20260535,20760535,,,"reconstructed_runner_rule_20260529_plus_rep","ours_rs_joint",TRUE,TRUE,TRUE,561.222159862518,,,1,"converged","none",TRUE,"successful_fit_with_complete_outputs","nbi_gaussian_legacy_reconciliation::n500_d4_nbi_signal2::ours_rs_joint::rep006::try01",TRUE,TRUE,TRUE,TRUE
"2026-09-01.3","legacy_pre_phase1_reconciliation","nbi_gaussian_legacy_reconciliation","n500_d4_nbi_signal2","NBI","Gaussian","N","legacy_unversioned_gaussian_runner","legacy_pre_phase1","legacy_unrecorded",500,4,100,7,20260536,,20260536,20760536,,,"reconstructed_runner_rule_20260529_plus_rep","ours_rs_joint",TRUE,TRUE,TRUE,459.531351804733,,,1,"converged","none",TRUE,"successful_fit_with_complete_outputs","nbi_gaussian_legacy_reconciliation::n500_d4_nbi_signal2::ours_rs_joint::rep007::try01",TRUE,TRUE,TRUE,TRUE
"2026-09-01.3","legacy_pre_phase1_reconciliation","nbi_gaussian_legacy_reconciliation","n500_d4_nbi_signal2","NBI","Gaussian","N","legacy_unversioned_gaussian_runner","legacy_pre_phase1","legacy_unrecorded",500,4,100,8,20260537,,20260537,20760537,,,"reconstructed_runner_rule_20260529_plus_rep","ours_rs_joint",TRUE,TRUE,TRUE,418.355782985687,,,1,"converged","none",TRUE,"successful_fit_with_complete_outputs","nbi_gaussian_legacy_reconciliation::n500_d4_nbi_signal2::ours_rs_joint::rep008::try01",TRUE,TRUE,TRUE,TRUE
"2026-09-01.3","legacy_pre_phase1_reconciliation","nbi_gaussian_legacy_reconciliation","n500_d4_nbi_signal2","NBI","Gaussian","N","legacy_unversioned_gaussian_runner","legacy_pre_phase1","legacy_unrecorded",500,4,100,9,20260538,,20260538,20760538,,,"reconstructed_runner_rule_20260529_plus_rep","ours_rs_joint",TRUE,TRUE,TRUE,441.627873897552,,,1,"converged","none",TRUE,"successful_fit_with_complete_outputs","nbi_gaussian_legacy_reconciliation::n500_d4_nbi_signal2::ours_rs_joint::rep009::try01",TRUE,TRUE,TRUE,TRUE
"2026-09-01.3","legacy_pre_phase1_reconciliation","nbi_gaussian_legacy_reconciliation","n500_d4_nbi_signal2","NBI","Gaussian","N","legacy_unversioned_gaussian_runner","legacy_pre_phase1","legacy_unrecorded",500,4,100,10,20260539,,20260539,20760539,,,"reconstructed_runner_rule_20260529_plus_rep","ours_rs_joint",TRUE,TRUE,TRUE,364.509812831879,,,1,"converged","none",TRUE,"successful_fit_with_complete_outputs","nbi_gaussian_legacy_reconciliation::n500_d4_nbi_signal2::ours_rs_joint::rep010::try01",TRUE,TRUE,TRUE,TRUE
"2026-09-01.3","legacy_pre_phase1_reconciliation","nbi_gaussian_legacy_reconciliation","n500_d4_nbi_signal2","NBI","Gaussian","N","legacy_unversioned_gaussian_runner","legacy_pre_phase1","legacy_unrecorded",500,4,100,11,20260540,,20260540,20760540,,,"reconstructed_runner_rule_20260529_plus_rep","ours_rs_joint",TRUE,TRUE,TRUE,488.157687902451,,,1,"converged","none",TRUE,"successful_fit_with_complete_outputs","nbi_gaussian_legacy_reconciliation::n500_d4_nbi_signal2::ours_rs_joint::rep011::try01",TRUE,TRUE,TRUE,TRUE
"2026-09-01.3","legacy_pre_phase1_reconciliation","nbi_gaussian_legacy_reconciliation","n500_d4_nbi_signal2","NBI","Gaussian","N","legacy_unversioned_gaussian_runner","legacy_pre_phase1","legacy_unrecorded",500,4,100,12,20260541,,20260541,20760541,,,"reconstructed_runner_rule_20260529_plus_rep","ours_rs_joint",TRUE,TRUE,TRUE,507.216026067734,,,1,"converged","none",TRUE,"successful_fit_with_complete_outputs","nbi_gaussian_legacy_reconciliation::n500_d4_nbi_signal2::ours_rs_joint::rep012::try01",TRUE,TRUE,TRUE,TRUE
"2026-09-01.3","legacy_pre_phase1_reconciliation","nbi_gaussian_legacy_reconciliation","n500_d4_nbi_signal2","NBI","Gaussian","N","legacy_unversioned_gaussian_runner","legacy_pre_phase1","legacy_unrecorded",500,4,100,13,20260542,,20260542,20760542,,,"reconstructed_runner_rule_20260529_plus_rep","ours_rs_joint",TRUE,TRUE,TRUE,457.120835065842,,,1,"converged","none",TRUE,"successful_fit_with_complete_outputs","nbi_gaussian_legacy_reconciliation::n500_d4_nbi_signal2::ours_rs_joint::rep013::try01",TRUE,TRUE,TRUE,TRUE
"2026-09-01.3","legacy_pre_phase1_reconciliation","nbi_gaussian_legacy_reconciliation","n500_d4_nbi_signal2","NBI","Gaussian","N","legacy_unversioned_gaussian_runner","legacy_pre_phase1","legacy_unrecorded",500,4,100,14,20260543,,20260543,20760543,,,"reconstructed_runner_rule_20260529_plus_rep","ours_rs_joint",TRUE,TRUE,TRUE,377.931058883667,,,1,"converged","none",TRUE,"successful_fit_with_complete_outputs","nbi_gaussian_legacy_reconciliation::n500_d4_nbi_signal2::ours_rs_joint::rep014::try01",TRUE,TRUE,TRUE,TRUE
"2026-09-01.3","legacy_pre_phase1_reconciliation","nbi_gaussian_legacy_reconciliation","n500_d4_nbi_signal2","NBI","Gaussian","N","legacy_unversioned_gaussian_runner","legacy_pre_phase1","legacy_unrecorded",500,4,100,15,20260544,,20260544,20760544,,,"reconstructed_runner_rule_20260529_plus_rep","ours_rs_joint",TRUE,TRUE,TRUE,351.719397068024,,,1,"converged","none",TRUE,"successful_fit_with_complete_outputs","nbi_gaussian_legacy_reconciliation::n500_d4_nbi_signal2::ours_rs_joint::rep015::try01",TRUE,TRUE,TRUE,TRUE
"2026-09-01.3","legacy_pre_phase1_reconciliation","nbi_gaussian_legacy_reconciliation","n500_d4_nbi_signal2","NBI","Gaussian","N","legacy_unversioned_gaussian_runner","legacy_pre_phase1","legacy_unrecorded",500,4,100,16,20260545,,20260545,20760545,,,"reconstructed_runner_rule_20260529_plus_rep","ours_rs_joint",TRUE,TRUE,TRUE,467.544064998627,,,1,"converged","none",TRUE,"successful_fit_with_complete_outputs","nbi_gaussian_legacy_reconciliation::n500_d4_nbi_signal2::ours_rs_joint::rep016::try01",TRUE,TRUE,TRUE,TRUE
"2026-09-01.3","legacy_pre_phase1_reconciliation","nbi_gaussian_legacy_reconciliation","n500_d4_nbi_signal2","NBI","Gaussian","N","legacy_unversioned_gaussian_runner","legacy_pre_phase1","legacy_unrecorded",500,4,100,17,20260546,,20260546,20760546,,,"reconstructed_runner_rule_20260529_plus_rep","ours_rs_joint",TRUE,TRUE,TRUE,415.994087934494,,,1,"converged","none",TRUE,"successful_fit_with_complete_outputs","nbi_gaussian_legacy_reconciliation::n500_d4_nbi_signal2::ours_rs_joint::rep017::try01",TRUE,TRUE,TRUE,TRUE
"2026-09-01.3","legacy_pre_phase1_reconciliation","nbi_gaussian_legacy_reconciliation","n500_d4_nbi_signal2","NBI","Gaussian","N","legacy_unversioned_gaussian_runner","legacy_pre_phase1","legacy_unrecorded",500,4,100,18,20260547,,20260547,20760547,,,"reconstructed_runner_rule_20260529_plus_rep","ours_rs_joint",TRUE,TRUE,TRUE,381.43671298027,,,1,"converged","none",TRUE,"successful_fit_with_complete_outputs","nbi_gaussian_legacy_reconciliation::n500_d4_nbi_signal2::ours_rs_joint::rep018::try01",TRUE,TRUE,TRUE,TRUE
"2026-09-01.3","legacy_pre_phase1_reconciliation","nbi_gaussian_legacy_reconciliation","n500_d4_nbi_signal2","NBI","Gaussian","N","legacy_unversioned_gaussian_runner","legacy_pre_phase1","legacy_unrecorded",500,4,100,19,20260548,,20260548,20760548,,,"reconstructed_runner_rule_20260529_plus_rep","ours_rs_joint",TRUE,TRUE,TRUE,551.825613975525,,,1,"converged","none",TRUE,"successful_fit_with_complete_outputs","nbi_gaussian_legacy_reconciliation::n500_d4_nbi_signal2::ours_rs_joint::rep019::try01",TRUE,TRUE,TRUE,TRUE
"2026-09-01.3","legacy_pre_phase1_reconciliation","nbi_gaussian_legacy_reconciliation","n500_d4_nbi_signal2","NBI","Gaussian","N","legacy_unversioned_gaussian_runner","legacy_pre_phase1","legacy_unrecorded",500,4,100,20,20260549,,20260549,20760549,,,"reconstructed_runner_rule_20260529_plus_rep","ours_rs_joint",TRUE,TRUE,TRUE,618.928359031677,,,1,"converged","none",TRUE,"successful_fit_with_complete_outputs","nbi_gaussian_legacy_reconciliation::n500_d4_nbi_signal2::ours_rs_joint::rep020::try01",TRUE,TRUE,TRUE,TRUE
"2026-09-01.3","legacy_pre_phase1_reconciliation","nbi_gaussian_legacy_reconciliation","n500_d4_nbi_signal2","NBI","Gaussian","N","legacy_unversioned_gaussian_runner","legacy_pre_phase1","legacy_unrecorded",500,4,100,21,20260550,,20260550,20760550,,,"reconstructed_runner_rule_20260529_plus_rep","ours_rs_joint",TRUE,TRUE,TRUE,503.940382957458,,,1,"converged","none",TRUE,"successful_fit_with_complete_outputs","nbi_gaussian_legacy_reconciliation::n500_d4_nbi_signal2::ours_rs_joint::rep021::try01",TRUE,TRUE,TRUE,TRUE
"2026-09-01.3","legacy_pre_phase1_reconciliation","nbi_gaussian_legacy_reconciliation","n500_d4_nbi_signal2","NBI","Gaussian","N","legacy_unversioned_gaussian_runner","legacy_pre_phase1","legacy_unrecorded",500,4,100,22,20260551,,20260551,20760551,,,"reconstructed_runner_rule_20260529_plus_rep","ours_rs_joint",TRUE,TRUE,TRUE,436.662160158157,,,1,"converged","none",TRUE,"successful_fit_with_complete_outputs","nbi_gaussian_legacy_reconciliation::n500_d4_nbi_signal2::ours_rs_joint::rep022::try01",TRUE,TRUE,TRUE,TRUE
"2026-09-01.3","legacy_pre_phase1_reconciliation","nbi_gaussian_legacy_reconciliation","n500_d4_nbi_signal2","NBI","Gaussian","N","legacy_unversioned_gaussian_runner","legacy_pre_phase1","legacy_unrecorded",500,4,100,23,20260552,,20260552,20760552,,,"reconstructed_runner_rule_20260529_plus_rep","ours_rs_joint",TRUE,TRUE,TRUE,555.103173017502,,,1,"converged","none",TRUE,"successful_fit_with_complete_outputs","nbi_gaussian_legacy_reconciliation::n500_d4_nbi_signal2::ours_rs_joint::rep023::try01",TRUE,TRUE,TRUE,TRUE
"2026-09-01.3","legacy_pre_phase1_reconciliation","nbi_gaussian_legacy_reconciliation","n500_d4_nbi_signal2","NBI","Gaussian","N","legacy_unversioned_gaussian_runner","legacy_pre_phase1","legacy_unrecorded",500,4,100,24,20260553,,20260553,20760553,,,"reconstructed_runner_rule_20260529_plus_rep","ours_rs_joint",TRUE,TRUE,TRUE,575.942745923996,,,1,"converged","none",TRUE,"successful_fit_with_complete_outputs","nbi_gaussian_legacy_reconciliation::n500_d4_nbi_signal2::ours_rs_joint::rep024::try01",TRUE,TRUE,TRUE,TRUE
"2026-09-01.3","legacy_pre_phase1_reconciliation","nbi_gaussian_legacy_reconciliation","n500_d4_nbi_signal2","NBI","Gaussian","N","legacy_unversioned_gaussian_runner","legacy_pre_phase1","legacy_unrecorded",500,4,100,25,20260554,,20260554,20760554,,,"reconstructed_runner_rule_20260529_plus_rep","ours_rs_joint",TRUE,TRUE,TRUE,522.487582921982,,,1,"converged","none",TRUE,"successful_fit_with_complete_outputs","nbi_gaussian_legacy_reconciliation::n500_d4_nbi_signal2::ours_rs_joint::rep025::try01",TRUE,TRUE,TRUE,TRUE
"2026-09-01.3","legacy_pre_phase1_reconciliation","nbi_gaussian_legacy_reconciliation","n500_d4_nbi_signal2","NBI","Gaussian","N","legacy_unversioned_gaussian_runner","legacy_pre_phase1","legacy_unrecorded",500,4,100,26,20260555,,20260555,20760555,,,"reconstructed_runner_rule_20260529_plus_rep","ours_rs_joint",TRUE,TRUE,TRUE,476.013381958008,,,1,"converged","none",TRUE,"successful_fit_with_complete_outputs","nbi_gaussian_legacy_reconciliation::n500_d4_nbi_signal2::ours_rs_joint::rep026::try01",TRUE,TRUE,TRUE,TRUE
"2026-09-01.3","legacy_pre_phase1_reconciliation","nbi_gaussian_legacy_reconciliation","n500_d4_nbi_signal2","NBI","Gaussian","N","legacy_unversioned_gaussian_runner","legacy_pre_phase1","legacy_unrecorded",500,4,100,27,20260556,,20260556,20760556,,,"reconstructed_runner_rule_20260529_plus_rep","ours_rs_joint",TRUE,TRUE,TRUE,476.975477218628,,,1,"converged","none",TRUE,"successful_fit_with_complete_outputs","nbi_gaussian_legacy_reconciliation::n500_d4_nbi_signal2::ours_rs_joint::rep027::try01",TRUE,TRUE,TRUE,TRUE
"2026-09-01.3","legacy_pre_phase1_reconciliation","nbi_gaussian_legacy_reconciliation","n500_d4_nbi_signal2","NBI","Gaussian","N","legacy_unversioned_gaussian_runner","legacy_pre_phase1","legacy_unrecorded",500,4,100,28,20260557,,20260557,20760557,,,"reconstructed_runner_rule_20260529_plus_rep","ours_rs_joint",TRUE,TRUE,TRUE,478.088790178299,,,1,"converged","none",TRUE,"successful_fit_with_complete_outputs","nbi_gaussian_legacy_reconciliation::n500_d4_nbi_signal2::ours_rs_joint::rep028::try01",TRUE,TRUE,TRUE,TRUE
"2026-09-01.3","legacy_pre_phase1_reconciliation","nbi_gaussian_legacy_reconciliation","n500_d4_nbi_signal2","NBI","Gaussian","N","legacy_unversioned_gaussian_runner","legacy_pre_phase1","legacy_unrecorded",500,4,100,29,20260558,,20260558,20760558,,,"reconstructed_runner_rule_20260529_plus_rep","ours_rs_joint",TRUE,TRUE,TRUE,476.451865911484,,,1,"converged","none",TRUE,"successful_fit_with_complete_outputs","nbi_gaussian_legacy_reconciliation::n500_d4_nbi_signal2::ours_rs_joint::rep029::try01",TRUE,TRUE,TRUE,TRUE
"2026-09-01.3","legacy_pre_phase1_reconciliation","nbi_gaussian_legacy_reconciliation","n500_d4_nbi_signal2","NBI","Gaussian","N","legacy_unversioned_gaussian_runner","legacy_pre_phase1","legacy_unrecorded",500,4,100,30,20260559,,20260559,20760559,,,"reconstructed_runner_rule_20260529_plus_rep","ours_rs_joint",TRUE,TRUE,TRUE,433.262418985367,,,1,"converged","none",TRUE,"successful_fit_with_complete_outputs","nbi_gaussian_legacy_reconciliation::n500_d4_nbi_signal2::ours_rs_joint::rep030::try01",TRUE,TRUE,TRUE,TRUE
"2026-09-01.3","legacy_pre_phase1_reconciliation","nbi_gaussian_legacy_reconciliation","n500_d4_nbi_signal2","NBI","Gaussian","N","legacy_unversioned_gaussian_runner","legacy_pre_phase1","legacy_unrecorded",500,4,100,31,20260560,,20260560,20760560,,,"reconstructed_runner_rule_20260529_plus_rep","ours_rs_joint",TRUE,TRUE,TRUE,424.709689855576,,,1,"converged","none",TRUE,"successful_fit_with_complete_outputs","nbi_gaussian_legacy_reconciliation::n500_d4_nbi_signal2::ours_rs_joint::rep031::try01",TRUE,TRUE,TRUE,TRUE
"2026-09-01.3","legacy_pre_phase1_reconciliation","nbi_gaussian_legacy_reconciliation","n500_d4_nbi_signal2","NBI","Gaussian","N","legacy_unversioned_gaussian_runner","legacy_pre_phase1","legacy_unrecorded",500,4,100,32,20260561,,20260561,20760561,,,"reconstructed_runner_rule_20260529_plus_rep","ours_rs_joint",TRUE,TRUE,TRUE,387.579952955246,,,1,"converged","none",TRUE,"successful_fit_with_complete_outputs","nbi_gaussian_legacy_reconciliation::n500_d4_nbi_signal2::ours_rs_joint::rep032::try01",TRUE,TRUE,TRUE,TRUE
"2026-09-01.3","legacy_pre_phase1_reconciliation","nbi_gaussian_legacy_reconciliation","n500_d4_nbi_signal2","NBI","Gaussian","N","legacy_unversioned_gaussian_runner","legacy_pre_phase1","legacy_unrecorded",500,4,100,33,20260562,,20260562,20760562,,,"reconstructed_runner_rule_20260529_plus_rep","ours_rs_joint",TRUE,TRUE,TRUE,419.084378004074,,,1,"converged","none",TRUE,"successful_fit_with_complete_outputs","nbi_gaussian_legacy_reconciliation::n500_d4_nbi_signal2::ours_rs_joint::rep033::try01",TRUE,TRUE,TRUE,TRUE
"2026-09-01.3","legacy_pre_phase1_reconciliation","nbi_gaussian_legacy_reconciliation","n500_d4_nbi_signal2","NBI","Gaussian","N","legacy_unversioned_gaussian_runner","legacy_pre_phase1","legacy_unrecorded",500,4,100,34,20260563,,20260563,20760563,,,"reconstructed_runner_rule_20260529_plus_rep","ours_rs_joint",TRUE,TRUE,TRUE,387.962082862854,,,1,"converged","none",TRUE,"successful_fit_with_complete_outputs","nbi_gaussian_legacy_reconciliation::n500_d4_nbi_signal2::ours_rs_joint::rep034::try01",TRUE,TRUE,TRUE,TRUE
"2026-09-01.3","legacy_pre_phase1_reconciliation","nbi_gaussian_legacy_reconciliation","n500_d4_nbi_signal2","NBI","Gaussian","N","legacy_unversioned_gaussian_runner","legacy_pre_phase1","legacy_unrecorded",500,4,100,35,20260564,,20260564,20760564,,,"reconstructed_runner_rule_20260529_plus_rep","ours_rs_joint",TRUE,TRUE,TRUE,395.069394111633,,,1,"converged","none",TRUE,"successful_fit_with_complete_outputs","nbi_gaussian_legacy_reconciliation::n500_d4_nbi_signal2::ours_rs_joint::rep035::try01",TRUE,TRUE,TRUE,TRUE
"2026-09-01.3","legacy_pre_phase1_reconciliation","nbi_gaussian_legacy_reconciliation","n500_d4_nbi_signal2","NBI","Gaussian","N","legacy_unversioned_gaussian_runner","legacy_pre_phase1","legacy_unrecorded",500,4,100,36,20260565,,20260565,20760565,,,"reconstructed_runner_rule_20260529_plus_rep","ours_rs_joint",TRUE,TRUE,TRUE,504.758133888245,,,1,"converged","none",TRUE,"successful_fit_with_complete_outputs","nbi_gaussian_legacy_reconciliation::n500_d4_nbi_signal2::ours_rs_joint::rep036::try01",TRUE,TRUE,TRUE,TRUE
"2026-09-01.3","legacy_pre_phase1_reconciliation","nbi_gaussian_legacy_reconciliation","n500_d4_nbi_signal2","NBI","Gaussian","N","legacy_unversioned_gaussian_runner","legacy_pre_phase1","legacy_unrecorded",500,4,100,37,20260566,,20260566,20760566,,,"reconstructed_runner_rule_20260529_plus_rep","ours_rs_joint",TRUE,TRUE,TRUE,406.270653963089,,,1,"converged","none",TRUE,"successful_fit_with_complete_outputs","nbi_gaussian_legacy_reconciliation::n500_d4_nbi_signal2::ours_rs_joint::rep037::try01",TRUE,TRUE,TRUE,TRUE
"2026-09-01.3","legacy_pre_phase1_reconciliation","nbi_gaussian_legacy_reconciliation","n500_d4_nbi_signal2","NBI","Gaussian","N","legacy_unversioned_gaussian_runner","legacy_pre_phase1","legacy_unrecorded",500,4,100,38,20260567,,20260567,20760567,,,"reconstructed_runner_rule_20260529_plus_rep","ours_rs_joint",TRUE,TRUE,TRUE,560.523150920868,,,1,"converged","none",TRUE,"successful_fit_with_complete_outputs","nbi_gaussian_legacy_reconciliation::n500_d4_nbi_signal2::ours_rs_joint::rep038::try01",TRUE,TRUE,TRUE,TRUE
"2026-09-01.3","legacy_pre_phase1_reconciliation","nbi_gaussian_legacy_reconciliation","n500_d4_nbi_signal2","NBI","Gaussian","N","legacy_unversioned_gaussian_runner","legacy_pre_phase1","legacy_unrecorded",500,4,100,39,20260568,,20260568,20760568,,,"reconstructed_runner_rule_20260529_plus_rep","ours_rs_joint",TRUE,TRUE,TRUE,367.217391967773,,,1,"converged","none",TRUE,"successful_fit_with_complete_outputs","nbi_gaussian_legacy_reconciliation::n500_d4_nbi_signal2::ours_rs_joint::rep039::try01",TRUE,TRUE,TRUE,TRUE
"2026-09-01.3","legacy_pre_phase1_reconciliation","nbi_gaussian_legacy_reconciliation","n500_d4_nbi_signal2","NBI","Gaussian","N","legacy_unversioned_gaussian_runner","legacy_pre_phase1","legacy_unrecorded",500,4,100,40,20260569,,20260569,20760569,,,"reconstructed_runner_rule_20260529_plus_rep","ours_rs_joint",TRUE,TRUE,TRUE,362.672826051712,,,1,"converged","none",TRUE,"successful_fit_with_complete_outputs","nbi_gaussian_legacy_reconciliation::n500_d4_nbi_signal2::ours_rs_joint::rep040::try01",TRUE,TRUE,TRUE,TRUE
"2026-09-01.3","legacy_pre_phase1_reconciliation","nbi_gaussian_legacy_reconciliation","n500_d4_nbi_signal2","NBI","Gaussian","N","legacy_unversioned_gaussian_runner","legacy_pre_phase1","legacy_unrecorded",500,4,100,41,20260570,,20260570,20760570,,,"reconstructed_runner_rule_20260529_plus_rep","ours_rs_joint",TRUE,TRUE,TRUE,591.780042171478,,,1,"converged","none",TRUE,"successful_fit_with_complete_outputs","nbi_gaussian_legacy_reconciliation::n500_d4_nbi_signal2::ours_rs_joint::rep041::try01",TRUE,TRUE,TRUE,TRUE
"2026-09-01.3","legacy_pre_phase1_reconciliation","nbi_gaussian_legacy_reconciliation","n500_d4_nbi_signal2","NBI","Gaussian","N","legacy_unversioned_gaussian_runner","legacy_pre_phase1","legacy_unrecorded",500,4,100,42,20260571,,20260571,20760571,,,"reconstructed_runner_rule_20260529_plus_rep","ours_rs_joint",TRUE,TRUE,TRUE,386.714657068253,,,1,"converged","none",TRUE,"successful_fit_with_complete_outputs","nbi_gaussian_legacy_reconciliation::n500_d4_nbi_signal2::ours_rs_joint::rep042::try01",TRUE,TRUE,TRUE,TRUE
"2026-09-01.3","legacy_pre_phase1_reconciliation","nbi_gaussian_legacy_reconciliation","n500_d4_nbi_signal2","NBI","Gaussian","N","legacy_unversioned_gaussian_runner","legacy_pre_phase1","legacy_unrecorded",500,4,100,43,20260572,,20260572,20760572,,,"reconstructed_runner_rule_20260529_plus_rep","ours_rs_joint",TRUE,TRUE,TRUE,371.207273960114,,,1,"converged","none",TRUE,"successful_fit_with_complete_outputs","nbi_gaussian_legacy_reconciliation::n500_d4_nbi_signal2::ours_rs_joint::rep043::try01",TRUE,TRUE,TRUE,TRUE
"2026-09-01.3","legacy_pre_phase1_reconciliation","nbi_gaussian_legacy_reconciliation","n500_d4_nbi_signal2","NBI","Gaussian","N","legacy_unversioned_gaussian_runner","legacy_pre_phase1","legacy_unrecorded",500,4,100,44,20260573,,20260573,20760573,,,"reconstructed_runner_rule_20260529_plus_rep","ours_rs_joint",TRUE,TRUE,TRUE,447.738826990128,,,1,"converged","none",TRUE,"successful_fit_with_complete_outputs","nbi_gaussian_legacy_reconciliation::n500_d4_nbi_signal2::ours_rs_joint::rep044::try01",TRUE,TRUE,TRUE,TRUE
"2026-09-01.3","legacy_pre_phase1_reconciliation","nbi_gaussian_legacy_reconciliation","n500_d4_nbi_signal2","NBI","Gaussian","N","legacy_unversioned_gaussian_runner","legacy_pre_phase1","legacy_unrecorded",500,4,100,45,20260574,,20260574,20760574,,,"reconstructed_runner_rule_20260529_plus_rep","ours_rs_joint",TRUE,TRUE,TRUE,435.794734954834,,,1,"converged","none",TRUE,"successful_fit_with_complete_outputs","nbi_gaussian_legacy_reconciliation::n500_d4_nbi_signal2::ours_rs_joint::rep045::try01",TRUE,TRUE,TRUE,TRUE
"2026-09-01.3","legacy_pre_phase1_reconciliation","nbi_gaussian_legacy_reconciliation","n500_d4_nbi_signal2","NBI","Gaussian","N","legacy_unversioned_gaussian_runner","legacy_pre_phase1","legacy_unrecorded",500,4,100,46,20260575,,20260575,20760575,,,"reconstructed_runner_rule_20260529_plus_rep","ours_rs_joint",TRUE,TRUE,TRUE,484.733912944794,,,1,"converged","none",TRUE,"successful_fit_with_complete_outputs","nbi_gaussian_legacy_reconciliation::n500_d4_nbi_signal2::ours_rs_joint::rep046::try01",TRUE,TRUE,TRUE,TRUE
"2026-09-01.3","legacy_pre_phase1_reconciliation","nbi_gaussian_legacy_reconciliation","n500_d4_nbi_signal2","NBI","Gaussian","N","legacy_unversioned_gaussian_runner","legacy_pre_phase1","legacy_unrecorded",500,4,100,47,20260576,,20260576,20760576,,,"reconstructed_runner_rule_20260529_plus_rep","ours_rs_joint",TRUE,TRUE,TRUE,398.264080047607,,,1,"converged","none",TRUE,"successful_fit_with_complete_outputs","nbi_gaussian_legacy_reconciliation::n500_d4_nbi_signal2::ours_rs_joint::rep047::try01",TRUE,TRUE,TRUE,TRUE
"2026-09-01.3","legacy_pre_phase1_reconciliation","nbi_gaussian_legacy_reconciliation","n500_d4_nbi_signal2","NBI","Gaussian","N","legacy_unversioned_gaussian_runner","legacy_pre_phase1","legacy_unrecorded",500,4,100,48,20260577,,20260577,20760577,,,"reconstructed_runner_rule_20260529_plus_rep","ours_rs_joint",TRUE,TRUE,TRUE,521.801687955856,,,1,"converged","none",TRUE,"successful_fit_with_complete_outputs","nbi_gaussian_legacy_reconciliation::n500_d4_nbi_signal2::ours_rs_joint::rep048::try01",TRUE,TRUE,TRUE,TRUE
"2026-09-01.3","legacy_pre_phase1_reconciliation","nbi_gaussian_legacy_reconciliation","n500_d4_nbi_signal2","NBI","Gaussian","N","legacy_unversioned_gaussian_runner","legacy_pre_phase1","legacy_unrecorded",500,4,100,49,20260578,,20260578,20760578,,,"reconstructed_runner_rule_20260529_plus_rep","ours_rs_joint",TRUE,TRUE,TRUE,376.030067920685,,,1,"converged","none",TRUE,"successful_fit_with_complete_outputs","nbi_gaussian_legacy_reconciliation::n500_d4_nbi_signal2::ours_rs_joint::rep049::try01",TRUE,TRUE,TRUE,TRUE
"2026-09-01.3","legacy_pre_phase1_reconciliation","nbi_gaussian_legacy_reconciliation","n500_d4_nbi_signal2","NBI","Gaussian","N","legacy_unversioned_gaussian_runner","legacy_pre_phase1","legacy_unrecorded",500,4,100,50,20260579,,20260579,20760579,,,"reconstructed_runner_rule_20260529_plus_rep","ours_rs_joint",TRUE,TRUE,TRUE,418.679910898209,,,1,"converged","none",TRUE,"successful_fit_with_complete_outputs","nbi_gaussian_legacy_reconciliation::n500_d4_nbi_signal2::ours_rs_joint::rep050::try01",TRUE,TRUE,TRUE,TRUE
"2026-09-01.3","legacy_pre_phase1_reconciliation","nbi_gaussian_legacy_reconciliation","n500_d4_nbi_signal2","NBI","Gaussian","N","legacy_unversioned_gaussian_runner","legacy_pre_phase1","legacy_unrecorded",500,4,100,51,20260580,,20260580,20760580,,,"reconstructed_runner_rule_20260529_plus_rep","ours_rs_joint",TRUE,TRUE,TRUE,384.658499956131,,,1,"converged","none",TRUE,"successful_fit_with_complete_outputs","nbi_gaussian_legacy_reconciliation::n500_d4_nbi_signal2::ours_rs_joint::rep051::try01",TRUE,TRUE,TRUE,TRUE
"2026-09-01.3","legacy_pre_phase1_reconciliation","nbi_gaussian_legacy_reconciliation","n500_d4_nbi_signal2","NBI","Gaussian","N","legacy_unversioned_gaussian_runner","legacy_pre_phase1","legacy_unrecorded",500,4,100,52,20260581,,20260581,20760581,,,"reconstructed_runner_rule_20260529_plus_rep","ours_rs_joint",TRUE,TRUE,TRUE,532.317839860916,,,1,"converged","none",TRUE,"successful_fit_with_complete_outputs","nbi_gaussian_legacy_reconciliation::n500_d4_nbi_signal2::ours_rs_joint::rep052::try01",TRUE,TRUE,TRUE,TRUE
"2026-09-01.3","legacy_pre_phase1_reconciliation","nbi_gaussian_legacy_reconciliation","n500_d4_nbi_signal2","NBI","Gaussian","N","legacy_unversioned_gaussian_runner","legacy_pre_phase1","legacy_unrecorded",500,4,100,53,20260582,,20260582,20760582,,,"reconstructed_runner_rule_20260529_plus_rep","ours_rs_joint",TRUE,TRUE,TRUE,439.083858966827,,,1,"converged","none",TRUE,"successful_fit_with_complete_outputs","nbi_gaussian_legacy_reconciliation::n500_d4_nbi_signal2::ours_rs_joint::rep053::try01",TRUE,TRUE,TRUE,TRUE
"2026-09-01.3","legacy_pre_phase1_reconciliation","nbi_gaussian_legacy_reconciliation","n500_d4_nbi_signal2","NBI","Gaussian","N","legacy_unversioned_gaussian_runner","legacy_pre_phase1","legacy_unrecorded",500,4,100,54,20260583,,20260583,20760583,,,"reconstructed_runner_rule_20260529_plus_rep","ours_rs_joint",TRUE,TRUE,TRUE,446.218384027481,,,1,"converged","none",TRUE,"successful_fit_with_complete_outputs","nbi_gaussian_legacy_reconciliation::n500_d4_nbi_signal2::ours_rs_joint::rep054::try01",TRUE,TRUE,TRUE,TRUE
"2026-09-01.3","legacy_pre_phase1_reconciliation","nbi_gaussian_legacy_reconciliation","n500_d4_nbi_signal2","NBI","Gaussian","N","legacy_unversioned_gaussian_runner","legacy_pre_phase1","legacy_unrecorded",500,4,100,55,20260584,,20260584,20760584,,,"reconstructed_runner_rule_20260529_plus_rep","ours_rs_joint",TRUE,TRUE,TRUE,366.332249879837,,,1,"converged","none",TRUE,"successful_fit_with_complete_outputs","nbi_gaussian_legacy_reconciliation::n500_d4_nbi_signal2::ours_rs_joint::rep055::try01",TRUE,TRUE,TRUE,TRUE
"2026-09-01.3","legacy_pre_phase1_reconciliation","nbi_gaussian_legacy_reconciliation","n500_d4_nbi_signal2","NBI","Gaussian","N","legacy_unversioned_gaussian_runner","legacy_pre_phase1","legacy_unrecorded",500,4,100,56,20260585,,20260585,20760585,,,"reconstructed_runner_rule_20260529_plus_rep","ours_rs_joint",TRUE,TRUE,TRUE,507.882160902023,,,1,"converged","none",TRUE,"successful_fit_with_complete_outputs","nbi_gaussian_legacy_reconciliation::n500_d4_nbi_signal2::ours_rs_joint::rep056::try01",TRUE,TRUE,TRUE,TRUE
"2026-09-01.3","legacy_pre_phase1_reconciliation","nbi_gaussian_legacy_reconciliation","n500_d4_nbi_signal2","NBI","Gaussian","N","legacy_unversioned_gaussian_runner","legacy_pre_phase1","legacy_unrecorded",500,4,100,57,20260586,,20260586,20760586,,,"reconstructed_runner_rule_20260529_plus_rep","ours_rs_joint",TRUE,TRUE,TRUE,388.06675195694,,,1,"converged","none",TRUE,"successful_fit_with_complete_outputs","nbi_gaussian_legacy_reconciliation::n500_d4_nbi_signal2::ours_rs_joint::rep057::try01",TRUE,TRUE,TRUE,TRUE
"2026-09-01.3","legacy_pre_phase1_reconciliation","nbi_gaussian_legacy_reconciliation","n500_d4_nbi_signal2","NBI","Gaussian","N","legacy_unversioned_gaussian_runner","legacy_pre_phase1","legacy_unrecorded",500,4,100,58,20260587,,20260587,20760587,,,"reconstructed_runner_rule_20260529_plus_rep","ours_rs_joint",TRUE,TRUE,TRUE,418.939888000488,,,1,"converged","none",TRUE,"successful_fit_with_complete_outputs","nbi_gaussian_legacy_reconciliation::n500_d4_nbi_signal2::ours_rs_joint::rep058::try01",TRUE,TRUE,TRUE,TRUE
"2026-09-01.3","legacy_pre_phase1_reconciliation","nbi_gaussian_legacy_reconciliation","n500_d4_nbi_signal2","NBI","Gaussian","N","legacy_unversioned_gaussian_runner","legacy_pre_phase1","legacy_unrecorded",500,4,100,59,20260588,,20260588,20760588,,,"reconstructed_runner_rule_20260529_plus_rep","ours_rs_joint",TRUE,TRUE,TRUE,404.94295501709,,,1,"converged","none",TRUE,"successful_fit_with_complete_outputs","nbi_gaussian_legacy_reconciliation::n500_d4_nbi_signal2::ours_rs_joint::rep059::try01",TRUE,TRUE,TRUE,TRUE
"2026-09-01.3","legacy_pre_phase1_reconciliation","nbi_gaussian_legacy_reconciliation","n500_d4_nbi_signal2","NBI","Gaussian","N","legacy_unversioned_gaussian_runner","legacy_pre_phase1","legacy_unrecorded",500,4,100,60,20260589,,20260589,20760589,,,"reconstructed_runner_rule_20260529_plus_rep","ours_rs_joint",TRUE,TRUE,TRUE,431.577366828918,,,1,"converged","none",TRUE,"successful_fit_with_complete_outputs","nbi_gaussian_legacy_reconciliation::n500_d4_nbi_signal2::ours_rs_joint::rep060::try01",TRUE,TRUE,TRUE,TRUE
"2026-09-01.3","legacy_pre_phase1_reconciliation","nbi_gaussian_legacy_reconciliation","n500_d4_nbi_signal2","NBI","Gaussian","N","legacy_unversioned_gaussian_runner","legacy_pre_phase1","legacy_unrecorded",500,4,100,61,20260590,,20260590,20760590,,,"reconstructed_runner_rule_20260529_plus_rep","ours_rs_joint",TRUE,TRUE,TRUE,390.072592973709,,,1,"converged","none",TRUE,"successful_fit_with_complete_outputs","nbi_gaussian_legacy_reconciliation::n500_d4_nbi_signal2::ours_rs_joint::rep061::try01",TRUE,TRUE,TRUE,TRUE
"2026-09-01.3","legacy_pre_phase1_reconciliation","nbi_gaussian_legacy_reconciliation","n500_d4_nbi_signal2","NBI","Gaussian","N","legacy_unversioned_gaussian_runner","legacy_pre_phase1","legacy_unrecorded",500,4,100,62,20260591,,20260591,20760591,,,"reconstructed_runner_rule_20260529_plus_rep","ours_rs_joint",TRUE,TRUE,TRUE,372.885792016983,,,1,"converged","none",TRUE,"successful_fit_with_complete_outputs","nbi_gaussian_legacy_reconciliation::n500_d4_nbi_signal2::ours_rs_joint::rep062::try01",TRUE,TRUE,TRUE,TRUE
"2026-09-01.3","legacy_pre_phase1_reconciliation","nbi_gaussian_legacy_reconciliation","n500_d4_nbi_signal2","NBI","Gaussian","N","legacy_unversioned_gaussian_runner","legacy_pre_phase1","legacy_unrecorded",500,4,100,63,20260592,,20260592,20760592,,,"reconstructed_runner_rule_20260529_plus_rep","ours_rs_joint",TRUE,TRUE,TRUE,317.761141061783,,,1,"converged","none",TRUE,"successful_fit_with_complete_outputs","nbi_gaussian_legacy_reconciliation::n500_d4_nbi_signal2::ours_rs_joint::rep063::try01",TRUE,TRUE,TRUE,TRUE
"2026-09-01.3","legacy_pre_phase1_reconciliation","nbi_gaussian_legacy_reconciliation","n500_d4_nbi_signal2","NBI","Gaussian","N","legacy_unversioned_gaussian_runner","legacy_pre_phase1","legacy_unrecorded",500,4,100,64,20260593,,20260593,20760593,,,"reconstructed_runner_rule_20260529_plus_rep","ours_rs_joint",TRUE,TRUE,TRUE,225.041825771332,,,1,"converged","none",TRUE,"successful_fit_with_complete_outputs","nbi_gaussian_legacy_reconciliation::n500_d4_nbi_signal2::ours_rs_joint::rep064::try01",TRUE,TRUE,TRUE,TRUE
"2026-09-01.3","legacy_pre_phase1_reconciliation","nbi_gaussian_legacy_reconciliation","n500_d4_nbi_signal2","NBI","Gaussian","N","legacy_unversioned_gaussian_runner","legacy_pre_phase1","legacy_unrecorded",500,4,100,65,20260594,,20260594,20760594,,,"reconstructed_runner_rule_20260529_plus_rep","ours_rs_joint",TRUE,TRUE,TRUE,491.492225885391,,,1,"converged","none",TRUE,"successful_fit_with_complete_outputs","nbi_gaussian_legacy_reconciliation::n500_d4_nbi_signal2::ours_rs_joint::rep065::try01",TRUE,TRUE,TRUE,TRUE
"2026-09-01.3","legacy_pre_phase1_reconciliation","nbi_gaussian_legacy_reconciliation","n500_d4_nbi_signal2","NBI","Gaussian","N","legacy_unversioned_gaussian_runner","legacy_pre_phase1","legacy_unrecorded",500,4,100,66,20260595,,20260595,20760595,,,"reconstructed_runner_rule_20260529_plus_rep","ours_rs_joint",TRUE,TRUE,TRUE,417.496699094772,,,1,"converged","none",TRUE,"successful_fit_with_complete_outputs","nbi_gaussian_legacy_reconciliation::n500_d4_nbi_signal2::ours_rs_joint::rep066::try01",TRUE,TRUE,TRUE,TRUE
"2026-09-01.3","legacy_pre_phase1_reconciliation","nbi_gaussian_legacy_reconciliation","n500_d4_nbi_signal2","NBI","Gaussian","N","legacy_unversioned_gaussian_runner","legacy_pre_phase1","legacy_unrecorded",500,4,100,67,20260596,,20260596,20760596,,,"reconstructed_runner_rule_20260529_plus_rep","ours_rs_joint",TRUE,TRUE,TRUE,512.814513921738,,,1,"converged","none",TRUE,"successful_fit_with_complete_outputs","nbi_gaussian_legacy_reconciliation::n500_d4_nbi_signal2::ours_rs_joint::rep067::try01",TRUE,TRUE,TRUE,TRUE
"2026-09-01.3","legacy_pre_phase1_reconciliation","nbi_gaussian_legacy_reconciliation","n500_d4_nbi_signal2","NBI","Gaussian","N","legacy_unversioned_gaussian_runner","legacy_pre_phase1","legacy_unrecorded",500,4,100,68,20260597,,20260597,20760597,,,"reconstructed_runner_rule_20260529_plus_rep","ours_rs_joint",TRUE,TRUE,TRUE,376.948403120041,,,1,"converged","none",TRUE,"successful_fit_with_complete_outputs","nbi_gaussian_legacy_reconciliation::n500_d4_nbi_signal2::ours_rs_joint::rep068::try01",TRUE,TRUE,TRUE,TRUE
"2026-09-01.3","legacy_pre_phase1_reconciliation","nbi_gaussian_legacy_reconciliation","n500_d4_nbi_signal2","NBI","Gaussian","N","legacy_unversioned_gaussian_runner","legacy_pre_phase1","legacy_unrecorded",500,4,100,69,20260598,,20260598,20760598,,,"reconstructed_runner_rule_20260529_plus_rep","ours_rs_joint",TRUE,TRUE,TRUE,374.939588069916,,,1,"converged","none",TRUE,"successful_fit_with_complete_outputs","nbi_gaussian_legacy_reconciliation::n500_d4_nbi_signal2::ours_rs_joint::rep069::try01",TRUE,TRUE,TRUE,TRUE
"2026-09-01.3","legacy_pre_phase1_reconciliation","nbi_gaussian_legacy_reconciliation","n500_d4_nbi_signal2","NBI","Gaussian","N","legacy_unversioned_gaussian_runner","legacy_pre_phase1","legacy_unrecorded",500,4,100,70,20260599,,20260599,20760599,,,"reconstructed_runner_rule_20260529_plus_rep","ours_rs_joint",TRUE,TRUE,TRUE,309.645133018494,,,1,"converged","none",TRUE,"successful_fit_with_complete_outputs","nbi_gaussian_legacy_reconciliation::n500_d4_nbi_signal2::ours_rs_joint::rep070::try01",TRUE,TRUE,TRUE,TRUE
"2026-09-01.3","legacy_pre_phase1_reconciliation","nbi_gaussian_legacy_reconciliation","n500_d4_nbi_signal2","NBI","Gaussian","N","legacy_unversioned_gaussian_runner","legacy_pre_phase1","legacy_unrecorded",500,4,100,71,20260600,,20260600,20760600,,,"reconstructed_runner_rule_20260529_plus_rep","ours_rs_joint",TRUE,TRUE,TRUE,318.070173025131,,,1,"converged","none",TRUE,"successful_fit_with_complete_outputs","nbi_gaussian_legacy_reconciliation::n500_d4_nbi_signal2::ours_rs_joint::rep071::try01",TRUE,TRUE,TRUE,TRUE
"2026-09-01.3","legacy_pre_phase1_reconciliation","nbi_gaussian_legacy_reconciliation","n500_d4_nbi_signal2","NBI","Gaussian","N","legacy_unversioned_gaussian_runner","legacy_pre_phase1","legacy_unrecorded",500,4,100,72,20260601,,20260601,20760601,,,"reconstructed_runner_rule_20260529_plus_rep","ours_rs_joint",TRUE,TRUE,TRUE,399.284654855728,,,1,"converged","none",TRUE,"successful_fit_with_complete_outputs","nbi_gaussian_legacy_reconciliation::n500_d4_nbi_signal2::ours_rs_joint::rep072::try01",TRUE,TRUE,TRUE,TRUE
"2026-09-01.3","legacy_pre_phase1_reconciliation","nbi_gaussian_legacy_reconciliation","n500_d4_nbi_signal2","NBI","Gaussian","N","legacy_unversioned_gaussian_runner","legacy_pre_phase1","legacy_unrecorded",500,4,100,73,20260602,,20260602,20760602,,,"reconstructed_runner_rule_20260529_plus_rep","ours_rs_joint",TRUE,TRUE,TRUE,304.55561709404,,,1,"converged","none",TRUE,"successful_fit_with_complete_outputs","nbi_gaussian_legacy_reconciliation::n500_d4_nbi_signal2::ours_rs_joint::rep073::try01",TRUE,TRUE,TRUE,TRUE
"2026-09-01.3","legacy_pre_phase1_reconciliation","nbi_gaussian_legacy_reconciliation","n500_d4_nbi_signal2","NBI","Gaussian","N","legacy_unversioned_gaussian_runner","legacy_pre_phase1","legacy_unrecorded",500,4,100,74,20260603,,20260603,20760603,,,"reconstructed_runner_rule_20260529_plus_rep","ours_rs_joint",TRUE,TRUE,TRUE,391.111289978027,,,1,"converged","none",TRUE,"successful_fit_with_complete_outputs","nbi_gaussian_legacy_reconciliation::n500_d4_nbi_signal2::ours_rs_joint::rep074::try01",TRUE,TRUE,TRUE,TRUE
"2026-09-01.3","legacy_pre_phase1_reconciliation","nbi_gaussian_legacy_reconciliation","n500_d4_nbi_signal2","NBI","Gaussian","N","legacy_unversioned_gaussian_runner","legacy_pre_phase1","legacy_unrecorded",500,4,100,75,20260604,,20260604,20760604,,,"reconstructed_runner_rule_20260529_plus_rep","ours_rs_joint",TRUE,TRUE,TRUE,442.711180925369,,,1,"converged","none",TRUE,"successful_fit_with_complete_outputs","nbi_gaussian_legacy_reconciliation::n500_d4_nbi_signal2::ours_rs_joint::rep075::try01",TRUE,TRUE,TRUE,TRUE
"2026-09-01.3","legacy_pre_phase1_reconciliation","nbi_gaussian_legacy_reconciliation","n500_d4_nbi_signal2","NBI","Gaussian","N","legacy_unversioned_gaussian_runner","legacy_pre_phase1","legacy_unrecorded",500,4,100,76,20260605,,20260605,20760605,,,"reconstructed_runner_rule_20260529_plus_rep","ours_rs_joint",TRUE,TRUE,TRUE,354.178555011749,,,1,"converged","none",TRUE,"successful_fit_with_complete_outputs","nbi_gaussian_legacy_reconciliation::n500_d4_nbi_signal2::ours_rs_joint::rep076::try01",TRUE,TRUE,TRUE,TRUE
"2026-09-01.3","legacy_pre_phase1_reconciliation","nbi_gaussian_legacy_reconciliation","n500_d4_nbi_signal2","NBI","Gaussian","N","legacy_unversioned_gaussian_runner","legacy_pre_phase1","legacy_unrecorded",500,4,100,77,20260606,,20260606,20760606,,,"reconstructed_runner_rule_20260529_plus_rep","ours_rs_joint",TRUE,TRUE,TRUE,361.373239994049,,,1,"converged","none",TRUE,"successful_fit_with_complete_outputs","nbi_gaussian_legacy_reconciliation::n500_d4_nbi_signal2::ours_rs_joint::rep077::try01",TRUE,TRUE,TRUE,TRUE
"2026-09-01.3","legacy_pre_phase1_reconciliation","nbi_gaussian_legacy_reconciliation","n500_d4_nbi_signal2","NBI","Gaussian","N","legacy_unversioned_gaussian_runner","legacy_pre_phase1","legacy_unrecorded",500,4,100,78,20260607,,20260607,20760607,,,"reconstructed_runner_rule_20260529_plus_rep","ours_rs_joint",TRUE,TRUE,TRUE,310.923793077469,,,1,"converged","none",TRUE,"successful_fit_with_complete_outputs","nbi_gaussian_legacy_reconciliation::n500_d4_nbi_signal2::ours_rs_joint::rep078::try01",TRUE,TRUE,TRUE,TRUE
"2026-09-01.3","legacy_pre_phase1_reconciliation","nbi_gaussian_legacy_reconciliation","n500_d4_nbi_signal2","NBI","Gaussian","N","legacy_unversioned_gaussian_runner","legacy_pre_phase1","legacy_unrecorded",500,4,100,79,20260608,,20260608,20760608,,,"reconstructed_runner_rule_20260529_plus_rep","ours_rs_joint",TRUE,TRUE,TRUE,356.205687999725,,,1,"converged","none",TRUE,"successful_fit_with_complete_outputs","nbi_gaussian_legacy_reconciliation::n500_d4_nbi_signal2::ours_rs_joint::rep079::try01",TRUE,TRUE,TRUE,TRUE
"2026-09-01.3","legacy_pre_phase1_reconciliation","nbi_gaussian_legacy_reconciliation","n500_d4_nbi_signal2","NBI","Gaussian","N","legacy_unversioned_gaussian_runner","legacy_pre_phase1","legacy_unrecorded",500,4,100,80,20260609,,20260609,20760609,,,"reconstructed_runner_rule_20260529_plus_rep","ours_rs_joint",TRUE,TRUE,TRUE,387.182070970535,,,1,"converged","none",TRUE,"successful_fit_with_complete_outputs","nbi_gaussian_legacy_reconciliation::n500_d4_nbi_signal2::ours_rs_joint::rep080::try01",TRUE,TRUE,TRUE,TRUE
"2026-09-01.3","legacy_pre_phase1_reconciliation","nbi_gaussian_legacy_reconciliation","n500_d4_nbi_signal2","NBI","Gaussian","N","legacy_unversioned_gaussian_runner","legacy_pre_phase1","legacy_unrecorded",500,4,100,81,20260610,,20260610,20760610,,,"reconstructed_runner_rule_20260529_plus_rep","ours_rs_joint",TRUE,TRUE,TRUE,371.772877931595,,,1,"converged","none",TRUE,"successful_fit_with_complete_outputs","nbi_gaussian_legacy_reconciliation::n500_d4_nbi_signal2::ours_rs_joint::rep081::try01",TRUE,TRUE,TRUE,TRUE
"2026-09-01.3","legacy_pre_phase1_reconciliation","nbi_gaussian_legacy_reconciliation","n500_d4_nbi_signal2","NBI","Gaussian","N","legacy_unversioned_gaussian_runner","legacy_pre_phase1","legacy_unrecorded",500,4,100,82,20260611,,20260611,20760611,,,"reconstructed_runner_rule_20260529_plus_rep","ours_rs_joint",TRUE,TRUE,TRUE,453.199406862259,,,1,"converged","none",TRUE,"successful_fit_with_complete_outputs","nbi_gaussian_legacy_reconciliation::n500_d4_nbi_signal2::ours_rs_joint::rep082::try01",TRUE,TRUE,TRUE,TRUE
"2026-09-01.3","legacy_pre_phase1_reconciliation","nbi_gaussian_legacy_reconciliation","n500_d4_nbi_signal2","NBI","Gaussian","N","legacy_unversioned_gaussian_runner","legacy_pre_phase1","legacy_unrecorded",500,4,100,83,20260612,,20260612,20760612,,,"reconstructed_runner_rule_20260529_plus_rep","ours_rs_joint",TRUE,TRUE,TRUE,420.178166151047,,,1,"converged","none",TRUE,"successful_fit_with_complete_outputs","nbi_gaussian_legacy_reconciliation::n500_d4_nbi_signal2::ours_rs_joint::rep083::try01",TRUE,TRUE,TRUE,TRUE
"2026-09-01.3","legacy_pre_phase1_reconciliation","nbi_gaussian_legacy_reconciliation","n500_d4_nbi_signal2","NBI","Gaussian","N","legacy_unversioned_gaussian_runner","legacy_pre_phase1","legacy_unrecorded",500,4,100,84,20260613,,20260613,20760613,,,"reconstructed_runner_rule_20260529_plus_rep","ours_rs_joint",TRUE,TRUE,TRUE,294.227123022079,,,1,"converged","none",TRUE,"successful_fit_with_complete_outputs","nbi_gaussian_legacy_reconciliation::n500_d4_nbi_signal2::ours_rs_joint::rep084::try01",TRUE,TRUE,TRUE,TRUE
"2026-09-01.3","legacy_pre_phase1_reconciliation","nbi_gaussian_legacy_reconciliation","n500_d4_nbi_signal2","NBI","Gaussian","N","legacy_unversioned_gaussian_runner","legacy_pre_phase1","legacy_unrecorded",500,4,100,85,20260614,,20260614,20760614,,,"reconstructed_runner_rule_20260529_plus_rep","ours_rs_joint",TRUE,TRUE,TRUE,374.928964853287,,,1,"converged","none",TRUE,"successful_fit_with_complete_outputs","nbi_gaussian_legacy_reconciliation::n500_d4_nbi_signal2::ours_rs_joint::rep085::try01",TRUE,TRUE,TRUE,TRUE
"2026-09-01.3","legacy_pre_phase1_reconciliation","nbi_gaussian_legacy_reconciliation","n500_d4_nbi_signal2","NBI","Gaussian","N","legacy_unversioned_gaussian_runner","legacy_pre_phase1","legacy_unrecorded",500,4,100,86,20260615,,20260615,20760615,,,"reconstructed_runner_rule_20260529_plus_rep","ours_rs_joint",TRUE,TRUE,TRUE,358.123995065689,,,1,"converged","none",TRUE,"successful_fit_with_complete_outputs","nbi_gaussian_legacy_reconciliation::n500_d4_nbi_signal2::ours_rs_joint::rep086::try01",TRUE,TRUE,TRUE,TRUE
"2026-09-01.3","legacy_pre_phase1_reconciliation","nbi_gaussian_legacy_reconciliation","n500_d4_nbi_signal2","NBI","Gaussian","N","legacy_unversioned_gaussian_runner","legacy_pre_phase1","legacy_unrecorded",500,4,100,87,20260616,,20260616,20760616,,,"reconstructed_runner_rule_20260529_plus_rep","ours_rs_joint",TRUE,TRUE,TRUE,342.101171970367,,,1,"converged","none",TRUE,"successful_fit_with_complete_outputs","nbi_gaussian_legacy_reconciliation::n500_d4_nbi_signal2::ours_rs_joint::rep087::try01",TRUE,TRUE,TRUE,TRUE
"2026-09-01.3","legacy_pre_phase1_reconciliation","nbi_gaussian_legacy_reconciliation","n500_d4_nbi_signal2","NBI","Gaussian","N","legacy_unversioned_gaussian_runner","legacy_pre_phase1","legacy_unrecorded",500,4,100,88,20260617,,20260617,20760617,,,"reconstructed_runner_rule_20260529_plus_rep","ours_rs_joint",TRUE,TRUE,TRUE,392.971276044846,,,1,"converged","none",TRUE,"successful_fit_with_complete_outputs","nbi_gaussian_legacy_reconciliation::n500_d4_nbi_signal2::ours_rs_joint::rep088::try01",TRUE,TRUE,TRUE,TRUE
"2026-09-01.3","legacy_pre_phase1_reconciliation","nbi_gaussian_legacy_reconciliation","n500_d4_nbi_signal2","NBI","Gaussian","N","legacy_unversioned_gaussian_runner","legacy_pre_phase1","legacy_unrecorded",500,4,100,89,20260618,,20260618,20760618,,,"reconstructed_runner_rule_20260529_plus_rep","ours_rs_joint",TRUE,TRUE,TRUE,412.001472949982,,,1,"converged","none",TRUE,"successful_fit_with_complete_outputs","nbi_gaussian_legacy_reconciliation::n500_d4_nbi_signal2::ours_rs_joint::rep089::try01",TRUE,TRUE,TRUE,TRUE
"2026-09-01.3","legacy_pre_phase1_reconciliation","nbi_gaussian_legacy_reconciliation","n500_d4_nbi_signal2","NBI","Gaussian","N","legacy_unversioned_gaussian_runner","legacy_pre_phase1","legacy_unrecorded",500,4,100,90,20260619,,20260619,20760619,,,"reconstructed_runner_rule_20260529_plus_rep","ours_rs_joint",TRUE,TRUE,TRUE,376.384898900986,,,1,"converged","none",TRUE,"successful_fit_with_complete_outputs","nbi_gaussian_legacy_reconciliation::n500_d4_nbi_signal2::ours_rs_joint::rep090::try01",TRUE,TRUE,TRUE,TRUE
"2026-09-01.3","legacy_pre_phase1_reconciliation","nbi_gaussian_legacy_reconciliation","n500_d4_nbi_signal2","NBI","Gaussian","N","legacy_unversioned_gaussian_runner","legacy_pre_phase1","legacy_unrecorded",500,4,100,91,20260620,,20260620,20760620,,,"reconstructed_runner_rule_20260529_plus_rep","ours_rs_joint",TRUE,TRUE,TRUE,309.434046983719,,,1,"converged","none",TRUE,"successful_fit_with_complete_outputs","nbi_gaussian_legacy_reconciliation::n500_d4_nbi_signal2::ours_rs_joint::rep091::try01",TRUE,TRUE,TRUE,TRUE
"2026-09-01.3","legacy_pre_phase1_reconciliation","nbi_gaussian_legacy_reconciliation","n500_d4_nbi_signal2","NBI","Gaussian","N","legacy_unversioned_gaussian_runner","legacy_pre_phase1","legacy_unrecorded",500,4,100,92,20260621,,20260621,20760621,,,"reconstructed_runner_rule_20260529_plus_rep","ours_rs_joint",TRUE,TRUE,TRUE,334.042258024216,,,1,"converged","none",TRUE,"successful_fit_with_complete_outputs","nbi_gaussian_legacy_reconciliation::n500_d4_nbi_signal2::ours_rs_joint::rep092::try01",TRUE,TRUE,TRUE,TRUE
"2026-09-01.3","legacy_pre_phase1_reconciliation","nbi_gaussian_legacy_reconciliation","n500_d4_nbi_signal2","NBI","Gaussian","N","legacy_unversioned_gaussian_runner","legacy_pre_phase1","legacy_unrecorded",500,4,100,93,20260622,,20260622,20760622,,,"reconstructed_runner_rule_20260529_plus_rep","ours_rs_joint",TRUE,TRUE,TRUE,458.66313290596,,,1,"converged","none",TRUE,"successful_fit_with_complete_outputs","nbi_gaussian_legacy_reconciliation::n500_d4_nbi_signal2::ours_rs_joint::rep093::try01",TRUE,TRUE,TRUE,TRUE
"2026-09-01.3","legacy_pre_phase1_reconciliation","nbi_gaussian_legacy_reconciliation","n500_d4_nbi_signal2","NBI","Gaussian","N","legacy_unversioned_gaussian_runner","legacy_pre_phase1","legacy_unrecorded",500,4,100,94,20260623,,20260623,20760623,,,"reconstructed_runner_rule_20260529_plus_rep","ours_rs_joint",TRUE,TRUE,TRUE,359.000715970993,,,1,"converged","none",TRUE,"successful_fit_with_complete_outputs","nbi_gaussian_legacy_reconciliation::n500_d4_nbi_signal2::ours_rs_joint::rep094::try01",TRUE,TRUE,TRUE,TRUE
"2026-09-01.3","legacy_pre_phase1_reconciliation","nbi_gaussian_legacy_reconciliation","n500_d4_nbi_signal2","NBI","Gaussian","N","legacy_unversioned_gaussian_runner","legacy_pre_phase1","legacy_unrecorded",500,4,100,95,20260624,,20260624,20760624,,,"reconstructed_runner_rule_20260529_plus_rep","ours_rs_joint",TRUE,TRUE,TRUE,367.677369117737,,,1,"converged","none",TRUE,"successful_fit_with_complete_outputs","nbi_gaussian_legacy_reconciliation::n500_d4_nbi_signal2::ours_rs_joint::rep095::try01",TRUE,TRUE,TRUE,TRUE
"2026-09-01.3","legacy_pre_phase1_reconciliation","nbi_gaussian_legacy_reconciliation","n500_d4_nbi_signal2","NBI","Gaussian","N","legacy_unversioned_gaussian_runner","legacy_pre_phase1","legacy_unrecorded",500,4,100,96,20260625,,20260625,20760625,,,"reconstructed_runner_rule_20260529_plus_rep","ours_rs_joint",TRUE,TRUE,TRUE,418.29349899292,,,1,"converged","none",TRUE,"successful_fit_with_complete_outputs","nbi_gaussian_legacy_reconciliation::n500_d4_nbi_signal2::ours_rs_joint::rep096::try01",TRUE,TRUE,TRUE,TRUE
"2026-09-01.3","legacy_pre_phase1_reconciliation","nbi_gaussian_legacy_reconciliation","n500_d4_nbi_signal2","NBI","Gaussian","N","legacy_unversioned_gaussian_runner","legacy_pre_phase1","legacy_unrecorded",500,4,100,97,20260626,,20260626,20760626,,,"reconstructed_runner_rule_20260529_plus_rep","ours_rs_joint",TRUE,TRUE,TRUE,322.623638868332,,,1,"converged","none",TRUE,"successful_fit_with_complete_outputs","nbi_gaussian_legacy_reconciliation::n500_d4_nbi_signal2::ours_rs_joint::rep097::try01",TRUE,TRUE,TRUE,TRUE
"2026-09-01.3","legacy_pre_phase1_reconciliation","nbi_gaussian_legacy_reconciliation","n500_d4_nbi_signal2","NBI","Gaussian","N","legacy_unversioned_gaussian_runner","legacy_pre_phase1","legacy_unrecorded",500,4,100,98,20260627,,20260627,20760627,,,"reconstructed_runner_rule_20260529_plus_rep","ours_rs_joint",TRUE,TRUE,TRUE,311.153809070587,,,1,"converged","none",TRUE,"successful_fit_with_complete_outputs","nbi_gaussian_legacy_reconciliation::n500_d4_nbi_signal2::ours_rs_joint::rep098::try01",TRUE,TRUE,TRUE,TRUE
"2026-09-01.3","legacy_pre_phase1_reconciliation","nbi_gaussian_legacy_reconciliation","n500_d4_nbi_signal2","NBI","Gaussian","N","legacy_unversioned_gaussian_runner","legacy_pre_phase1","legacy_unrecorded",500,4,100,99,20260628,,20260628,20760628,,,"reconstructed_runner_rule_20260529_plus_rep","ours_rs_joint",TRUE,TRUE,TRUE,336.907510042191,,,1,"converged","none",TRUE,"successful_fit_with_complete_outputs","nbi_gaussian_legacy_reconciliation::n500_d4_nbi_signal2::ours_rs_joint::rep099::try01",TRUE,TRUE,TRUE,TRUE
"2026-09-01.3","legacy_pre_phase1_reconciliation","nbi_gaussian_legacy_reconciliation","n500_d4_nbi_signal2","NBI","Gaussian","N","legacy_unversioned_gaussian_runner","legacy_pre_phase1","legacy_unrecorded",500,4,100,100,20260629,,20260629,20760629,,,"reconstructed_runner_rule_20260529_plus_rep","ours_rs_joint",TRUE,TRUE,TRUE,422.388565063477,,,1,"converged","none",TRUE,"successful_fit_with_complete_outputs","nbi_gaussian_legacy_reconciliation::n500_d4_nbi_signal2::ours_rs_joint::rep100::try01",TRUE,TRUE,TRUE,TRUE
