"case_id","hypothesis_role","joint_review_rep","family","copula","design","n","time_points","n_subject","n_time","total_observations","mu_strength","sigma_strength","theta_strength","time_shape","dependence","missingness","start_mode","rs_joint_success","rs_separate_success","delta_joint_loglik","delta_copula_loglik","delta_marginal_loglik","delta_elapsed_sec","delta_train_joint_loglik","delta_train_copula_loglik","delta_train_marginal_loglik","delta_train_rmse_mu","delta_train_rmse_sigma","delta_train_rmse_theta","delta_train_rmse_tau","delta_test_joint_log_score","delta_test_log_score_per_obs","delta_test_marginal_log_score","delta_test_copula_log_score","delta_heldout_variogram_score_p05","delta_heldout_variogram_score_p2","delta_benchmark_mean_rmse","delta_benchmark_neg_log_score","delta_benchmark_variogram_score_p05","delta_benchmark_variogram_score_p2","delta_benchmark_theta_time_abs_error"
"JVS06","larger_sample_same_T_nbi",1,"NBI","N","seven_case",20,20,20,20,400,0,0.375,1.75,"sigmoid","case_specific","none","default",TRUE,TRUE,1.16734726688401,2.892883569541,-1.72553630265804,51.06,1.16734726688401,2.892883569541,-1.72553630265804,0.105373604704342,-0.000187582086778201,0.00790784818997697,0.00483467493207002,-0.611662204652021,-0.00152915551162991,2.261185650529,-2.8728478551811,1.73618916258798,-1036.36004,0.105373604704342,0.00152915551162991,1.73618916258798,-1036.36004,0.00483467493207002
"JVS06","larger_sample_same_T_nbi",2,"NBI","N","seven_case",20,20,20,20,400,0,0.375,1.75,"sigmoid","case_specific","none","default",TRUE,TRUE,3.52897400142399,11.6241171229833,-8.09514312155795,90.51,3.52897400142399,11.6241171229833,-8.09514312155795,0.03330993865583,-0.00439914575381839,0.024214975889982,0.014591013573754,-10.540374486414,-0.0263509362160401,-4.60530826808906,-5.9350662183252,1.957458058144,-2362.41932999998,0.03330993865583,0.0263509362160401,1.957458058144,-2362.41932999998,0.014591013573754
"JVS06","larger_sample_same_T_nbi",3,"NBI","N","seven_case",20,20,20,20,400,0,0.375,1.75,"sigmoid","case_specific","none","default",TRUE,TRUE,1.71484324732103,4.98116420316761,-3.26632095584603,76.42,1.71484324732103,4.98116420316761,-3.26632095584603,0.071132911052657,-0.0250236872615344,0.00863302411182798,0.005934780863385,-2.74723041727896,-0.00686807604320006,-0.451467358564969,-2.2957630587139,-4.523863755696,-4717.31487999999,0.071132911052657,0.00686807604320006,-4.523863755696,-4717.31487999999,0.005934780863385
"JVS06","larger_sample_same_T_nbi",4,"NBI","N","seven_case",20,20,20,20,400,0,0.375,1.75,"sigmoid","case_specific","none","default",TRUE,TRUE,1.49453111521007,3.9218549389328,-2.42732382372299,70.58,1.49453111521007,3.9218549389328,-2.42732382372299,0.050373180969765,-0.0032379257431734,0.006951028966656,0.00540956148051497,-4.45830344558601,-0.0111457586139698,1.20072397936508,-5.65902742495149,-2.08694241770999,-3899.90113000001,0.050373180969765,0.0111457586139698,-2.08694241770999,-3899.90113000001,0.00540956148051497
"JVS06","larger_sample_same_T_nbi",5,"NBI","N","seven_case",20,20,20,20,400,0,0.375,1.75,"sigmoid","case_specific","none","default",TRUE,TRUE,0.297000471509932,0.731587480995898,-0.434587009485995,23.0500000000002,0.297000471509932,0.731587480995898,-0.434587009485995,-0.00401286683384894,-0.014330120038637,0.000734497405810997,0.000364372559388981,-1.58072447040797,-0.00395181117601995,0.485535529458957,-2.0662599998674,-0.453841203560984,627.95040999999,-0.00401286683384894,0.00395181117601995,-0.453841203560984,627.95040999999,0.000364372559388981
"JVS06","larger_sample_same_T_nbi",6,"NBI","N","seven_case",20,20,20,20,400,0,0.375,1.75,"sigmoid","case_specific","none","default",TRUE,TRUE,4.00703960092403,12.348872696103,-8.34183309517903,87.4899999999998,4.00703960092403,12.348872696103,-8.34183309517903,0.017200441985205,-0.11419752034573,0.011757700562177,0.00610696372674596,-14.626235824019,-0.0365655895600501,12.1124159232161,-26.7386517472345,1.98553237733501,-980.057359999992,0.017200441985205,0.0365655895600501,1.98553237733501,-980.057359999992,0.00610696372674596
"JVS06","larger_sample_same_T_nbi",7,"NBI","N","seven_case",20,20,20,20,400,0,0.375,1.75,"sigmoid","case_specific","none","default",TRUE,TRUE,1.26251876432593,3.20475149846121,-1.94223273413604,67.9299999999998,1.26251876432593,3.20475149846121,-1.94223273413604,-0.196984951136886,-0.0048710302757871,0.00596977571861296,0.00506360549303903,-0.851721110420044,-0.00212930277605006,4.69522627848505,-5.54694738890526,-6.46449811333801,-5014.48061,-0.196984951136886,0.00212930277605006,-6.46449811333801,-5014.48061,0.00506360549303903
"JVS06","larger_sample_same_T_nbi",8,"NBI","N","seven_case",20,20,20,20,400,0,0.375,1.75,"sigmoid","case_specific","none","default",TRUE,TRUE,0.673389376960017,2.90909487114679,-2.23570549418696,82.8200000000001,0.673389376960017,2.90909487114679,-2.23570549418696,-0.018415510121516,-0.143301203638576,-0.00511628406547104,-0.00512922232749902,-16.0905672351901,-0.0402264180879701,4.56066884458903,-20.651236079777,-5.50509604233199,-7665.27356999999,-0.018415510121516,0.0402264180879701,-5.50509604233199,-7665.27356999999,-0.00512922232749902
"JVS06","larger_sample_same_T_nbi",9,"NBI","N","seven_case",20,20,20,20,400,0,0.375,1.75,"sigmoid","case_specific","none","default",TRUE,TRUE,0.826015041280016,1.985085554056,-1.159070512776,44.0600000000001,0.826015041280016,1.985085554056,-1.159070512776,0.017746407671097,0.006467569923433,0.001822185197563,0.000461987799636965,-1.76686457111305,-0.00441716142778015,-1.037328975332,-0.729535595780661,0.54105743675899,-509.125220000002,0.017746407671097,0.00441716142778015,0.54105743675899,-509.125220000002,0.000461987799636965
"JVS06","larger_sample_same_T_nbi",10,"NBI","N","seven_case",20,20,20,20,400,0,0.375,1.75,"sigmoid","case_specific","none","default",TRUE,TRUE,0.782085301539951,2.45408507969499,-1.67199977815403,63.0200000000003,0.782085301539951,2.45408507969499,-1.67199977815403,-0.075250359916609,0.0274599336805408,0.027560157161353,0.020055193232578,-6.24740077253,-0.0156185019313297,-2.16377498608801,-4.0836257864422,-4.191994824825,-4603.30920999998,-0.075250359916609,0.0156185019313297,-4.191994824825,-4603.30920999998,0.020055193232578
"JVS06","larger_sample_same_T_nbi",11,"NBI","N","seven_case",20,20,20,20,400,0,0.375,1.75,"sigmoid","case_specific","none","default",TRUE,TRUE,0.736164173310044,2.0456432304135,-1.309479057104,54.4,0.736164173310044,2.0456432304135,-1.309479057104,-0.092928238956577,-0.009550500527543,0.00121167869576699,0.000991791075016013,-1.817578639364,-0.00454394659840984,-5.96386417629003,4.1462855369269,2.995994417595,2878.09353999999,-0.092928238956577,0.00454394659840984,2.995994417595,2878.09353999999,0.000991791075016013
"JVS06","larger_sample_same_T_nbi",12,"NBI","N","seven_case",20,20,20,20,400,0,0.375,1.75,"sigmoid","case_specific","none","default",TRUE,TRUE,2.53300435283006,8.9588474485445,-6.42584309571498,101.95,2.53300435283006,8.9588474485445,-6.42584309571498,-0.29420710166366,-0.0490536986499111,0.009539917670422,0.00753206801528,7.08839770273698,0.0177209942568402,23.12113264472,-16.0327349419834,2.48308444515399,340.726030000005,-0.29420710166366,-0.0177209942568402,2.48308444515399,340.726030000005,0.00753206801528
"JVS06","larger_sample_same_T_nbi",13,"NBI","N","seven_case",20,20,20,20,400,0,0.375,1.75,"sigmoid","case_specific","none","default",TRUE,TRUE,1.50127268952804,4.6814081942364,-3.18013550470903,103.01,1.50127268952804,4.6814081942364,-3.18013550470903,0.042252543226401,-0.0068643443890745,-0.00513633179179401,-0.006279281418127,-5.14894759420599,-0.0128723689855104,-3.81467787343399,-1.3342697207726,-1.986954436823,121.721139999994,0.042252543226401,0.0128723689855104,-1.986954436823,121.721139999994,-0.006279281418127
"JVS06","larger_sample_same_T_nbi",14,"NBI","N","seven_case",20,20,20,20,400,0,0.375,1.75,"sigmoid","case_specific","none","default",TRUE,TRUE,0.221460419342975,0.476821089856699,-0.255360670514051,27.8099999999995,0.221460419342975,0.476821089856699,-0.255360670514051,-0.034992884560174,-0.005345815374635,0.00469352422151198,0.004084564321922,1.61594153124099,0.0040398538280999,1.52122354451694,0.0947179867243975,-0.39263075910398,1179.08214,-0.034992884560174,-0.0040398538280999,-0.39263075910398,1179.08214,0.004084564321922
"JVS06","larger_sample_same_T_nbi",15,"NBI","N","seven_case",20,20,20,20,400,0,0.375,1.75,"sigmoid","case_specific","none","default",TRUE,TRUE,4.21542027849694,10.911850224892,-6.69642994639389,187.3,4.21542027849694,10.911850224892,-6.69642994639389,-0.063755932772951,0.101747762992846,0.044737295565925,0.034927737431514,-16.8500330802291,-0.0421250827005704,-4.45642849848502,-12.3936045817435,1.28136766135898,2320.33039,-0.063755932772951,0.0421250827005704,1.28136766135898,2320.33039,0.034927737431514
"JVS06","larger_sample_same_T_nbi",16,"NBI","N","seven_case",20,20,20,20,400,0,0.375,1.75,"sigmoid","case_specific","none","default",TRUE,TRUE,3.824787316624,11.5653243369934,-7.74053702036997,109.97,3.824787316624,11.5653243369934,-7.74053702036997,-0.240295154329016,-0.0312630554194078,0.038670731212223,0.028881134703202,-2.96086089654,-0.0074021522413501,7.00348053574794,-9.9643414322891,-2.63045685061201,-5412.88852000001,-0.240295154329016,0.0074021522413501,-2.63045685061201,-5412.88852000001,0.028881134703202
"JVS06","larger_sample_same_T_nbi",17,"NBI","N","seven_case",20,20,20,20,400,0,0.375,1.75,"sigmoid","case_specific","none","default",TRUE,TRUE,3.15644341426696,7.8517658773757,-4.69532246310894,61.7800000000006,3.15644341426696,7.8517658773757,-4.69532246310894,-0.345743589872121,0.00226927519837702,0.0413837744271259,0.032306304056339,-27.450219025236,-0.0686255475630997,8.83245364338597,-36.2826726686254,0.304841990693006,97.7086600000039,-0.345743589872121,0.0686255475630997,0.304841990693006,97.7086600000039,0.032306304056339
"JVS06","larger_sample_same_T_nbi",18,"NBI","N","seven_case",20,20,20,20,400,0,0.375,1.75,"sigmoid","case_specific","none","default",TRUE,TRUE,0.542407881780036,1.40035329010151,-0.857945408321029,32.5500000000002,0.542407881780036,1.40035329010151,-0.857945408321029,-0.039951633119678,-0.0281399561194569,0.00610518167815999,0.00525875873746595,5.23273323813305,0.0130818330953399,18.13369579402,-12.90096255588,1.90894084257499,2187.21286000003,-0.039951633119678,-0.0130818330953399,1.90894084257499,2187.21286000003,0.00525875873746595
"JVS06","larger_sample_same_T_nbi",19,"NBI","N","seven_case",20,20,20,20,400,0,0.375,1.75,"sigmoid","case_specific","none","default",TRUE,TRUE,0.127041025192057,0.282635786658595,-0.155594761467,17.6499999999996,0.127041025192057,0.282635786658595,-0.155594761467,-0.010416397576649,0.00249916624686999,0.00194294739687101,0.00180419432225704,651.791070048122,1.62947767512031,1.43442838367901,650.356641664442,-1.02023610387698,1399.23716999999,-0.010416397576649,-1.62947767512031,-1.02023610387698,1399.23716999999,0.00180419432225704
"JVS06","larger_sample_same_T_nbi",20,"NBI","N","seven_case",20,20,20,20,400,0,0.375,1.75,"sigmoid","case_specific","none","default",TRUE,TRUE,0.55706753081995,1.8671177470689,-1.31005021624901,23.6400000000003,0.55706753081995,1.8671177470689,-1.31005021624901,-0.02411372267643,-0.0062655025140886,0.006666600577584,0.00467123007326098,-2.50523121500407,-0.00626307803750015,-2.30588947388799,-0.19934174111499,-2.35596598401099,-2318.47052,-0.02411372267643,0.00626307803750015,-2.35596598401099,-2318.47052,0.00467123007326098
"JVS06","larger_sample_same_T_nbi",21,"NBI","N","seven_case",20,20,20,20,400,0,0.375,1.75,"sigmoid","case_specific","none","default",TRUE,TRUE,1.21377431982501,3.493740855963,-2.27996653613798,114.58,1.21377431982501,3.493740855963,-2.27996653613798,-0.239044312305657,0.0130093716329442,0.00504236979315098,0.00203073395484599,-3.5817626635901,-0.0089544066589502,0.137751449143025,-3.71951411272561,3.33827351475199,2440.79532999999,-0.239044312305657,0.0089544066589502,3.33827351475199,2440.79532999999,0.00203073395484599
"JVS06","larger_sample_same_T_nbi",22,"NBI","N","seven_case",20,20,20,20,400,0,0.375,1.75,"sigmoid","case_specific","none","default",TRUE,TRUE,1.00362637214698,2.002521133342,-0.998894761195061,85.3799999999996,1.00362637214698,2.002521133342,-0.998894761195061,0.034931669631136,0.021109206141047,0.008809723512957,0.00714154403650497,-3.49851415392493,-0.00874628538480993,2.663673462117,-6.1621876160409,-1.80894936248001,-1284.18630999999,0.034931669631136,0.00874628538480993,-1.80894936248001,-1284.18630999999,0.00714154403650497
"JVS06","larger_sample_same_T_nbi",23,"NBI","N","seven_case",20,20,20,20,400,0,0.375,1.75,"sigmoid","case_specific","none","default",TRUE,TRUE,1.21247790803693,3.1966571029845,-1.98417919494807,37.3199999999994,1.21247790803693,3.1966571029845,-1.98417919494807,-0.220094396112587,-0.0153412206588447,0.00649440844510596,0.00380755527021301,3.46223111844097,0.00865557779609993,7.48951408631603,-4.02728296787529,-2.67592651655502,-4020.44034,-0.220094396112587,-0.00865557779609993,-2.67592651655502,-4020.44034,0.00380755527021301
"JVS06","larger_sample_same_T_nbi",24,"NBI","N","seven_case",20,20,20,20,400,0,0.375,1.75,"sigmoid","case_specific","none","default",TRUE,TRUE,1.64600631389101,4.05002105046451,-2.40401473657403,34.8799999999993,1.64600631389101,4.05002105046451,-2.40401473657403,-0.086406977982493,-0.00247190842520961,0.00874083620173599,0.00552444926406798,0.277175537089079,0.000692938842729696,2.18037388438097,-1.90319834729147,1.809404631891,1340.85438,-0.086406977982493,-0.000692938842729696,1.809404631891,1340.85438,0.00552444926406798
"JVS06","larger_sample_same_T_nbi",25,"NBI","N","seven_case",20,20,20,20,400,0,0.375,1.75,"sigmoid","case_specific","none","default",TRUE,TRUE,0.78130707622006,1.99793294226549,-1.216625866046,41.6099999999996,0.78130707622006,1.99793294226549,-1.216625866046,0.075086168368695,0.012677540946339,0.00338484958469404,0.00209842851934,-2.24629583861099,-0.00561573959653039,-0.91671313468396,-1.32958270392664,-1.529877190045,-1105.97666,0.075086168368695,0.00561573959653039,-1.529877190045,-1105.97666,0.00209842851934
"JVS06","larger_sample_same_T_nbi",26,"NBI","N","seven_case",20,20,20,20,400,0,0.375,1.75,"sigmoid","case_specific","none","default",TRUE,TRUE,0.782684005508031,2.1793214839809,-1.39663747847294,61.0100000000002,0.782684005508031,2.1793214839809,-1.39663747847294,-0.07735927984489,-0.0042376973518897,0.00610474203071903,0.00437759513960001,-0.617642809438962,-0.00154410702360019,2.19370346413302,-2.8113462735721,1.68673947340901,547.641540000011,-0.07735927984489,0.00154410702360019,1.68673947340901,547.641540000011,0.00437759513960001
"JVS06","larger_sample_same_T_nbi",27,"NBI","N","seven_case",20,20,20,20,400,0,0.375,1.75,"sigmoid","case_specific","none","default",TRUE,TRUE,2.38364043654201,8.19344827140869,-5.809807834867,66.2700000000004,2.38364043654201,8.19344827140869,-5.809807834867,-0.21573796503019,-0.000712350875839013,0.027574807285554,0.018659148104718,-3.53189958021903,-0.00882974895054023,4.04978975216,-7.5816893323777,-2.18801970558499,-1482.06865,-0.21573796503019,0.00882974895054023,-2.18801970558499,-1482.06865,0.018659148104718
"JVS06","larger_sample_same_T_nbi",28,"NBI","N","seven_case",20,20,20,20,400,0,0.375,1.75,"sigmoid","case_specific","none","default",TRUE,TRUE,0.625715839388022,1.462635846552,-0.836920007164053,24.6899999999986,0.625715839388022,1.462635846552,-0.836920007164053,-0.086328949580432,-0.00591904184970039,0.002879497393593,0.00196585803597601,2.87470790578197,0.00718676976444987,6.19119828462999,-3.31649037884724,-2.565369607891,-2292.52088,-0.086328949580432,-0.00718676976444987,-2.565369607891,-2292.52088,0.00196585803597601
"JVS06","larger_sample_same_T_nbi",29,"NBI","N","seven_case",20,20,20,20,400,0,0.375,1.75,"sigmoid","case_specific","none","default",TRUE,TRUE,0.340038201700963,0.963691044366811,-0.623652842666957,30.5699999999997,0.340038201700963,0.963691044366811,-0.623652842666957,0.00823298318360499,-0.00272178406824031,-0.000221102368776982,-0.000284257288914014,0.0399637992150019,9.99094980400628e-05,-0.0181762378559824,0.0581400370711975,-3.75471335341899,-2954.89605,0.00823298318360499,-9.99094980400628e-05,-3.75471335341899,-2954.89605,-0.000284257288914014
"JVS06","larger_sample_same_T_nbi",30,"NBI","N","seven_case",20,20,20,20,400,0,0.375,1.75,"sigmoid","case_specific","none","default",TRUE,TRUE,1.88057684610806,4.5983770719938,-2.71780022588507,61.0400000000002,1.88057684610806,4.5983770719938,-2.71780022588507,-0.135465355087699,0.0631976417988347,0.024770110874689,0.020484315299658,0.83361211613601,0.00208403029033999,21.6821844401429,-20.8485723240077,-4.213664756258,-1181.20921,-0.135465355087699,-0.00208403029033999,-4.213664756258,-1181.20921,0.020484315299658
"JVS06","larger_sample_same_T_nbi",31,"NBI","N","seven_case",20,20,20,20,400,0,0.375,1.75,"sigmoid","case_specific","none","default",TRUE,TRUE,0.71739939937595,2.39088624539049,-1.67348684601404,44.5799999999999,0.71739939937595,2.39088624539049,-1.67348684601404,0.09855199972918,-0.0143111395072224,0.00527707369691099,0.00441013755544101,0.290139060071965,0.000725347650179842,0.377360155526958,-0.0872210954549004,0.874207632918996,22.551019999999,0.09855199972918,-0.000725347650179842,0.874207632918996,22.551019999999,0.00441013755544101
"JVS06","larger_sample_same_T_nbi",32,"NBI","N","seven_case",20,20,20,20,400,0,0.375,1.75,"sigmoid","case_specific","none","default",TRUE,TRUE,1.51823425989494,4.59851890336699,-3.08028464347296,60.3699999999999,1.51823425989494,4.59851890336699,-3.08028464347296,0.073641677180958,-0.057298880730675,0.011826291458309,0.009060496240691,-1.35719955414299,-0.00339299888536004,0.167885549028028,-1.5250851031712,-1.512548981782,-1231.85275999999,0.073641677180958,0.00339299888536004,-1.512548981782,-1231.85275999999,0.009060496240691
"JVS06","larger_sample_same_T_nbi",33,"NBI","N","seven_case",20,20,20,20,400,0,0.375,1.75,"sigmoid","case_specific","none","default",TRUE,TRUE,1.69099433005499,4.70229471331299,-3.011300383258,41.9700000000003,1.69099433005499,4.70229471331299,-3.011300383258,-0.125199885206511,-0.023628211908833,0.00575394274402702,0.00340695004423397,-1.90639423844891,-0.00476598559612995,4.992044855264,-6.8984390937123,0.385195943521012,-2741.48894,-0.125199885206511,0.00476598559612995,0.385195943521012,-2741.48894,0.00340695004423397
"JVS06","larger_sample_same_T_nbi",34,"NBI","N","seven_case",20,20,20,20,400,0,0.375,1.75,"sigmoid","case_specific","none","default",TRUE,TRUE,2.89302864217393,7.76295048259699,-4.86992184042401,71.1400000000016,2.89302864217393,7.76295048259699,-4.86992184042401,-0.018409975641924,-0.038621417428327,0.00638967934024698,0.00274810607739601,-3.14530391468895,-0.00786325978672009,0.538973228368036,-3.6842771430564,3.86637986021901,-4054.3328,-0.018409975641924,0.00786325978672009,3.86637986021901,-4054.3328,0.00274810607739601
"JVS06","larger_sample_same_T_nbi",35,"NBI","N","seven_case",20,20,20,20,400,0,0.375,1.75,"sigmoid","case_specific","none","default",TRUE,TRUE,0.653248523674051,1.8540099040715,-1.20076138039701,50.0200000000004,0.653248523674051,1.8540099040715,-1.20076138039701,-0.115752908236808,-0.026924512722057,0.00837033986135199,0.00523739408233098,-0.513134241791022,-0.00128283560448006,2.57145886841306,-3.0845931102048,-1.04455007126498,-6159.08958999999,-0.115752908236808,0.00128283560448006,-1.04455007126498,-6159.08958999999,0.00523739408233098
"JVS06","larger_sample_same_T_nbi",36,"NBI","N","seven_case",20,20,20,20,400,0,0.375,1.75,"sigmoid","case_specific","none","default",TRUE,TRUE,1.2238368810481,3.57121423013679,-2.34737734908902,54.6200000000006,1.2238368810481,3.57121423013679,-2.34737734908902,0.0246564235074,-0.0057055615618259,0.002394293466362,0.001553523243011,1.328483712153,0.00332120928038027,8.20259896664902,-6.87411525449522,2.356339623905,257.010809999992,0.0246564235074,-0.00332120928038027,2.356339623905,257.010809999992,0.001553523243011
"JVS06","larger_sample_same_T_nbi",37,"NBI","N","seven_case",20,20,20,20,400,0,0.375,1.75,"sigmoid","case_specific","none","default",TRUE,TRUE,0.771034214357996,1.515386443829,-0.744352229471019,62.8599999999985,0.771034214357996,1.515386443829,-0.744352229471019,0.0662618927306111,-0.058178424280164,-0.000446945062803017,-0.00253655800979902,-0.47721338915801,-0.00119303347289001,3.49268802402594,-3.96990141318399,1.168961199303,-581.08769,0.0662618927306111,0.00119303347289001,1.168961199303,-581.08769,-0.00253655800979902
"JVS06","larger_sample_same_T_nbi",38,"NBI","N","seven_case",20,20,20,20,400,0,0.375,1.75,"sigmoid","case_specific","none","default",TRUE,TRUE,2.68956760354104,7.69061950418529,-5.00105190064505,43.5500000000009,2.68956760354104,7.69061950418529,-5.00105190064505,-0.120312131503476,-0.156920221119771,0.012234372203169,0.00906095776666105,2.83522694336602,0.00708806735841971,10.4021321828069,-7.5669052394412,-2.55035080429198,-28847.99336,-0.120312131503476,-0.00708806735841971,-2.55035080429198,-28847.99336,0.00906095776666105
"JVS06","larger_sample_same_T_nbi",39,"NBI","N","seven_case",20,20,20,20,400,0,0.375,1.75,"sigmoid","case_specific","none","default",TRUE,TRUE,0.551497109539014,1.2634225080466,-0.711925398506992,29.8699999999989,0.551497109539014,1.2634225080466,-0.711925398506992,-0.00678136899985102,0.0104363078905764,0.00693156885488,0.00495325114177197,-3.32875087431898,-0.00832187718580002,-2.55709135862696,-0.771659515692402,1.56625572925202,2456.01668,-0.00678136899985102,0.00832187718580002,1.56625572925202,2456.01668,0.00495325114177197
"JVS06","larger_sample_same_T_nbi",40,"NBI","N","seven_case",20,20,20,20,400,0,0.375,1.75,"sigmoid","case_specific","none","default",TRUE,TRUE,0.736246117411042,2.0644188656645,-1.32817274825391,53.0599999999996,0.736246117411042,2.0644188656645,-1.32817274825391,-0.00933884099599797,-0.0260515395981928,0.00784698597094302,0.00479713999485601,4.41823850013793,0.01104559625034,6.83374133944108,-2.4155028393032,3.684176784578,1111.52838999999,-0.00933884099599797,-0.01104559625034,3.684176784578,1111.52838999999,0.00479713999485601
"JVS06","larger_sample_same_T_nbi",41,"NBI","N","seven_case",20,20,20,20,400,0,0.375,1.75,"sigmoid","case_specific","none","default",TRUE,TRUE,0.977358117602989,2.9512951323825,-1.97393701478006,54.0499999999993,0.977358117602989,2.9512951323825,-1.97393701478006,-0.00591048297681901,-0.0133529912597715,0.00532664977619202,0.00270905994209303,-3.60063655938393,-0.00900159139846002,-3.33777706877504,-0.2628594906082,1.885052906759,-99.6448800000071,-0.00591048297681901,0.00900159139846002,1.885052906759,-99.6448800000071,0.00270905994209303
"JVS06","larger_sample_same_T_nbi",42,"NBI","N","seven_case",20,20,20,20,400,0,0.375,1.75,"sigmoid","case_specific","none","default",TRUE,TRUE,1.4801887894489,3.90600824480811,-2.42581945535994,36.239999999998,1.4801887894489,3.90600824480811,-2.42581945535994,-0.171264416900038,-0.019661317272143,0.013290724662971,0.00905595388027097,-1.4776417311291,-0.00369410432782002,-2.925242188585,1.4476004574556,-4.95058556440299,-13139.89396,-0.171264416900038,0.00369410432782002,-4.95058556440299,-13139.89396,0.00905595388027097
"JVS06","larger_sample_same_T_nbi",43,"NBI","N","seven_case",20,20,20,20,400,0,0.375,1.75,"sigmoid","case_specific","none","default",TRUE,TRUE,1.46163473482306,3.8708036802997,-2.40916894547695,64.2099999999994,1.46163473482306,3.8708036802997,-2.40916894547695,-0.134833746675498,0.0022882448877757,0.00289107848083198,0.00165094951255901,-1.84973992862592,-0.0046243498215599,-2.97511767256299,1.12537774393748,-0.865809481776012,-1321.89449999999,-0.134833746675498,0.0046243498215599,-0.865809481776012,-1321.89449999999,0.00165094951255901
"JVS06","larger_sample_same_T_nbi",44,"NBI","N","seven_case",20,20,20,20,400,0,0.375,1.75,"sigmoid","case_specific","none","default",TRUE,TRUE,0.712403911677029,2.2158867314827,-1.50348281980598,36.4200000000001,0.712403911677029,2.2158867314827,-1.50348281980598,-0.12013076321284,0.00722658622775599,0.00655797936303398,0.00519759728501301,1.80700477664595,0.00451751194160988,12.060349574666,-10.2533447980208,-1.254490635704,-24.6055399999896,-0.12013076321284,-0.00451751194160988,-1.254490635704,-24.6055399999896,0.00519759728501301
"JVS06","larger_sample_same_T_nbi",45,"NBI","N","seven_case",20,20,20,20,400,0,0.375,1.75,"sigmoid","case_specific","none","default",TRUE,TRUE,0.288201735906,0.743702877503395,-0.455501141598006,23.3899999999976,0.288201735906,0.743702877503395,-0.455501141598006,0.02017133772342,0.0064956073613156,0.00169839636900904,0.00091219751327698,-4.13716923417303,-0.0103429230854299,-5.02003697934504,0.882867745171104,3.09038280294902,2070.23012000001,0.02017133772342,0.0103429230854299,3.09038280294902,2070.23012000001,0.00091219751327698
"JVS06","larger_sample_same_T_nbi",46,"NBI","N","seven_case",20,20,20,20,400,0,0.375,1.75,"sigmoid","case_specific","none","default",TRUE,TRUE,1.07642522095205,2.70656220270401,-1.630136981752,57.2899999999994,1.07642522095205,2.70656220270401,-1.630136981752,-0.039632958801488,0.0186834759457699,-0.00739649505499101,-0.00585433757936499,1.44458193672699,0.00361145484182002,3.47235399780595,-2.0277720610789,1.140652450114,-345.664719999986,-0.039632958801488,-0.00361145484182002,1.140652450114,-345.664719999986,-0.00585433757936499
"JVS06","larger_sample_same_T_nbi",47,"NBI","N","seven_case",20,20,20,20,400,0,0.375,1.75,"sigmoid","case_specific","none","default",TRUE,TRUE,0.27089261550293,0.554267015322196,-0.283374399818968,21.1200000000008,0.27089261550293,0.554267015322196,-0.283374399818968,-0.00956157747740899,-0.0143617067493362,0.00478997144527304,0.00373095774203,1.32708825638201,0.00331772064095004,2.29559662890097,-0.968508372520001,-0.114773238721,595.775540000002,-0.00956157747740899,-0.00331772064095004,-0.114773238721,595.775540000002,0.00373095774203
"JVS06","larger_sample_same_T_nbi",48,"NBI","N","seven_case",20,20,20,20,400,0,0.375,1.75,"sigmoid","case_specific","none","default",TRUE,TRUE,0.566920043910045,1.746519438956,-1.17959939504499,28.4300000000001,0.566920043910045,1.746519438956,-1.17959939504499,0.025919718138763,0.0015876232579357,0.000816843493266994,0.000274578144779991,-0.945197670597054,-0.00236299417649999,0.35595399451006,-1.3011516651082,3.99863771516399,3821.27546999999,0.025919718138763,0.00236299417649999,3.99863771516399,3821.27546999999,0.000274578144779991
"JVS06","larger_sample_same_T_nbi",49,"NBI","N","seven_case",20,20,20,20,400,0,0.375,1.75,"sigmoid","case_specific","none","default",TRUE,TRUE,2.63834196235791,6.5046662238675,-3.86632426150891,79.8500000000022,2.63834196235791,6.5046662238675,-3.86632426150891,0.014688578723371,-0.0293669267977452,0.021351617326537,0.014098649397902,-2.56010558992409,-0.00640026397481019,-6.13668017957798,3.576574589655,3.41496841838801,2132.4289,0.014688578723371,0.00640026397481019,3.41496841838801,2132.4289,0.014098649397902
"JVS06","larger_sample_same_T_nbi",50,"NBI","N","seven_case",20,20,20,20,400,0,0.375,1.75,"sigmoid","case_specific","none","default",TRUE,TRUE,1.36957012418702,3.3332879522449,-1.96371782805693,49.5599999999994,1.36957012418702,3.3332879522449,-1.96371782805693,0.00799203090166994,0.0084962320362271,0.018644298458938,0.014571043710849,-8.61845982153204,-0.0215461495538296,-4.01541388630596,-4.6030459352256,-0.755510998701993,729.806150000004,0.00799203090166994,0.0215461495538296,-0.755510998701993,729.806150000004,0.014571043710849
"JVS06","larger_sample_same_T_nbi",51,"NBI","N","seven_case",20,20,20,20,400,0,0.375,1.75,"sigmoid","case_specific","none","default",TRUE,TRUE,0.337906630223074,0.953623167043403,-0.615716536820059,31.4499999999989,0.337906630223074,0.953623167043403,-0.615716536820059,-0.040110425206353,0.0041079789382835,-0.000766237021560034,-0.000501222307486976,-1.50189325570602,-0.00375473313926999,0.440734891581997,-1.942628147288,-2.68138093773499,108.105219999998,-0.040110425206353,0.00375473313926999,-2.68138093773499,108.105219999998,-0.000501222307486976
"JVS06","larger_sample_same_T_nbi",52,"NBI","N","seven_case",20,20,20,20,400,0,0.375,1.75,"sigmoid","case_specific","none","default",TRUE,TRUE,2.01079718883796,5.7018942350975,-3.6910970462601,70.0100000000003,2.01079718883796,5.7018942350975,-3.6910970462601,-0.017978431473339,-0.0065664441648174,0.016199422728327,0.011558770844448,2.10945881883902,0.00527364704710021,20.3315492526471,-18.222090433809,-1.902979967286,-133.037369999991,-0.017978431473339,-0.00527364704710021,-1.902979967286,-133.037369999991,0.011558770844448
"JVS06","larger_sample_same_T_nbi",53,"NBI","N","seven_case",20,20,20,20,400,0,0.375,1.75,"sigmoid","case_specific","none","default",TRUE,TRUE,1.00596741200798,2.99792300951721,-1.99195559751001,64.8600000000011,1.00596741200798,2.99792300951721,-1.99195559751001,0.12791282561849,0.00116407646486889,0.000273046030157986,0.00122167432097503,-0.926201668000999,-0.00231550417001003,-1.81900402095096,0.892802352949698,-0.124783410844998,127.332259999996,0.12791282561849,0.00231550417001003,-0.124783410844998,127.332259999996,0.00122167432097503
"JVS06","larger_sample_same_T_nbi",54,"NBI","N","seven_case",20,20,20,20,400,0,0.375,1.75,"sigmoid","case_specific","none","default",TRUE,TRUE,0.226412878879046,0.482892461519604,-0.25647958263994,19.5100000000002,0.226412878879046,0.482892461519604,-0.25647958263994,0.016691965660549,-0.0104683548509384,0.00286427719947702,0.00236163031394199,0.0386037519120919,9.65093797797856e-05,-0.969234454777961,1.00783820669008,-1.634593400347,54.4190999999992,0.016691965660549,-9.65093797797856e-05,-1.634593400347,54.4190999999992,0.00236163031394199
"JVS06","larger_sample_same_T_nbi",55,"NBI","N","seven_case",20,20,20,20,400,0,0.375,1.75,"sigmoid","case_specific","none","default",TRUE,TRUE,4.47816092394601,9.33913962403399,-4.86097870008803,51.9000000000001,4.47816092394601,9.33913962403399,-4.86097870008803,-0.344318823911687,-0.0374261645334771,0.024497205619127,0.018733959527435,-1.91984006509597,-0.00479960016274017,13.747369278331,-15.6672093434266,-2.205388079946,-2552.63640999999,-0.344318823911687,0.00479960016274017,-2.205388079946,-2552.63640999999,0.018733959527435
"JVS06","larger_sample_same_T_nbi",56,"NBI","N","seven_case",20,20,20,20,400,0,0.375,1.75,"sigmoid","case_specific","none","default",TRUE,TRUE,0.104027169879032,0.262701431016595,-0.158674261135957,15.5699999999997,0.104027169879032,0.262701431016595,-0.158674261135957,-0.00351475014313801,9.46642931859976e-05,-0.000171126732613991,-0.000132689307963008,0.0318353632429762,7.9588408109732e-05,0.59639936994995,-0.564564006707101,0.872427707654992,629.287979999994,-0.00351475014313801,-7.9588408109732e-05,0.872427707654992,629.287979999994,-0.000132689307963008
"JVS06","larger_sample_same_T_nbi",57,"NBI","N","seven_case",20,20,20,20,400,0,0.375,1.75,"sigmoid","case_specific","none","default",TRUE,TRUE,0.50499881838698,1.36910611955611,-0.864107301168929,40.17,0.50499881838698,1.36910611955611,-0.864107301168929,-0.00946746408447599,-0.000358350989657502,0.000416488406279003,0.000819972058021035,0.601333997970983,0.00150333499493005,2.06659228702199,-1.4652582890509,-0.21776645319801,-1820.25721,-0.00946746408447599,-0.00150333499493005,-0.21776645319801,-1820.25721,0.000819972058021035
"JVS06","larger_sample_same_T_nbi",58,"NBI","N","seven_case",20,20,20,20,400,0,0.375,1.75,"sigmoid","case_specific","none","default",TRUE,TRUE,0.799884711305936,2.455496683722,-1.65561197241504,25.9299999999981,0.799884711305936,2.455496683722,-1.65561197241504,0.07112607893265,0.00567327564068801,0.00750274439372289,0.00591603122680401,-2.20092424955192,-0.00550231062387985,-1.83637519347099,-0.36454905608079,0.293452456188021,-1588.49473999999,0.07112607893265,0.00550231062387985,0.293452456188021,-1588.49473999999,0.00591603122680401
"JVS06","larger_sample_same_T_nbi",59,"NBI","N","seven_case",20,20,20,20,400,0,0.375,1.75,"sigmoid","case_specific","none","default",TRUE,TRUE,1.06081732978294,3.48725428361431,-2.42643695383094,57.6900000000003,1.06081732978294,3.48725428361431,-2.42643695383094,0.017029016708786,-0.0347022636616286,-0.00098273913830399,-0.00254798954210195,-4.68120507736,-0.0117030126933999,0.611859169850959,-5.29306424721133,2.35188618956698,991.307130000001,0.017029016708786,0.0117030126933999,2.35188618956698,991.307130000001,-0.00254798954210195
"JVS06","larger_sample_same_T_nbi",60,"NBI","N","seven_case",20,20,20,20,400,0,0.375,1.75,"sigmoid","case_specific","none","default",TRUE,TRUE,1.13890056416801,2.8322526976907,-1.69335213352201,38.1900000000005,1.13890056416801,2.8322526976907,-1.69335213352201,-0.118362154116752,0.021724262265348,0.017501404025936,0.011712583467613,-3.33290122732103,-0.00833225306831009,3.67853715344495,-7.0114383807664,-0.281846104686991,864.431880000004,-0.118362154116752,0.00833225306831009,-0.281846104686991,864.431880000004,0.011712583467613
"JVS06","larger_sample_same_T_nbi",61,"NBI","N","seven_case",20,20,20,20,400,0,0.375,1.75,"sigmoid","case_specific","none","default",TRUE,TRUE,0.607968845229038,1.35713925235871,-0.749170407130009,32.3300000000018,0.607968845229038,1.35713925235871,-0.749170407130009,-0.00566603200716598,0.0103816762228637,-0.00472001178922099,-0.003735141345939,-2.99973180162692,-0.00749932950406995,-0.502404778990012,-2.4973270226375,-0.931344724070982,-4340.83979,-0.00566603200716598,0.00749932950406995,-0.931344724070982,-4340.83979,-0.003735141345939
"JVS06","larger_sample_same_T_nbi",62,"NBI","N","seven_case",20,20,20,20,400,0,0.375,1.75,"sigmoid","case_specific","none","default",TRUE,TRUE,0.910638111786056,2.663849765846,-1.75321165406092,63.1000000000023,0.910638111786056,2.663849765846,-1.75321165406092,0.016353677876049,0.0130644980750381,0.014263451175969,0.00949162680694998,-2.27160596962597,-0.00567901492405998,-0.859260256107973,-1.41234571351841,-2.69386466032199,160.443279999992,0.016353677876049,0.00567901492405998,-2.69386466032199,160.443279999992,0.00949162680694998
"JVS06","larger_sample_same_T_nbi",63,"NBI","N","seven_case",20,20,20,20,400,0,0.375,1.75,"sigmoid","case_specific","none","default",TRUE,TRUE,1.46160940766106,4.35179712627431,-2.89018771861299,38.5700000000017,1.46160940766106,4.35179712627431,-2.89018771861299,-0.013138211577476,-0.013660653804236,-0.000553443447024016,-0.001983615967797,-3.553840895755,-0.00888460223939003,-2.65074129080108,-0.903099604953701,2.62779839595498,944.260910000012,-0.013138211577476,0.00888460223939003,2.62779839595498,944.260910000012,-0.001983615967797
"JVS06","larger_sample_same_T_nbi",64,"NBI","N","seven_case",20,20,20,20,400,0,0.375,1.75,"sigmoid","case_specific","none","default",TRUE,TRUE,2.05210183308895,5.53790691373651,-3.48580508064697,54.5199999999983,2.05210183308895,5.53790691373651,-3.48580508064697,-0.111313210541802,0.0288321711700715,0.024712564138569,0.020668654437192,-1.45230660577897,-0.00363076651444993,-0.908545448588029,-0.543761157190403,0.283414610514996,1907.69476999999,-0.111313210541802,0.00363076651444993,0.283414610514996,1907.69476999999,0.020668654437192
"JVS06","larger_sample_same_T_nbi",65,"NBI","N","seven_case",20,20,20,20,400,0,0.375,1.75,"sigmoid","case_specific","none","default",TRUE,TRUE,0.659794293511027,1.7522494420692,-1.09245514855797,47.6699999999999,0.659794293511027,1.7522494420692,-1.09245514855797,-0.109697199228611,-0.0073095507838342,0.00391312550673301,0.00241952112237401,1.19613736051906,0.00299034340129989,2.50218414362598,-1.3060467831063,-2.08183065282901,-3590.03491,-0.109697199228611,-0.00299034340129989,-2.08183065282901,-3590.03491,0.00241952112237401
"JVS06","larger_sample_same_T_nbi",66,"NBI","N","seven_case",20,20,20,20,400,0,0.375,1.75,"sigmoid","case_specific","none","default",TRUE,TRUE,3.104787913525,6.1722420101909,-3.06745409666701,66.6899999999991,3.104787913525,6.1722420101909,-3.06745409666701,-0.063513680191589,-0.0373051493102877,0.003062361280535,0.000869110959025976,-0.531252658386052,-0.00132813164595991,5.18586796867805,-5.71712062706327,0.42925033742199,-3683.85645000002,-0.063513680191589,0.00132813164595991,0.42925033742199,-3683.85645000002,0.000869110959025976
"JVS06","larger_sample_same_T_nbi",67,"NBI","N","seven_case",20,20,20,20,400,0,0.375,1.75,"sigmoid","case_specific","none","default",TRUE,TRUE,2.16628730384798,4.8868104317159,-2.72052312786798,46.9699999999997,2.16628730384798,4.8868104317159,-2.72052312786798,-0.1395444552447,-0.00056316520235801,0.012603394159599,0.00886112045040799,2.27738342063606,0.00569345855158998,6.91163072411598,-4.6342473034802,-1.50238746696701,-1878.54450000002,-0.1395444552447,-0.00569345855158998,-1.50238746696701,-1878.54450000002,0.00886112045040799
"JVS06","larger_sample_same_T_nbi",68,"NBI","N","seven_case",20,20,20,20,400,0,0.375,1.75,"sigmoid","case_specific","none","default",TRUE,TRUE,1.91710628443707,6.3311046473431,-4.413998362906,84.1399999999994,1.91710628443707,6.3311046473431,-4.413998362906,-0.114797745114245,-0.0109850219617668,0.018510949890465,0.014542677734209,4.83343589835602,0.01208358974589,9.11587024930793,-4.2824343509516,-4.311685708813,-5687.18424,-0.114797745114245,-0.01208358974589,-4.311685708813,-5687.18424,0.014542677734209
"JVS06","larger_sample_same_T_nbi",69,"NBI","N","seven_case",20,20,20,20,400,0,0.375,1.75,"sigmoid","case_specific","none","default",TRUE,TRUE,1.45730023115698,8.359107809907,-6.90180757875009,88.6999999999994,1.45730023115698,8.359107809907,-6.90180757875009,0.042370387419841,-0.040322508148663,0.00977972586029596,0.005858567942711,-673.8364388013,-1.68459109700328,-1.17565111589499,-672.660787685413,-1.39806968938902,-790.63294000001,0.042370387419841,1.68459109700328,-1.39806968938902,-790.63294000001,0.005858567942711
"JVS06","larger_sample_same_T_nbi",70,"NBI","N","seven_case",20,20,20,20,400,0,0.375,1.75,"sigmoid","case_specific","none","default",TRUE,TRUE,0.740334436016951,1.5391424673558,-0.798808031339036,38.6500000000015,0.740334436016951,1.5391424673558,-0.798808031339036,0.01920327215751,-0.0047393626872132,0.00533777666666996,0.00422700210482302,-3.99825172532599,-0.0099956293133201,-2.30438048403198,-1.6938712412941,-0.706031755798023,654.163449999993,0.01920327215751,0.0099956293133201,-0.706031755798023,654.163449999993,0.00422700210482302
"JVS06","larger_sample_same_T_nbi",71,"NBI","N","seven_case",20,20,20,20,400,0,0.375,1.75,"sigmoid","case_specific","none","default",TRUE,TRUE,0.963231892465956,3.23754993585401,-2.27431804338801,74.3100000000011,0.963231892465956,3.23754993585401,-2.27431804338801,-0.022360815660263,-0.017587817912561,-0.00144127528108901,-0.00149282299378101,1.70348849686604,0.00425872124217008,2.24530212905904,-0.541813632192287,0.737591756897018,-887.912240000005,-0.022360815660263,-0.00425872124217008,0.737591756897018,-887.912240000005,-0.00149282299378101
"JVS06","larger_sample_same_T_nbi",72,"NBI","N","seven_case",20,20,20,20,400,0,0.375,1.75,"sigmoid","case_specific","none","default",TRUE,TRUE,2.39682926987598,6.2104902971779,-3.81366102730306,83.3600000000046,2.39682926987598,6.2104902971779,-3.81366102730306,-0.183594237901308,-0.0077962614108732,0.021023565284523,0.014194575340087,5.26766260180204,0.0131691565045,24.420679240873,-19.1530166390719,1.41799372709599,-47.8531099999964,-0.183594237901308,-0.0131691565045,1.41799372709599,-47.8531099999964,0.014194575340087
"JVS06","larger_sample_same_T_nbi",73,"NBI","N","seven_case",20,20,20,20,400,0,0.375,1.75,"sigmoid","case_specific","none","default",TRUE,TRUE,0.608464764066071,1.5103753003032,-0.901910536238006,49.5899999999967,0.608464764066071,1.5103753003032,-0.901910536238006,-0.124180786220187,0.007084865886271,0.00696237547457296,0.00542898525782901,1.65460322511501,0.00413650806277976,3.02839071282199,-1.373787487708,-1.71450538074401,-2925.69269000001,-0.124180786220187,-0.00413650806277976,-1.71450538074401,-2925.69269000001,0.00542898525782901
"JVS06","larger_sample_same_T_nbi",74,"NBI","N","seven_case",20,20,20,20,400,0,0.375,1.75,"sigmoid","case_specific","none","default",TRUE,TRUE,1.411321517631,3.470656162322,-2.05933464469206,64.4399999999985,1.411321517631,3.470656162322,-2.05933464469206,0.000801393643787063,-0.0576281212913426,0.00605622504677999,0.00318591628914999,-5.69098320202397,-0.0142274580050601,-2.09487435325798,-3.59610884876643,-2.26366996293399,-3887.55747,0.000801393643787063,0.0142274580050601,-2.26366996293399,-3887.55747,0.00318591628914999
"JVS06","larger_sample_same_T_nbi",75,"NBI","N","seven_case",20,20,20,20,400,0,0.375,1.75,"sigmoid","case_specific","none","default",TRUE,TRUE,1.63999402068907,4.26762021035701,-2.62762618966804,88.8700000000023,1.63999402068907,4.26762021035701,-2.62762618966804,-0.127957889578064,-0.00263610814897401,0.0133646167773179,0.010804669876531,-7.356538553169,-0.0183913463829204,1.87487998090592,-9.2314185340746,-4.342022124284,-6235.81137000001,-0.127957889578064,0.0183913463829204,-4.342022124284,-6235.81137000001,0.010804669876531
"JVS06","larger_sample_same_T_nbi",76,"NBI","N","seven_case",20,20,20,20,400,0,0.375,1.75,"sigmoid","case_specific","none","default",TRUE,TRUE,1.28843032570899,2.50332552863161,-1.214895202923,42.130000000001,1.28843032570899,2.50332552863161,-1.214895202923,-0.072470505802371,-0.0115383506588568,0.000647100762308006,-0.000379243627433024,-1.27643110149791,-0.00319107775375027,2.39631377980697,-3.672744881305,-0.539599322391012,85.8697500000126,-0.072470505802371,0.00319107775375027,-0.539599322391012,85.8697500000126,-0.000379243627433024
"JVS06","larger_sample_same_T_nbi",77,"NBI","N","seven_case",20,20,20,20,400,0,0.375,1.75,"sigmoid","case_specific","none","default",TRUE,TRUE,3.334615467557,11.6004149610657,-8.26579949350901,108.250000000004,3.334615467557,11.6004149610657,-8.26579949350901,-0.407048336871091,-0.026520647751877,0.025257458981299,0.017886123372287,-2.43192243388603,-0.00607980608472003,14.267245455557,-16.6991678894428,-7.43975652780202,-11711.08842,-0.407048336871091,0.00607980608472003,-7.43975652780202,-11711.08842,0.017886123372287
"JVS06","larger_sample_same_T_nbi",78,"NBI","N","seven_case",20,20,20,20,400,0,0.375,1.75,"sigmoid","case_specific","none","default",TRUE,TRUE,0.464175791679963,1.73437804216581,-1.27020225048591,29.760000000002,0.464175791679963,1.73437804216581,-1.27020225048591,-0.047853715764444,-0.0056843161567741,0.00410493817468099,0.002687639078645,-1.89549628527004,-0.00473874071317981,4.22740867862001,-6.1229049638905,0.347202716844947,-958.822270000004,-0.047853715764444,0.00473874071317981,0.347202716844947,-958.822270000004,0.002687639078645
"JVS06","larger_sample_same_T_nbi",79,"NBI","N","seven_case",20,20,20,20,400,0,0.375,1.75,"sigmoid","case_specific","none","default",TRUE,TRUE,0.560191783948994,1.60440427146801,-1.04421248751805,31.6299999999974,0.560191783948994,1.60440427146801,-1.04421248751805,-0.068679223233059,0.009066349375302,0.00201221702299897,0.00148087233743099,-0.937088696500041,-0.00234272174125039,0.514547897972989,-1.45163659447309,-4.96727582141699,-5207.12341999999,-0.068679223233059,0.00234272174125039,-4.96727582141699,-5207.12341999999,0.00148087233743099
"JVS06","larger_sample_same_T_nbi",80,"NBI","N","seven_case",20,20,20,20,400,0,0.375,1.75,"sigmoid","case_specific","none","default",TRUE,TRUE,1.36903921914393,3.41170257858349,-2.04266335943908,79.5600000000009,1.36903921914393,3.41170257858349,-2.04266335943908,0.11785469835542,0.0408221491150617,0.015366839115663,0.012990576691166,0.240336548441974,0.00060084137110028,-5.73989525334002,5.98023180178268,-0.846580815785984,1931.41985000001,0.11785469835542,-0.00060084137110028,-0.846580815785984,1931.41985000001,0.012990576691166
"JVS06","larger_sample_same_T_nbi",81,"NBI","N","seven_case",20,20,20,20,400,0,0.375,1.75,"sigmoid","case_specific","none","default",TRUE,TRUE,2.03718322403699,5.79051111971171,-3.75332789567506,62.280000000002,2.03718322403699,5.79051111971171,-3.75332789567506,-0.113269924454274,0.048266185573745,0.028977259838083,0.021652469462973,-5.51614880051193,-0.0137903720012802,-2.02609825500099,-3.4900505455113,-0.78492004396,113.220569999976,-0.113269924454274,0.0137903720012802,-0.78492004396,113.220569999976,0.021652469462973
"JVS06","larger_sample_same_T_nbi",82,"NBI","N","seven_case",20,20,20,20,400,0,0.375,1.75,"sigmoid","case_specific","none","default",TRUE,TRUE,1.70562339692697,4.13924573154119,-2.43362233461505,48.6700000000019,1.70562339692697,4.13924573154119,-2.43362233461505,-0.171083734109054,-0.028087115122286,0.00075000395622199,-0.000776247254879014,-1.72757476247693,-0.00431893690619001,3.31163781872897,-5.03921258120589,-2.57262987349301,-3963.6008,-0.171083734109054,0.00431893690619001,-2.57262987349301,-3963.6008,-0.000776247254879014
"JVS06","larger_sample_same_T_nbi",83,"NBI","N","seven_case",20,20,20,20,400,0,0.375,1.75,"sigmoid","case_specific","none","default",TRUE,TRUE,3.45135961485596,11.760068975773,-8.30870936091708,110.060000000005,3.45135961485596,11.760068975773,-8.30870936091708,-0.051065036720836,0.0655898967212693,0.032505444849355,0.02638141601119,-2.03906905663302,-0.00509767264158034,-8.09366467964401,6.05459562301185,0.232412692612002,628.207989999995,-0.051065036720836,0.00509767264158034,0.232412692612002,628.207989999995,0.02638141601119
"JVS06","larger_sample_same_T_nbi",84,"NBI","N","seven_case",20,20,20,20,400,0,0.375,1.75,"sigmoid","case_specific","none","default",TRUE,TRUE,1.33197375360203,3.06125632883,-1.72928257522801,60.3699999999988,1.33197375360203,3.06125632883,-1.72928257522801,0.064267493414727,0.0121086900552163,0.011171871839499,0.00929815277496898,-6.718192990494,-0.0167954824762302,-4.36591405319598,-2.3522789372971,-4.52260172137301,-5435.93953,0.064267493414727,0.0167954824762302,-4.52260172137301,-5435.93953,0.00929815277496898
"JVS06","larger_sample_same_T_nbi",85,"NBI","N","seven_case",20,20,20,20,400,0,0.375,1.75,"sigmoid","case_specific","none","default",TRUE,TRUE,0.483229849361919,1.114424298277,-0.631194448914016,36.3699999999991,0.483229849361919,1.114424298277,-0.631194448914016,0.011206753434091,-0.0085944624121939,0.00575051399030596,0.00446694824548799,-1.15728966530799,-0.00289322416326998,0.0180045615269364,-1.175294226834,3.40435295700701,3746.46115,0.011206753434091,0.00289322416326998,3.40435295700701,3746.46115,0.00446694824548799
"JVS06","larger_sample_same_T_nbi",86,"NBI","N","seven_case",20,20,20,20,400,0,0.375,1.75,"sigmoid","case_specific","none","default",TRUE,TRUE,1.46732417167004,7.2669376125289,-5.79961344085905,88.6699999999978,1.46732417167004,7.2669376125289,-5.79961344085905,-0.167009896211233,-0.0190410634424996,0.00560439804594098,0.00331543999942996,0.0976563254669145,0.000244140813669969,0.895307615820002,-0.797651290352398,0.451890184839016,-285.04720999999,-0.167009896211233,-0.000244140813669969,0.451890184839016,-285.04720999999,0.00331543999942996
"JVS06","larger_sample_same_T_nbi",87,"NBI","N","seven_case",20,20,20,20,400,0,0.375,1.75,"sigmoid","case_specific","none","default",TRUE,TRUE,7.56626841378602,23.9976182410633,-16.431349827276,169.269999999997,7.56626841378602,23.9976182410633,-16.431349827276,-0.570679687525994,0.013820883400222,0.046043418192209,0.036224713779171,-2.13186966113597,-0.00532967415284036,35.275475127857,-37.4073447889933,-13.157367126728,-26187.23625,-0.570679687525994,0.00532967415284036,-13.157367126728,-26187.23625,0.036224713779171
"JVS06","larger_sample_same_T_nbi",88,"NBI","N","seven_case",20,20,20,20,400,0,0.375,1.75,"sigmoid","case_specific","none","default",TRUE,TRUE,1.72241057469796,6.2013687154614,-4.47895814076401,62.6299999999971,1.72241057469796,6.2013687154614,-4.47895814076401,-0.178176778648368,-0.0077134339035901,0.012693465126001,0.00935007458516296,-0.093451525894011,-0.000233628814729769,13.481255080473,-13.5747066063671,-0.97329740133398,-2654.36228,-0.178176778648368,0.000233628814729769,-0.97329740133398,-2654.36228,0.00935007458516296
"JVS06","larger_sample_same_T_nbi",89,"NBI","N","seven_case",20,20,20,20,400,0,0.375,1.75,"sigmoid","case_specific","none","default",TRUE,TRUE,0.438408357182993,1.29900895971799,-0.860600602534987,35.7700000000007,0.438408357182993,1.29900895971799,-0.860600602534987,-0.067805156887683,0.002375786042113,0.00178857699167001,0.00178190827332197,-0.456660341008956,-0.00114165085251994,5.39604048263595,-5.85270082364489,-1.74818960447402,-1188.65501,-0.067805156887683,0.00114165085251994,-1.74818960447402,-1188.65501,0.00178190827332197
"JVS06","larger_sample_same_T_nbi",90,"NBI","N","seven_case",20,20,20,20,400,0,0.375,1.75,"sigmoid","case_specific","none","default",TRUE,TRUE,0.708932338274963,1.9717745260713,-1.26284218779597,34.5799999999981,0.708932338274963,1.9717745260713,-1.26284218779597,-0.014836965814734,0.011643273330853,0.011316512464573,0.00954310287155699,-5.40441221500305,-0.0135110305375101,-3.02336402156391,-2.38104819343886,-0.133690801390998,-676.91317,-0.014836965814734,0.0135110305375101,-0.133690801390998,-676.91317,0.00954310287155699
"JVS06","larger_sample_same_T_nbi",91,"NBI","N","seven_case",20,20,20,20,400,0,0.375,1.75,"sigmoid","case_specific","none","default",TRUE,TRUE,0.739368416594061,2.51439664661901,-1.77502823002499,62.3599999999968,0.739368416594061,2.51439664661901,-1.77502823002499,-0.00329601700729598,-0.0168459861768092,0.014508232181817,0.011059546444787,0.817309162202946,0.00204327290550976,4.57328602038092,-3.7559768581786,2.47804573217499,50.359970000005,-0.00329601700729598,-0.00204327290550976,2.47804573217499,50.359970000005,0.011059546444787
"JVS06","larger_sample_same_T_nbi",92,"NBI","N","seven_case",20,20,20,20,400,0,0.375,1.75,"sigmoid","case_specific","none","default",TRUE,TRUE,2.13108591137598,5.47092871780899,-3.33984280643199,58.4400000000025,2.13108591137598,5.47092871780899,-3.33984280643199,-0.126010611791639,-0.0152335168635842,0.00852463991313396,0.00538388991750699,-7.742133065291,-0.0193553326632299,-3.91761625712002,-3.8245168081704,2.40157852713702,-73.2181699999928,-0.126010611791639,0.0193553326632299,2.40157852713702,-73.2181699999928,0.00538388991750699
"JVS06","larger_sample_same_T_nbi",93,"NBI","N","seven_case",20,20,20,20,400,0,0.375,1.75,"sigmoid","case_specific","none","default",TRUE,TRUE,1.26609872978497,3.389313008833,-2.12321427904794,68.0699999999998,1.26609872978497,3.389313008833,-2.12321427904794,0.021397428166839,0.0289769036261721,0.00478196264715502,0.00299883141903795,-5.92819811715492,-0.0148204952928803,-2.41203255797905,-3.516165559176,4.46232648662098,9015.9436,0.021397428166839,0.0148204952928803,4.46232648662098,9015.9436,0.00299883141903795
"JVS06","larger_sample_same_T_nbi",94,"NBI","N","seven_case",20,20,20,20,400,0,0.375,1.75,"sigmoid","case_specific","none","default",TRUE,TRUE,1.28160955804003,3.67056203878599,-2.38895248074607,36.119999999999,1.28160955804003,3.67056203878599,-2.38895248074607,0.014713658204262,0.0596290887785317,0.000638647108824997,0.00223181270234701,-2.68367979567404,-0.00670919948918991,-4.32890211825998,1.645222322585,2.87386875653399,2807.36519,0.014713658204262,0.00670919948918991,2.87386875653399,2807.36519,0.00223181270234701
"JVS06","larger_sample_same_T_nbi",95,"NBI","N","seven_case",20,20,20,20,400,0,0.375,1.75,"sigmoid","case_specific","none","default",TRUE,TRUE,0.851527099875057,1.96100223244301,-1.10947513256906,32.3899999999994,0.851527099875057,1.96100223244301,-1.10947513256906,0.133568586322365,0.0053293895697427,0.00975016761817005,0.00853452406628502,-6.35295493791398,-0.0158823873447802,-1.52151375262702,-4.83144118528749,1.87432438256198,2588.8584,0.133568586322365,0.0158823873447802,1.87432438256198,2588.8584,0.00853452406628502
"JVS06","larger_sample_same_T_nbi",96,"NBI","N","seven_case",20,20,20,20,400,0,0.375,1.75,"sigmoid","case_specific","none","default",TRUE,TRUE,2.14929868083902,7.52605839953999,-5.37675971870101,66.1199999999994,2.14929868083902,7.52605839953999,-5.37675971870101,0.022186253409794,0.0271610813925879,0.027382271286951,0.021352341808204,-18.56613894303,-0.0464153473575903,-2.66254628302693,-15.903592660007,0.875849465466985,892.708039999998,0.022186253409794,0.0464153473575903,0.875849465466985,892.708039999998,0.021352341808204
"JVS06","larger_sample_same_T_nbi",97,"NBI","N","seven_case",20,20,20,20,400,0,0.375,1.75,"sigmoid","case_specific","none","default",TRUE,TRUE,2.11714876338999,5.3060961828505,-3.18894741946099,33.2799999999988,2.11714876338999,5.3060961828505,-3.18894741946099,-0.00541314630970596,-0.0328812414207303,0.000806956195164965,0.00119464938329999,-1.92490211622999,-0.00481225529058005,2.46534920606996,-4.39025132229995,-8.36788980095801,-6193.49405000001,-0.00541314630970596,0.00481225529058005,-8.36788980095801,-6193.49405000001,0.00119464938329999
"JVS06","larger_sample_same_T_nbi",98,"NBI","N","seven_case",20,20,20,20,400,0,0.375,1.75,"sigmoid","case_specific","none","default",TRUE,TRUE,0.77872723431301,3.98511508438099,-3.20638785006804,41.2099999999991,0.77872723431301,3.98511508438099,-3.20638785006804,0.052379812556414,0.003813499817197,0.000985351880480989,7.08076392119672e-05,-3.82029292273694,-0.00955073230684,-1.55909459245299,-2.26119833028321,-1.72365667099402,-1198.36394,0.052379812556414,0.00955073230684,-1.72365667099402,-1198.36394,7.08076392119672e-05
"JVS06","larger_sample_same_T_nbi",99,"NBI","N","seven_case",20,20,20,20,400,0,0.375,1.75,"sigmoid","case_specific","none","default",TRUE,TRUE,0.476759926459977,1.19586012070199,-0.71910019424206,29.68,0.476759926459977,1.19586012070199,-0.71910019424206,0.047876167166747,0.001863888703971,0.00065151857786,0.000687954412832981,0.560543938083924,0.00140135984521006,2.35068813141402,-1.7901441933306,-5.58115533334299,-4131.54403999999,0.047876167166747,-0.00140135984521006,-5.58115533334299,-4131.54403999999,0.000687954412832981
"JVS06","larger_sample_same_T_nbi",100,"NBI","N","seven_case",20,20,20,20,400,0,0.375,1.75,"sigmoid","case_specific","none","default",TRUE,TRUE,0.337413505412997,0.679603347600505,-0.342189842187054,15.5699999999997,0.337413505412997,0.679603347600505,-0.342189842187054,0.020777586285071,-0.004121090366214,0.00184157722318201,0.00121161692854099,0.488874244900899,0.00122218561224985,-0.197695106210062,0.686569351111299,-0.453764684513004,130.756349999996,0.020777586285071,-0.00122218561224985,-0.453764684513004,130.756349999996,0.00121161692854099
"JVS03","central_joint_win_nbi",1,"NBI","N","seven_case",20,20,20,20,400,0,0.375,3.5,"sigmoid","case_specific","none","default",TRUE,TRUE,4.90243195868493,9.03729835363799,-4.13486639495306,87.91,4.90243195868493,9.03729835363799,-4.13486639495306,-0.079915782907448,-0.002518436970745,0.00228683904891003,0.00207862777073498,-26.2807646267102,-0.0657019115667801,7.42835151824704,-33.70911614496,-1.30480448131598,-2184.57885000001,-0.079915782907448,0.0657019115667801,-1.30480448131598,-2184.57885000001,0.00207862777073498
"JVS03","central_joint_win_nbi",2,"NBI","N","seven_case",20,20,20,20,400,0,0.375,3.5,"sigmoid","case_specific","none","default",TRUE,TRUE,1.69715156729001,6.11073902342099,-4.41358745613093,148.8,1.69715156729001,6.11073902342099,-4.41358745613093,-0.016172881772944,0.00655729423709001,0.01393652846015,0.0138411394539441,-5.33733864945998,-0.0133433466236399,4.17679991253203,-9.51413856198803,1.551782813317,383.958989999999,-0.016172881772944,0.0133433466236399,1.551782813317,383.958989999999,0.0138411394539441
"JVS03","central_joint_win_nbi",3,"NBI","N","seven_case",20,20,20,20,400,0,0.375,3.5,"sigmoid","case_specific","none","default",TRUE,TRUE,17.983263507628,38.477033815659,-20.493770308031,289.53,17.983263507628,38.477033815659,-20.493770308031,-0.515551675208626,-0.110342541550351,0.022550113879244,0.0226243560742,-118.76912558254,-0.29692281395636,10.955643648536,-129.72476923108,-14.162993470203,-52289.37563,-0.515551675208626,0.29692281395636,-14.162993470203,-52289.37563,0.0226243560742
"JVS03","central_joint_win_nbi",4,"NBI","N","seven_case",20,20,20,20,400,0,0.375,3.5,"sigmoid","case_specific","none","default",TRUE,TRUE,13.387346738917,36.394649872613,-23.007303133696,281.01,13.387346738917,36.394649872613,-23.007303133696,-0.659641044854041,-0.048777466742243,0.034933805861332,0.029067166411084,-122.4012127916,-0.306003031979049,105.54250991271,-227.94372270431,-12.075612890392,-32084.59355,-0.659641044854041,0.306003031979049,-12.075612890392,-32084.59355,0.029067166411084
"JVS03","central_joint_win_nbi",5,"NBI","N","seven_case",20,20,20,20,400,0,0.375,3.5,"sigmoid","case_specific","none","default",TRUE,TRUE,0.910287878699933,2.243984974564,-1.33369709586509,61.4199999999999,0.910287878699933,2.243984974564,-1.33369709586509,0.014423828230302,-0.0170778937598581,0.00269812891561305,0.00203929164767802,1.44233427951008,0.00360583569877004,-0.846964845598905,2.28929912510898,-1.76910942901,-299.979189999998,0.014423828230302,-0.00360583569877004,-1.76910942901,-299.979189999998,0.00203929164767802
"JVS03","central_joint_win_nbi",6,"NBI","N","seven_case",20,20,20,20,400,0,0.375,3.5,"sigmoid","case_specific","none","default",TRUE,TRUE,0.552902765044905,1.16408432491701,-0.611181559870943,49.4699999999999,0.552902765044905,1.16408432491701,-0.611181559870943,-0.047705382493139,-0.0136666751418784,0.00129079125044307,0.000981963919255979,6.14066686519982,0.0153516671630012,2.25071023336898,3.88995663182959,2.42549655257702,354.670639999997,-0.047705382493139,-0.0153516671630012,2.42549655257702,354.670639999997,0.000981963919255979
"JVS03","central_joint_win_nbi",7,"NBI","N","seven_case",20,20,20,20,400,0,0.375,3.5,"sigmoid","case_specific","none","default",TRUE,TRUE,2.156760617955,5.27554535786601,-3.11878473991101,64.3099999999979,2.156760617955,5.27554535786601,-3.11878473991101,0.0717855376912,-0.00977036872293399,0.004496672070603,0.004085669537364,1.57056158598971,0.00392640396498045,-0.869506835195011,2.44006842118984,0.923764312850977,-2680.31952,0.0717855376912,-0.00392640396498045,0.923764312850977,-2680.31952,0.004085669537364
"JVS03","central_joint_win_nbi",8,"NBI","N","seven_case",20,20,20,20,400,0,0.375,3.5,"sigmoid","case_specific","none","default",TRUE,TRUE,6.41628280989801,10.937001620799,-4.52071881090103,214.720000000001,6.41628280989801,10.937001620799,-4.52071881090103,-0.169933579050603,0.003229287737001,0.018295656020472,0.013508942462498,-680.85611049211,-1.70214027623027,-5.56498859500607,-675.2911218971,-0.0151302050609843,-1609.17614,-0.169933579050603,1.70214027623027,-0.0151302050609843,-1609.17614,0.013508942462498
"JVS03","central_joint_win_nbi",9,"NBI","N","seven_case",20,20,20,20,400,0,0.375,3.5,"sigmoid","case_specific","none","default",TRUE,TRUE,3.979711934134,17.618609131471,-13.638897197339,121.200000000001,3.979711934134,17.618609131471,-13.638897197339,-0.14071988735397,-0.075523456599435,0.022179204761825,0.016647040747292,9.44254191835807,0.02360635479589,-0.726515899066044,10.169057817424,-8.60024308242402,-19428.30083,-0.14071988735397,-0.02360635479589,-8.60024308242402,-19428.30083,0.016647040747292
"JVS03","central_joint_win_nbi",10,"NBI","N","seven_case",20,20,20,20,400,0,0.375,3.5,"sigmoid","case_specific","none","default",TRUE,TRUE,0.74518744262798,2.73809537872,-1.99290793609293,119.639999999999,0.74518744262798,2.73809537872,-1.99290793609293,-0.06813466613773,-0.0082339807311942,0.002868246030576,0.00107072979122902,6.07189213411993,0.0151797303352801,8.88332399120804,-2.81143185708993,-4.230492860834,-3537.23294,-0.06813466613773,-0.0151797303352801,-4.230492860834,-3537.23294,0.00107072979122902
"JVS03","central_joint_win_nbi",11,"NBI","N","seven_case",20,20,20,20,400,0,0.375,3.5,"sigmoid","case_specific","none","default",TRUE,TRUE,5.54479434198993,22.410518539217,-16.865724197227,455.75,5.54479434198993,22.410518539217,-16.865724197227,-0.22331130400893,-0.0924229644946535,0.017035570407508,0.012918738900602,1.68665511995005,0.00421663779988002,14.1786929067949,-12.49203778685,-8.98046936233601,-19719.90647,-0.22331130400893,-0.00421663779988002,-8.98046936233601,-19719.90647,0.012918738900602
"JVS03","central_joint_win_nbi",12,"NBI","N","seven_case",20,20,20,20,400,0,0.375,3.5,"sigmoid","case_specific","none","default",TRUE,TRUE,0.955624061694039,0.042645680557996,0.912978381135986,127.420000000002,0.955624061694039,0.042645680557996,0.912978381135986,0.021270947060429,0.0032457513796965,0.001287171229021,0.00149122693988002,-652.55000059382,-1.6313750014846,3.121525769718,-655.67152636354,-1.67978956666801,-1227.48231,0.021270947060429,1.6313750014846,-1.67978956666801,-1227.48231,0.00149122693988002
"JVS03","central_joint_win_nbi",13,"NBI","N","seven_case",20,20,20,20,400,0,0.375,3.5,"sigmoid","case_specific","none","default",TRUE,TRUE,5.26017386885496,14.721535520003,-9.46136165114899,123.720000000002,5.26017386885496,14.721535520003,-9.46136165114899,-0.081246709426017,-0.114435157092244,0.00910470938931501,0.00421308693216499,6.17105516341303,0.0154276379085303,19.7236024400011,-13.552547276587,0.696890201982995,-52.9062399999966,-0.081246709426017,-0.0154276379085303,0.696890201982995,-52.9062399999966,0.00421308693216499
"JVS03","central_joint_win_nbi",14,"NBI","N","seven_case",20,20,20,20,400,0,0.375,3.5,"sigmoid","case_specific","none","default",TRUE,TRUE,2.72608244655703,7.83208812512498,-5.10600567856795,264.229999999999,2.72608244655703,7.83208812512498,-5.10600567856795,0.0638858107635735,-0.140681411790703,-0.01172960537764,-0.011390228031346,1.96106830224699,0.00490267075562034,9.49400800773208,-7.53293970548568,1.22089823343401,-5057.21764999999,0.0638858107635735,-0.00490267075562034,1.22089823343401,-5057.21764999999,-0.011390228031346
"JVS03","central_joint_win_nbi",15,"NBI","N","seven_case",20,20,20,20,400,0,0.375,3.5,"sigmoid","case_specific","none","default",TRUE,TRUE,6.78447195037302,10.842696795646,-4.058224845273,78.8499999999984,6.78447195037302,10.842696795646,-4.058224845273,-0.09528848772962,0.010771076677781,0.0197059951662421,0.015122148317246,-2082.84420837402,-5.20711052093503,-9.67268061527693,-2073.17152775874,5.51149974287898,1398.82711,-0.09528848772962,5.20711052093503,5.51149974287898,1398.82711,0.015122148317246
"JVS03","central_joint_win_nbi",16,"NBI","N","seven_case",20,20,20,20,400,0,0.375,3.5,"sigmoid","case_specific","none","default",TRUE,TRUE,17.778118193173,22.096328083522,-4.31820989034895,142.320000000003,17.778118193173,22.096328083522,-4.31820989034895,-0.227525920065092,-0.0134410358951696,0.051935869093932,0.0375096378748561,-65.1373614949198,-0.162843403737311,15.7138294336239,-80.8511909285503,-1.727282320922,-2149.94135,-0.227525920065092,0.162843403737311,-1.727282320922,-2149.94135,0.0375096378748561
"JVS03","central_joint_win_nbi",17,"NBI","N","seven_case",20,20,20,20,400,0,0.375,3.5,"sigmoid","case_specific","none","default",TRUE,TRUE,4.80294780240297,7.859637804546,-3.05669000214402,213.68,4.80294780240297,7.859637804546,-3.05669000214402,0.044759241197917,-0.015953565618352,0.021084163782524,0.018212346692929,-700.19363202971,-1.7504840800743,-3.58499586283608,-696.60863616687,-6.230194258745,-6011.86603,0.044759241197917,1.7504840800743,-6.230194258745,-6011.86603,0.018212346692929
"JVS03","central_joint_win_nbi",18,"NBI","N","seven_case",20,20,20,20,400,0,0.375,3.5,"sigmoid","case_specific","none","default",TRUE,TRUE,2.62803013673999,5.28264671815501,-2.65461658141498,148.420000000002,2.62803013673999,5.28264671815501,-2.65461658141498,0.00598726843726893,-0.0555266825173659,0.00103702073116196,-0.00162807105199791,-31.0882196098,-0.0777205490244999,2.920617534136,-34.0088371439306,1.959769412414,195.015639999998,0.00598726843726893,0.0777205490244999,1.959769412414,195.015639999998,-0.00162807105199791
"JVS03","central_joint_win_nbi",19,"NBI","N","seven_case",20,20,20,20,400,0,0.375,3.5,"sigmoid","case_specific","none","default",TRUE,TRUE,3.22301468024693,8.00685999511802,-4.783845314872,67.3700000000022,3.22301468024693,8.00685999511802,-4.783845314872,-0.234652450666867,0.0064012940428597,0.012043444095884,0.00869468777526405,-673.86620357465,-1.68466550893663,11.166054829483,-685.032258404134,5.19606404084999,-537.974690000003,-0.234652450666867,1.68466550893663,5.19606404084999,-537.974690000003,0.00869468777526405
"JVS03","central_joint_win_nbi",20,"NBI","N","seven_case",20,20,20,20,400,0,0.375,3.5,"sigmoid","case_specific","none","default",TRUE,TRUE,1.34947233494893,3.409322588804,-2.05985025385496,63.519999999997,1.34947233494893,3.409322588804,-2.05985025385496,-0.087632230677724,0.00110125078889149,0.003651719096609,0.00303778076385602,3.80073813968806,0.00950184534921972,3.24826084874201,0.552477290946705,-1.642458664332,-2115.50914,-0.087632230677724,-0.00950184534921972,-1.642458664332,-2115.50914,0.00303778076385602
"JVS03","central_joint_win_nbi",21,"NBI","N","seven_case",20,20,20,20,400,0,0.375,3.5,"sigmoid","case_specific","none","default",TRUE,TRUE,3.45486988404002,5.99652157018801,-2.54165168614895,105.91,3.45486988404002,5.99652157018801,-2.54165168614895,0.127679725548282,-0.0196009162406933,0.00289207548245807,0.0029073774385201,-635.36418960426,-1.5884104740106,18.1841277481479,-653.5483173524,-0.129519947644013,-866.396189999999,0.127679725548282,1.5884104740106,-0.129519947644013,-866.396189999999,0.0029073774385201
"JVS03","central_joint_win_nbi",22,"NBI","N","seven_case",20,20,20,20,400,0,0.375,3.5,"sigmoid","case_specific","none","default",TRUE,TRUE,2.20220986265099,6.85774691362201,-4.65553705097102,177.739999999998,2.20220986265099,6.85774691362201,-4.65553705097102,0.01342109621455,-0.101665429568399,0.00217689513730901,-0.000590236661937971,-10.2128794563961,-0.02553219864099,2.64300912393696,-12.855888580333,-1.986554667614,-2543.53259000002,0.01342109621455,0.02553219864099,-1.986554667614,-2543.53259000002,-0.000590236661937971
"JVS03","central_joint_win_nbi",23,"NBI","N","seven_case",20,20,20,20,400,0,0.375,3.5,"sigmoid","case_specific","none","default",TRUE,TRUE,1.242782508392,3.672563932641,-2.42978142424897,92.459999999999,1.242782508392,3.672563932641,-2.42978142424897,-0.131005403450983,-0.00356539917353105,0.000316985398129965,9.61564631319911e-05,-8.04088229299009,-0.0201022057324902,5.77211944629505,-13.8130017392909,4.234682615948,1614.5687,-0.131005403450983,0.0201022057324902,4.234682615948,1614.5687,9.61564631319911e-05
"JVS03","central_joint_win_nbi",24,"NBI","N","seven_case",20,20,20,20,400,0,0.375,3.5,"sigmoid","case_specific","none","default",TRUE,TRUE,3.064796596684,7.54719966017601,-4.48240306349203,151.529999999999,3.064796596684,7.54719966017601,-4.48240306349203,-0.241314413402543,0.031503076495068,0.000694404491735967,0.00044618869560703,-13.0857561115901,-0.0327143902789802,9.80505520960003,-22.8908113211917,-1.36423913416598,1658.92662,-0.241314413402543,0.0327143902789802,-1.36423913416598,1658.92662,0.00044618869560703
"JVS03","central_joint_win_nbi",25,"NBI","N","seven_case",20,20,20,20,400,0,0.375,3.5,"sigmoid","case_specific","none","default",TRUE,TRUE,1.42203588330506,2.84466853922402,-1.42263265591998,53.280000000002,1.42203588330506,2.84466853922402,-1.42263265591998,-0.014195020846886,0.0291169334635869,0.00368610205431208,0.00268859232889307,-673.52223748691,-1.6838055937173,-6.12841654697502,-667.39382093993,2.74594921843499,4109.44505000001,-0.014195020846886,1.6838055937173,2.74594921843499,4109.44505000001,0.00268859232889307
"JVS03","central_joint_win_nbi",26,"NBI","N","seven_case",20,20,20,20,400,0,0.375,3.5,"sigmoid","case_specific","none","default",TRUE,TRUE,2.05253749239102,9.59784637178001,-7.54530887938904,147.329999999998,2.05253749239102,9.59784637178001,-7.54530887938904,-0.00700021173913601,-0.037864484913671,0.021709693854391,0.017066398702238,-2.72658122643804,-0.00681645306609013,0.42602924529001,-3.15261047172881,-4.08596921299801,-3741.19481,-0.00700021173913601,0.00681645306609013,-4.08596921299801,-3741.19481,0.017066398702238
"JVS03","central_joint_win_nbi",27,"NBI","N","seven_case",20,20,20,20,400,0,0.375,3.5,"sigmoid","case_specific","none","default",TRUE,TRUE,8.73373281449904,17.313896493011,-8.58016367851201,197.089999999997,8.73373281449904,17.313896493011,-8.58016367851201,-0.125371878123442,-0.06490529218388,0.013423065039137,0.008541996864596,-6.18984970030033,-0.01547462425075,11.5740689282351,-17.7639186285301,-2.235106494295,-4650.36936,-0.125371878123442,0.01547462425075,-2.235106494295,-4650.36936,0.008541996864596
"JVS03","central_joint_win_nbi",28,"NBI","N","seven_case",20,20,20,20,400,0,0.375,3.5,"sigmoid","case_specific","none","default",TRUE,TRUE,1.46912342240705,4.27590857649102,-2.80678515408397,132.439999999998,1.46912342240705,4.27590857649102,-2.80678515408397,-0.20086570337277,0.059904734865586,-0.00436177644667501,-0.00402686908927397,-10.0789987883109,-0.0251974969707973,2.33097472494103,-12.4099735132504,-0.208123923523004,6416.25193,-0.20086570337277,0.0251974969707973,-0.208123923523004,6416.25193,-0.00402686908927397
"JVS03","central_joint_win_nbi",29,"NBI","N","seven_case",20,20,20,20,400,0,0.375,3.5,"sigmoid","case_specific","none","default",TRUE,TRUE,1.76171635105004,4.31456370069,-2.55284734963902,90.1699999999978,1.76171635105004,4.31456370069,-2.55284734963902,-0.098709477365488,0.0730833378289799,0.019710660151307,0.014143709660667,-7.04202844389397,-0.0176050711097302,-4.78202529352598,-2.2600031503684,-0.660064771246027,-798.339870000011,-0.098709477365488,0.0176050711097302,-0.660064771246027,-798.339870000011,0.014143709660667
"JVS03","central_joint_win_nbi",30,"NBI","N","seven_case",20,20,20,20,400,0,0.375,3.5,"sigmoid","case_specific","none","default",TRUE,TRUE,6.039148257129,15.958481501293,-9.91933324416505,241.629999999998,6.039148257129,15.958481501293,-9.91933324416505,-0.421376798946525,-1.29691467968107,0.013341094463298,0.008476153223265,-1354.96696478523,-3.3874174119631,3.46146505936599,-1358.42842984459,7.23924938089903,3326.63704,-0.421376798946525,3.3874174119631,7.23924938089903,3326.63704,0.008476153223265
"JVS03","central_joint_win_nbi",31,"NBI","N","seven_case",20,20,20,20,400,0,0.375,3.5,"sigmoid","case_specific","none","default",TRUE,TRUE,3.70952130532896,9.24038914483799,-5.53086783950903,166.12000000001,3.70952130532896,9.24038914483799,-5.53086783950903,-0.21108396408247,0.00902823578216211,0.008979889615776,0.00704230440324499,-5.07228147400906,-0.0126807036850201,6.78678347188293,-11.8590649458905,2.75186635389301,-684.69230000001,-0.21108396408247,0.0126807036850201,2.75186635389301,-684.69230000001,0.00704230440324499
"JVS03","central_joint_win_nbi",32,"NBI","N","seven_case",20,20,20,20,400,0,0.375,3.5,"sigmoid","case_specific","none","default",TRUE,TRUE,2.74068576876402,3.20402784551999,-0.463342076754998,73.1399999999997,2.74068576876402,3.20402784551999,-0.463342076754998,-0.010973592708731,-0.011917451946546,0.00142339270182795,0.000962330012826973,-7.66529812009503,-0.0191632453002297,1.75765897575604,-9.4229570958508,2.35251458293499,-851.321679999994,-0.010973592708731,0.0191632453002297,2.35251458293499,-851.321679999994,0.000962330012826973
"JVS03","central_joint_win_nbi",33,"NBI","N","seven_case",20,20,20,20,400,0,0.375,3.5,"sigmoid","case_specific","none","default",TRUE,TRUE,6.08343770188696,10.756764803204,-4.67332710131802,344.18,6.08343770188696,10.756764803204,-4.67332710131802,-0.042469461988786,-0.081275911347476,0.001003440982416,0.000524149336217028,-93.5556499274999,-0.233889124818798,13.250049916096,-106.80569984359,0.589129784308,-4934.12451000001,-0.042469461988786,0.233889124818798,0.589129784308,-4934.12451000001,0.000524149336217028
"JVS03","central_joint_win_nbi",34,"NBI","N","seven_case",20,20,20,20,400,0,0.375,3.5,"sigmoid","case_specific","none","default",TRUE,TRUE,4.37446350440302,14.895296040942,-10.520832536538,267.150000000002,4.37446350440302,14.895296040942,-10.520832536538,-0.309182251884482,-0.0371858170027147,0.01980167692858,0.021444083718535,-673.75540518806,-1.6843885129702,18.47108244886,-692.22648763691,-2.08153939617398,-238.97782,-0.309182251884482,1.6843885129702,-2.08153939617398,-238.97782,0.021444083718535
"JVS03","central_joint_win_nbi",35,"NBI","N","seven_case",20,20,20,20,400,0,0.375,3.5,"sigmoid","case_specific","none","default",TRUE,TRUE,2.40435121755206,6.141247539582,-3.73689632203002,155.090000000003,2.40435121755206,6.141247539582,-3.73689632203002,-0.149886135809971,0.00156402458117499,0.008173530067906,0.006251752346566,0.870109964898006,0.00217527491224967,37.9621372532799,-37.092027288384,-6.48875984800901,-2248.25765000001,-0.149886135809971,-0.00217527491224967,-6.48875984800901,-2248.25765000001,0.006251752346566
"JVS03","central_joint_win_nbi",36,"NBI","N","seven_case",20,20,20,20,400,0,0.375,3.5,"sigmoid","case_specific","none","default",TRUE,TRUE,0.795917735880948,1.507391366007,-0.711473630126989,37.4300000000076,0.795917735880948,1.507391366007,-0.711473630126989,-0.01917651243094,0.0162507421771988,0.00183310633140998,0.00154943289478304,-652.92560829947,-1.63231402074866,-0.416141066155092,-652.509467233312,0.605837534246973,1101.26721999999,-0.01917651243094,1.63231402074866,0.605837534246973,1101.26721999999,0.00154943289478304
"JVS03","central_joint_win_nbi",37,"NBI","N","seven_case",20,20,20,20,400,0,0.375,3.5,"sigmoid","case_specific","none","default",TRUE,TRUE,2.91659693661893,10.810426762523,-7.89382982590394,214.480000000003,2.91659693661893,10.810426762523,-7.89382982590394,-0.020473197797267,-0.0190158870212166,0.00623798553833899,0.00414020616027,-651.77629630062,-1.62944074075155,26.597287247601,-678.37358354822,-0.231888631101015,-3383.80004,-0.020473197797267,1.62944074075155,-0.231888631101015,-3383.80004,0.00414020616027
"JVS03","central_joint_win_nbi",38,"NBI","N","seven_case",20,20,20,20,400,0,0.375,3.5,"sigmoid","case_specific","none","default",TRUE,TRUE,2.73686995116793,13.431190454424,-10.694320503256,215.549999999996,2.73686995116793,13.431190454424,-10.694320503256,0.0165580306580789,-0.0485991083575131,0.017868020682015,0.014368752090597,652.01491134147,1.6300372783537,13.614636895467,638.400274446009,-1.46287580498301,245.860229999998,0.0165580306580789,-1.6300372783537,-1.46287580498301,245.860229999998,0.014368752090597
"JVS03","central_joint_win_nbi",39,"NBI","N","seven_case",20,20,20,20,400,0,0.375,3.5,"sigmoid","case_specific","none","default",TRUE,TRUE,2.91927913683094,8.01907900701198,-5.09979987018107,129.410000000003,2.91927913683094,8.01907900701198,-5.09979987018107,0.064111433271837,0.00557156724509199,0.012244411376366,0.00948085251532993,-664.79032278762,-1.661975806969,-3.54361749844099,-661.24670528918,-2.36113708765401,1016.70379,0.064111433271837,1.661975806969,-2.36113708765401,1016.70379,0.00948085251532993
"JVS03","central_joint_win_nbi",40,"NBI","N","seven_case",20,20,20,20,400,0,0.375,3.5,"sigmoid","case_specific","none","default",TRUE,TRUE,5.69847356370701,17.370362702019,-11.671889138311,144.799999999996,5.69847356370701,17.370362702019,-11.671889138311,-0.307659838495074,-0.0249950999130511,0.013629133226588,0.010230246085628,-6.26707826659003,-0.0156676956665009,15.7416088422921,-22.0086871088797,-5.703410676657,-8687.92066,-0.307659838495074,0.0156676956665009,-5.703410676657,-8687.92066,0.010230246085628
"JVS03","central_joint_win_nbi",41,"NBI","N","seven_case",20,20,20,20,400,0,0.375,3.5,"sigmoid","case_specific","none","default",TRUE,TRUE,9.19403001478702,23.679781372778,-14.485751357991,179.900000000001,9.19403001478702,23.679781372778,-14.485751357991,-0.333273375068292,-0.0547126683977556,0.00450162306634394,0.00561035638117002,-10.5817448073799,-0.0264543620184501,44.074254178094,-54.65599898547,-9.44801141954301,-14813.58635,-0.333273375068292,0.0264543620184501,-9.44801141954301,-14813.58635,0.00561035638117002
"JVS03","central_joint_win_nbi",42,"NBI","N","seven_case",20,20,20,20,400,0,0.375,3.5,"sigmoid","case_specific","none","default",TRUE,TRUE,2.18469037098703,5.56978501735199,-3.38509464636502,137.370000000003,2.18469037098703,5.56978501735199,-3.38509464636502,-0.046322079429183,-0.0405076966691272,-0.00423709395447602,-0.00327571447650798,-663.1437514418,-1.6578593786045,4.50673652180399,-667.650487963602,-2.02500066194102,-4584.18078,-0.046322079429183,1.6578593786045,-2.02500066194102,-4584.18078,-0.00327571447650798
"JVS03","central_joint_win_nbi",43,"NBI","N","seven_case",20,20,20,20,400,0,0.375,3.5,"sigmoid","case_specific","none","default",TRUE,TRUE,10.0639183413169,14.296308891187,-4.23239054987096,314.039999999994,10.0639183413169,14.296308891187,-4.23239054987096,-0.0176187612229149,-0.088913654631834,0.036481581253725,0.024343825363654,619.62561098214,1.5490640274554,16.8542234971629,602.77138748498,-1.401060094353,-2793.23271000001,-0.0176187612229149,-1.5490640274554,-1.401060094353,-2793.23271000001,0.024343825363654
"JVS03","central_joint_win_nbi",44,"NBI","N","seven_case",20,20,20,20,400,0,0.375,3.5,"sigmoid","case_specific","none","default",TRUE,TRUE,6.43727148919402,13.327029778028,-6.88975828883395,150.879999999998,6.43727148919402,13.327029778028,-6.88975828883395,-0.266491932498524,0.0165663796915545,0.0229818830599591,0.016670482996449,652.49607083803,1.63124017709509,27.827065173914,624.66900566412,0.458605169523992,627.738459999993,-0.266491932498524,-1.63124017709509,0.458605169523992,627.738459999993,0.016670482996449
"JVS03","central_joint_win_nbi",45,"NBI","N","seven_case",20,20,20,20,400,0,0.375,3.5,"sigmoid","case_specific","none","default",TRUE,TRUE,3.60311010483599,7.71389584628699,-4.11078574144994,97.0000000000005,3.60311010483599,7.71389584628699,-4.11078574144994,-0.063660790778145,-0.0269665515994254,0.00887518157445799,0.00663488254609701,-34.1638349975901,-0.0854095874939595,-8.68001922392102,-25.4838157736599,1.46589881388499,-1317.844,-0.063660790778145,0.0854095874939595,1.46589881388499,-1317.844,0.00663488254609701
"JVS03","central_joint_win_nbi",46,"NBI","N","seven_case",20,20,20,20,400,0,0.375,3.5,"sigmoid","case_specific","none","default",TRUE,TRUE,7.01584258830303,19.847434070606,-12.831591482304,154.130000000005,7.01584258830303,19.847434070606,-12.831591482304,-0.034614043588644,-0.0614944889808453,0.01451454142738,0.011401449876931,-14.565472571615,-0.0364136814290399,10.840666565305,-25.4061391369193,-7.00098914530102,-11993.37034,-0.034614043588644,0.0364136814290399,-7.00098914530102,-11993.37034,0.011401449876931
"JVS03","central_joint_win_nbi",47,"NBI","N","seven_case",20,20,20,20,400,0,0.375,3.5,"sigmoid","case_specific","none","default",TRUE,TRUE,4.00715116198091,14.713106284542,-10.705955122561,157.599999999999,4.00715116198091,14.713106284542,-10.705955122561,-0.164732680963815,-0.122832968097432,0.015539335976587,0.011517428736974,-684.17483453037,-1.71043708632591,2.73195755727102,-686.90679208763,0.586601463790998,847.380829999995,-0.164732680963815,1.71043708632591,0.586601463790998,847.380829999995,0.011517428736974
"JVS03","central_joint_win_nbi",48,"NBI","N","seven_case",20,20,20,20,400,0,0.375,3.5,"sigmoid","case_specific","none","default",TRUE,TRUE,2.36011574109102,5.69034923106,-3.33023348996892,140.519999999997,2.36011574109102,5.69034923106,-3.33023348996892,0.052053080765593,-0.00105381702118711,0.00809683900591407,0.00609571296821498,3.08990441379399,0.00772476103449016,-0.550914357640067,3.6408187714421,-2.55073266003799,-4259.76536,0.052053080765593,-0.00772476103449016,-2.55073266003799,-4259.76536,0.00609571296821498
"JVS03","central_joint_win_nbi",49,"NBI","N","seven_case",20,20,20,20,400,0,0.375,3.5,"sigmoid","case_specific","none","default",TRUE,TRUE,1.94126400834205,5.42673255004101,-3.48546854170002,91.6899999999947,1.94126400834205,5.42673255004101,-3.48546854170002,-0.029529283309385,0.044074003872021,-0.001990685191613,-0.00272858691614597,-2.60893734004401,-0.00652234335011004,2.86767926122207,-5.4766166012655,-1.21763443420599,-2109.86334,-0.029529283309385,0.00652234335011004,-1.21763443420599,-2109.86334,-0.00272858691614597
"JVS03","central_joint_win_nbi",50,"NBI","N","seven_case",20,20,20,20,400,0,0.375,3.5,"sigmoid","case_specific","none","default",TRUE,TRUE,3.75679443662204,11.346004858181,-7.58921042155998,126.349999999999,3.75679443662204,11.346004858181,-7.58921042155998,0.184538147853095,-0.0537566815660106,0.016953115727143,0.015259572809058,-13.0535318760003,-0.0326338296900008,2.52576909752702,-15.5793009735298,5.608675350369,1278.50034999999,0.184538147853095,0.0326338296900008,5.608675350369,1278.50034999999,0.015259572809058
"JVS03","central_joint_win_nbi",51,"NBI","N","seven_case",20,20,20,20,400,0,0.375,3.5,"sigmoid","case_specific","none","default",TRUE,TRUE,4.51037671320398,12.769024996217,-8.25864828301201,96.9500000000045,4.51037671320398,12.769024996217,-8.25864828301201,-0.32673817585349,-0.0127151400276018,0.0146407763272319,0.011347233866459,-700.75637712083,-1.7518909428021,2.50883620272793,-703.26521332357,-0.699453073714011,-243.298439999999,-0.32673817585349,1.7518909428021,-0.699453073714011,-243.298439999999,0.011347233866459
"JVS03","central_joint_win_nbi",52,"NBI","N","seven_case",20,20,20,20,400,0,0.375,3.5,"sigmoid","case_specific","none","default",TRUE,TRUE,1.63454707832602,4.302786685695,-2.66823960736895,132.690000000002,1.63454707832602,4.302786685695,-2.66823960736895,0.019332515319852,-0.0197233467013482,0.017672240797188,0.015903792296821,-4.95269435108003,-0.0123817358776903,-0.843157583291941,-4.10953676778706,0.939658829562006,-1103.64045000001,0.019332515319852,0.0123817358776903,0.939658829562006,-1103.64045000001,0.015903792296821
"JVS03","central_joint_win_nbi",53,"NBI","N","seven_case",20,20,20,20,400,0,0.375,3.5,"sigmoid","case_specific","none","default",TRUE,TRUE,7.16205276406902,16.789703338338,-9.62765057426896,182.099999999998,7.16205276406902,16.789703338338,-9.62765057426896,-0.405016599363822,0.0123060950451667,0.013249585433463,0.01080910756564,-3.9039315424402,-0.00975982885610005,16.986847008668,-20.89077855111,-3.01785033420899,-827.392,-0.405016599363822,0.00975982885610005,-3.01785033420899,-827.392,0.01080910756564
"JVS03","central_joint_win_nbi",54,"NBI","N","seven_case",20,20,20,20,400,0,0.375,3.5,"sigmoid","case_specific","none","default",TRUE,TRUE,1.87381529504501,6.11037262298001,-4.23655732793497,99.590000000004,1.87381529504501,6.11037262298001,-4.23655732793497,-0.047556728627139,-0.0525170301620723,0.002812543726877,0.00426707404248194,-13.4632654907896,-0.033658163726999,14.331375223525,-27.7946407143199,0.584093145338016,-760.228830000007,-0.047556728627139,0.033658163726999,0.584093145338016,-760.228830000007,0.00426707404248194
"JVS03","central_joint_win_nbi",55,"NBI","N","seven_case",20,20,20,20,400,0,0.375,3.5,"sigmoid","case_specific","none","default",TRUE,TRUE,2.53138021434893,7.151416911311,-4.62003669696196,123.869999999995,2.53138021434893,7.151416911311,-4.62003669696196,-0.00423464883896696,-0.07030742134528,0.011977198197172,0.010746448717855,-664.21901758802,-1.66054754397004,7.62601785524998,-671.845035443271,-5.02961898605801,-2384.32187,-0.00423464883896696,1.66054754397004,-5.02961898605801,-2384.32187,0.010746448717855
"JVS03","central_joint_win_nbi",56,"NBI","N","seven_case",20,20,20,20,400,0,0.375,3.5,"sigmoid","case_specific","none","default",TRUE,TRUE,3.089350820248,8.71263558093798,-5.62328476068899,116.209999999999,3.089350820248,8.71263558093798,-5.62328476068899,-0.0429080365542709,0.00192992312385899,0.00718488274137608,0.00570125365423502,1289.99863138918,3.22499657847297,2.9719421094411,1287.02668927974,0.882664261268019,313.377959999998,-0.0429080365542709,-3.22499657847297,0.882664261268019,313.377959999998,0.00570125365423502
"JVS03","central_joint_win_nbi",57,"NBI","N","seven_case",20,20,20,20,400,0,0.375,3.5,"sigmoid","case_specific","none","default",TRUE,TRUE,5.56369482003799,18.269220547836,-12.705525727797,128.999999999993,5.56369482003799,18.269220547836,-12.705525727797,-0.298691033043457,-0.050068274060376,0.0217146311806841,0.019977089929277,-13.57332413626,-0.0339333103406503,-4.70634381326204,-8.86698032300001,-2.92227590206701,-1091.79188,-0.298691033043457,0.0339333103406503,-2.92227590206701,-1091.79188,0.019977089929277
"JVS03","central_joint_win_nbi",58,"NBI","N","seven_case",20,20,20,20,400,0,0.375,3.5,"sigmoid","case_specific","none","default",TRUE,TRUE,4.47277216238899,12.259239223658,-7.78646706127006,429.779999999999,4.47277216238899,12.259239223658,-7.78646706127006,-0.262390986545514,-0.0552540847975947,0.027706728610517,0.020434950717065,7.09247724677198,0.0177311931169402,45.11742187093,-38.024944624156,-0.370080961116997,-9848.64519,-0.262390986545514,-0.0177311931169402,-0.370080961116997,-9848.64519,0.020434950717065
"JVS03","central_joint_win_nbi",59,"NBI","N","seven_case",20,20,20,20,400,0,0.375,3.5,"sigmoid","case_specific","none","default",TRUE,TRUE,10.05194338389,28.410457899237,-18.358514515347,438.190000000002,10.05194338389,28.410457899237,-18.358514515347,-0.097182392756502,-0.019557765217436,0.0251562547304409,0.020098963816684,-1343.61380117799,-3.359034502945,30.91662065679,-1374.53042183478,-4.18025743942798,-23373.76184,-0.097182392756502,3.359034502945,-4.18025743942798,-23373.76184,0.020098963816684
"JVS03","central_joint_win_nbi",60,"NBI","N","seven_case",20,20,20,20,400,0,0.375,3.5,"sigmoid","case_specific","none","default",TRUE,TRUE,5.91653663600209,18.431630142161,-12.515093506159,170.239999999998,5.91653663600209,18.431630142161,-12.515093506159,-0.445319704498,-0.0230661820574159,0.021030621023674,0.015869078590629,-653.20430731262,-1.63301076828154,58.1507498974399,-711.355057210059,-3.040507017539,-5705.74496,-0.445319704498,1.63301076828154,-3.040507017539,-5705.74496,0.015869078590629
"JVS03","central_joint_win_nbi",61,"NBI","N","seven_case",20,20,20,20,400,0,0.375,3.5,"sigmoid","case_specific","none","default",TRUE,TRUE,3.99052587708798,8.33630597891502,-4.34578010182702,214.020000000004,3.99052587708798,8.33630597891502,-4.34578010182702,-0.030640363907945,-0.0719543721141551,0.00249584282656201,-0.00281370161752403,-3.97515899262692,-0.0099378974815596,9.91438751798103,-13.8895465106072,0.607542733481012,-1143.14718,-0.030640363907945,0.0099378974815596,0.607542733481012,-1143.14718,-0.00281370161752403
"JVS03","central_joint_win_nbi",62,"NBI","N","seven_case",20,20,20,20,400,0,0.375,3.5,"sigmoid","case_specific","none","default",TRUE,TRUE,4.05619634028596,7.84088614007301,-3.784689799788,107.099999999999,4.05619634028596,7.84088614007301,-3.784689799788,-0.031510606450905,-0.000731225774097996,0.028087257364899,0.022961343115453,-28.824252583418,-0.0720606314585499,2.164938104714,-30.9891906881317,1.950848395511,731.897789999995,-0.031510606450905,0.0720606314585499,1.950848395511,731.897789999995,0.022961343115453
"JVS03","central_joint_win_nbi",63,"NBI","N","seven_case",20,20,20,20,400,0,0.375,3.5,"sigmoid","case_specific","none","default",TRUE,TRUE,1.46543375218596,5.998426425226,-4.53299267303998,114.29,1.46543375218596,5.998426425226,-4.53299267303998,-0.284645845405598,-0.014024976295425,0.00545077194522703,0.00403282126249999,1.65286692676204,0.00413216731690991,15.7615882713191,-14.1087213445574,-7.71083186995901,-13627.16959,-0.284645845405598,-0.00413216731690991,-7.71083186995901,-13627.16959,0.00403282126249999
"JVS03","central_joint_win_nbi",64,"NBI","N","seven_case",20,20,20,20,400,0,0.375,3.5,"sigmoid","case_specific","none","default",TRUE,TRUE,3.59569137438598,8.54242504296698,-4.9467336685799,113.709999999999,3.59569137438598,8.54242504296698,-4.9467336685799,0.01066286392745,-0.00932729850174599,0.0114515127252549,0.00871899356977801,-651.734617709971,-1.6293365442749,15.3718662331089,-667.10648394308,0.0301394111139928,199.863389999999,0.01066286392745,1.6293365442749,0.0301394111139928,199.863389999999,0.00871899356977801
"JVS03","central_joint_win_nbi",65,"NBI","N","seven_case",20,20,20,20,400,0,0.375,3.5,"sigmoid","case_specific","none","default",TRUE,TRUE,2.12895070257298,6.051164188716,-3.92221348614294,105.469999999994,2.12895070257298,6.051164188716,-3.92221348614294,-0.302232582676416,-0.0161816126057253,0.005816039188838,0.00384784970179897,-5.8784145243701,-0.0146960363108999,9.195607378006,-15.074021902368,-0.694978921846996,-3773.5724,-0.302232582676416,0.0146960363108999,-0.694978921846996,-3773.5724,0.00384784970179897
"JVS03","central_joint_win_nbi",66,"NBI","N","seven_case",20,20,20,20,400,0,0.375,3.5,"sigmoid","case_specific","none","default",TRUE,TRUE,10.843161372225,24.855492701362,-14.0123313291371,170.170000000005,10.843161372225,24.855492701362,-14.0123313291371,-0.220143084478473,-0.0395167876063623,0.000107224133404027,0.000905539704493974,-12.1251685083103,-0.0303129212707702,25.246010868736,-37.3711793770399,0.431549271815015,-7179.25061,-0.220143084478473,0.0303129212707702,0.431549271815015,-7179.25061,0.000905539704493974
"JVS03","central_joint_win_nbi",67,"NBI","N","seven_case",20,20,20,20,400,0,0.375,3.5,"sigmoid","case_specific","none","default",TRUE,TRUE,1.06129220104799,3.50750002306,-2.44620782201309,127.599999999999,1.06129220104799,3.50750002306,-2.44620782201309,0.0349679949952449,-0.0335992557076188,0.000136609972378021,0.000452011782735962,13.0971839820661,0.0327429599551698,2.57079328396492,10.526390698101,4.02196019582902,526.235220000002,0.0349679949952449,-0.0327429599551698,4.02196019582902,526.235220000002,0.000452011782735962
"JVS03","central_joint_win_nbi",68,"NBI","N","seven_case",20,20,20,20,400,0,0.375,3.5,"sigmoid","case_specific","none","default",TRUE,TRUE,2.52249053897503,6.11612763331701,-3.59363709434297,82.0299999999985,2.52249053897503,6.11612763331701,-3.59363709434297,0.0571859137199019,0.037139879904701,0.010575419125495,0.00706007050514401,-12.1836232406599,-0.0304590581016395,9.37730489943101,-21.5609281400798,-1.88486243615702,-475.421139999991,0.0571859137199019,0.0304590581016395,-1.88486243615702,-475.421139999991,0.00706007050514401
"JVS03","central_joint_win_nbi",69,"NBI","N","seven_case",20,20,20,20,400,0,0.375,3.5,"sigmoid","case_specific","none","default",TRUE,TRUE,10.7609793620923,29.9059527822261,-19.1449734201339,696.689999999999,10.7609793620923,29.9059527822261,-19.1449734201339,-0.420059027258299,-0.0539517133884556,0.0385232757570182,0.0242713482344215,-4053.82278665946,-10.1345569666486,9.53263154483398,-4063.3554182043,5.04523824374664,6016.20933999994,-0.420059027258299,10.1345569666486,5.04523824374664,6016.20933999994,0.0242713482344215
"JVS03","central_joint_win_nbi",70,"NBI","N","seven_case",20,20,20,20,400,0,0.375,3.5,"sigmoid","case_specific","none","default",TRUE,TRUE,1.10815373946298,2.06922011340998,-0.961066373947006,42.5200000000041,1.10815373946298,2.06922011340998,-0.961066373947006,-0.040156082652093,-0.045668204778819,0.000920099778393024,0.000424806168600966,4.84869194479984,0.0121217298619998,4.844842769813,0.00384917498701043,0.537504448918014,-2627.44656,-0.040156082652093,-0.0121217298619998,0.537504448918014,-2627.44656,0.000424806168600966
"JVS03","central_joint_win_nbi",71,"NBI","N","seven_case",20,20,20,20,400,0,0.375,3.5,"sigmoid","case_specific","none","default",TRUE,TRUE,1.71438815117995,3.29175551336201,-1.57736736218101,68.1399999999991,1.71438815117995,3.29175551336201,-1.57736736218101,0.151966047681127,-0.0168179296990191,-0.000613494238496104,-0.000139939679977052,-0.488029548600025,-0.0012200738715098,8.44501688931598,-8.93304643791998,-2.69890192144501,-2126.04880999999,0.151966047681127,0.0012200738715098,-2.69890192144501,-2126.04880999999,-0.000139939679977052
"JVS03","central_joint_win_nbi",72,"NBI","N","seven_case",20,20,20,20,400,0,0.375,3.5,"sigmoid","case_specific","none","default",TRUE,TRUE,2.45838439956106,10.26647046886,-7.80808606929907,118.419999999998,2.45838439956106,10.26647046886,-7.80808606929907,-0.167550287402512,-0.044386454566819,0.010226443865548,0.00592694669465499,7.82125934581302,0.0195531483645301,22.04957490897,-14.228315563157,-0.944905182780985,-6173.65788,-0.167550287402512,-0.0195531483645301,-0.944905182780985,-6173.65788,0.00592694669465499
"JVS03","central_joint_win_nbi",73,"NBI","N","seven_case",20,20,20,20,400,0,0.375,3.5,"sigmoid","case_specific","none","default",TRUE,TRUE,4.571751036205,9.96205597174799,-5.3903049355431,220.689999999995,4.571751036205,9.96205597174799,-5.3903049355431,-0.000834857025226982,-0.0836956413490132,0.00337783524229496,0.00312044219345897,1306.74924743665,3.2668731185916,8.872078886704,1297.87716854996,1.73165963594602,-3190.77764,-0.000834857025226982,-3.2668731185916,1.73165963594602,-3190.77764,0.00312044219345897
"JVS03","central_joint_win_nbi",74,"NBI","N","seven_case",20,20,20,20,400,0,0.375,3.5,"sigmoid","case_specific","none","default",TRUE,TRUE,4.18295283738007,9.898128606336,-5.71517576895508,248.529999999999,4.18295283738007,9.898128606336,-5.71517576895508,-0.075960599896188,-0.0711578257126075,-0.000119038640189029,-0.00642083592096704,-690.67783072438,-1.72669457681094,6.89618343407199,-697.574014158446,-2.64957033025399,1327.38933000001,-0.075960599896188,1.72669457681094,-2.64957033025399,1327.38933000001,-0.00642083592096704
"JVS03","central_joint_win_nbi",75,"NBI","N","seven_case",20,20,20,20,400,0,0.375,3.5,"sigmoid","case_specific","none","default",TRUE,TRUE,3.98102422528405,14.32551431707,-10.344490091785,442.909999999996,3.98102422528405,14.32551431707,-10.344490091785,-0.43298040704717,-0.08970352879236,-0.000120188492338968,0.000893443044181985,-12.72373973597,-0.0318093493399392,17.433928105938,-30.1576678419096,-5.78865545542899,-32233.93691,-0.43298040704717,0.0318093493399392,-5.78865545542899,-32233.93691,0.000893443044181985
"JVS03","central_joint_win_nbi",76,"NBI","N","seven_case",20,20,20,20,400,0,0.375,3.5,"sigmoid","case_specific","none","default",TRUE,TRUE,1.17632362557902,2.56824542466001,-1.39192179908093,45.2200000000013,1.17632362557902,2.56824542466001,-1.39192179908093,-0.0285688487612851,-0.0229822164536674,0.00775923733301709,0.00569872572560803,1.18443805020001,0.00296109512549059,5.95738213309392,-4.77294408289504,0.373885008960997,95.0922399999981,-0.0285688487612851,-0.00296109512549059,0.373885008960997,95.0922399999981,0.00569872572560803
"JVS03","central_joint_win_nbi",77,"NBI","N","seven_case",20,20,20,20,400,0,0.375,3.5,"sigmoid","case_specific","none","default",TRUE,TRUE,3.86800441850198,15.162560744525,-11.294556326023,177.040000000001,3.86800441850198,15.162560744525,-11.294556326023,-0.088961071077503,-0.0469878287968716,0.00307324325999803,0.00211617829045002,-35.12772979993,-0.0878193244998098,11.6350758711579,-46.7628056710796,4.75056163970001,3423.03236,-0.088961071077503,0.0878193244998098,4.75056163970001,3423.03236,0.00211617829045002
"JVS03","central_joint_win_nbi",78,"NBI","N","seven_case",20,20,20,20,400,0,0.375,3.5,"sigmoid","case_specific","none","default",TRUE,TRUE,1.18696013026295,3.037857889919,-1.85089775965696,126.289999999994,1.18696013026295,3.037857889919,-1.85089775965696,-0.021341312962626,-0.0054082349138766,0.00904514772623899,0.007773118766085,-7.28101634368977,-0.0182025408592201,-1.77514706440002,-5.50586927929044,-2.53402048621101,-110.379060000007,-0.021341312962626,0.0182025408592201,-2.53402048621101,-110.379060000007,0.007773118766085
"JVS03","central_joint_win_nbi",79,"NBI","N","seven_case",20,20,20,20,400,0,0.375,3.5,"sigmoid","case_specific","none","default",TRUE,TRUE,3.87177157516794,12.12506995797,-8.253298382803,159.909999999997,3.87177157516794,12.12506995797,-8.253298382803,-0.072117468633876,-0.0201868508723549,0.00968905244274698,0.010162962806874,649.91979846006,1.6247994961501,1.01423771620296,648.90556074385,-1.17252216334501,-27.6505900000047,-0.072117468633876,-1.6247994961501,-1.17252216334501,-27.6505900000047,0.010162962806874
"JVS03","central_joint_win_nbi",80,"NBI","N","seven_case",20,20,20,20,400,0,0.375,3.5,"sigmoid","case_specific","none","default",TRUE,TRUE,3.46053767879107,11.086943488489,-7.62640580969901,97.7200000000016,3.46053767879107,11.086943488489,-7.62640580969901,0.042151712333719,-0.0336112128106105,0.010636130159512,0.010229272436728,-22.6225756037697,-0.0565564390094204,17.859700483991,-40.4822760877601,-1.12149948499601,-3261.48769000001,0.042151712333719,0.0565564390094204,-1.12149948499601,-3261.48769000001,0.010229272436728
"JVS03","central_joint_win_nbi",81,"NBI","N","seven_case",20,20,20,20,400,0,0.375,3.5,"sigmoid","case_specific","none","default",TRUE,TRUE,3.80919912263403,9.34876506141399,-5.53956593878092,176.029999999999,3.80919912263403,9.34876506141399,-5.53956593878092,-0.282003321063086,-0.0257827635126349,0.00432345101034692,0.00361118873013,6.25092879956992,0.0156273219989203,21.559474777379,-15.3085459778071,-1.84679937713199,2560.92371999999,-0.282003321063086,-0.0156273219989203,-1.84679937713199,2560.92371999999,0.00361118873013
"JVS03","central_joint_win_nbi",82,"NBI","N","seven_case",20,20,20,20,400,0,0.375,3.5,"sigmoid","case_specific","none","default",TRUE,TRUE,1.51444196773809,4.345054508733,-2.83061254099493,132.870000000002,1.51444196773809,4.345054508733,-2.83061254099493,-0.079021567088242,-0.0296221298330453,0.00725461228185997,0.003932489869165,-1.67432541376911,-0.0041858135344004,1.444141118625,-3.1184665323899,-1.164991566596,-1383.1177,-0.079021567088242,0.0041858135344004,-1.164991566596,-1383.1177,0.003932489869165
"JVS03","central_joint_win_nbi",83,"NBI","N","seven_case",20,20,20,20,400,0,0.375,3.5,"sigmoid","case_specific","none","default",TRUE,TRUE,0.140225822517095,0.484869671628985,-0.344643849113027,41.1200000000027,0.140225822517095,0.484869671628985,-0.344643849113027,-0.00640465217469699,0.0019753363039333,0.00185603476034096,0.00208853593632202,0.505272493080156,0.00126318123270153,-0.117024776543985,0.622297269620503,1.65000490950601,1008.97068,-0.00640465217469699,-0.00126318123270153,1.65000490950601,1008.97068,0.00208853593632202
"JVS03","central_joint_win_nbi",84,"NBI","N","seven_case",20,20,20,20,400,0,0.375,3.5,"sigmoid","case_specific","none","default",TRUE,TRUE,2.18254930829789,4.60544993716499,-2.42290062886707,81.2300000000034,2.18254930829789,4.60544993716499,-2.42290062886707,0.0103142022593,0.000880608014769302,-0.00242281351911311,-0.00350668157050504,-7.23034007046954,-0.0180758501762028,-0.147212717551952,-7.0831273529202,-3.01460949321401,-4587.20705,0.0103142022593,0.0180758501762028,-3.01460949321401,-4587.20705,-0.00350668157050504
"JVS03","central_joint_win_nbi",85,"NBI","N","seven_case",20,20,20,20,400,0,0.375,3.5,"sigmoid","case_specific","none","default",TRUE,TRUE,4.794421766151,11.537132211427,-6.74271044527597,174.519999999997,4.794421766151,11.537132211427,-6.74271044527597,-0.253754355713542,0.0250735158978387,0.00141560147960801,0.001224042619622,-3.39080906689401,-0.00847702266724015,18.192502950052,-21.5833120169451,-4.330841066397,-6604.16399999999,-0.253754355713542,0.00847702266724015,-4.330841066397,-6604.16399999999,0.001224042619622
"JVS03","central_joint_win_nbi",86,"NBI","N","seven_case",20,20,20,20,400,0,0.375,3.5,"sigmoid","case_specific","none","default",TRUE,TRUE,5.783915104073,17.786210297229,-12.002295193155,117.849999999998,5.783915104073,17.786210297229,-12.002295193155,-0.365791755732047,-0.017064419581918,0.006489099707366,0.00481595675065799,-5.27841287251795,-0.0131960321812898,11.2636404392,-16.5420533117187,-4.59364657045498,-4214.32264,-0.365791755732047,0.0131960321812898,-4.59364657045498,-4214.32264,0.00481595675065799
"JVS03","central_joint_win_nbi",87,"NBI","N","seven_case",20,20,20,20,400,0,0.375,3.5,"sigmoid","case_specific","none","default",TRUE,TRUE,1.14829912989296,2.85552066037999,-1.707221530487,53.190000000002,1.14829912989296,2.85552066037999,-1.707221530487,-0.011741541945602,0.00880343339273511,0.00292611370017404,0.00344574725612101,11.8682956896801,0.0296707392241888,5.25958795943802,6.60870773023998,1.186791239641,-453.724130000002,-0.011741541945602,-0.0296707392241888,1.186791239641,-453.724130000002,0.00344574725612101
"JVS03","central_joint_win_nbi",88,"NBI","N","seven_case",20,20,20,20,400,0,0.375,3.5,"sigmoid","case_specific","none","default",TRUE,TRUE,1.12282260262702,2.83162576118499,-1.70880315855698,43.8300000000021,1.12282260262702,2.83162576118499,-1.70880315855698,-0.053076668344755,-0.005931341480088,0.00930856175554606,0.00820605314614509,-4.80426550696984,-0.0120106637674295,-2.31288383624201,-2.49138167073011,1.5451132302,606.199809999991,-0.053076668344755,0.0120106637674295,1.5451132302,606.199809999991,0.00820605314614509
"JVS03","central_joint_win_nbi",89,"NBI","N","seven_case",20,20,20,20,400,0,0.375,3.5,"sigmoid","case_specific","none","default",TRUE,TRUE,4.79686289494202,11.389648227737,-6.59278533279496,131.049999999995,4.79686289494202,11.389648227737,-6.59278533279496,-0.258496026514903,-0.00407045066231961,0.00569410920714897,0.00404021490541007,-710.13938890434,-1.77534847226086,8.10591913904796,-718.24530804339,-0.925018901489011,741.484089999998,-0.258496026514903,1.77534847226086,-0.925018901489011,741.484089999998,0.00404021490541007
"JVS03","central_joint_win_nbi",90,"NBI","N","seven_case",20,20,20,20,400,0,0.375,3.5,"sigmoid","case_specific","none","default",TRUE,TRUE,1.37773643628896,5.09559325313299,-3.71785681684401,169.119999999995,1.37773643628896,5.09559325313299,-3.71785681684401,-0.095926858424482,-0.008415878471278,0.00807788576402901,0.00639971091838804,-6.43505929378989,-0.0160876482344703,3.74705350449995,-10.1821127982801,1.27320974965798,1920.78999,-0.095926858424482,0.0160876482344703,1.27320974965798,1920.78999,0.00639971091838804
"JVS03","central_joint_win_nbi",91,"NBI","N","seven_case",20,20,20,20,400,0,0.375,3.5,"sigmoid","case_specific","none","default",TRUE,TRUE,4.74034687323206,9.13639995660301,-4.39605308336991,225.900000000002,4.74034687323206,9.13639995660301,-4.39605308336991,-0.337207442890707,0.00614442661103121,0.00583623733645799,0.00574115270224707,9.17786633296964,0.0229446658323997,21.7455057449069,-12.56763941194,-0.718764287813997,-2045.23366,-0.337207442890707,-0.0229446658323997,-0.718764287813997,-2045.23366,0.00574115270224707
"JVS03","central_joint_win_nbi",92,"NBI","N","seven_case",20,20,20,20,400,0,0.375,3.5,"sigmoid","case_specific","none","default",TRUE,TRUE,6.19435316400006,19.992174968367,-13.7978218043679,239.590000000004,6.19435316400006,19.992174968367,-13.7978218043679,-0.480189281109938,0.0001880533551991,0.0251426126608441,0.020775064784828,638.6541358044,1.59663533951099,26.771928241458,611.882207562937,-1.750667446617,-3635.425,-0.480189281109938,-1.59663533951099,-1.750667446617,-3635.425,0.020775064784828
"JVS03","central_joint_win_nbi",93,"NBI","N","seven_case",20,20,20,20,400,0,0.375,3.5,"sigmoid","case_specific","none","default",TRUE,TRUE,1.38940070130707,3.041187914407,-1.65178721310099,60.1699999999983,1.38940070130707,3.041187914407,-1.65178721310099,-0.163430300297807,-0.002380174124945,0.000397464231952971,-6.94679119640496e-05,-8.06660994647973,-0.0201665248661893,-4.27139077628703,-3.79521917018997,-1.81315236230802,-811.990390000006,-0.163430300297807,0.0201665248661893,-1.81315236230802,-811.990390000006,-6.94679119640496e-05
"JVS03","central_joint_win_nbi",94,"NBI","N","seven_case",20,20,20,20,400,0,0.375,3.5,"sigmoid","case_specific","none","default",TRUE,TRUE,2.27898786523099,5.50939813217403,-3.23041026694398,130.180000000001,2.27898786523099,5.50939813217403,-3.23041026694398,0.0712164506006808,-0.019539486399409,0.00921787389137407,0.00845069090186201,524.56960560891,1.31142401402228,0.646225160389918,523.92338044852,-3.52240838894201,-12354.01777,0.0712164506006808,-1.31142401402228,-3.52240838894201,-12354.01777,0.00845069090186201
"JVS03","central_joint_win_nbi",95,"NBI","N","seven_case",20,20,20,20,400,0,0.375,3.5,"sigmoid","case_specific","none","default",TRUE,TRUE,5.50612203838796,10.083704568584,-4.57758253019597,125.760000000002,5.50612203838796,10.083704568584,-4.57758253019597,-0.00586227240377701,0.0108543032437362,0.016930790484197,0.015889981542368,7.89870959677046,0.019746773991999,-5.19119899361806,13.0899085903898,0.226739621299004,-1303.59049,-0.00586227240377701,-0.019746773991999,0.226739621299004,-1303.59049,0.015889981542368
"JVS03","central_joint_win_nbi",96,"NBI","N","seven_case",20,20,20,20,400,0,0.375,3.5,"sigmoid","case_specific","none","default",TRUE,TRUE,1.27111742640398,3.77451152366902,-2.50339409726405,82.3600000000003,1.27111742640398,3.77451152366902,-2.50339409726405,-0.0670948351698151,-0.023505216560087,0.000847139265107932,0.00165432809149901,6.93622808250984,0.0173405702062901,7.37052816657808,-0.434300084065001,-1.69371335363101,-68.2784600000014,-0.0670948351698151,-0.0173405702062901,-1.69371335363101,-68.2784600000014,0.00165432809149901
"JVS03","central_joint_win_nbi",97,"NBI","N","seven_case",20,20,20,20,400,0,0.375,3.5,"sigmoid","case_specific","none","default",TRUE,TRUE,11.682143268347,16.045268619805,-4.36312535145794,135.099999999998,11.682143268347,16.045268619805,-4.36312535145794,0.16390219776644,0.0354714824074991,0.02563815048829,0.021391798749315,-712.9011117238,-1.78225277930949,-5.55743377118995,-707.343677952605,-3.66772535848,7617.48290999999,0.16390219776644,1.78225277930949,-3.66772535848,7617.48290999999,0.021391798749315
"JVS03","central_joint_win_nbi",98,"NBI","N","seven_case",20,20,20,20,400,0,0.375,3.5,"sigmoid","case_specific","none","default",TRUE,TRUE,1.53233355854604,3.84446673092697,-2.312133172382,75.4399999999951,1.53233355854604,3.84446673092697,-2.312133172382,-0.00290118981278298,0.0110553542137965,0.00703384515368699,0.00636162162724097,20.0782913283101,0.050195728320789,-0.511605134360934,20.5898964626799,-1.84085277128901,-2516.79413,-0.00290118981278298,-0.050195728320789,-1.84085277128901,-2516.79413,0.00636162162724097
"JVS03","central_joint_win_nbi",99,"NBI","N","seven_case",20,20,20,20,400,0,0.375,3.5,"sigmoid","case_specific","none","default",TRUE,TRUE,2.41198658475901,7.44240124549799,-5.03041466073898,233.950000000005,2.41198658475901,7.44240124549799,-5.03041466073898,0.015752832273746,0.020412713642388,0.00305310250838098,0.00215893728466099,675.45793866648,1.68864484666619,3.33187276155695,672.126065904915,-0.543508602104993,2860.48866,0.015752832273746,-1.68864484666619,-0.543508602104993,2860.48866,0.00215893728466099
"JVS03","central_joint_win_nbi",100,"NBI","N","seven_case",20,20,20,20,400,0,0.375,3.5,"sigmoid","case_specific","none","default",TRUE,TRUE,2.088568017174,5.07240305572202,-2.98383503854609,282.75,2.088568017174,5.07240305572202,-2.98383503854609,-0.00894210075026602,-0.166817138983555,0.005361560022213,0.002707526813431,10.5679089468094,0.0264197723671025,18.6416916431899,-8.07378269637957,1.948495640017,-1638.67281999999,-0.00894210075026602,-0.0264197723671025,1.948495640017,-1638.67281999999,0.002707526813431
"JVS02","weak_dependence_nbi",1,"NBI","N","seven_case",20,20,20,20,400,0,0.375,1.5,"sigmoid","case_specific","none","default",TRUE,TRUE,0.835667176387005,2.4750014677643,-1.63933429137705,57.27,0.835667176387005,2.4750014677643,-1.63933429137705,-0.143714120797269,-0.0210880692111688,0.003984626041106,0.003457194446574,1.5667681352619,0.00391692033814994,3.87115405239297,-2.3043859171312,-0.0926957196710134,-3789.4319,-0.143714120797269,-0.00391692033814994,-0.0926957196710134,-3789.4319,0.003457194446574
"JVS02","weak_dependence_nbi",2,"NBI","N","seven_case",20,20,20,20,400,0,0.375,1.5,"sigmoid","case_specific","none","default",TRUE,TRUE,1.45143892990404,4.2144446291366,-2.76300569923296,53.54,1.45143892990404,4.2144446291366,-2.76300569923296,0.058485037287469,-0.0081892160868978,0.010961426577831,0.006946055887359,-2.48662227140801,-0.00621655567851986,-3.85676998887402,1.3701477174664,3.93943202173401,2138.29668,0.058485037287469,0.00621655567851986,3.93943202173401,2138.29668,0.006946055887359
"JVS02","weak_dependence_nbi",3,"NBI","N","seven_case",20,20,20,20,400,0,0.375,1.5,"sigmoid","case_specific","none","default",TRUE,TRUE,0.292565322000996,0.613074418560913,-0.320509096559931,38.47,0.292565322000996,0.613074418560913,-0.320509096559931,-0.00511018104873301,-0.000382996982201983,0.00572498425739998,0.00442607055345801,-1.99293049325308,-0.00498232623312989,-0.885660661670045,-1.10726983158248,4.07065925755899,4397.71872,-0.00511018104873301,0.00498232623312989,4.07065925755899,4397.71872,0.00442607055345801
"JVS02","weak_dependence_nbi",4,"NBI","N","seven_case",20,20,20,20,400,0,0.375,1.5,"sigmoid","case_specific","none","default",TRUE,TRUE,0.532654147512062,1.25367170184241,-0.721017554329933,41.6399999999999,0.532654147512062,1.25367170184241,-0.721017554329933,-0.018718900933022,0.013753244130718,0.001731260292401,0.000357985986252973,-6.87240154283006,-0.0171810038570701,-5.30785474753202,-1.5645467952974,3.63044530826102,2224.27127,-0.018718900933022,0.0171810038570701,3.63044530826102,2224.27127,0.000357985986252973
"JVS02","weak_dependence_nbi",5,"NBI","N","seven_case",20,20,20,20,400,0,0.375,1.5,"sigmoid","case_specific","none","default",TRUE,TRUE,0.910192500511016,2.40532082199471,-1.49512832148298,26.08,0.910192500511016,2.40532082199471,-1.49512832148298,0.107514700041486,-0.0072370592292704,-0.001397831858306,-0.00111901415899401,-4.49334846127908,-0.0112333711531902,-8.33949217974794,3.846143718469,-0.0017798452020088,278.927410000004,0.107514700041486,0.0112333711531902,-0.0017798452020088,278.927410000004,-0.00111901415899401
"JVS02","weak_dependence_nbi",6,"NBI","N","seven_case",20,20,20,20,400,0,0.375,1.5,"sigmoid","case_specific","none","default",TRUE,TRUE,0.453126566686024,1.0087614712524,-0.555634904565977,43.5899999999999,0.453126566686024,1.0087614712524,-0.555634904565977,0.025913708755035,-0.0136666289162139,-0.002206063164929,-0.00205991447873,-3.00511353614502,-0.00751278384036036,-0.451723989436005,-2.55338954670818,-1.11614992009802,-1850.55282,0.025913708755035,0.00751278384036036,-1.11614992009802,-1850.55282,-0.00205991447873
"JVS02","weak_dependence_nbi",7,"NBI","N","seven_case",20,20,20,20,400,0,0.375,1.5,"sigmoid","case_specific","none","default",TRUE,TRUE,1.25263296116395,3.5486770666038,-2.29604410544107,47.6,1.25263296116395,3.5486770666038,-2.29604410544107,0.154454623410975,-0.0068936626092279,0.00812913090973,0.00539062939927698,-1.79064099215191,-0.00447660248037973,-4.644266587365,2.8536255952132,-0.81444370756401,-1076.87640000001,0.154454623410975,0.00447660248037973,-0.81444370756401,-1076.87640000001,0.00539062939927698
"JVS02","weak_dependence_nbi",8,"NBI","N","seven_case",20,20,20,20,400,0,0.375,1.5,"sigmoid","case_specific","none","default",TRUE,TRUE,0.695266089438974,1.6639712161425,-0.968705126703071,39.22,0.695266089438974,1.6639712161425,-0.968705126703071,0.012849680156952,-0.0157359097940508,0.003258030721705,0.00320058089938796,-0.238413295031933,-0.000596033237589833,1.313170135066,-1.5515834300982,-0.0621150865090101,295.574860000008,0.012849680156952,0.000596033237589833,-0.0621150865090101,295.574860000008,0.00320058089938796
"JVS02","weak_dependence_nbi",9,"NBI","N","seven_case",20,20,20,20,400,0,0.375,1.5,"sigmoid","case_specific","none","default",TRUE,TRUE,0.305265671388042,1.7071163018038,-1.40185063041497,39.26,0.305265671388042,1.7071163018038,-1.40185063041497,-0.0807766942111128,-0.0057795984399996,0.00283640901530502,0.002151572692559,-1.02732483346904,-0.00256831208367014,0.0219717302450135,-1.04929656371472,0.904461614372991,-582.451000000001,-0.0807766942111128,0.00256831208367014,0.904461614372991,-582.451000000001,0.002151572692559
"JVS02","weak_dependence_nbi",10,"NBI","N","seven_case",20,20,20,20,400,0,0.375,1.5,"sigmoid","case_specific","none","default",TRUE,TRUE,0.655098226536097,2.54446756075819,-1.88936933422292,59.6100000000001,0.655098226536097,2.54446756075819,-1.88936933422292,0.036672633411188,-0.027724802778223,0.00584376461138802,0.00391600747253401,-3.42924015851497,-0.00857310039628967,3.58737637606907,-7.01661653458468,-1.98300401682599,-145.796499999997,0.036672633411188,0.00857310039628967,-1.98300401682599,-145.796499999997,0.00391600747253401
"JVS02","weak_dependence_nbi",11,"NBI","N","seven_case",20,20,20,20,400,0,0.375,1.5,"sigmoid","case_specific","none","default",TRUE,TRUE,3.64330410317905,9.01291433726941,-5.36961023409003,89.11,3.64330410317905,9.01291433726941,-5.36961023409003,-0.441320977425795,0.0174156419120851,0.01951210835636,0.014920202923906,4.24621756670194,0.0106155439167601,6.657572352393,-2.4113547856906,-0.0139823746349919,-1071.76075,-0.441320977425795,-0.0106155439167601,-0.0139823746349919,-1071.76075,0.014920202923906
"JVS02","weak_dependence_nbi",12,"NBI","N","seven_case",20,20,20,20,400,0,0.375,1.5,"sigmoid","case_specific","none","default",TRUE,TRUE,0.644545414897948,1.7915196544404,-1.14697423954203,44.5399999999996,0.644545414897948,1.7915196544404,-1.14697423954203,-0.091740757499569,-0.0258424725855455,0.00361594616194899,0.00310310526652902,2.841865152531,0.00710466288132983,3.59698437116208,-0.755119218629901,1.79237940618501,849.603009999992,-0.091740757499569,-0.00710466288132983,1.79237940618501,849.603009999992,0.00310310526652902
"JVS02","weak_dependence_nbi",13,"NBI","N","seven_case",20,20,20,20,400,0,0.375,1.5,"sigmoid","case_specific","none","default",TRUE,TRUE,0.887239144225987,2.84108152414549,-1.95384237991891,82.4699999999999,0.887239144225987,2.84108152414549,-1.95384237991891,-0.090888905166499,0.0181159914093661,0.011045641338101,0.00824217941588701,4.108868760017,0.0102721719000396,12.910545660662,-8.8016769006458,-4.24206085972901,-2233.77360000001,-0.090888905166499,-0.0102721719000396,-4.24206085972901,-2233.77360000001,0.00824217941588701
"JVS02","weak_dependence_nbi",14,"NBI","N","seven_case",20,20,20,20,400,0,0.375,1.5,"sigmoid","case_specific","none","default",TRUE,TRUE,0.627023644258998,2.3935343845315,-1.766510740272,44.3999999999998,0.627023644258998,2.3935343845315,-1.766510740272,-0.04559387044629,-0.0057070814745738,0.00433495523684796,0.003121922038992,-1.02691738177293,-0.00256729345442963,3.69388020315796,-4.7207975849311,1.024180325424,2940.39898999999,-0.04559387044629,0.00256729345442963,1.024180325424,2940.39898999999,0.003121922038992
"JVS02","weak_dependence_nbi",15,"NBI","N","seven_case",20,20,20,20,400,0,0.375,1.5,"sigmoid","case_specific","none","default",TRUE,TRUE,1.67598824833897,3.85228472987841,-2.17629648154002,57.1300000000001,1.67598824833897,3.85228472987841,-2.17629648154002,0.010215836023345,-0.0413945420484919,0.011407594103564,0.00783832205367299,2.83630389921098,0.00709075974803008,1.04035596355402,1.7959479356561,-2.859843148415,-5173.20040999999,0.010215836023345,-0.00709075974803008,-2.859843148415,-5173.20040999999,0.00783832205367299
"JVS02","weak_dependence_nbi",16,"NBI","N","seven_case",20,20,20,20,400,0,0.375,1.5,"sigmoid","case_specific","none","default",TRUE,TRUE,0.912686835860995,2.27426297591199,-1.36157614005197,74.7800000000041,0.912686835860995,2.27426297591199,-1.36157614005197,0.056265453943673,-0.0293710449452328,0.00316623880986899,0.00312867170840397,2.95128217585693,0.00737820543964007,1.21876870142501,1.73251347443158,-3.18808735811399,-3178.08881,0.056265453943673,-0.00737820543964007,-3.18808735811399,-3178.08881,0.00312867170840397
"JVS02","weak_dependence_nbi",17,"NBI","N","seven_case",20,20,20,20,400,0,0.375,1.5,"sigmoid","case_specific","none","default",TRUE,TRUE,2.01621491799301,4.56595996227389,-2.54974504428094,57.9299999999926,2.01621491799301,4.56595996227389,-2.54974504428094,0.086453605976279,-0.0358575903402722,0.00442892264829103,0.002534228260615,-3.82784036402404,-0.00956960091005987,2.58466325851793,-6.412503622542,-1.866092164257,-3335.59309000001,0.086453605976279,0.00956960091005987,-1.866092164257,-3335.59309000001,0.002534228260615
"JVS02","weak_dependence_nbi",18,"NBI","N","seven_case",20,20,20,20,400,0,0.375,1.5,"sigmoid","case_specific","none","default",TRUE,TRUE,0.976279824041967,2.2730313780288,-1.29675155398695,36.9199999999982,0.976279824041967,2.2730313780288,-1.29675155398695,-0.190805571299428,0.00551714460060231,0.00566880865726999,0.00339195687975899,3.58706291667897,0.0089676572916999,5.63112734596098,-2.0440644292822,-3.919187658342,-5321.62259000004,-0.190805571299428,-0.0089676572916999,-3.919187658342,-5321.62259000004,0.00339195687975899
"JVS02","weak_dependence_nbi",19,"NBI","N","seven_case",20,20,20,20,400,0,0.375,1.5,"sigmoid","case_specific","none","default",TRUE,TRUE,1.22145814945998,3.9631800365654,-2.741721887106,79.0400000000013,1.22145814945998,3.9631800365654,-2.741721887106,0.094648538412309,-0.0080596640260013,0.019892474270045,0.015306707054319,-3.64507710289604,-0.00911269275724003,-5.69661178744195,2.05153468454615,2.09480002675602,2483.58275,0.094648538412309,0.00911269275724003,2.09480002675602,2483.58275,0.015306707054319
"JVS02","weak_dependence_nbi",20,"NBI","N","seven_case",20,20,20,20,400,0,0.375,1.5,"sigmoid","case_specific","none","default",TRUE,TRUE,1.55741709988001,3.44569428381359,-1.88827718393395,41.9300000000004,1.55741709988001,3.44569428381359,-1.88827718393395,-0.123984860222911,-0.000971887080928699,0.016596904860669,0.012281018684241,3.54960125160801,0.0088740031290202,4.75352342603503,-1.2039221744275,-2.130972268562,-2706.44031999999,-0.123984860222911,-0.0088740031290202,-2.130972268562,-2706.44031999999,0.012281018684241
"JVS02","weak_dependence_nbi",21,"NBI","N","seven_case",20,20,20,20,400,0,0.375,1.5,"sigmoid","case_specific","none","default",TRUE,TRUE,1.02762454988203,2.2263059267349,-1.19868137685296,42.9699999999939,1.02762454988203,2.2263059267349,-1.19868137685296,0.00961867025034102,-0.0131389884621181,0.00698341910337397,0.00393664866955196,-1.44289412069702,-0.00360723530175022,3.95370743763294,-5.39660155833,-2.54761896442201,-3646.31207999997,0.00961867025034102,0.00360723530175022,-2.54761896442201,-3646.31207999997,0.00393664866955196
"JVS02","weak_dependence_nbi",22,"NBI","N","seven_case",20,20,20,20,400,0,0.375,1.5,"sigmoid","case_specific","none","default",TRUE,TRUE,1.08434569977601,3.40756375575199,-2.32321805597599,81.3000000000025,1.08434569977601,3.40756375575199,-2.32321805597599,-0.07010137766948,-0.0252725115947213,0.0223645294171601,0.018649912729418,1.35265748968891,0.00338164372422023,0.993547068514999,0.35911042117394,-1.069586343851,-2931.72537999999,-0.07010137766948,-0.00338164372422023,-1.069586343851,-2931.72537999999,0.018649912729418
"JVS02","weak_dependence_nbi",23,"NBI","N","seven_case",20,20,20,20,400,0,0.375,1.5,"sigmoid","case_specific","none","default",TRUE,TRUE,0.442533669361978,0.918576347855499,-0.476042678494991,27.8299999999945,0.442533669361978,0.918576347855499,-0.476042678494991,0.032688096294052,-0.032391811023551,-0.00071379085073503,-0.000508267529193002,2.26824430501301,0.00567061076252973,2.74296281495606,-0.474718509943802,-1.32032091517101,-1720.64697,0.032688096294052,-0.00567061076252973,-1.32032091517101,-1720.64697,-0.000508267529193002
"JVS02","weak_dependence_nbi",24,"NBI","N","seven_case",20,20,20,20,400,0,0.375,1.5,"sigmoid","case_specific","none","default",TRUE,TRUE,1.09198226021704,2.924874394057,-1.83289213384001,71.5,1.09198226021704,2.924874394057,-1.83289213384001,-0.112397386370365,0.0145867136293167,0.014783213212787,0.011239201946743,-4.14525227057004,-0.0103631306764203,-2.317335438751,-1.8279168318194,1.994843180532,289.237330000004,-0.112397386370365,0.0103631306764203,1.994843180532,289.237330000004,0.011239201946743
"JVS02","weak_dependence_nbi",25,"NBI","N","seven_case",20,20,20,20,400,0,0.375,1.5,"sigmoid","case_specific","none","default",TRUE,TRUE,0.154461491242955,0.318424426815099,-0.163962935573068,23.479999999996,0.154461491242955,0.318424426815099,-0.163962935573068,0.06391239479113,0.00147300703581639,0.000600824358719998,0.000236980640033996,-0.997074298944995,-0.00249268574735995,-1.81516417166506,0.81808987272067,1.37067540459199,111.867849999995,0.06391239479113,0.00249268574735995,1.37067540459199,111.867849999995,0.000236980640033996
"JVS02","weak_dependence_nbi",26,"NBI","N","seven_case",20,20,20,20,400,0,0.375,1.5,"sigmoid","case_specific","none","default",TRUE,TRUE,1.39509173506906,4.0142649050085,-2.61917316993993,60.2399999999981,1.39509173506906,4.0142649050085,-2.61917316993993,0.00465355766226505,0.0019759127834915,0.01010098128602,0.00660927473693801,-3.9986586158451,-0.00999664653960997,-3.88487726764197,-0.113781348203297,3.99726750591901,1918.14721000001,0.00465355766226505,0.00999664653960997,3.99726750591901,1918.14721000001,0.00660927473693801
"JVS02","weak_dependence_nbi",27,"NBI","N","seven_case",20,20,20,20,400,0,0.375,1.5,"sigmoid","case_specific","none","default",TRUE,TRUE,0.794525441870064,2.17482028636499,-1.38029484449396,58.4000000000013,0.794525441870064,2.17482028636499,-1.38029484449396,0.073897232264985,0.0351974171339136,0.01285322580982,0.01081825170213,-1.01385142987806,-0.0025346285747001,-1.88102524019598,0.867173810318008,9.15100264662001,8261.18851000001,0.073897232264985,0.0025346285747001,9.15100264662001,8261.18851000001,0.01081825170213
"JVS02","weak_dependence_nbi",28,"NBI","N","seven_case",20,20,20,20,400,0,0.375,1.5,"sigmoid","case_specific","none","default",TRUE,TRUE,0.148031113758066,0.312599358430305,-0.164568244672068,21.3899999999995,0.148031113758066,0.312599358430305,-0.164568244672068,-0.011005007384452,-0.0024209058976426,-0.00188046710457901,-0.00146573380760495,-0.18614437158999,-0.000465360928969982,-0.363100315870952,0.1769559442813,-0.496691654947,-909.666150000005,-0.011005007384452,0.000465360928969982,-0.496691654947,-909.666150000005,-0.00146573380760495
"JVS02","weak_dependence_nbi",29,"NBI","N","seven_case",20,20,20,20,400,0,0.375,1.5,"sigmoid","case_specific","none","default",TRUE,TRUE,0.567106422744928,1.1765623764854,-0.609455953740053,27.7099999999991,0.567106422744928,1.1765623764854,-0.609455953740053,-0.00249167546143103,0.009507128953706,0.00295345899392196,0.00194484149754001,-1.62883290852199,-0.00407208227131006,0.106893454622991,-1.7357263631459,2.57621224393901,1908.46636999999,-0.00249167546143103,0.00407208227131006,2.57621224393901,1908.46636999999,0.00194484149754001
"JVS02","weak_dependence_nbi",30,"NBI","N","seven_case",20,20,20,20,400,0,0.375,1.5,"sigmoid","case_specific","none","default",TRUE,TRUE,0.0287463012829221,0.524714626446396,-0.495968325162949,-63.670000000005,0.0287463012829221,0.524714626446396,-0.495968325162949,0.011488410789103,0.00583695226847999,0.000987396279582997,0.00065687816698301,-2.72314630714595,-0.00680786576785986,-2.06337673343103,-0.659769573714801,1.117355225886,2530.61404,0.011488410789103,0.00680786576785986,1.117355225886,2530.61404,0.00065687816698301
"JVS02","weak_dependence_nbi",31,"NBI","N","seven_case",20,20,20,20,400,0,0.375,1.5,"sigmoid","case_specific","none","default",TRUE,TRUE,0.835539960267965,1.9663163803155,-1.13077642004805,43.440000000002,0.835539960267965,1.9663163803155,-1.13077642004805,-0.05235820295561,0.00521675820414501,0.00405385977523198,0.00391915452688602,-0.349204136638946,-0.000873010341590152,0.352191369671004,-0.701395506310291,1.14139831313199,-2137.56421000001,-0.05235820295561,0.000873010341590152,1.14139831313199,-2137.56421000001,0.00391915452688602
"JVS02","weak_dependence_nbi",32,"NBI","N","seven_case",20,20,20,20,400,0,0.375,1.5,"sigmoid","case_specific","none","default",TRUE,TRUE,0.37314479172494,0.902042440095798,-0.528897648369934,28.8300000000018,0.37314479172494,0.902042440095798,-0.528897648369934,-0.093446309335039,-0.0043373902324855,0.00200658078281502,0.00146701074025501,1.20631595807197,0.00301578989517992,3.042841381264,-1.8365254231925,-0.699759569886993,-310.236369999999,-0.093446309335039,-0.00301578989517992,-0.699759569886993,-310.236369999999,0.00146701074025501
"JVS02","weak_dependence_nbi",33,"NBI","N","seven_case",20,20,20,20,400,0,0.375,1.5,"sigmoid","case_specific","none","default",TRUE,TRUE,2.51975518140091,6.658628110451,-4.13887292905099,89.3700000000026,2.51975518140091,6.658628110451,-4.13887292905099,-0.279210037429046,0.035238197717193,0.037321319503542,0.025592940878411,-0.22360709241093,-0.000559017731020184,6.94170134890101,-7.1653084413112,2.96193298853601,3298.95681,-0.279210037429046,0.000559017731020184,2.96193298853601,3298.95681,0.025592940878411
"JVS02","weak_dependence_nbi",34,"NBI","N","seven_case",20,20,20,20,400,0,0.375,1.5,"sigmoid","case_specific","none","default",TRUE,TRUE,4.28120201503498,7.7488270745083,-3.46762505947299,52.1500000000016,4.28120201503498,7.7488270745083,-3.46762505947299,-0.321270886833037,-0.0045743119588323,0.026947870758219,0.02022847434158,-8.71982786729995,-0.02179956966825,14.5066798411749,-23.2265077084743,-1.26377237987901,867.687150000012,-0.321270886833037,0.02179956966825,-1.26377237987901,867.687150000012,0.02022847434158
"JVS02","weak_dependence_nbi",35,"NBI","N","seven_case",20,20,20,20,400,0,0.375,1.5,"sigmoid","case_specific","none","default",TRUE,TRUE,0.359965351315964,0.877356684655901,-0.517391333338992,30.3600000000006,0.359965351315964,0.877356684655901,-0.517391333338992,-0.069735471093579,-0.004901810956415,0.00732941218604399,0.00501616551513101,2.068889214656,0.00517222303663978,5.87296207216298,-3.8040728575064,-1.03255111037399,-204.172309999994,-0.069735471093579,-0.00517222303663978,-1.03255111037399,-204.172309999994,0.00501616551513101
"JVS02","weak_dependence_nbi",36,"NBI","N","seven_case",20,20,20,20,400,0,0.375,1.5,"sigmoid","case_specific","none","default",TRUE,TRUE,0.119031011233005,0.319876388813597,-0.200845377581004,17.1100000000005,0.119031011233005,0.319876388813597,-0.200845377581004,0.00600130778137103,-0.00213128974285201,0.002057020772254,0.00144735483161101,0.396943015187048,0.000992357537970001,-0.0347944778320652,0.431737493017998,5.17177544108799,4083.64361,0.00600130778137103,-0.000992357537970001,5.17177544108799,4083.64361,0.00144735483161101
"JVS02","weak_dependence_nbi",37,"NBI","N","seven_case",20,20,20,20,400,0,0.375,1.5,"sigmoid","case_specific","none","default",TRUE,TRUE,2.86986657121702,5.66543749787381,-2.79557092665698,92.9699999999864,2.86986657121702,5.66543749787381,-2.79557092665698,0.04096215500677,-0.0215718462247755,0.010769545146256,0.00795210335795099,1.14821863308998,0.00287054658272989,-2.30266229833398,3.4508809314242,0.302393310592976,-521.88003,0.04096215500677,-0.00287054658272989,0.302393310592976,-521.88003,0.00795210335795099
"JVS02","weak_dependence_nbi",38,"NBI","N","seven_case",20,20,20,20,400,0,0.375,1.5,"sigmoid","case_specific","none","default",TRUE,TRUE,1.35310260249003,3.1955381370211,-1.84243553453109,57.4799999999957,1.35310260249003,3.1955381370211,-1.84243553453109,-0.137150205659695,-0.015875042370716,0.010698119502788,0.00790601478717201,4.77091631596591,0.0119272907899197,8.60683537873797,-3.835919062772,2.391930559217,-586.3511,-0.137150205659695,-0.0119272907899197,2.391930559217,-586.3511,0.00790601478717201
"JVS02","weak_dependence_nbi",39,"NBI","N","seven_case",20,20,20,20,400,0,0.375,1.5,"sigmoid","case_specific","none","default",TRUE,TRUE,0.819333142150981,2.12222193895261,-1.30288879680097,43.4199999999978,0.819333142150981,2.12222193895261,-1.30288879680097,-0.011806270405386,-0.0043576615633519,-0.000532873158440972,-0.00187502868676498,-5.30604431325708,-0.0132651107831498,-0.590387320256013,-4.7156569930014,-0.481405992437999,-200.207729999995,-0.011806270405386,0.0132651107831498,-0.481405992437999,-200.207729999995,-0.00187502868676498
"JVS02","weak_dependence_nbi",40,"NBI","N","seven_case",20,20,20,20,400,0,0.375,1.5,"sigmoid","case_specific","none","default",TRUE,TRUE,0.670805322926981,1.4459835514008,-0.77517822847301,26.1300000000047,0.670805322926981,1.4459835514008,-0.77517822847301,-0.037089987111207,0.008248889667405,0.00633021714793197,0.004085294352418,0.826318802362039,0.00206579700591014,4.45848810875202,-3.6321693063903,-0.768094561469013,-1054.97903000002,-0.037089987111207,-0.00206579700591014,-0.768094561469013,-1054.97903000002,0.004085294352418
"JVS02","weak_dependence_nbi",41,"NBI","N","seven_case",20,20,20,20,400,0,0.375,1.5,"sigmoid","case_specific","none","default",TRUE,TRUE,0.61169602433506,1.30885176371929,-0.697155739384016,34.2999999999886,0.61169602433506,1.30885176371929,-0.697155739384016,0.00166864972633401,-0.0066775476575539,0.00310711424678101,0.00296599662890198,2.99563356326701,0.00748908390816982,0.844135270311995,2.1514982929561,-0.962578280658022,380.726769999994,0.00166864972633401,-0.00748908390816982,-0.962578280658022,380.726769999994,0.00296599662890198
"JVS02","weak_dependence_nbi",42,"NBI","N","seven_case",20,20,20,20,400,0,0.375,1.5,"sigmoid","case_specific","none","default",TRUE,TRUE,0.820891765270972,1.8441721802476,-1.02328041497708,46.619999999995,0.820891765270972,1.8441721802476,-1.02328041497708,0.08768875838251,-0.0191947656567611,0.00472725243229499,0.003328685860297,-2.181097416797,-0.00545274354198977,0.28607696047095,-2.46717437726769,-1.24116089652301,-2495.68580000001,0.08768875838251,0.00545274354198977,-1.24116089652301,-2495.68580000001,0.003328685860297
"JVS02","weak_dependence_nbi",43,"NBI","N","seven_case",20,20,20,20,400,0,0.375,1.5,"sigmoid","case_specific","none","default",TRUE,TRUE,0.908918257909022,2.8715911777074,-1.96267291979893,32.4400000000021,0.908918257909022,2.8715911777074,-1.96267291979893,-0.0730352139363,-0.036473906461643,0.00208252822721,0.00137479790407696,0.0184686773909561,4.61716934800904e-05,4.17548202614,-4.1570133487481,2.375245821183,1242.932,-0.0730352139363,-4.61716934800904e-05,2.375245821183,1242.932,0.00137479790407696
"JVS02","weak_dependence_nbi",44,"NBI","N","seven_case",20,20,20,20,400,0,0.375,1.5,"sigmoid","case_specific","none","default",TRUE,TRUE,0.533996762472043,1.36619527322441,-0.83219851075205,41.2999999999884,0.533996762472043,1.36619527322441,-0.83219851075205,0.00855207820721199,0.0221928754130079,-0.006570100442923,-0.00536063721140598,-1.42620967980497,-0.00356552419951006,-0.415150253990078,-1.0110594258151,-0.625822221263007,-2231.20681,0.00855207820721199,0.00356552419951006,-0.625822221263007,-2231.20681,-0.00536063721140598
"JVS02","weak_dependence_nbi",45,"NBI","N","seven_case",20,20,20,20,400,0,0.375,1.5,"sigmoid","case_specific","none","default",TRUE,TRUE,1.01754073790096,2.4996360315354,-1.48209529363498,46.8399999999965,1.01754073790096,2.4996360315354,-1.48209529363498,-0.012853484212373,-0.0170965427626086,-0.012086528974248,-0.00995533234297202,1.12601838875003,0.00281504597188009,4.196741561576,-3.0707231728261,2.61127187127101,1300.25914000001,-0.012853484212373,-0.00281504597188009,2.61127187127101,1300.25914000001,-0.00995533234297202
"JVS02","weak_dependence_nbi",46,"NBI","N","seven_case",20,20,20,20,400,0,0.375,1.5,"sigmoid","case_specific","none","default",TRUE,TRUE,0.469143383548044,1.3327312244749,-0.863587840926925,35.279999999999,0.469143383548044,1.3327312244749,-0.863587840926925,-0.019174010151819,-0.0224020630953786,-0.00458995306889803,-0.00353574023911798,1.08836989168401,0.00272092472920971,3.86716067771192,-2.7787907860282,2.534195912938,2934.50531999998,-0.019174010151819,-0.00272092472920971,2.534195912938,2934.50531999998,-0.00353574023911798
"JVS02","weak_dependence_nbi",47,"NBI","N","seven_case",20,20,20,20,400,0,0.375,1.5,"sigmoid","case_specific","none","default",TRUE,TRUE,0.357019763955009,0.802790949403899,-0.445771185448962,32.8300000000017,0.357019763955009,0.802790949403899,-0.445771185448962,0.011052930906274,-0.0016335849327532,0.00492063293531803,0.00377441860003402,0.221979806169998,0.000554949515430003,-0.678303168304978,0.900282974475299,-2.913821764191,-2153.18613,0.011052930906274,-0.000554949515430003,-2.913821764191,-2153.18613,0.00377441860003402
"JVS02","weak_dependence_nbi",48,"NBI","N","seven_case",20,20,20,20,400,0,0.375,1.5,"sigmoid","case_specific","none","default",TRUE,TRUE,0.731259185659042,1.8468576500224,-1.11559846436296,39.1699999999982,0.731259185659042,1.8468576500224,-1.11559846436296,0.038150094105311,0.00660092307701651,0.00384881106212098,0.00272843384640301,-3.01532762960005,-0.00753831907399993,-2.496044594968,-0.51928303463172,5.20072815799799,4029.24308999999,0.038150094105311,0.00753831907399993,5.20072815799799,4029.24308999999,0.00272843384640301
"JVS02","weak_dependence_nbi",49,"NBI","N","seven_case",20,20,20,20,400,0,0.375,1.5,"sigmoid","case_specific","none","default",TRUE,TRUE,1.09307630883995,2.7384117006542,-1.645335391814,35.329999999987,1.09307630883995,2.7384117006542,-1.645335391814,-0.216406453122073,0.0038310415516542,0.000837542894868981,0.00103396044019399,-2.0696361203361,-0.00517409030083993,-0.749733793163955,-1.3199023271715,-2.337894287506,-3932.26089000001,-0.216406453122073,0.00517409030083993,-2.337894287506,-3932.26089000001,0.00103396044019399
"JVS02","weak_dependence_nbi",50,"NBI","N","seven_case",20,20,20,20,400,0,0.375,1.5,"sigmoid","case_specific","none","default",TRUE,TRUE,2.62575785803699,5.8677587623757,-3.24200090433897,44.6900000000022,2.62575785803699,5.8677587623757,-3.24200090433897,-0.19360517010993,0.019594384715509,0.00519065819116399,0.00312164920237501,-3.15793980483704,-0.0078948495120903,5.38479543066001,-8.5427352354971,4.82849921533298,4709.84052,-0.19360517010993,0.0078948495120903,4.82849921533298,4709.84052,0.00312164920237501
"JVS02","weak_dependence_nbi",51,"NBI","N","seven_case",20,20,20,20,400,0,0.375,1.5,"sigmoid","case_specific","none","default",TRUE,TRUE,1.10831785546497,2.9753980088956,-1.86708015342992,47.4000000000086,1.10831785546497,2.9753980088956,-1.86708015342992,-0.07678585502423,-0.011636232129096,0.00587148058398401,0.00399285035448899,-0.595811394525981,-0.00148952848631012,-0.16116528879104,-0.434646105734906,-1.160158555886,-65.4471599999961,-0.07678585502423,0.00148952848631012,-1.160158555886,-65.4471599999961,0.00399285035448899
"JVS02","weak_dependence_nbi",52,"NBI","N","seven_case",20,20,20,20,400,0,0.375,1.5,"sigmoid","case_specific","none","default",TRUE,TRUE,1.03423560588203,2.18633241409989,-1.15209680821795,35.6100000000008,1.03423560588203,2.18633241409989,-1.15209680821795,-0.099034441726008,0.0043767518136773,0.011602838753963,0.00823143582372499,-0.214346108156974,-0.000535865270389735,-0.815458808879953,0.601112700724098,0.537618192722022,889.528549999988,-0.099034441726008,0.000535865270389735,0.537618192722022,889.528549999988,0.00823143582372499
"JVS02","weak_dependence_nbi",53,"NBI","N","seven_case",20,20,20,20,400,0,0.375,1.5,"sigmoid","case_specific","none","default",TRUE,TRUE,0.495142195597964,1.1387275011013,-0.643585305504075,50.2700000000041,0.495142195597964,1.1387275011013,-0.643585305504075,-0.098361290105172,3.10488022051969e-05,0.00294407985138601,0.00237819564064298,1.60666033923303,0.00401665084807989,2.27137835885503,-0.664718019621802,-1.75574798647,-1087.34734999998,-0.098361290105172,-0.00401665084807989,-1.75574798647,-1087.34734999998,0.00237819564064298
"JVS02","weak_dependence_nbi",54,"NBI","N","seven_case",20,20,20,20,400,0,0.375,1.5,"sigmoid","case_specific","none","default",TRUE,TRUE,0.599779643304032,1.6578956770031,-1.05811603369909,48.5800000000017,0.599779643304032,1.6578956770031,-1.05811603369909,0.025347181232818,-0.0028983830624198,0.00200016768011296,0.00070572389672599,-2.93458680114907,-0.00733646700286972,-5.53729542086603,2.6027086197182,-2.237158401334,-2030.77124,0.025347181232818,0.00733646700286972,-2.237158401334,-2030.77124,0.00070572389672599
"JVS02","weak_dependence_nbi",55,"NBI","N","seven_case",20,20,20,20,400,0,0.375,1.5,"sigmoid","case_specific","none","default",TRUE,TRUE,1.29098538403991,3.9717778274823,-2.68079244344096,53.8799999999902,1.29098538403991,3.9717778274823,-2.68079244344096,-0.0842120280447849,0.0038283826727368,0.011990942118228,0.00843866962004297,-2.10313889624604,-0.00525784724060996,6.66573378627299,-8.7688726825205,-0.536823371014009,-692.267930000002,-0.0842120280447849,0.00525784724060996,-0.536823371014009,-692.267930000002,0.00843866962004297
"JVS02","weak_dependence_nbi",56,"NBI","N","seven_case",20,20,20,20,400,0,0.375,1.5,"sigmoid","case_specific","none","default",TRUE,TRUE,1.31243595544606,3.4456885884353,-2.13325263298998,64.2900000000083,1.31243595544606,3.4456885884353,-2.13325263298998,-0.134242251056522,-0.0205194840292854,-0.00410064934607796,-0.00378464787639599,3.508233920517,0.00877058480129023,1.78907250073905,1.7191614197787,-0.913883417535004,-1340.09566000002,-0.134242251056522,-0.00877058480129023,-0.913883417535004,-1340.09566000002,-0.00378464787639599
"JVS02","weak_dependence_nbi",57,"NBI","N","seven_case",20,20,20,20,400,0,0.375,1.5,"sigmoid","case_specific","none","default",TRUE,TRUE,2.55347637200202,8.4160894448277,-5.86261307282405,100.300000000017,2.55347637200202,8.4160894448277,-5.86261307282405,0.127204093573038,0.03101461357589,0.036977637866825,0.028402236850526,-3.62257721020103,-0.00905644302550979,-3.51590929616407,-0.106667914037999,4.126295871634,6700.99545000002,0.127204093573038,0.00905644302550979,4.126295871634,6700.99545000002,0.028402236850526
"JVS02","weak_dependence_nbi",58,"NBI","N","seven_case",20,20,20,20,400,0,0.375,1.5,"sigmoid","case_specific","none","default",TRUE,TRUE,2.15315925068705,7.8730443627573,-5.71988511206996,99.6900000000171,2.15315925068705,7.8730443627573,-5.71988511206996,-0.235542857891237,0.022073675233504,0.00267683137014496,0.000117626089937983,-0.698838007504946,-0.00174709501875991,6.3707637208031,-7.0696017283079,-1.94241702197101,-957.645250000001,-0.235542857891237,0.00174709501875991,-1.94241702197101,-957.645250000001,0.000117626089937983
"JVS02","weak_dependence_nbi",59,"NBI","N","seven_case",20,20,20,20,400,0,0.375,1.5,"sigmoid","case_specific","none","default",TRUE,TRUE,0.338590814311033,0.902175631292707,-0.563584816981006,30.0299999999993,0.338590814311033,0.902175631292707,-0.563584816981006,-0.077676324745717,-0.0082494646433086,0.00667217670165499,0.00570158476851798,-0.112796720961001,-0.000281991802410175,6.72039404529994,-6.8331907662617,-1.38161677552199,1160.67204999999,-0.077676324745717,0.000281991802410175,-1.38161677552199,1160.67204999999,0.00570158476851798
"JVS02","weak_dependence_nbi",60,"NBI","N","seven_case",20,20,20,20,400,0,0.375,1.5,"sigmoid","case_specific","none","default",TRUE,TRUE,0.327467952554002,0.838450764689597,-0.510982812135012,33.0100000000093,0.327467952554002,0.838450764689597,-0.510982812135012,-0.010252073424144,-0.0069440592478078,0.00780686291542704,0.00605671089138499,-1.21562815380105,-0.00303907038450024,-0.171363229158942,-1.0442649246428,-1.707313683775,-312.885179999997,-0.010252073424144,0.00303907038450024,-1.707313683775,-312.885179999997,0.00605671089138499
"JVS02","weak_dependence_nbi",61,"NBI","N","seven_case",20,20,20,20,400,0,0.375,1.5,"sigmoid","case_specific","none","default",TRUE,TRUE,1.97156569611207,5.2743342579884,-3.30276856187606,61.9799999999963,1.97156569611207,5.2743342579884,-3.30276856187606,0.0126323397530671,-0.0467086545648798,0.00594012599117399,0.00410620187770899,-1.79825082820901,-0.00449562707051987,1.48060960358805,-3.2788604317977,-1.57785412227,-3870.96232999999,0.0126323397530671,0.00449562707051987,-1.57785412227,-3870.96232999999,0.00410620187770899
"JVS02","weak_dependence_nbi",62,"NBI","N","seven_case",20,20,20,20,400,0,0.375,1.5,"sigmoid","case_specific","none","default",TRUE,TRUE,1.85461231403394,4.8860744355414,-3.03146212150796,132.220000000002,1.85461231403394,4.8860744355414,-3.03146212150796,-0.039798921706471,-0.0667327590822088,-0.00111462121844302,-0.003660239029183,-3.3137119938209,-0.00828427998456016,6.695785067364,-10.0094970611852,0.199474816263006,-6611.69779000001,-0.039798921706471,0.00828427998456016,0.199474816263006,-6611.69779000001,-0.003660239029183
"JVS02","weak_dependence_nbi",63,"NBI","N","seven_case",20,20,20,20,400,0,0.375,1.5,"sigmoid","case_specific","none","default",TRUE,TRUE,1.27320010417395,3.00705082681669,-1.73385072264296,32.0199999999895,1.27320010417395,3.00705082681669,-1.73385072264296,-0.147576287650869,-0.0170157094660518,0.00616691257701296,0.004349654352512,-3.80332310100709,-0.00950830775251976,2.98996180845404,-6.7932849094606,-0.989332952104007,-2175.29459,-0.147576287650869,0.00950830775251976,-0.989332952104007,-2175.29459,0.004349654352512
"JVS02","weak_dependence_nbi",64,"NBI","N","seven_case",20,20,20,20,400,0,0.375,1.5,"sigmoid","case_specific","none","default",TRUE,TRUE,0.227017316758975,0.501685004716698,-0.274667687958072,20.8699999999953,0.227017316758975,0.501685004716698,-0.274667687958072,-0.044019005483168,-0.0102261106243997,-0.000207845753944003,-0.000234081384326013,1.44458701378096,0.00361146753445007,1.59851138579393,-0.153924372012561,-0.815412328269019,-341.600690000007,-0.044019005483168,-0.00361146753445007,-0.815412328269019,-341.600690000007,-0.000234081384326013
"JVS02","weak_dependence_nbi",65,"NBI","N","seven_case",20,20,20,20,400,0,0.375,1.5,"sigmoid","case_specific","none","default",TRUE,TRUE,0.399474892127955,0.9684960413026,-0.56902114917591,23.3600000000008,0.399474892127955,0.9684960413026,-0.56902114917591,-0.003784342666174,-0.00418311386536101,5.60620924029975e-05,3.85017510100005e-05,-0.600779085271938,-0.00150194771318013,-2.15482050809101,1.5540414228203,-2.52703533986499,-1432.46111,-0.003784342666174,0.00150194771318013,-2.52703533986499,-1432.46111,3.85017510100005e-05
"JVS02","weak_dependence_nbi",66,"NBI","N","seven_case",20,20,20,20,400,0,0.375,1.5,"sigmoid","case_specific","none","default",TRUE,TRUE,0.0606615328770204,0.184316423218803,-0.123654890340958,7.3100000000122,0.0606615328770204,0.184316423218803,-0.123654890340958,-0.040266443616648,-0.000586303750158987,0.000203420889476003,0.000181413270543995,0.580730869926015,0.00145182717480985,1.37018169619103,-0.789450826264698,1.54281995111702,1949.02888,-0.040266443616648,-0.00145182717480985,1.54281995111702,1949.02888,0.000181413270543995
"JVS02","weak_dependence_nbi",67,"NBI","N","seven_case",20,20,20,20,400,0,0.375,1.5,"sigmoid","case_specific","none","default",TRUE,TRUE,0.850398002485008,2.580260150035,-1.72986214754997,47.8899999999998,0.850398002485008,2.580260150035,-1.72986214754997,-0.117497842065741,-0.0045769932140084,0.006528721291228,0.004336910679406,-4.09215195986201,-0.0102303798996601,-5.97957910519301,1.8874271453311,-1.72775307007902,-3063.64501000001,-0.117497842065741,0.0102303798996601,-1.72775307007902,-3063.64501000001,0.004336910679406
"JVS02","weak_dependence_nbi",68,"NBI","N","seven_case",20,20,20,20,400,0,0.375,1.5,"sigmoid","case_specific","none","default",TRUE,TRUE,1.73954373988602,4.67120801656171,-2.93166427667495,67.3300000000021,1.73954373988602,4.67120801656171,-2.93166427667495,-0.25537290796764,0.00525895041638,0.013541580123814,0.00891209706017099,1.24741514655295,0.00311853786638006,8.086360212984,-6.8389450664312,0.693525618985007,-2260.86911,-0.25537290796764,-0.00311853786638006,0.693525618985007,-2260.86911,0.00891209706017099
"JVS02","weak_dependence_nbi",69,"NBI","N","seven_case",20,20,20,20,400,0,0.375,1.5,"sigmoid","case_specific","none","default",TRUE,TRUE,0.216065171828973,0.453176337164997,-0.237111165335932,26.8999999999941,0.216065171828973,0.453176337164997,-0.237111165335932,-0.038156861778546,0.0076232790239712,0.00161919947359301,0.001171853034866,0.0231906264659756,5.79765661599119e-05,0.51846301075193,-0.495272384286203,-0.0248617438230099,155.667449999994,-0.038156861778546,-5.79765661599119e-05,-0.0248617438230099,155.667449999994,0.001171853034866
"JVS02","weak_dependence_nbi",70,"NBI","N","seven_case",20,20,20,20,400,0,0.375,1.5,"sigmoid","case_specific","none","default",TRUE,TRUE,1.423904096314,3.15089907253919,-1.72699497622602,58.0599999999978,1.423904096314,3.15089907253919,-1.72699497622602,0.103222622525902,0.0125523709980031,0.012129879943238,0.00845936779977602,-5.35012606741702,-0.0133753151685401,-1.79888563802194,-3.5512404293952,-2.22428927901501,-1673.74459,0.103222622525902,0.0133753151685401,-2.22428927901501,-1673.74459,0.00845936779977602
"JVS02","weak_dependence_nbi",71,"NBI","N","seven_case",20,20,20,20,400,0,0.375,1.5,"sigmoid","case_specific","none","default",TRUE,TRUE,1.3087008270661,3.3981407023972,-2.08943987532996,56.4700000000014,1.3087008270661,3.3981407023972,-2.08943987532996,0.014332329653591,-0.0350590787681872,0.00532837469312297,0.00393719977343501,-0.299074392389002,-0.000747685980969859,1.83788376667701,-2.1369581590661,-0.134749750334009,1695.12562999999,0.014332329653591,0.000747685980969859,-0.134749750334009,1695.12562999999,0.00393719977343501
"JVS02","weak_dependence_nbi",72,"NBI","N","seven_case",20,20,20,20,400,0,0.375,1.5,"sigmoid","case_specific","none","default",TRUE,TRUE,0.695150612356088,1.485286933391,-0.790136321036016,44.260000000009,0.695150612356088,1.485286933391,-0.790136321036016,-0.02927760438424,0.011491531852332,0.001972204076716,0.000866244105228009,-5.71104288743004,-0.0142776072185802,-7.73666834134099,2.02562545391091,0.969544732594983,-175.286930000002,-0.02927760438424,0.0142776072185802,0.969544732594983,-175.286930000002,0.000866244105228009
"JVS02","weak_dependence_nbi",73,"NBI","N","seven_case",20,20,20,20,400,0,0.375,1.5,"sigmoid","case_specific","none","default",TRUE,TRUE,0.955453070415956,2.2850768478843,-1.32962377746799,44.6900000000019,0.955453070415956,2.2850768478843,-1.32962377746799,0.012553851369903,0.0068730511832354,0.00438067962066702,0.00286100159835101,1.23569388391104,0.00308923470976996,4.65534314710999,-3.419649263202,-2.204109236541,-2761.37398,0.012553851369903,-0.00308923470976996,-2.204109236541,-2761.37398,0.00286100159835101
"JVS02","weak_dependence_nbi",74,"NBI","N","seven_case",20,20,20,20,400,0,0.375,1.5,"sigmoid","case_specific","none","default",TRUE,TRUE,2.86891696059195,7.8556681791077,-4.986751218515,88.3400000000107,2.86891696059195,7.8556681791077,-4.986751218515,0.15621702569866,0.00657957944887,0.000633591480916018,0.001831188571051,-3.74532462877892,-0.00936331157195003,-8.020514787058,4.2751901582792,-2.72974801831498,-1406.4872,0.15621702569866,0.00936331157195003,-2.72974801831498,-1406.4872,0.001831188571051
"JVS02","weak_dependence_nbi",75,"NBI","N","seven_case",20,20,20,20,400,0,0.375,1.5,"sigmoid","case_specific","none","default",TRUE,TRUE,0.610517051210991,1.2395303587464,-0.629013307535047,26.9500000000116,0.610517051210991,1.2395303587464,-0.629013307535047,-0.024084825788423,0.009630762579355,0.00486820058152498,0.00323372500154501,-3.84837487668108,-0.00962093719169976,-2.028265470458,-1.8201094062225,-1.50043218208799,-408.567009999999,-0.024084825788423,0.00962093719169976,-1.50043218208799,-408.567009999999,0.00323372500154501
"JVS02","weak_dependence_nbi",76,"NBI","N","seven_case",20,20,20,20,400,0,0.375,1.5,"sigmoid","case_specific","none","default",TRUE,TRUE,0.204719139314989,0.443830369946703,-0.239111230632943,18.5800000000018,0.204719139314989,0.443830369946703,-0.239111230632943,6.94747051669942e-05,0.0060815135303759,-0.000976868326415969,-0.000885156316367985,-0.463738809234997,-0.00115934702308973,-0.0986327823709416,-0.365106026863202,-2.14021503685501,-168.942890000006,6.94747051669942e-05,0.00115934702308973,-2.14021503685501,-168.942890000006,-0.000885156316367985
"JVS02","weak_dependence_nbi",77,"NBI","N","seven_case",20,20,20,20,400,0,0.375,1.5,"sigmoid","case_specific","none","default",TRUE,TRUE,1.65856467868593,4.86175408659831,-3.20318940791208,87.2500000000003,1.65856467868593,4.86175408659831,-3.20318940791208,0.072513114170785,0.014507076526603,0.011072540013841,0.010577401675194,1.65342634210299,0.00413356585524971,-0.00744779829699382,1.6608741403996,-3.42298786393499,-3037.25706,0.072513114170785,-0.00413356585524971,-3.42298786393499,-3037.25706,0.010577401675194
"JVS02","weak_dependence_nbi",78,"NBI","N","seven_case",20,20,20,20,400,0,0.375,1.5,"sigmoid","case_specific","none","default",TRUE,TRUE,1.704106508358,4.4280422716954,-2.72393576333798,61.8300000000017,1.704106508358,4.4280422716954,-2.72393576333798,-0.08234603067487,0.0353742230032349,0.019492973892057,0.013882968147895,-1.7084604130049,-0.00427115103250975,6.48973482858003,-8.1981952415851,-0.93896178945198,-1904.40488000002,-0.08234603067487,0.00427115103250975,-0.93896178945198,-1904.40488000002,0.013882968147895
"JVS02","weak_dependence_nbi",79,"NBI","N","seven_case",20,20,20,20,400,0,0.375,1.5,"sigmoid","case_specific","none","default",TRUE,TRUE,0.635559486928059,1.4967207525671,-0.861161265640021,43.8700000000103,0.635559486928059,1.4967207525671,-0.861161265640021,-0.109199554942648,-0.0114368400215873,0.00561002600550303,0.00385015268970301,1.84295936265698,0.00460739840663971,3.11117730241801,-1.2682179397598,1.10709384787,-1678.49559000001,-0.109199554942648,-0.00460739840663971,1.10709384787,-1678.49559000001,0.00385015268970301
"JVS02","weak_dependence_nbi",80,"NBI","N","seven_case",20,20,20,20,400,0,0.375,1.5,"sigmoid","case_specific","none","default",TRUE,TRUE,0.727527575161957,2.0745763797589,-1.34704880459799,28.139999999999,0.727527575161957,2.0745763797589,-1.34704880459799,-0.00542812053043501,-0.0072173156273415,0.002525878529611,0.00190404982647299,-0.588840942342927,-0.00147210235585016,1.40232037463102,-1.9911613169741,0.420287628046992,-615.438800000004,-0.00542812053043501,0.00147210235585016,0.420287628046992,-615.438800000004,0.00190404982647299
"JVS02","weak_dependence_nbi",81,"NBI","N","seven_case",20,20,20,20,400,0,0.375,1.5,"sigmoid","case_specific","none","default",TRUE,TRUE,0.492871367341991,1.34448938754009,-0.851618020198998,34.7599999999947,0.492871367341991,1.34448938754009,-0.851618020198998,-0.127086278280919,-0.0073821209143697,0.00526159594004599,0.004259503041566,0.893862008562905,0.00223465502141007,3.47757944153796,-2.5837174329751,3.57194008628301,3124.91565000001,-0.127086278280919,-0.00223465502141007,3.57194008628301,3124.91565000001,0.004259503041566
"JVS02","weak_dependence_nbi",82,"NBI","N","seven_case",20,20,20,20,400,0,0.375,1.5,"sigmoid","case_specific","none","default",TRUE,TRUE,0.854870730613015,2.0566133272484,-1.20174259663406,34.7099999999916,0.854870730613015,2.0566133272484,-1.20174259663406,-0.093978744561066,0.0153125518043863,0.00894416538061998,0.00542422180771401,-6.10125476202609,-0.0152531369050597,-4.43897213921991,-1.662282622806,3.78016150624001,2777.14311,-0.093978744561066,0.0152531369050597,3.78016150624001,2777.14311,0.00542422180771401
"JVS02","weak_dependence_nbi",83,"NBI","N","seven_case",20,20,20,20,400,0,0.375,1.5,"sigmoid","case_specific","none","default",TRUE,TRUE,2.58723435508102,6.9928155293924,-4.40558117431101,100.630000000005,2.58723435508102,6.9928155293924,-4.40558117431101,-0.2965047490976,-0.0155707844749819,0.020885310399215,0.017607124784864,-7.32190545842013,-0.01830476364605,5.26705289240203,-12.5889583508221,-2.41129701922901,-6831.22924000002,-0.2965047490976,0.01830476364605,-2.41129701922901,-6831.22924000002,0.017607124784864
"JVS02","weak_dependence_nbi",84,"NBI","N","seven_case",20,20,20,20,400,0,0.375,1.5,"sigmoid","case_specific","none","default",TRUE,TRUE,0.860126521797952,2.4262517873011,-1.56612526550305,61.0300000000134,0.860126521797952,2.4262517873011,-1.56612526550305,-0.037602919121614,0.0127094510537035,0.00704788254341998,0.00511037932217301,-3.88610097609796,-0.00971525244024996,-0.325923827072984,-3.5601771490249,-2.380349099439,-1455.50498000001,-0.037602919121614,0.00971525244024996,-2.380349099439,-1455.50498000001,0.00511037932217301
"JVS02","weak_dependence_nbi",85,"NBI","N","seven_case",20,20,20,20,400,0,0.375,1.5,"sigmoid","case_specific","none","default",TRUE,TRUE,0.801473009546953,1.89898482678889,-1.09751181724198,51.0800000000165,0.801473009546953,1.89898482678889,-1.09751181724198,-0.063056250577953,-0.020212653563805,0.00110940673732102,-0.000630192996588952,0.279719669757014,0.000699299174390156,3.65673047560301,-3.3770108058458,-0.774489049295028,-3032.57539,-0.063056250577953,-0.000699299174390156,-0.774489049295028,-3032.57539,-0.000630192996588952
"JVS02","weak_dependence_nbi",86,"NBI","N","seven_case",20,20,20,20,400,0,0.375,1.5,"sigmoid","case_specific","none","default",TRUE,TRUE,0.589999121820028,1.5928552785888,-1.00285615676796,44.25,0.589999121820028,1.5928552785888,-1.00285615676796,-0.02725603361182,-0.0100984170874479,0.00616633364444003,0.00516023994579096,-2.05626477382407,-0.00514066193455998,2.36198162056803,-4.41824639439225,3.888467413634,4178.10470999999,-0.02725603361182,0.00514066193455998,3.888467413634,4178.10470999999,0.00516023994579096
"JVS02","weak_dependence_nbi",87,"NBI","N","seven_case",20,20,20,20,400,0,0.375,1.5,"sigmoid","case_specific","none","default",TRUE,TRUE,0.465249491660074,1.1916565614638,-0.726407069805077,32.2200000000157,0.465249491660074,1.1916565614638,-0.726407069805077,-0.020825299000874,0.005953078640241,0.00235297932718104,0.00149488049243696,-5.268865277705,-0.0131721631942603,-4.43010720817108,-0.838758069534602,-1.306861574056,-1137.81421,-0.020825299000874,0.0131721631942603,-1.306861574056,-1137.81421,0.00149488049243696
"JVS02","weak_dependence_nbi",88,"NBI","N","seven_case",20,20,20,20,400,0,0.375,1.5,"sigmoid","case_specific","none","default",TRUE,TRUE,0.888661147587072,2.4598187417926,-1.57115759420594,70.8399999999965,0.888661147587072,2.4598187417926,-1.57115759420594,0.006869740273655,0.00518727016868401,0.017885554119497,0.013588384438673,-1.84715536060696,-0.00461788840152,1.00490568844305,-2.8520610490494,0.284883666321008,423.102879999991,0.006869740273655,0.00461788840152,0.284883666321008,423.102879999991,0.013588384438673
"JVS02","weak_dependence_nbi",89,"NBI","N","seven_case",20,20,20,20,400,0,0.375,1.5,"sigmoid","case_specific","none","default",TRUE,TRUE,1.05660248085894,2.74576550447109,-1.68916302361197,37.3100000000122,1.05660248085894,2.74576550447109,-1.68916302361197,-0.0591664387158211,0.0064433861192425,0.013781993921301,0.010252656334491,-1.89929922317992,-0.00474824805794993,4.63853977546,-6.5378389986407,2.910068719854,2362.23157,-0.0591664387158211,0.00474824805794993,2.910068719854,2362.23157,0.010252656334491
"JVS02","weak_dependence_nbi",90,"NBI","N","seven_case",20,20,20,20,400,0,0.375,1.5,"sigmoid","case_specific","none","default",TRUE,TRUE,1.08205191133902,3.1455701933464,-2.06351828200798,56.9800000000107,1.08205191133902,3.1455701933464,-2.06351828200798,-0.14330474759656,-0.0013411597421487,0.018049578803623,0.015042618667116,0.82066499536802,0.00205166248842037,11.0902123398149,-10.2695473444473,-1.754428575964,217.821930000006,-0.14330474759656,-0.00205166248842037,-1.754428575964,217.821930000006,0.015042618667116
"JVS02","weak_dependence_nbi",91,"NBI","N","seven_case",20,20,20,20,400,0,0.375,1.5,"sigmoid","case_specific","none","default",TRUE,TRUE,1.48020579552099,3.7801920883442,-2.29998629282306,49.1899999999876,1.48020579552099,3.7801920883442,-2.29998629282306,-0.069012402600928,0.04373383436827,0.00836999159292401,0.006113612234348,-9.08050650093799,-0.0227012662523398,-5.19903194466394,-3.8814745562736,-2.453663148868,-1863.01562000002,-0.069012402600928,0.0227012662523398,-2.453663148868,-1863.01562000002,0.006113612234348
"JVS02","weak_dependence_nbi",92,"NBI","N","seven_case",20,20,20,20,400,0,0.375,1.5,"sigmoid","case_specific","none","default",TRUE,TRUE,0.536595060337049,1.4598369063126,-0.923241845976008,44.2999999999882,0.536595060337049,1.4598369063126,-0.923241845976008,0.041369786541211,-0.0271454406066459,-4.63743224969893e-05,-0.000894113462877988,-5.30302213943708,-0.0132575553485901,-1.94674032027797,-3.356281819159,-1.291249250172,-218.417809999999,0.041369786541211,0.0132575553485901,-1.291249250172,-218.417809999999,-0.000894113462877988
"JVS02","weak_dependence_nbi",93,"NBI","N","seven_case",20,20,20,20,400,0,0.375,1.5,"sigmoid","case_specific","none","default",TRUE,TRUE,1.66755720427193,4.4233979746143,-2.75584077034193,61.4400000000027,1.66755720427193,4.4233979746143,-2.75584077034193,-0.162298427105444,0.024702614973826,0.021335321809604,0.015207854971622,-0.872978027494923,-0.00218244506873999,4.15003431991204,-5.0230123474064,-2.23273695299301,773.305930000002,-0.162298427105444,0.00218244506873999,-2.23273695299301,773.305930000002,0.015207854971622
"JVS02","weak_dependence_nbi",94,"NBI","N","seven_case",20,20,20,20,400,0,0.375,1.5,"sigmoid","case_specific","none","default",TRUE,TRUE,0.838780705570002,1.9507053559786,-1.11192465040892,51.8800000000046,0.838780705570002,1.9507053559786,-1.11192465040892,-0.00332449867312501,-0.0263838047940879,5.79342004797256e-06,0.000673396316504982,-1.77710251946905,-0.00444275629868018,0.633792488588028,-2.41089500805768,-0.164970783366016,-1818.36483000001,-0.00332449867312501,0.00444275629868018,-0.164970783366016,-1818.36483000001,0.000673396316504982
"JVS02","weak_dependence_nbi",95,"NBI","N","seven_case",20,20,20,20,400,0,0.375,1.5,"sigmoid","case_specific","none","default",TRUE,TRUE,0.90772642252,2.113239245757,-1.205512823238,30.3000000000029,0.90772642252,2.113239245757,-1.205512823238,-0.112475112893502,-0.037045416996435,-3.86742702149778e-05,-0.000228549398713002,3.23683166384706,0.00809207915961974,10.4417514435399,-7.20491977969226,-1.04420820419,-1975.98604,-0.112475112893502,-0.00809207915961974,-1.04420820419,-1975.98604,-0.000228549398713002
"JVS02","weak_dependence_nbi",96,"NBI","N","seven_case",20,20,20,20,400,0,0.375,1.5,"sigmoid","case_specific","none","default",TRUE,TRUE,1.07872459596194,2.1845531310199,-1.105828535059,44.8800000000051,1.07872459596194,2.1845531310199,-1.105828535059,-0.035015220771458,0.013917001517821,0.007117318229521,0.00533637777888396,-3.00918429307808,-0.0075229607326901,-2.79745089238395,-0.21173340069513,-0.500827359937006,1247.48499,-0.035015220771458,0.0075229607326901,-0.500827359937006,1247.48499,0.00533637777888396
"JVS02","weak_dependence_nbi",97,"NBI","N","seven_case",20,20,20,20,400,0,0.375,1.5,"sigmoid","case_specific","none","default",TRUE,TRUE,0.656529690355001,1.89157408286519,-1.23504439250996,50.6600000000034,0.656529690355001,1.89157408286519,-1.23504439250996,-0.023820972642782,0.00351036379402,0.013146741637858,0.00938484181480501,0.571547696913058,0.0014288692422797,1.2709542184989,-0.699406521585004,-0.483040313971998,1947.87617999999,-0.023820972642782,-0.0014288692422797,-0.483040313971998,1947.87617999999,0.00938484181480501
"JVS02","weak_dependence_nbi",98,"NBI","N","seven_case",20,20,20,20,400,0,0.375,1.5,"sigmoid","case_specific","none","default",TRUE,TRUE,0.275523910327934,0.620302011993502,-0.344778101666066,22.8700000000099,0.275523910327934,0.620302011993502,-0.344778101666066,0.00199016087228704,-0.00501794058960699,0.00524337272637604,0.00403667695454399,0.317717119536951,0.000794292798850016,1.05347028882295,-0.735753169285999,1.26312277763802,-523.855550000007,0.00199016087228704,-0.000794292798850016,1.26312277763802,-523.855550000007,0.00403667695454399
"JVS02","weak_dependence_nbi",99,"NBI","N","seven_case",20,20,20,20,400,0,0.375,1.5,"sigmoid","case_specific","none","default",TRUE,TRUE,0.341459957425059,0.847762235794903,-0.506302278370072,28.6699999999982,0.341459957425059,0.847762235794903,-0.506302278370072,0.042011054511589,-0.0238199553906649,0.00405206470665798,0.00351317458447598,-1.03406505917098,-0.00258516264793007,-1.42666203545798,0.392596976287599,-2.11260945269899,151.191500000001,0.042011054511589,0.00258516264793007,-2.11260945269899,151.191500000001,0.00351317458447598
"JVS02","weak_dependence_nbi",100,"NBI","N","seven_case",20,20,20,20,400,0,0.375,1.5,"sigmoid","case_specific","none","default",TRUE,TRUE,0.240165556318971,0.569813407141702,-0.329647850821971,26.8600000000005,0.240165556318971,0.569813407141702,-0.329647850821971,0.029026114726372,-0.0050994121984272,0.00932142603993599,0.00641299226575898,0.394573425639919,0.000986433564100331,0.543077290767997,-0.148503865128198,-1.52768171551102,1150.8416,0.029026114726372,-0.000986433564100331,-1.52768171551102,1150.8416,0.00641299226575898
"JVS04","fewer_time_points_same_rows_nbi",1,"NBI","N","seven_case",40,10,40,10,400,0,0.375,3.5,"sigmoid","case_specific","none","default",TRUE,TRUE,4.98002455012795,7.755800046757,-2.77577549662908,237.62000000001,4.98002455012795,7.755800046757,-2.77577549662908,0.21422105046829,-0.0678452223753204,0.004034506771457,0.00325732089233099,-10.605507415626,-0.0265137685390697,8.164475482071,-18.7699828976974,0.275030391728002,976.926299999999,0.21422105046829,0.0265137685390697,0.275030391728002,976.926299999999,0.00325732089233099
"JVS04","fewer_time_points_same_rows_nbi",2,"NBI","N","seven_case",40,10,40,10,400,0,0.375,3.5,"sigmoid","case_specific","none","default",TRUE,TRUE,4.12162486549994,13.333544762671,-9.2119198971709,260.889999999999,4.12162486549994,13.333544762671,-9.2119198971709,-0.381365004441312,0.0217275516902449,0.021015575180014,0.018800251340326,-1325.44364873938,-3.31360912184845,5.08534439606797,-1330.52899313545,0.128528105373505,559.039495000001,-0.381365004441312,3.31360912184845,0.128528105373505,559.039495000001,0.018800251340326
"JVS04","fewer_time_points_same_rows_nbi",3,"NBI","N","seven_case",40,10,40,10,400,0,0.375,3.5,"sigmoid","case_specific","none","default",TRUE,TRUE,2.37628364138891,5.37424776835599,-2.9979641269681,143.220000000001,2.37628364138891,5.37424776835599,-2.9979641269681,-0.116498004842964,-0.053667894215388,0.00445689846625297,0.00184015788561398,-671.65050840474,-1.6791262710119,2.75981539123507,-674.41032379598,-1.04468887662929,-951.592614999998,-0.116498004842964,1.6791262710119,-1.04468887662929,-951.592614999998,0.00184015788561398
"JVS04","fewer_time_points_same_rows_nbi",4,"NBI","N","seven_case",40,10,40,10,400,0,0.375,3.5,"sigmoid","case_specific","none","default",TRUE,TRUE,2.16582749408792,3.93333696111401,-1.767509467026,73.2299999999958,2.16582749408792,3.93333696111401,-1.767509467026,-0.196436880994566,0.031330229873447,0.0109296828234701,0.00887645260185099,-2.07061294343021,-0.00517653235860038,1.8626917844141,-3.9333047278401,-0.488179762577097,-429.186865000001,-0.196436880994566,0.00517653235860038,-0.488179762577097,-429.186865000001,0.00887645260185099
"JVS04","fewer_time_points_same_rows_nbi",5,"NBI","N","seven_case",40,10,40,10,400,0,0.375,3.5,"sigmoid","case_specific","none","default",TRUE,TRUE,2.273999688289,7.17654157348102,-4.90254188519191,177.5,2.273999688289,7.17654157348102,-4.90254188519191,0.011215972546054,0.000492458991599096,0.00292590143605398,0.00200526432146808,-669.27656970419,-1.67319142426048,0.113302408401069,-669.3898721126,0.124525128235703,24.7494200000001,0.011215972546054,1.67319142426048,0.124525128235703,24.7494200000001,0.00200526432146808
"JVS04","fewer_time_points_same_rows_nbi",6,"NBI","N","seven_case",40,10,40,10,400,0,0.375,3.5,"sigmoid","case_specific","none","default",TRUE,TRUE,0.680590937077,1.28248130487501,-0.601890367797978,72.3799999999902,0.680590937077,1.28248130487501,-0.601890367797978,-0.106982732864275,-0.0158255822787062,0.00452093180304097,0.003225506423219,0.196885460709836,0.000492213651790863,1.90548757810598,-1.70860211739,-0.0994450788074062,465.085905,-0.106982732864275,-0.000492213651790863,-0.0994450788074062,465.085905,0.003225506423219
"JVS04","fewer_time_points_same_rows_nbi",7,"NBI","N","seven_case",40,10,40,10,400,0,0.375,3.5,"sigmoid","case_specific","none","default",TRUE,TRUE,1.18029729469993,3.74394509999001,-2.56364780528997,107.959999999992,1.18029729469993,3.74394509999001,-2.56364780528997,-0.029416744474178,-0.025794966539329,0.00316051807824896,0.00160646118971997,648.99219552822,1.62248048882053,0.818076308726972,648.17411921949,0.641618865767704,172.632205000002,-0.029416744474178,-1.62248048882053,0.641618865767704,172.632205000002,0.00160646118971997
"JVS04","fewer_time_points_same_rows_nbi",8,"NBI","N","seven_case",40,10,40,10,400,0,0.375,3.5,"sigmoid","case_specific","none","default",TRUE,TRUE,4.48375138854294,12.362099541201,-7.87834815265796,250.260000000009,4.48375138854294,12.362099541201,-7.87834815265796,-0.430674883702266,-0.0549969437605057,0.01285893855349,0.01080803895528,664.79944541039,1.66199861352596,65.594852611809,599.204592798567,-1.13578839565911,-4526.938125,-0.430674883702266,-1.66199861352596,-1.13578839565911,-4526.938125,0.01080803895528
"JVS04","fewer_time_points_same_rows_nbi",9,"NBI","N","seven_case",40,10,40,10,400,0,0.375,3.5,"sigmoid","case_specific","none","default",TRUE,TRUE,3.72620099627295,8.82027425180399,-5.09407325553093,184.099999999992,3.72620099627295,8.82027425180399,-5.09407325553093,-0.021390731499678,-0.0651922602626018,0.00803799543391104,0.00671390428378299,9.11725522132019,0.0227931380533093,11.2344032813401,-2.1171480600201,-0.0964812558796027,-542.027705,-0.021390731499678,-0.0227931380533093,-0.0964812558796027,-542.027705,0.00671390428378299
"JVS04","fewer_time_points_same_rows_nbi",10,"NBI","N","seven_case",40,10,40,10,400,0,0.375,3.5,"sigmoid","case_specific","none","default",TRUE,TRUE,2.25900482060695,4.46893703800498,-2.20993221739809,134.270000000004,2.25900482060695,4.46893703800498,-2.20993221739809,-0.119283289943356,0.0177994241596814,0.00562397401978698,0.00346621775864198,-37.0275090339296,-0.0925687725848396,1.51452845638198,-38.5420374903201,-0.986035721311602,-682.034544999999,-0.119283289943356,0.0925687725848396,-0.986035721311602,-682.034544999999,0.00346621775864198
"JVS04","fewer_time_points_same_rows_nbi",11,"NBI","N","seven_case",40,10,40,10,400,0,0.375,3.5,"sigmoid","case_specific","none","default",TRUE,TRUE,3.29513414176699,7.31475149656799,-4.01961735480097,201.860000000001,3.29513414176699,7.31475149656799,-4.01961735480097,0.0261715267132,-0.101040412002248,-0.00237945003045303,-0.00335725117631502,-684.66305175948,-1.71165762939871,9.23056172770703,-693.893613487193,-1.4587329852777,-896.616814999999,0.0261715267132,1.71165762939871,-1.4587329852777,-896.616814999999,-0.00335725117631502
"JVS04","fewer_time_points_same_rows_nbi",12,"NBI","N","seven_case",40,10,40,10,400,0,0.375,3.5,"sigmoid","case_specific","none","default",TRUE,TRUE,2.14184934637797,5.71928948703999,-3.57744014066202,213.360000000001,2.14184934637797,5.71928948703999,-3.57744014066202,0.028580569837713,-0.0682545381924872,0.00423337256700906,2.55262929719779e-05,-15.55764863228,-0.0388941215807002,3.60117211104,-19.15882074332,-0.301693157006795,69.8569950000001,0.028580569837713,0.0388941215807002,-0.301693157006795,69.8569950000001,2.55262929719779e-05
"JVS04","fewer_time_points_same_rows_nbi",13,"NBI","N","seven_case",40,10,40,10,400,0,0.375,3.5,"sigmoid","case_specific","none","default",TRUE,TRUE,2.85218661707006,6.572416482585,-3.72022986551497,85.3100000000126,2.85218661707006,6.572416482585,-3.72022986551497,-0.0609077449460102,-0.0428437079273929,0.005957587990574,0.00635729440130295,659.30167639196,1.64825419097991,11.660188098602,647.64148829337,-0.425883323251298,-1848.82091,-0.0609077449460102,-1.64825419097991,-0.425883323251298,-1848.82091,0.00635729440130295
"JVS04","fewer_time_points_same_rows_nbi",14,"NBI","N","seven_case",40,10,40,10,400,0,0.375,3.5,"sigmoid","case_specific","none","default",TRUE,TRUE,0.715064297432036,1.97344214769799,-1.25837785026499,66.949999999997,0.715064297432036,1.97344214769799,-1.25837785026499,-0.041325455778983,-0.071402625226471,0.00458261505047497,0.00343071269177397,5.70502306389972,0.0142625576596984,6.41297198577399,-0.707948921869956,0.0948606247905985,-122.186610000001,-0.041325455778983,-0.0142625576596984,0.0948606247905985,-122.186610000001,0.00343071269177397
"JVS04","fewer_time_points_same_rows_nbi",15,"NBI","N","seven_case",40,10,40,10,400,0,0.375,3.5,"sigmoid","case_specific","none","default",TRUE,TRUE,1.09103603977405,3.27681137566199,-2.18577533588893,66.9600000000063,1.09103603977405,3.27681137566199,-2.18577533588893,0.00497076456395401,-0.0033932393495642,0.00467631902459098,0.00345280990559704,643.11794160632,1.6077948540158,-6.09582360786499,649.21376521418,-0.00417207138119835,205.73076,0.00497076456395401,-1.6077948540158,-0.00417207138119835,205.73076,0.00345280990559704
"JVS04","fewer_time_points_same_rows_nbi",16,"NBI","N","seven_case",40,10,40,10,400,0,0.375,3.5,"sigmoid","case_specific","none","default",TRUE,TRUE,2.05249921820496,3.67252112556599,-1.62002190736098,181.230000000011,2.05249921820496,3.67252112556599,-1.62002190736098,-0.133633304190606,-0.037525021957764,0.00337206980300497,0.00264696808021492,-649.94923950802,-1.62487309877004,5.10099079969496,-655.050230307714,-0.133357041412005,-122.300499999999,-0.133633304190606,1.62487309877004,-0.133357041412005,-122.300499999999,0.00264696808021492
"JVS04","fewer_time_points_same_rows_nbi",17,"NBI","N","seven_case",40,10,40,10,400,0,0.375,3.5,"sigmoid","case_specific","none","default",TRUE,TRUE,10.08437440797,27.377883404185,-17.2935089962141,156.059999999998,10.08437440797,27.377883404185,-17.2935089962141,-0.551542171759377,-0.0766646990643289,0.032767250408365,0.025510583971435,17.9088926248801,0.0447722315622103,40.966201290355,-23.0573086654699,-1.4939467567318,-779.707605,-0.551542171759377,-0.0447722315622103,-1.4939467567318,-779.707605,0.025510583971435
"JVS04","fewer_time_points_same_rows_nbi",18,"NBI","N","seven_case",40,10,40,10,400,0,0.375,3.5,"sigmoid","case_specific","none","default",TRUE,TRUE,1.80418751264108,4.332452322189,-2.52826480954798,74.1199999999805,1.80418751264108,4.332452322189,-2.52826480954798,-0.122114399071924,-0.0120858115820024,0.00855651861717799,0.00660012869030402,-1318.64651889181,-3.29661629722958,10.3829575697119,-1329.02947646153,-0.116213458114601,-38.7162299999982,-0.122114399071924,3.29661629722958,-0.116213458114601,-38.7162299999982,0.00660012869030402
"JVS04","fewer_time_points_same_rows_nbi",19,"NBI","N","seven_case",40,10,40,10,400,0,0.375,3.5,"sigmoid","case_specific","none","default",TRUE,TRUE,9.54630689461601,19.25458037342,-9.70827347880402,264.479999999996,9.54630689461601,19.25458037342,-9.70827347880402,-0.241816982749288,-0.123522066555727,0.032130115553889,0.021290410165034,-702.949738652897,-1.75737434663225,9.46785093519895,-712.417589588097,-1.0177570504257,-1030.21886,-0.241816982749288,1.75737434663225,-1.0177570504257,-1030.21886,0.021290410165034
"JVS04","fewer_time_points_same_rows_nbi",20,"NBI","N","seven_case",40,10,40,10,400,0,0.375,3.5,"sigmoid","case_specific","none","default",TRUE,TRUE,1.48503734238602,2.826729667336,-1.34169232495003,80.2700000000039,1.48503734238602,2.826729667336,-1.34169232495003,-0.039116985110285,-0.0449183428892245,0.000661658454130021,0.000303660563414021,639.96537264527,1.59991343161319,-2.17176196541402,642.13713461069,-0.565954701075,-510.696585,-0.039116985110285,-1.59991343161319,-0.565954701075,-510.696585,0.000303660563414021
"JVS04","fewer_time_points_same_rows_nbi",21,"NBI","N","seven_case",40,10,40,10,400,0,0.375,3.5,"sigmoid","case_specific","none","default",TRUE,TRUE,2.06090297646699,5.49382104072899,-3.432918064261,107.320000000007,2.06090297646699,5.49382104072899,-3.432918064261,0.058197817252672,-0.10254675479436,-0.00266292643504396,-0.00460996004626402,-27.2909987831501,-0.0682274969578898,-1.65269725353596,-25.638301529619,0.202287040759202,-133.879284999999,0.058197817252672,0.0682274969578898,0.202287040759202,-133.879284999999,-0.00460996004626402
"JVS04","fewer_time_points_same_rows_nbi",22,"NBI","N","seven_case",40,10,40,10,400,0,0.375,3.5,"sigmoid","case_specific","none","default",TRUE,TRUE,6.41071629441694,11.766590502043,-5.35587420762602,170.160000000004,6.41071629441694,11.766590502043,-5.35587420762602,-0.306340301213413,-0.031287764837765,0.0180629111453899,0.015259794186571,-1455.50265580338,-3.6387566395085,9.28723956242595,-1464.78989536581,-1.3314170497826,-233.615884999999,-0.306340301213413,3.6387566395085,-1.3314170497826,-233.615884999999,0.015259794186571
"JVS04","fewer_time_points_same_rows_nbi",23,"NBI","N","seven_case",40,10,40,10,400,0,0.375,3.5,"sigmoid","case_specific","none","default",TRUE,TRUE,4.60088050125,14.898395188597,-10.2975146873459,318.220000000016,4.60088050125,14.898395188597,-10.2975146873459,-0.213419265312003,-0.0934407790342077,0.000619036457428002,0.00329590592474094,-36.7821151656999,-0.09195528791426,8.50442591540195,-45.28654108111,-1.4361024865898,-4579.18255,-0.213419265312003,0.09195528791426,-1.4361024865898,-4579.18255,0.00329590592474094
"JVS04","fewer_time_points_same_rows_nbi",24,"NBI","N","seven_case",40,10,40,10,400,0,0.375,3.5,"sigmoid","case_specific","none","default",TRUE,TRUE,0.61551648954196,1.359024169132,-0.743507679590039,40.0299999999986,0.61551648954196,1.359024169132,-0.743507679590039,-0.045905850060096,0.0114476443605298,0.00108739696186699,0.000663193123692007,1.48570606625981,0.00371426516565965,1.27712603725604,0.20858002900502,-0.989407243678102,-298.149095000001,-0.045905850060096,-0.00371426516565965,-0.989407243678102,-298.149095000001,0.000663193123692007
"JVS04","fewer_time_points_same_rows_nbi",25,"NBI","N","seven_case",40,10,40,10,400,0,0.375,3.5,"sigmoid","case_specific","none","default",TRUE,TRUE,0.268218680674977,0.523054198817022,-0.254835518142045,47.5299999999985,0.268218680674977,0.523054198817022,-0.254835518142045,-0.038391317093843,0.00726924657929109,0.00139182803270499,0.00119320748753904,3.54678999019006,0.00886697497546063,2.72797407575706,0.818815914426978,0.2301712935217,59.886480000001,-0.038391317093843,-0.00886697497546063,0.2301712935217,59.886480000001,0.00119320748753904
"JVS04","fewer_time_points_same_rows_nbi",26,"NBI","N","seven_case",40,10,40,10,400,0,0.375,3.5,"sigmoid","case_specific","none","default",TRUE,TRUE,1.03306015879593,2.60403960444501,-1.57097944564907,89.220000000015,1.03306015879593,2.60403960444501,-1.57097944564907,0.023422390885306,-0.030513304532535,0.00362172332847499,0.00286278475637003,-650.27132164438,-1.625678304111,5.02113388292696,-655.29245552732,0.6836085917747,-502.23726,0.023422390885306,1.625678304111,0.6836085917747,-502.23726,0.00286278475637003
"JVS04","fewer_time_points_same_rows_nbi",27,"NBI","N","seven_case",40,10,40,10,400,0,0.375,3.5,"sigmoid","case_specific","none","default",TRUE,TRUE,4.14610296293802,12.546192618028,-8.400089655089,284.069999999993,4.14610296293802,12.546192618028,-8.400089655089,-0.011681670725498,0.0714954167196056,0.016191475104672,0.01788323219648,-694.94753174564,-1.7373688293641,-7.95559257432103,-686.99193917133,0.111325821491697,409.810685,-0.011681670725498,1.7373688293641,0.111325821491697,409.810685,0.01788323219648
"JVS04","fewer_time_points_same_rows_nbi",28,"NBI","N","seven_case",40,10,40,10,400,0,0.375,3.5,"sigmoid","case_specific","none","default",TRUE,TRUE,1.408120810578,3.09068036512798,-1.68255955455004,46.7900000000078,1.408120810578,3.09068036512798,-1.68255955455004,0.023156106321559,-0.0354751667120168,0.00319623731031293,0.00267024364509394,652.29060917513,1.6307265229378,4.17118811973705,648.119421055389,-0.658073031658297,-467.959049999999,0.023156106321559,-1.6307265229378,-0.658073031658297,-467.959049999999,0.00267024364509394
"JVS04","fewer_time_points_same_rows_nbi",29,"NBI","N","seven_case",40,10,40,10,400,0,0.375,3.5,"sigmoid","case_specific","none","default",TRUE,TRUE,1.98718566124501,3.14837069715699,-1.16118503591201,25.029999999998,1.98718566124501,3.14837069715699,-1.16118503591201,-0.093262354563051,-0.011232353138692,0.00604374605082703,0.00452830528391002,-22.84618369648,-0.0571154592412002,5.352014517675,-28.1981982141521,-0.878718383091694,-160.952635000001,-0.093262354563051,0.0571154592412002,-0.878718383091694,-160.952635000001,0.00452830528391002
"JVS04","fewer_time_points_same_rows_nbi",30,"NBI","N","seven_case",40,10,40,10,400,0,0.375,3.5,"sigmoid","case_specific","none","default",TRUE,TRUE,2.94305972485301,5.90854569958199,-2.96548597472906,50.2499999999998,2.94305972485301,5.90854569958199,-2.96548597472906,-0.055907937447051,-0.00567858234243999,0.0106478888838279,0.00867968374307998,-5.54281983470037,-0.0138570495867603,2.89867336088696,-8.44149319559006,0.131911838386401,-811.197455000001,-0.055907937447051,0.0138570495867603,0.131911838386401,-811.197455000001,0.00867968374307998
"JVS04","fewer_time_points_same_rows_nbi",31,"NBI","N","seven_case",40,10,40,10,400,0,0.375,3.5,"sigmoid","case_specific","none","default",TRUE,TRUE,3.82696613660698,8.96166940078601,-5.13470326417894,63.9100000000036,3.82696613660698,8.96166940078601,-5.13470326417894,0.016774115227442,-0.069618480270396,-0.00424918386773609,-0.00341794079531699,-10.1761701707201,-0.0254404254268001,4.56291991082105,-14.73909008154,-0.447472732719902,-2372.876585,0.016774115227442,0.0254404254268001,-0.447472732719902,-2372.876585,-0.00341794079531699
"JVS04","fewer_time_points_same_rows_nbi",32,"NBI","N","seven_case",40,10,40,10,400,0,0.375,3.5,"sigmoid","case_specific","none","default",TRUE,TRUE,1.66123393323699,3.36634044709899,-1.70510651386201,45.579999999987,1.66123393323699,3.36634044709899,-1.70510651386201,-0.00601380154437603,0.00547075981558801,0.00396404921809101,0.00303208784616804,623.5438630884,1.5588596577211,-6.94155425666986,630.485417345129,0.0210254197453992,-44.8054549999979,-0.00601380154437603,-1.5588596577211,0.0210254197453992,-44.8054549999979,0.00303208784616804
"JVS04","fewer_time_points_same_rows_nbi",33,"NBI","N","seven_case",40,10,40,10,400,0,0.375,3.5,"sigmoid","case_specific","none","default",TRUE,TRUE,1.71430405032606,6.60792187190998,-4.89361782158403,118.64,1.71430405032606,6.60792187190998,-4.89361782158403,-0.123180947082035,0.0163030722323468,-0.000408679098201969,-0.00284287916512699,651.41792308355,1.62854480770889,-0.274623624387004,651.69254670794,0.661567363242,79.3619500000023,-0.123180947082035,-1.62854480770889,0.661567363242,79.3619500000023,-0.00284287916512699
"JVS04","fewer_time_points_same_rows_nbi",34,"NBI","N","seven_case",40,10,40,10,400,0,0.375,3.5,"sigmoid","case_specific","none","default",TRUE,TRUE,2.946847658975,7.707752754561,-4.76090509558594,136.01999999999,2.946847658975,7.707752754561,-4.76090509558594,-0.163561115093438,-0.028985646188664,0.00443826278759596,0.003468813880181,-9.60523784331963,-0.0240130946082999,3.797552379575,-13.40279022289,0.327268211630198,-414.975549999999,-0.163561115093438,0.0240130946082999,0.327268211630198,-414.975549999999,0.003468813880181
"JVS04","fewer_time_points_same_rows_nbi",35,"NBI","N","seven_case",40,10,40,10,400,0,0.375,3.5,"sigmoid","case_specific","none","default",TRUE,TRUE,4.92426215895603,6.10711612875099,-1.182853969794,131.169999999998,4.92426215895603,6.10711612875099,-1.182853969794,0.065779979707934,-0.02295395646801,0.0189329949532819,0.014004736212137,-44.03470017314,-0.11008675043285,2.58465027484499,-46.619350447983,-0.939131565035602,-443.039069999999,0.065779979707934,0.11008675043285,-0.939131565035602,-443.039069999999,0.014004736212137
"JVS04","fewer_time_points_same_rows_nbi",36,"NBI","N","seven_case",40,10,40,10,400,0,0.375,3.5,"sigmoid","case_specific","none","default",TRUE,TRUE,2.07227389664092,4.727906307962,-2.65563241132099,99.6799999999931,2.07227389664092,4.727906307962,-2.65563241132099,-0.0934915182815349,0.0179743505946829,0.00943315670568001,0.00726817555102399,-659.61163456921,-1.64902908642303,3.45862570788506,-663.070260277095,-0.325515226002999,-379.793614999999,-0.0934915182815349,1.64902908642303,-0.325515226002999,-379.793614999999,0.00726817555102399
"JVS04","fewer_time_points_same_rows_nbi",37,"NBI","N","seven_case",40,10,40,10,400,0,0.375,3.5,"sigmoid","case_specific","none","default",TRUE,TRUE,2.822707920889,6.26771716090101,-3.44500924001102,175.459999999992,2.822707920889,6.26771716090101,-3.44500924001102,-0.026126652351323,0.018839664066605,0.018670583721066,0.013934537900825,644.04466659571,1.6101116664893,-5.68626910361206,649.730935699321,-0.556829714661298,-2061.197385,-0.026126652351323,-1.6101116664893,-0.556829714661298,-2061.197385,0.013934537900825
"JVS04","fewer_time_points_same_rows_nbi",38,"NBI","N","seven_case",40,10,40,10,400,0,0.375,3.5,"sigmoid","case_specific","none","default",TRUE,TRUE,1.37716990402396,3.29964955787702,-1.92247965385297,31.540000000008,1.37716990402396,3.29964955787702,-1.92247965385297,-0.00429197731869191,-0.0315139129882296,0.00252836359434194,0.000826367257757032,-5.9061265539799,-0.0147653163849499,-0.269847130819016,-5.63627942316202,0.0381478342859936,-62.8511300000009,-0.00429197731869191,0.0147653163849499,0.0381478342859936,-62.8511300000009,0.000826367257757032
"JVS04","fewer_time_points_same_rows_nbi",39,"NBI","N","seven_case",40,10,40,10,400,0,0.375,3.5,"sigmoid","case_specific","none","default",TRUE,TRUE,3.32501546210506,5.207517559899,-1.88250209779301,114.12999999999,3.32501546210506,5.207517559899,-1.88250209779301,-0.105134354967391,-0.00106126161965191,0.01641817988433,0.012780994256575,-24.71964230403,-0.0617991057600706,4.54755960731904,-29.2672019113502,0.0164292590377997,273.963109999997,-0.105134354967391,0.0617991057600706,0.0164292590377997,273.963109999997,0.012780994256575
"JVS04","fewer_time_points_same_rows_nbi",40,"NBI","N","seven_case",40,10,40,10,400,0,0.375,3.5,"sigmoid","case_specific","none","default",TRUE,TRUE,4.10807025386907,6.864434861154,-2.75636460728595,223.109999999986,4.10807025386907,6.864434861154,-2.75636460728595,-0.215785652264174,-0.0409687277490808,0.00858187956740808,0.00761468027361195,-12.997556534747,-0.0324938913368702,11.050115800772,-24.0476723355199,-0.385270590096603,-2207.127275,-0.215785652264174,0.0324938913368702,-0.385270590096603,-2207.127275,0.00761468027361195
"JVS04","fewer_time_points_same_rows_nbi",41,"NBI","N","seven_case",40,10,40,10,400,0,0.375,3.5,"sigmoid","case_specific","none","default",TRUE,TRUE,2.44500954554394,2.29375231701002,0.15125722853395,106.789999999979,2.44500954554394,2.29375231701002,0.15125722853395,0.087966119086448,-0.00990204481934411,-0.000693499838672063,-0.001102160870524,-27.40318015807,-0.0685079503951798,3.27970005664793,-30.6828802147197,-0.6923906397382,94.5314699999999,0.087966119086448,0.0685079503951798,-0.6923906397382,94.5314699999999,-0.001102160870524
"JVS04","fewer_time_points_same_rows_nbi",42,"NBI","N","seven_case",40,10,40,10,400,0,0.375,3.5,"sigmoid","case_specific","none","default",TRUE,TRUE,2.45781382542202,5.958158567547,-3.50034474212498,69.6600000000033,2.45781382542202,5.958158567547,-3.50034474212498,-0.047230278118955,-0.0385097778610737,0.00697404060809603,0.00640952548185597,-11.424389097441,-0.0285609727436102,5.57967972104109,-17.004068818482,-1.6184242389205,-843.05128,-0.047230278118955,0.0285609727436102,-1.6184242389205,-843.05128,0.00640952548185597
"JVS04","fewer_time_points_same_rows_nbi",43,"NBI","N","seven_case",40,10,40,10,400,0,0.375,3.5,"sigmoid","case_specific","none","default",TRUE,TRUE,5.75719030898199,11.8947372548,-6.13754694581894,77.110000000001,5.75719030898199,11.8947372548,-6.13754694581894,-0.198783792135203,-0.0282655216675902,0.02359061475023,0.01740757286673,-676.46804795352,-1.69117011988378,-0.466105697248963,-676.001942256265,0.0457564644067006,178.87124,-0.198783792135203,1.69117011988378,0.0457564644067006,178.87124,0.01740757286673
"JVS04","fewer_time_points_same_rows_nbi",44,"NBI","N","seven_case",40,10,40,10,400,0,0.375,3.5,"sigmoid","case_specific","none","default",TRUE,TRUE,2.039825661083,5.35686152021799,-3.31703585913408,99.4099999999746,2.039825661083,5.35686152021799,-3.31703585913408,-0.187497766120784,0.001990050526892,0.010182581999695,0.00730203274983299,-657.79360468424,-1.6444840117106,-2.05956725312592,-655.73403743112,-0.234516274095903,-323.945629999998,-0.187497766120784,1.6444840117106,-0.234516274095903,-323.945629999998,0.00730203274983299
"JVS04","fewer_time_points_same_rows_nbi",45,"NBI","N","seven_case",40,10,40,10,400,0,0.375,3.5,"sigmoid","case_specific","none","default",TRUE,TRUE,1.367806383725,2.87790179210199,-1.51009540837708,84.4400000000027,1.367806383725,2.87790179210199,-1.51009540837708,-0.120872277571822,0.0331680333647148,0.00510487227227396,0.00359422285917604,-1.48733453315026,-0.00371833633288965,0.389093293502015,-1.87642782665989,-0.350514503808299,-309.580749999999,-0.120872277571822,0.00371833633288965,-0.350514503808299,-309.580749999999,0.00359422285917604
"JVS04","fewer_time_points_same_rows_nbi",46,"NBI","N","seven_case",40,10,40,10,400,0,0.375,3.5,"sigmoid","case_specific","none","default",TRUE,TRUE,1.59733260952305,3.763795984849,-2.16646337532597,77.1200000000103,1.59733260952305,3.763795984849,-2.16646337532597,-0.023449165963066,-0.036749764568286,0.00231391263849401,0.00229600070079,1.73786526644017,0.00434466316610038,5.12411810686592,-3.38625284042496,-1.2869408873707,-536.289764999998,-0.023449165963066,-0.00434466316610038,-1.2869408873707,-536.289764999998,0.00229600070079
"JVS04","fewer_time_points_same_rows_nbi",47,"NBI","N","seven_case",40,10,40,10,400,0,0.375,3.5,"sigmoid","case_specific","none","default",TRUE,TRUE,1.71538989622593,3.65717836637302,-1.94178847014609,117.770000000004,1.71538989622593,3.65717836637302,-1.94178847014609,-0.173150317689601,-0.00507307619435102,7.39605582950054e-05,-0.00018175659980002,661.269094087881,1.6531727352197,5.71322969507503,655.555864392803,0.866490656373202,-524.130865000003,-0.173150317689601,-1.6531727352197,0.866490656373202,-524.130865000003,-0.00018175659980002
"JVS04","fewer_time_points_same_rows_nbi",48,"NBI","N","seven_case",40,10,40,10,400,0,0.375,3.5,"sigmoid","case_specific","none","default",TRUE,TRUE,1.02371377890006,1.192634662589,-0.168920883688997,65.9400000000023,1.02371377890006,1.192634662589,-0.168920883688997,0.0609172580663,0.012043536926686,-0.000990441197969982,-0.000873649613492011,1299.63392310608,3.24908480776522,-0.684142353156062,1300.31806545924,-0.112437058761294,-197.697864999998,0.0609172580663,-3.24908480776522,-0.112437058761294,-197.697864999998,-0.000873649613492011
"JVS04","fewer_time_points_same_rows_nbi",49,"NBI","N","seven_case",40,10,40,10,400,0,0.375,3.5,"sigmoid","case_specific","none","default",TRUE,TRUE,1.17870621719499,2.53133399887699,-1.35262778168192,83.5000000000002,1.17870621719499,2.53133399887699,-1.35262778168192,-0.064803523491518,0.005574848270114,0.00200570631691599,0.00186434216067999,3.77435131757011,0.00943587829392012,1.22388764627794,2.55046367128989,0.646417577787901,888.446795,-0.064803523491518,-0.00943587829392012,0.646417577787901,888.446795,0.00186434216067999
"JVS04","fewer_time_points_same_rows_nbi",50,"NBI","N","seven_case",40,10,40,10,400,0,0.375,3.5,"sigmoid","case_specific","none","default",TRUE,TRUE,1.95989418144802,4.40745591651498,-2.44756173506607,237.449999999997,1.95989418144802,4.40745591651498,-2.44756173506607,0.092031729988932,0.0216365693575052,0.000302006589992021,-0.00101025245275799,648.27065436946,1.62067663592364,2.2296086020101,646.041045767438,0.182074879791301,320.188534999999,0.092031729988932,-1.62067663592364,0.182074879791301,320.188534999999,-0.00101025245275799
"JVS04","fewer_time_points_same_rows_nbi",51,"NBI","N","seven_case",40,10,40,10,400,0,0.375,3.5,"sigmoid","case_specific","none","default",TRUE,TRUE,1.53296720982291,3.32254270295499,-1.78957549313202,104.720000000001,1.53296720982291,3.32254270295499,-1.78957549313202,-0.147198958578094,0.0223469691063412,0.000632863014012996,0.000408856029552984,-13.6110631754,-0.0340276579386014,-6.985905380791,-6.62515779462046,0.635321949463098,607.960335,-0.147198958578094,0.0340276579386014,0.635321949463098,607.960335,0.000408856029552984
"JVS04","fewer_time_points_same_rows_nbi",52,"NBI","N","seven_case",40,10,40,10,400,0,0.375,3.5,"sigmoid","case_specific","none","default",TRUE,TRUE,0.971222625045925,3.457097676079,-2.48587505103296,117.289999999994,0.971222625045925,3.457097676079,-2.48587505103296,-0.13034570619229,-0.0085410286047118,-0.002776235726341,-0.00241627652868004,0.750801892960226,0.00187700473239971,6.78855563125592,-6.03775373829012,0.356920523895404,212.708175,-0.13034570619229,-0.00187700473239971,0.356920523895404,212.708175,-0.00241627652868004
"JVS04","fewer_time_points_same_rows_nbi",53,"NBI","N","seven_case",40,10,40,10,400,0,0.375,3.5,"sigmoid","case_specific","none","default",TRUE,TRUE,0.866573058896961,1.60353500297401,-0.736961944077052,72.1100000000005,0.866573058896961,1.60353500297401,-0.736961944077052,0.036558345003579,0.0072866689066695,0.00100272091519099,0.00010769032505703,0.200415135469939,0.000501037838669838,-5.08574185859095,5.28615699405896,-0.169551197501399,-317.072505,0.036558345003579,-0.000501037838669838,-0.169551197501399,-317.072505,0.00010769032505703
"JVS04","fewer_time_points_same_rows_nbi",54,"NBI","N","seven_case",40,10,40,10,400,0,0.375,3.5,"sigmoid","case_specific","none","default",TRUE,TRUE,3.450390972229,7.136511249618,-3.68612027738902,143.869999999996,3.450390972229,7.136511249618,-3.68612027738902,-0.111205322458477,0.011877964962487,0.00544616054946501,0.00330136505307499,-660.39577439312,-1.6509894359828,1.95417933547094,-662.34995372858,-0.203271108604497,199.809324999998,-0.111205322458477,1.6509894359828,-0.203271108604497,199.809324999998,0.00330136505307499
"JVS04","fewer_time_points_same_rows_nbi",55,"NBI","N","seven_case",40,10,40,10,400,0,0.375,3.5,"sigmoid","case_specific","none","default",TRUE,TRUE,2.92161762062301,5.40765985732199,-2.48604223669906,103.880000000004,2.92161762062301,5.40765985732199,-2.48604223669906,-0.057025670315134,-0.002127700732782,0.00318865396383494,0.00314046603643303,-694.77007836663,-1.73692519591659,3.42560185049399,-698.195680217128,0.568921607920899,985.26367,-0.057025670315134,1.73692519591659,0.568921607920899,985.26367,0.00314046603643303
"JVS04","fewer_time_points_same_rows_nbi",56,"NBI","N","seven_case",40,10,40,10,400,0,0.375,3.5,"sigmoid","case_specific","none","default",TRUE,TRUE,0.639135839236019,1.39430351566,-0.755167676422957,53.6599999999894,0.639135839236019,1.39430351566,-0.755167676422957,0.045823452581935,0.01950201815337,0.00198041338483201,0.00093415030195998,-2.65072097020698,-0.00662680242551961,-3.97684041710306,1.3261194468957,-0.165189490305998,-580.011210000001,0.045823452581935,0.00662680242551961,-0.165189490305998,-580.011210000001,0.00093415030195998
"JVS04","fewer_time_points_same_rows_nbi",57,"NBI","N","seven_case",40,10,40,10,400,0,0.375,3.5,"sigmoid","case_specific","none","default",TRUE,TRUE,1.72805102392203,4.443859348166,-2.71580832424297,104.210000000006,1.72805102392203,4.443859348166,-2.71580832424297,-0.15068542035343,0.0012247831038565,0.00794532275232696,0.00544905801645701,1299.77947045498,3.24944867613745,10.427403783552,1289.35206667143,0.2674856583481,-108.980629999998,-0.15068542035343,-3.24944867613745,0.2674856583481,-108.980629999998,0.00544905801645701
"JVS04","fewer_time_points_same_rows_nbi",58,"NBI","N","seven_case",40,10,40,10,400,0,0.375,3.5,"sigmoid","case_specific","none","default",TRUE,TRUE,1.01605006763396,1.132437657069,-0.116387589435021,94.2700000000037,1.01605006763396,1.132437657069,-0.116387589435021,0.085771122828482,-0.0177132203395541,0.00251466417537904,0.000886239535586031,-6.96847302972992,-0.0174211825743202,-2.34908100309701,-4.619392026631,0.601809785170097,546.564685000001,0.085771122828482,0.0174211825743202,0.601809785170097,546.564685000001,0.000886239535586031
"JVS04","fewer_time_points_same_rows_nbi",59,"NBI","N","seven_case",40,10,40,10,400,0,0.375,3.5,"sigmoid","case_specific","none","default",TRUE,TRUE,3.43137044189291,8.33153960683799,-4.90016916494403,74.75,3.43137044189291,8.33153960683799,-4.90016916494403,-0.060938694182815,-0.06722487594074,0.008189909678605,0.007336295320162,6.20550595958957,0.0155137648990014,6.29239089641192,-0.0868849368198426,0.909147017785997,-112.902034999999,-0.060938694182815,-0.0155137648990014,0.909147017785997,-112.902034999999,0.007336295320162
"JVS04","fewer_time_points_same_rows_nbi",60,"NBI","N","seven_case",40,10,40,10,400,0,0.375,3.5,"sigmoid","case_specific","none","default",TRUE,TRUE,0.42521601123201,1.340241146935,-0.915025135701057,23.449999999997,0.42521601123201,1.340241146935,-0.915025135701057,-0.070322531783749,0.0016312230775492,0.000391731896229985,0.00022326725433397,-0.683391780150032,-0.00170847945038055,-0.0583563434960297,-0.625035436650023,0.448141442583605,422.841189999999,-0.070322531783749,0.00170847945038055,0.448141442583605,422.841189999999,0.00022326725433397
"JVS04","fewer_time_points_same_rows_nbi",61,"NBI","N","seven_case",40,10,40,10,400,0,0.375,3.5,"sigmoid","case_specific","none","default",TRUE,TRUE,1.32863714991606,3.466126691401,-2.137489541484,68.589999999997,1.32863714991606,3.466126691401,-2.137489541484,-0.046657606798229,-0.0179199240378835,0.00200002476432598,0.00182682614706897,0.501976617600121,0.00125494154402972,5.296210334325,-4.7942337167101,0.561484388405702,94.106894999999,-0.046657606798229,-0.00125494154402972,0.561484388405702,94.106894999999,0.00182682614706897
"JVS04","fewer_time_points_same_rows_nbi",62,"NBI","N","seven_case",40,10,40,10,400,0,0.375,3.5,"sigmoid","case_specific","none","default",TRUE,TRUE,2.796113124729,4.63506664549701,-1.83895352076797,90.9999999999859,2.796113124729,4.63506664549701,-1.83895352076797,-0.049232362666312,-0.0442759389902927,0.00793024063551495,0.00773292763491396,-1960.44566427281,-4.901114160682,9.62516761838503,-1970.07083189119,0.449208183923098,319.019110000001,-0.049232362666312,4.901114160682,0.449208183923098,319.019110000001,0.00773292763491396
"JVS04","fewer_time_points_same_rows_nbi",63,"NBI","N","seven_case",40,10,40,10,400,0,0.375,3.5,"sigmoid","case_specific","none","default",TRUE,TRUE,2.52305966379799,6.00139218273301,-3.47833251893599,201.37999999999,2.52305966379799,6.00139218273301,-3.47833251893599,-0.020784926730397,-0.0483621855984056,0.00337243763391304,0.00114073804260101,-668.289514967831,-1.6707237874196,0.85793401794399,-669.14744898577,-0.557266288939303,-127.51557,-0.020784926730397,1.6707237874196,-0.557266288939303,-127.51557,0.00114073804260101
"JVS04","fewer_time_points_same_rows_nbi",64,"NBI","N","seven_case",40,10,40,10,400,0,0.375,3.5,"sigmoid","case_specific","none","default",TRUE,TRUE,1.86880402684699,3.98049373727599,-2.111689710429,78.4299999999926,1.86880402684699,3.98049373727599,-2.111689710429,-0.019490630842583,-0.092672318691318,0.00392052664806897,0.00311578774417698,-0.69965954231975,-0.00174914885580968,6.5908666870871,-7.29052622941026,-0.324290805214297,375.751810000002,-0.019490630842583,0.00174914885580968,-0.324290805214297,375.751810000002,0.00311578774417698
"JVS04","fewer_time_points_same_rows_nbi",65,"NBI","N","seven_case",40,10,40,10,400,0,0.375,3.5,"sigmoid","case_specific","none","default",TRUE,TRUE,0.756001252777082,1.66245976515199,-0.906458512375025,91.6900000000025,0.756001252777082,1.66245976515199,-0.906458512375025,-0.00677951669399299,-0.00116928580270101,0.00111661739584101,-0.000320605770144977,-9.48673159756981,-0.0237168289939405,0.660646796394985,-10.14737839397,-0.2037293830832,-193.49207,-0.00677951669399299,0.0237168289939405,-0.2037293830832,-193.49207,-0.000320605770144977
"JVS04","fewer_time_points_same_rows_nbi",66,"NBI","N","seven_case",40,10,40,10,400,0,0.375,3.5,"sigmoid","case_specific","none","default",TRUE,TRUE,3.23473180279098,3.20052890196101,0.0342029008289728,101.090000000011,3.23473180279098,3.20052890196101,0.0342029008289728,0.089338790205697,0.000210320825891994,0.011246471596046,0.00998467369238104,-6.29057689125102,-0.01572644222813,-2.07087548553307,-4.219701405718,0.367999733935598,-234.49332,0.089338790205697,0.01572644222813,0.367999733935598,-234.49332,0.00998467369238104
"JVS04","fewer_time_points_same_rows_nbi",67,"NBI","N","seven_case",40,10,40,10,400,0,0.375,3.5,"sigmoid","case_specific","none","default",TRUE,TRUE,0.181557166199013,0.292214426451011,-0.110657260251969,26.4600000000064,0.181557166199013,0.292214426451011,-0.110657260251969,-0.013382915453274,-0.00280691182951859,0.000170336119431069,-0.000219267016891012,654.65064627563,1.6366266156891,-0.00189620479898167,654.652542480429,-0.992331140654699,-550.661205000002,-0.013382915453274,-1.6366266156891,-0.992331140654699,-550.661205000002,-0.000219267016891012
"JVS04","fewer_time_points_same_rows_nbi",68,"NBI","N","seven_case",40,10,40,10,400,0,0.375,3.5,"sigmoid","case_specific","none","default",TRUE,TRUE,2.62333356064698,6.51412192094,-3.89078836029194,130.029999999999,2.62333356064698,6.51412192094,-3.89078836029194,-0.149774815710421,0.0170045404551027,0.00711496319953103,0.00610823858235798,-9.25429311203061,-0.0231357327800996,16.0650326166959,-25.3193257287203,-1.4199786140895,-1843.725345,-0.149774815710421,0.0231357327800996,-1.4199786140895,-1843.725345,0.00610823858235798
"JVS04","fewer_time_points_same_rows_nbi",69,"NBI","N","seven_case",40,10,40,10,400,0,0.375,3.5,"sigmoid","case_specific","none","default",TRUE,TRUE,3.50282270780906,3.144761010282,0.358061697528001,65.1899999999876,3.50282270780906,3.144761010282,0.358061697528001,-0.100197969997813,-0.055435813552586,0.0101658797640539,0.00676315642832098,10.9955650392299,0.0274889125980904,22.4554689674479,-11.45990392822,-1.0545843249617,-911.721390000002,-0.100197969997813,-0.0274889125980904,-1.0545843249617,-911.721390000002,0.00676315642832098
"JVS04","fewer_time_points_same_rows_nbi",70,"NBI","N","seven_case",40,10,40,10,400,0,0.375,3.5,"sigmoid","case_specific","none","default",TRUE,TRUE,1.43818809434606,3.71972237995598,-2.28153428560995,90.4400000000025,1.43818809434606,3.71972237995598,-2.28153428560995,0.080399626684657,-0.0262966005959845,0.000471478046602025,-0.00102947491668598,-3.150536816829,-0.00787634204207022,2.59621080578802,-5.7467476226166,0.339577208022604,-99.7952450000012,0.080399626684657,0.00787634204207022,0.339577208022604,-99.7952450000012,-0.00102947491668598
"JVS04","fewer_time_points_same_rows_nbi",71,"NBI","N","seven_case",40,10,40,10,400,0,0.375,3.5,"sigmoid","case_specific","none","default",TRUE,TRUE,2.47933060197499,7.85175483858299,-5.37242423660803,111.760000000009,2.47933060197499,7.85175483858299,-5.37242423660803,-0.091506549791622,-0.0873006550523454,0.011476738403564,0.00643867335873299,2.74380525351989,0.00685951313380073,16.486557047555,-13.7427517940296,-0.410388805496304,-378.216795,-0.091506549791622,-0.00685951313380073,-0.410388805496304,-378.216795,0.00643867335873299
"JVS04","fewer_time_points_same_rows_nbi",72,"NBI","N","seven_case",40,10,40,10,400,0,0.375,3.5,"sigmoid","case_specific","none","default",TRUE,TRUE,2.22306693652195,4.43533268408098,-2.21226574755894,121.570000000007,2.22306693652195,4.43533268408098,-2.21226574755894,-0.163243334155828,-0.0451035484106456,-0.000700872628209948,0.000203001761961974,-11.6215544035695,-0.0290538860088994,6.81289099439596,-18.4344453979602,0.174035669062199,-549.006439999997,-0.163243334155828,0.0290538860088994,0.174035669062199,-549.006439999997,0.000203001761961974
"JVS04","fewer_time_points_same_rows_nbi",73,"NBI","N","seven_case",40,10,40,10,400,0,0.375,3.5,"sigmoid","case_specific","none","default",TRUE,TRUE,0.48463973528203,1.89616413743099,-1.41152440214796,54.989999999991,0.48463973528203,1.89616413743099,-1.41152440214796,-0.040015396195534,0.00531413669850629,0.00596157274253195,0.004762353914739,-3.50880140732988,-0.00877200351830965,-1.32531739757201,-2.18348400974992,0.183539661909997,-275.629660000001,-0.040015396195534,0.00877200351830965,0.183539661909997,-275.629660000001,0.004762353914739
"JVS04","fewer_time_points_same_rows_nbi",74,"NBI","N","seven_case",40,10,40,10,400,0,0.375,3.5,"sigmoid","case_specific","none","default",TRUE,TRUE,1.96679912717002,3.778560354711,-1.81176122754198,77.129999999976,1.96679912717002,3.778560354711,-1.81176122754198,-0.084956295856592,0.011371026424339,0.00430825427256898,0.00223634923739296,-3.60133704385953,-0.00900334260970048,-3.67443041691695,0.0730933730601464,1.0544886999778,545.508249999999,-0.084956295856592,0.00900334260970048,1.0544886999778,545.508249999999,0.00223634923739296
"JVS04","fewer_time_points_same_rows_nbi",75,"NBI","N","seven_case",40,10,40,10,400,0,0.375,3.5,"sigmoid","case_specific","none","default",TRUE,TRUE,6.02552182775401,17.824031623458,-11.7985097957039,273.919999999998,6.02552182775401,17.824031623458,-11.7985097957039,-0.148022608736007,-0.138070716000833,0.011409614932266,0.00819204463018902,-58.9716249733201,-0.1474290624333,11.8416232949501,-70.8132482682699,-0.702220020903304,-171.432960000002,-0.148022608736007,0.1474290624333,-0.702220020903304,-171.432960000002,0.00819204463018902
"JVS04","fewer_time_points_same_rows_nbi",76,"NBI","N","seven_case",40,10,40,10,400,0,0.375,3.5,"sigmoid","case_specific","none","default",TRUE,TRUE,3.564321982058,10.353236381261,-6.78891439920392,167.540000000008,3.564321982058,10.353236381261,-6.78891439920392,-0.034193402273278,-0.102973734302601,-0.00365186462315592,-0.00566217027938798,-685.561990524659,-1.7139049763117,6.35333984137901,-691.91533036604,0.320697995449699,725.989010000001,-0.034193402273278,1.7139049763117,0.320697995449699,725.989010000001,-0.00566217027938798
"JVS04","fewer_time_points_same_rows_nbi",77,"NBI","N","seven_case",40,10,40,10,400,0,0.375,3.5,"sigmoid","case_specific","none","default",TRUE,TRUE,2.08510132834795,4.82014612491699,-2.73504479656992,69.520000000004,2.08510132834795,4.82014612491699,-2.73504479656992,0.011247434252768,-0.0205713009420105,0.00924444983991901,0.008248322376252,-666.50144636716,-1.66625361591792,0.0597943919480031,-666.561240759116,-0.501087410009099,-452.435154999999,0.011247434252768,1.66625361591792,-0.501087410009099,-452.435154999999,0.008248322376252
"JVS04","fewer_time_points_same_rows_nbi",78,"NBI","N","seven_case",40,10,40,10,400,0,0.375,3.5,"sigmoid","case_specific","none","default",TRUE,TRUE,0.725251000307026,2.60716253074199,-1.88191153043499,118.880000000005,0.725251000307026,2.60716253074199,-1.88191153043499,-0.135717576040031,0.0080691005568421,0.00251301247096503,0.00166630634444298,-1.64009138699805,-0.0041002284674998,2.73669270928497,-4.3767840962835,-0.464213987006602,-299.418159999999,-0.135717576040031,0.0041002284674998,-0.464213987006602,-299.418159999999,0.00166630634444298
"JVS04","fewer_time_points_same_rows_nbi",79,"NBI","N","seven_case",40,10,40,10,400,0,0.375,3.5,"sigmoid","case_specific","none","default",TRUE,TRUE,9.06766276559699,15.289060494309,-6.22139772871105,231.25,9.06766276559699,15.289060494309,-6.22139772871105,-0.260348110872269,-0.037991885688797,0.0246092658125839,0.021904056518674,-12.7890324801901,-0.0319725812004901,8.45364214337394,-21.2426746235701,-2.5150210077467,-10525.883165,-0.260348110872269,0.0319725812004901,-2.5150210077467,-10525.883165,0.021904056518674
"JVS04","fewer_time_points_same_rows_nbi",80,"NBI","N","seven_case",40,10,40,10,400,0,0.375,3.5,"sigmoid","case_specific","none","default",TRUE,TRUE,4.35619590218403,8.394497878778,-4.03830197659306,131.490000000005,4.35619590218403,8.394497878778,-4.03830197659306,0.075562428314927,-0.0607319486601625,0.011638154516054,0.010091842199813,-668.76844053542,-1.67192110133853,6.76996608668492,-675.53840662211,0.416438004787899,-331.128854999999,0.075562428314927,1.67192110133853,0.416438004787899,-331.128854999999,0.010091842199813
"JVS04","fewer_time_points_same_rows_nbi",81,"NBI","N","seven_case",40,10,40,10,400,0,0.375,3.5,"sigmoid","case_specific","none","default",TRUE,TRUE,1.16110875619495,2.41645513410401,-1.25534637790895,73.2999999999882,1.16110875619495,2.41645513410401,-1.25534637790895,0.000862983987017008,0.00386452800692699,0.00382729735107101,0.00284384632150503,-8.85853179187006,-0.0221463294796802,1.09129182361505,-9.9498236154854,0.0980777102651942,-77.2509099999988,0.000862983987017008,0.0221463294796802,0.0980777102651942,-77.2509099999988,0.00284384632150503
"JVS04","fewer_time_points_same_rows_nbi",82,"NBI","N","seven_case",40,10,40,10,400,0,0.375,3.5,"sigmoid","case_specific","none","default",TRUE,TRUE,8.67023100299104,22.285297141686,-13.6150661386949,227.009999999995,8.67023100299104,22.285297141686,-13.6150661386949,-0.436064293095525,-0.0485420099134797,0.045908837083723,0.0366502966466219,-32.6268021440501,-0.0815670053601094,28.5750282549909,-61.2018303990303,-2.57443746974869,-4866.154695,-0.436064293095525,0.0815670053601094,-2.57443746974869,-4866.154695,0.0366502966466219
"JVS04","fewer_time_points_same_rows_nbi",83,"NBI","N","seven_case",40,10,40,10,400,0,0.375,3.5,"sigmoid","case_specific","none","default",TRUE,TRUE,0.0677678582550243,0.116805626278989,-0.0490377680240499,14.9600000000064,0.0677678582550243,0.116805626278989,-0.0490377680240499,0.00117332403666098,-0.000238009552279497,0.000195188810032998,6.90601088679799e-05,0.536209412812013,0.00134052353203007,0.536485919432039,-0.000276506620799921,0.593968997360697,62.3224950000003,0.00117332403666098,-0.00134052353203007,0.593968997360697,62.3224950000003,6.90601088679799e-05
"JVS04","fewer_time_points_same_rows_nbi",84,"NBI","N","seven_case",40,10,40,10,400,0,0.375,3.5,"sigmoid","case_specific","none","default",TRUE,TRUE,3.30137055501405,6.81713225206801,-3.51576169705402,272.850000000006,3.30137055501405,6.81713225206801,-3.51576169705402,0.225383647857295,0.0025107727533726,0.00789419101864708,0.00663044371654398,-684.08904577161,-1.71022261442901,-14.995258772527,-669.093786999078,0.156342757212698,420.87724,0.225383647857295,1.71022261442901,0.156342757212698,420.87724,0.00663044371654398
"JVS04","fewer_time_points_same_rows_nbi",85,"NBI","N","seven_case",40,10,40,10,400,0,0.375,3.5,"sigmoid","case_specific","none","default",TRUE,TRUE,2.05991708449505,6.63263460550502,-4.57271752101099,109.869999999995,2.05991708449505,6.63263460550502,-4.57271752101099,-0.039280065450344,-0.0270779103250963,0.015391743015636,0.012901931733304,-26.0388139199799,-0.06509703479996,-0.751748816509007,-25.28706510347,-0.598700509047497,-901.347519999999,-0.039280065450344,0.06509703479996,-0.598700509047497,-901.347519999999,0.012901931733304
"JVS04","fewer_time_points_same_rows_nbi",86,"NBI","N","seven_case",40,10,40,10,400,0,0.375,3.5,"sigmoid","case_specific","none","default",TRUE,TRUE,2.35696460499605,4.77181530269399,-2.41485069769806,114.300000000003,2.35696460499605,4.77181530269399,-2.41485069769806,-0.045800125155238,-0.00798343190467299,0.00554240058497701,0.00466106693427798,-670.08561670186,-1.6752140417547,0.182935621051001,-670.26855232291,0.941370121682098,331.007774999998,-0.045800125155238,1.6752140417547,0.941370121682098,331.007774999998,0.00466106693427798
"JVS04","fewer_time_points_same_rows_nbi",87,"NBI","N","seven_case",40,10,40,10,400,0,0.375,3.5,"sigmoid","case_specific","none","default",TRUE,TRUE,4.33220670451601,12.747806351313,-8.41559964679595,130.559999999998,4.33220670451601,12.747806351313,-8.41559964679595,-0.106238234457904,-0.0251366584674417,0.004518634178442,0.00339623365679997,1.14886230673028,0.00287215576682964,13.0023047860931,-11.8534424793602,-0.0684106884594016,-533.830449999999,-0.106238234457904,-0.00287215576682964,-0.0684106884594016,-533.830449999999,0.00339623365679997
"JVS04","fewer_time_points_same_rows_nbi",88,"NBI","N","seven_case",40,10,40,10,400,0,0.375,3.5,"sigmoid","case_specific","none","default",TRUE,TRUE,1.56059104576605,2.807061675086,-1.24647062932002,131.559999999998,1.56059104576605,2.807061675086,-1.24647062932002,-0.027618075160185,0.04508485347844,0.00640692395414999,0.00698813729117498,-16.4582907604699,-0.0411457269010995,-3.58021618723001,-12.8780745732292,1.143581419357,323.454000000002,-0.027618075160185,0.0411457269010995,1.143581419357,323.454000000002,0.00698813729117498
"JVS04","fewer_time_points_same_rows_nbi",89,"NBI","N","seven_case",40,10,40,10,400,0,0.375,3.5,"sigmoid","case_specific","none","default",TRUE,TRUE,4.37668327105109,10.993610537253,-6.61692726620197,177.899999999994,4.37668327105109,10.993610537253,-6.61692726620197,0.042633037096464,-0.0436673645800186,0.018475581877626,0.0140719789140969,657.88811061956,1.64472027654891,1.39848805634801,656.489622563212,0.0831175046813968,-25.8355549999978,0.042633037096464,-1.64472027654891,0.0831175046813968,-25.8355549999978,0.0140719789140969
"JVS04","fewer_time_points_same_rows_nbi",90,"NBI","N","seven_case",40,10,40,10,400,0,0.375,3.5,"sigmoid","case_specific","none","default",TRUE,TRUE,1.47553979299903,2.67465290408998,-1.19911311109195,88.1699999999981,1.47553979299903,2.67465290408998,-1.19911311109195,-0.00648258152536296,-0.0041372493172622,0.00645336952224096,0.00473298364293595,-3.87892175138904,-0.00969730437847982,2.96918343961704,-6.8481051910059,0.623297482835099,-47.7920699999995,-0.00648258152536296,0.00969730437847982,0.623297482835099,-47.7920699999995,0.00473298364293595
"JVS04","fewer_time_points_same_rows_nbi",91,"NBI","N","seven_case",40,10,40,10,400,0,0.375,3.5,"sigmoid","case_specific","none","default",TRUE,TRUE,0.603159539369926,0.334291659544988,0.268867879824938,26.26000000001,0.603159539369926,0.334291659544988,0.268867879824938,0.029883039089268,-0.015973060323711,0.00709442119626996,0.00555694565939996,-654.77434539537,-1.63693586348844,-1.18861506063297,-653.585730334741,0.0434361277555979,391.957989999999,0.029883039089268,1.63693586348844,0.0434361277555979,391.957989999999,0.00555694565939996
"JVS04","fewer_time_points_same_rows_nbi",92,"NBI","N","seven_case",40,10,40,10,400,0,0.375,3.5,"sigmoid","case_specific","none","default",TRUE,TRUE,0.958684733070982,1.96806073524399,-1.00937600217196,63.5599999999974,0.958684733070982,1.96806073524399,-1.00937600217196,0.00913119283667402,-0.056857215136517,0.00510404321440694,0.00391574631343999,658.17636111935,1.64544090279836,3.41983498926993,654.756526130075,0.297984672540998,233.767885000001,0.00913119283667402,-1.64544090279836,0.297984672540998,233.767885000001,0.00391574631343999
"JVS04","fewer_time_points_same_rows_nbi",93,"NBI","N","seven_case",40,10,40,10,400,0,0.375,3.5,"sigmoid","case_specific","none","default",TRUE,TRUE,2.87038445529902,8.788387619926,-5.91800316462695,130.720000000002,2.87038445529902,8.788387619926,-5.91800316462695,0.042679665867515,-0.085713749112065,0.00257271817904992,-0.000478767382023015,-1962.33780312898,-4.9058445078225,16.0078733799261,-1978.34567650891,0.694092993195696,-996.780059999999,0.042679665867515,4.9058445078225,0.694092993195696,-996.780059999999,-0.000478767382023015
"JVS04","fewer_time_points_same_rows_nbi",94,"NBI","N","seven_case",40,10,40,10,400,0,0.375,3.5,"sigmoid","case_specific","none","default",TRUE,TRUE,1.54677640807301,3.79382706333001,-2.247050655257,84.8099999999831,1.54677640807301,3.79382706333001,-2.247050655257,-0.065083091756462,-0.013153409839665,0.00440683875248393,0.00370917445269503,-665.519970792981,-1.6637999269825,-5.60774731730203,-659.912223475671,1.26468121364201,769.158090000001,-0.065083091756462,1.6637999269825,1.26468121364201,769.158090000001,0.00370917445269503
"JVS04","fewer_time_points_same_rows_nbi",95,"NBI","N","seven_case",40,10,40,10,400,0,0.375,3.5,"sigmoid","case_specific","none","default",TRUE,TRUE,1.31668318138304,2.87361353759701,-1.55693035621505,78.559999999998,1.31668318138304,2.87361353759701,-1.55693035621505,-0.0482147937562539,0.00804404595646099,0.00806941283394502,0.00744851334490504,-12.7789342339202,-0.0319473355847908,-0.579406865224996,-12.1995273686903,0.210545891464896,197.442615,-0.0482147937562539,0.0319473355847908,0.210545891464896,197.442615,0.00744851334490504
"JVS04","fewer_time_points_same_rows_nbi",96,"NBI","N","seven_case",40,10,40,10,400,0,0.375,3.5,"sigmoid","case_specific","none","default",TRUE,TRUE,2.6096221001651,6.677247569542,-4.06762546937705,148.109999999986,2.6096221001651,6.677247569542,-4.06762546937705,-0.15864095956529,-0.00289012768259621,0.00694992630444197,0.00594789365718196,-5.76254993499606,-0.0144063748375003,3.23476293983504,-8.9973128748316,-0.861549386147196,-470.438340000001,-0.15864095956529,0.0144063748375003,-0.861549386147196,-470.438340000001,0.00594789365718196
"JVS04","fewer_time_points_same_rows_nbi",97,"NBI","N","seven_case",40,10,40,10,400,0,0.375,3.5,"sigmoid","case_specific","none","default",TRUE,TRUE,2.38339200304404,5.07464511958401,-2.69125311654102,181.770000000005,2.38339200304404,5.07464511958401,-2.69125311654102,0.032735889631549,0.014935289533276,0.00971853227095398,0.00888598177336097,-19.9650300377798,-0.0499125750943996,-11.514360297413,-8.4506697403699,0.963888580552002,404.966055000001,0.032735889631549,0.0499125750943996,0.963888580552002,404.966055000001,0.00888598177336097
"JVS04","fewer_time_points_same_rows_nbi",98,"NBI","N","seven_case",40,10,40,10,400,0,0.375,3.5,"sigmoid","case_specific","none","default",TRUE,TRUE,1.94219792467197,5.44349913099001,-3.50130120631798,177.809999999983,1.94219792467197,5.44349913099001,-3.50130120631798,-0.081439388639819,0.00708769045468419,0.00456656290148194,0.00492098170674105,-652.66219046762,-1.631655476169,1.00236737005901,-653.66455783768,1.205157439067,1045.42688,-0.081439388639819,1.631655476169,1.205157439067,1045.42688,0.00492098170674105
"JVS04","fewer_time_points_same_rows_nbi",99,"NBI","N","seven_case",40,10,40,10,400,0,0.375,3.5,"sigmoid","case_specific","none","default",TRUE,TRUE,2.72053381794797,4.667087819643,-1.94655400169506,175.729999999996,2.72053381794797,4.667087819643,-1.94655400169506,-0.0823094686253419,-0.0044318071520316,0.00856292856549501,0.00690732129232302,-28.031857586918,-0.0700796439672904,9.02078894853003,-37.0526465354485,-0.720846408254999,-390.025010000001,-0.0823094686253419,0.0700796439672904,-0.720846408254999,-390.025010000001,0.00690732129232302
"JVS04","fewer_time_points_same_rows_nbi",100,"NBI","N","seven_case",40,10,40,10,400,0,0.375,3.5,"sigmoid","case_specific","none","default",TRUE,TRUE,4.98681051397,9.047913762809,-4.061103248839,92.7499999999998,4.98681051397,9.047913762809,-4.061103248839,0.071506088568453,0.00672049308585949,0.0282102957639651,0.022669251272064,-670.74979495862,-1.67687448739654,7.704685346313,-678.45448030493,-0.376630694737898,-219.833285000001,0.071506088568453,1.67687448739654,-0.376630694737898,-219.833285000001,0.022669251272064
"JVS05","weaker_shared_shape_nbi",1,"NBI","N","seven_case",20,20,20,20,400,0,0.125,3.5,"sigmoid","case_specific","none","default",TRUE,TRUE,1.68431555085408,4.30344400402902,-2.61912845317499,90.8200000000068,1.68431555085408,4.30344400402902,-2.61912845317499,0.00972470212133403,-0.0071520415632198,-0.00329183865620197,-0.00200338140836909,5.14206588214984,0.0128551647053703,6.00858054396303,-0.866514661810015,1.850252151311,405.476480000005,0.00972470212133403,-0.0128551647053703,1.850252151311,405.476480000005,-0.00200338140836909
"JVS05","weaker_shared_shape_nbi",2,"NBI","N","seven_case",20,20,20,20,400,0,0.125,3.5,"sigmoid","case_specific","none","default",TRUE,TRUE,5.42187031440108,8.262225390808,-2.84035507640704,244.669999999999,5.42187031440108,8.262225390808,-2.84035507640704,-0.184610500325922,-0.012456837004099,0.00658589163763101,0.00354128542024301,-16.8584062673999,-0.0421460156685098,10.415014437589,-27.2734207049921,-2.840656630902,-9359.50123,-0.184610500325922,0.0421460156685098,-2.840656630902,-9359.50123,0.00354128542024301
"JVS05","weaker_shared_shape_nbi",3,"NBI","N","seven_case",20,20,20,20,400,0,0.125,3.5,"sigmoid","case_specific","none","default",TRUE,TRUE,1.89379740420895,6.84182133413799,-4.94802392992904,84.3299999999869,1.89379740420895,6.84182133413799,-4.94802392992904,-0.113332851742534,-0.0397750158133831,0.006300462228368,0.00396815233791598,-663.0236292989,-1.65755907324724,5.09477087629898,-668.118400175195,3.169522398607,245.331380000003,-0.113332851742534,1.65755907324724,3.169522398607,245.331380000003,0.00396815233791598
"JVS05","weaker_shared_shape_nbi",4,"NBI","N","seven_case",20,20,20,20,400,0,0.125,3.5,"sigmoid","case_specific","none","default",TRUE,TRUE,2.13794092186299,7.17979547411801,-5.04185455225502,110.120000000025,2.13794092186299,7.17979547411801,-5.04185455225502,-0.039934566843528,-0.029508844130367,0.011949577748412,0.00988555064264901,-1.78868789998978,-0.00447171974999883,6.91080458046292,-8.69949248045987,-4.44321234775001,-3915.25535,-0.039934566843528,0.00447171974999883,-4.44321234775001,-3915.25535,0.00988555064264901
"JVS05","weaker_shared_shape_nbi",5,"NBI","N","seven_case",20,20,20,20,400,0,0.125,3.5,"sigmoid","case_specific","none","default",TRUE,TRUE,2.01124657239404,4.969208817321,-2.95796224492699,89.779999999999,2.01124657239404,4.969208817321,-2.95796224492699,-0.240090793905658,-0.0023548247424985,0.0121190937952149,0.00921258424766497,-650.72199988471,-1.6268049997118,13.490677483969,-664.21267736868,1.02458199122302,-801.395430000004,-0.240090793905658,1.6268049997118,1.02458199122302,-801.395430000004,0.00921258424766497
"JVS05","weaker_shared_shape_nbi",6,"NBI","N","seven_case",20,20,20,20,400,0,0.125,3.5,"sigmoid","case_specific","none","default",TRUE,TRUE,2.20742408179899,5.45152221872,-3.24409813692102,73.9599999999919,2.20742408179899,5.45152221872,-3.24409813692102,-0.184979163988634,-0.0264596769380706,0.00368653119210099,0.00274995768453701,-2.6676648119701,-0.00666916202993839,5.40563793974809,-8.07330275171989,0.114681813049003,-983.435519999999,-0.184979163988634,0.00666916202993839,0.114681813049003,-983.435519999999,0.00274995768453701
"JVS05","weaker_shared_shape_nbi",7,"NBI","N","seven_case",20,20,20,20,400,0,0.125,3.5,"sigmoid","case_specific","none","default",TRUE,TRUE,3.26343419007003,11.255625826137,-7.99219163606801,218.470000000001,3.26343419007003,11.255625826137,-7.99219163606801,0.05533510804672,0.151376433642578,0.025061957208675,0.019742753860052,-11.8263295349219,-0.0295658238373,-6.77408552945008,-5.0522440054717,-4.640674883706,-1138.1859,0.05533510804672,0.0295658238373,-4.640674883706,-1138.1859,0.019742753860052
"JVS05","weaker_shared_shape_nbi",8,"NBI","N","seven_case",20,20,20,20,400,0,0.125,3.5,"sigmoid","case_specific","none","default",TRUE,TRUE,1.65052958836998,4.433660925157,-2.78313133678603,143.660000000004,1.65052958836998,4.433660925157,-2.78313133678603,0.106805871451959,-0.025502370420982,0.015379875913638,0.00870616653293999,-4.36252886055297,-0.0109063221513801,-5.20651826980509,0.843989409252998,-2.60339681573399,-1664.01876000001,0.106805871451959,0.0109063221513801,-2.60339681573399,-1664.01876000001,0.00870616653293999
"JVS05","weaker_shared_shape_nbi",9,"NBI","N","seven_case",20,20,20,20,400,0,0.125,3.5,"sigmoid","case_specific","none","default",TRUE,TRUE,1.00812548716203,2.10887896573101,-1.100753478569,37.2100000000064,1.00812548716203,2.10887896573101,-1.100753478569,-0.019448107620927,-0.0207989037872227,0.005603483164351,0.00433103154512504,-1.21824513065985,-0.00304561282665983,1.01088184884998,-2.22912697952006,-3.95414326577301,-1077.50908,-0.019448107620927,0.00304561282665983,-3.95414326577301,-1077.50908,0.00433103154512504
"JVS05","weaker_shared_shape_nbi",10,"NBI","N","seven_case",20,20,20,20,400,0,0.125,3.5,"sigmoid","case_specific","none","default",TRUE,TRUE,0.0956332374729527,0.171847871321006,-0.0762146338480534,20.7000000000114,0.0956332374729527,0.171847871321006,-0.0762146338480534,-0.00921848098265199,2.46477332499495e-06,0.000374667093059999,0.000339630071569008,0.111911117039995,0.000279777792610236,0.395370388394099,-0.2834592713535,2.870193711246,3445.26470999999,-0.00921848098265199,-0.000279777792610236,2.870193711246,3445.26470999999,0.000339630071569008
"JVS05","weaker_shared_shape_nbi",11,"NBI","N","seven_case",20,20,20,20,400,0,0.125,3.5,"sigmoid","case_specific","none","default",TRUE,TRUE,2.45334379204701,5.71729477876102,-3.26395098671401,104.149999999994,2.45334379204701,5.71729477876102,-3.26395098671401,-0.063270775503064,-0.01439394867834,0.00697225562501402,0.00776388410607998,-1970.6126681858,-4.9265316704645,8.35900317972403,-1978.97167136552,2.788480075243,-1181.73525000001,-0.063270775503064,4.9265316704645,2.788480075243,-1181.73525000001,0.00776388410607998
"JVS05","weaker_shared_shape_nbi",12,"NBI","N","seven_case",20,20,20,20,400,0,0.125,3.5,"sigmoid","case_specific","none","default",TRUE,TRUE,4.57732695945697,11.079962427651,-6.50263546819406,83.1000000000059,4.57732695945697,11.079962427651,-6.50263546819406,-0.109651833202546,-0.0376309480893005,0.016758075125746,0.012264210891429,-11.3935095432103,-0.0284837738580208,12.774240446868,-24.16774999007,-3.68347797900498,-159.474999999999,-0.109651833202546,0.0284837738580208,-3.68347797900498,-159.474999999999,0.012264210891429
"JVS05","weaker_shared_shape_nbi",13,"NBI","N","seven_case",20,20,20,20,400,0,0.125,3.5,"sigmoid","case_specific","none","default",TRUE,TRUE,3.17603808705599,3.121850165833,0.0541879212220238,254.169999999998,3.17603808705599,3.121850165833,0.0541879212220238,0.34022936111985,-0.0232883352904981,0.010266397067853,0.00699325650692201,0.114857634412942,0.000287144086029922,5.98015426108702,-5.865296626674,1.171142670113,-386.24354000001,0.34022936111985,-0.000287144086029922,1.171142670113,-386.24354000001,0.00699325650692201
"JVS05","weaker_shared_shape_nbi",14,"NBI","N","seven_case",20,20,20,20,400,0,0.125,3.5,"sigmoid","case_specific","none","default",TRUE,TRUE,1.76843296175298,4.61372947726801,-2.84529651551509,134.759999999995,1.76843296175298,4.61372947726801,-2.84529651551509,-0.157524986028058,-0.0155505101972812,0.00553967140898098,0.00456810777689998,-5.96758219660592,-0.0149189554915199,-4.38981976867194,-1.5777624279348,-5.19129987274499,-5284.8164,-0.157524986028058,0.0149189554915199,-5.19129987274499,-5284.8164,0.00456810777689998
"JVS05","weaker_shared_shape_nbi",15,"NBI","N","seven_case",20,20,20,20,400,0,0.125,3.5,"sigmoid","case_specific","none","default",TRUE,TRUE,1.8095579543899,3.87044975723799,-2.060891802848,139.900000000009,1.8095579543899,3.87044975723799,-2.060891802848,-0.024089394016878,-0.0157078463487827,0.00513478958526697,0.00223654829200504,649.63820952208,1.6240955238052,0.669178159905073,648.96903136218,-0.759020749476008,-2544.73072,-0.024089394016878,-1.6240955238052,-0.759020749476008,-2544.73072,0.00223654829200504
"JVS05","weaker_shared_shape_nbi",16,"NBI","N","seven_case",20,20,20,20,400,0,0.125,3.5,"sigmoid","case_specific","none","default",TRUE,TRUE,4.78198476058901,14.52928537168,-9.74730061109096,234.189999999988,4.78198476058901,14.52928537168,-9.74730061109096,-0.247867778509906,-0.0332188210303514,0.012094929949636,0.010238605636263,-9.89156231282004,-0.0247289057820499,1.42406505912595,-11.3156273719467,-5.673279341805,-4292.67985,-0.247867778509906,0.0247289057820499,-5.673279341805,-4292.67985,0.010238605636263
"JVS05","weaker_shared_shape_nbi",17,"NBI","N","seven_case",20,20,20,20,400,0,0.125,3.5,"sigmoid","case_specific","none","default",TRUE,TRUE,0.994369822930935,2.70232455856998,-1.70795473563908,96.1900000000022,0.994369822930935,2.70232455856998,-1.70795473563908,0.00743240427445402,-0.0127602178973336,0.00548736190280807,0.00429185541323995,-1316.57045084007,-3.29142612710012,1.66813808657196,-1318.23858892664,-2.15478878944398,-1355.81617999999,0.00743240427445402,3.29142612710012,-2.15478878944398,-1355.81617999999,0.00429185541323995
"JVS05","weaker_shared_shape_nbi",18,"NBI","N","seven_case",20,20,20,20,400,0,0.125,3.5,"sigmoid","case_specific","none","default",TRUE,TRUE,3.48252365692395,8.57450832727699,-5.09198467035299,173.680000000008,3.48252365692395,8.57450832727699,-5.09198467035299,-0.114017052734953,-0.076518687201119,0.00984964036222802,0.00677686199344407,-3.66830576195025,-0.0091707644048995,7.40911579975295,-11.0774215617002,0.591208701637981,-1227.54938000001,-0.114017052734953,0.0091707644048995,0.591208701637981,-1227.54938000001,0.00677686199344407
"JVS05","weaker_shared_shape_nbi",19,"NBI","N","seven_case",20,20,20,20,400,0,0.125,3.5,"sigmoid","case_specific","none","default",TRUE,TRUE,0.880502830232103,2.625134551032,-1.74463172079902,86.340000000011,0.880502830232103,2.625134551032,-1.74463172079902,-0.0362227960782719,0.016962360490035,0.00339262355487102,0.00304390261140103,-16.846228094107,-0.04211557023527,-1.9272882374961,-14.9189398566109,0.562141115335976,651.70541000001,-0.0362227960782719,0.04211557023527,0.562141115335976,651.70541000001,0.00304390261140103
"JVS05","weaker_shared_shape_nbi",20,"NBI","N","seven_case",20,20,20,20,400,0,0.125,3.5,"sigmoid","case_specific","none","default",TRUE,TRUE,1.23904663283997,2.46103913688799,-1.22199250404901,106.029999999999,1.23904663283997,2.46103913688799,-1.22199250404901,0.063555774632407,0.0048931555895095,0.00359638278454699,0.00401966401637899,645.893017565851,1.6147325439146,0.611829738305005,645.28118782755,0.0677278508879908,1111.91432000001,0.063555774632407,-1.6147325439146,0.0677278508879908,1111.91432000001,0.00401966401637899
"JVS05","weaker_shared_shape_nbi",21,"NBI","N","seven_case",20,20,20,20,400,0,0.125,3.5,"sigmoid","case_specific","none","default",TRUE,TRUE,3.05300146840705,6.855631171762,-3.80262970335491,186.180000000007,3.05300146840705,6.855631171762,-3.80262970335491,-0.280707577880258,-0.0189068220547871,-0.000965290915349026,7.19784549289559e-05,3.46836369023606,0.00867090922559033,18.634428488806,-15.1660647985687,-5.339240260824,-7314.58497,-0.280707577880258,-0.00867090922559033,-5.339240260824,-7314.58497,7.19784549289559e-05
"JVS05","weaker_shared_shape_nbi",22,"NBI","N","seven_case",20,20,20,20,400,0,0.125,3.5,"sigmoid","case_specific","none","default",TRUE,TRUE,4.09181803738704,8.59710773149598,-4.505289694108,117.339999999997,4.09181803738704,8.59710773149598,-4.505289694108,0.107313451675958,0.0183205003106937,0.00624275525533602,0.00455278336949799,-0.567069377549842,-0.00141767344388022,-3.244374256215,2.67730487866095,1.328159890845,-844.253070000006,0.107313451675958,0.00141767344388022,1.328159890845,-844.253070000006,0.00455278336949799
"JVS05","weaker_shared_shape_nbi",23,"NBI","N","seven_case",20,20,20,20,400,0,0.125,3.5,"sigmoid","case_specific","none","default",TRUE,TRUE,3.83971797280003,5.708674820569,-1.86895684776903,155.020000000004,3.83971797280003,5.708674820569,-1.86895684776903,0.134197052623651,0.0099771003873694,0.00693641071657902,0.00580371301016702,642.00960221332,1.60502400553332,-15.172499525738,657.182101739066,0.691390121837003,931.2497,0.134197052623651,-1.60502400553332,0.691390121837003,931.2497,0.00580371301016702
"JVS05","weaker_shared_shape_nbi",24,"NBI","N","seven_case",20,20,20,20,400,0,0.125,3.5,"sigmoid","case_specific","none","default",TRUE,TRUE,3.92606688353601,11.742224130135,-7.816157246599,358.130000000005,3.92606688353601,11.742224130135,-7.816157246599,0.201594693908127,-0.04148774424391,0.016913255409207,0.012237386358916,-1970.91889609566,-4.9272972402392,8.06398133282005,-1978.98287742848,-0.797332093948995,-4268.15846000001,0.201594693908127,4.9272972402392,-0.797332093948995,-4268.15846000001,0.012237386358916
"JVS05","weaker_shared_shape_nbi",25,"NBI","N","seven_case",20,20,20,20,400,0,0.125,3.5,"sigmoid","case_specific","none","default",TRUE,TRUE,2.64571579449193,6.88535611936001,-4.23964032486811,183.14,2.64571579449193,6.88535611936001,-4.23964032486811,-0.027461352210387,-0.0037237474391455,0.018333004641306,0.014646951765837,-8.48623905413979,-0.0212155976353499,0.478912119774009,-8.96515117391004,1.745548751505,1830.67961000001,-0.027461352210387,0.0212155976353499,1.745548751505,1830.67961000001,0.014646951765837
"JVS05","weaker_shared_shape_nbi",26,"NBI","N","seven_case",20,20,20,20,400,0,0.125,3.5,"sigmoid","case_specific","none","default",TRUE,TRUE,0.599997375050975,0.960742669798009,-0.360745294747062,37.6500000000092,0.599997375050975,0.960742669798009,-0.360745294747062,0.011516231472968,-0.0219807318796695,0.00529335730129099,0.00338762726168901,0.129428344573967,0.0003235708614302,2.737508611414,-2.60808026684001,-0.767257380440981,-2196.41493,0.011516231472968,-0.0003235708614302,-0.767257380440981,-2196.41493,0.00338762726168901
"JVS05","weaker_shared_shape_nbi",27,"NBI","N","seven_case",20,20,20,20,400,0,0.125,3.5,"sigmoid","case_specific","none","default",TRUE,TRUE,3.78708937302702,8.55926067469599,-4.772171301669,254.929999999993,3.78708937302702,8.55926067469599,-4.772171301669,0.108134161860814,0.060031329747967,0.022105744462819,0.016981886879089,-665.29742164042,-1.66324355410106,-6.05032636864405,-659.247095271774,-3.275816802229,-1882.72202999999,0.108134161860814,1.66324355410106,-3.275816802229,-1882.72202999999,0.016981886879089
"JVS05","weaker_shared_shape_nbi",28,"NBI","N","seven_case",20,20,20,20,400,0,0.125,3.5,"sigmoid","case_specific","none","default",TRUE,TRUE,2.63624096853096,5.432287133286,-2.79604616475399,145.800000000003,2.63624096853096,5.432287133286,-2.79604616475399,-0.048811311140022,0.0167381007223198,0.01482462410646,0.011914311037503,-10.4315069169602,-0.0260787672924003,-5.38464864338505,-5.04685827358003,1.50206644951399,836.34693,-0.048811311140022,0.0260787672924003,1.50206644951399,836.34693,0.011914311037503
"JVS05","weaker_shared_shape_nbi",29,"NBI","N","seven_case",20,20,20,20,400,0,0.125,3.5,"sigmoid","case_specific","none","default",TRUE,TRUE,8.16636092127703,24.497854911649,-16.3314939903721,162.080000000017,8.16636092127703,24.497854911649,-16.3314939903721,0.099820310557249,-0.075942848731874,0.0210504060385019,0.017365630127902,-43.5584474815405,-0.1088961187038,9.08651081607297,-52.6449582976097,-3.67343003640198,-2173.99304999999,0.099820310557249,0.1088961187038,-3.67343003640198,-2173.99304999999,0.017365630127902
"JVS05","weaker_shared_shape_nbi",30,"NBI","N","seven_case",20,20,20,20,400,0,0.125,3.5,"sigmoid","case_specific","none","default",TRUE,TRUE,4.71744036033294,11.410730060429,-6.69328970009701,98.7499999999858,4.71744036033294,11.410730060429,-6.69328970009701,-0.083865830655098,-0.0587864853326551,-0.00183231565684994,-0.000217684550627983,645.49731179309,1.61374327948274,0.895295735148011,644.60201605795,-1.10097649998698,-9318.55036000001,-0.083865830655098,-1.61374327948274,-1.10097649998698,-9318.55036000001,-0.000217684550627983
"JVS05","weaker_shared_shape_nbi",31,"NBI","N","seven_case",20,20,20,20,400,0,0.125,3.5,"sigmoid","case_specific","none","default",TRUE,TRUE,3.15651750242796,10.078702640801,-6.92218513837304,131.820000000007,3.15651750242796,10.078702640801,-6.92218513837304,-0.090102439805984,0.0035755544443544,-0.00791796405380096,-0.00712223747572704,-16.2427007973801,-0.0406067519934497,-3.64683504031802,-12.5958657570617,0.722654278846989,-2453.50917,-0.090102439805984,0.0406067519934497,0.722654278846989,-2453.50917,-0.00712223747572704
"JVS05","weaker_shared_shape_nbi",32,"NBI","N","seven_case",20,20,20,20,400,0,0.125,3.5,"sigmoid","case_specific","none","default",TRUE,TRUE,7.87147170977994,17.158722772273,-9.28725106249203,311.899999999995,7.87147170977994,17.158722772273,-9.28725106249203,-0.418791197755371,-0.068381428791292,0.010214148840207,0.010097100270977,-10.0171713623986,-0.0250429284058029,58.1991088267,-68.216280188999,7.482137722744,44955.29421,-0.418791197755371,0.0250429284058029,7.482137722744,44955.29421,0.010097100270977
"JVS05","weaker_shared_shape_nbi",33,"NBI","N","seven_case",20,20,20,20,400,0,0.125,3.5,"sigmoid","case_specific","none","default",TRUE,TRUE,2.00585271566297,6.62011771157302,-4.61426499591096,132.549999999988,2.00585271566297,6.62011771157302,-4.61426499591096,0.139036402035448,-0.0225210985245282,0.00802885731798597,0.008497026253313,1322.3619182025,3.30590479550626,-0.830384352797068,1323.1923025553,-0.784596114793004,-583.421109999996,0.139036402035448,-3.30590479550626,-0.784596114793004,-583.421109999996,0.008497026253313
"JVS05","weaker_shared_shape_nbi",34,"NBI","N","seven_case",20,20,20,20,400,0,0.125,3.5,"sigmoid","case_specific","none","default",TRUE,TRUE,13.7973885199581,29.826513979151,-16.029125459193,136.37000000001,13.7973885199581,29.826513979151,-16.029125459193,-0.188579331745465,-0.074396202836222,0.0357401655259789,0.0317871947120431,-63.7211937787599,-0.1593029844469,-6.80073766292298,-56.9204561158371,-4.077230624897,-13005.47119,-0.188579331745465,0.1593029844469,-4.077230624897,-13005.47119,0.0317871947120431
"JVS05","weaker_shared_shape_nbi",35,"NBI","N","seven_case",20,20,20,20,400,0,0.125,3.5,"sigmoid","case_specific","none","default",TRUE,TRUE,4.24128153385993,6.77339510837101,-2.53211357451107,87.760000000009,4.24128153385993,6.77339510837101,-2.53211357451107,-0.15979478292909,0.00999609677109298,0.016885609173345,0.014055398994123,-14.13990889143,-0.0353497722285896,7.80731390078893,-21.947222792222,-1.120756889262,-3644.44847999999,-0.15979478292909,0.0353497722285896,-1.120756889262,-3644.44847999999,0.014055398994123
"JVS05","weaker_shared_shape_nbi",36,"NBI","N","seven_case",20,20,20,20,400,0,0.125,3.5,"sigmoid","case_specific","none","default",TRUE,TRUE,2.1003218869181,4.77606922230001,-2.67574733538402,60.6300000000045,2.1003218869181,4.77606922230001,-2.67574733538402,0.03917166233992,0.0029545049705,0.013700482003928,0.010214740219698,-0.423104734129993,-0.00105776183530981,9.54486905093597,-9.96797378506017,0.0183797306580118,-1537.87045999999,0.03917166233992,0.00105776183530981,0.0183797306580118,-1537.87045999999,0.010214740219698
"JVS05","weaker_shared_shape_nbi",37,"NBI","N","seven_case",20,20,20,20,400,0,0.125,3.5,"sigmoid","case_specific","none","default",TRUE,TRUE,5.41349211050306,18.385105725217,-12.971613614713,204.460000000021,5.41349211050306,18.385105725217,-12.971613614713,-0.270043259182766,-0.113880378574465,0.010084711184719,0.00753236615165798,7.90788710783499,0.0197697177695901,48.8861845637881,-40.9782974559513,3.59393114319201,2269.66738,-0.270043259182766,-0.0197697177695901,3.59393114319201,2269.66738,0.00753236615165798
"JVS05","weaker_shared_shape_nbi",38,"NBI","N","seven_case",20,20,20,20,400,0,0.125,3.5,"sigmoid","case_specific","none","default",TRUE,TRUE,0.912464103626007,1.849293572557,-0.936829468931023,34.2200000000011,0.912464103626007,1.849293572557,-0.936829468931023,-0.0770341923145009,0.003348815540234,0.00376541549960707,0.00268769237433497,643.8823868114,1.6097059670285,5.77042137378703,638.11196543761,-0.263559791674993,1940.69379,-0.0770341923145009,-1.6097059670285,-0.263559791674993,1940.69379,0.00268769237433497
"JVS05","weaker_shared_shape_nbi",39,"NBI","N","seven_case",20,20,20,20,400,0,0.125,3.5,"sigmoid","case_specific","none","default",TRUE,TRUE,2.31289711644399,6.19593379546501,-3.88303667902096,62.8500000000058,2.31289711644399,6.19593379546501,-3.88303667902096,0.00699268864008795,-0.0736663360033303,0.00751395479716199,0.00642169472120802,-669.924072669421,-1.6748101816736,-1.40289753406694,-668.52117513535,-0.248532437487,-1487.77808,0.00699268864008795,1.6748101816736,-0.248532437487,-1487.77808,0.00642169472120802
"JVS05","weaker_shared_shape_nbi",40,"NBI","N","seven_case",20,20,20,20,400,0,0.125,3.5,"sigmoid","case_specific","none","default",TRUE,TRUE,5.672898147056,10.884255869438,-5.2113577223821,52.8599999999855,5.672898147056,10.884255869438,-5.2113577223821,-0.17755663735286,0.00346316298931799,0.024838023202426,0.019280340569833,-33.335572129605,-0.08333893032402,21.4461985344099,-54.7817706640111,0.291080297293007,454.644409999994,-0.17755663735286,0.08333893032402,0.291080297293007,454.644409999994,0.019280340569833
"JVS05","weaker_shared_shape_nbi",41,"NBI","N","seven_case",20,20,20,20,400,0,0.125,3.5,"sigmoid","case_specific","none","default",TRUE,TRUE,2.07132482968893,4.672275187558,-2.60095035786901,75.2899999999789,2.07132482968893,4.672275187558,-2.60095035786901,0.043289552546982,0.026600890760776,0.00543485325502102,0.00473273318104001,649.932209660273,1.62483052415069,-3.50703280382402,653.439242464101,4.17742320095903,6391.37209,0.043289552546982,-1.62483052415069,4.17742320095903,6391.37209,0.00473273318104001
"JVS05","weaker_shared_shape_nbi",42,"NBI","N","seven_case",20,20,20,20,400,0,0.125,3.5,"sigmoid","case_specific","none","default",TRUE,TRUE,8.81785946074706,23.3252186301198,-14.5073591693737,830.530000000002,8.81785946074706,23.3252186301198,-14.5073591693737,-0.0491687850229693,-0.00606701610019349,0.0348786978070479,0.0313002247932953,-9.74334929554141,-0.0243583732388535,15.760971461453,-25.5043207569944,0.9440485791078,-6497.65855000002,-0.0491687850229693,0.0243583732388535,0.9440485791078,-6497.65855000002,0.0313002247932953
"JVS05","weaker_shared_shape_nbi",43,"NBI","N","seven_case",20,20,20,20,400,0,0.125,3.5,"sigmoid","case_specific","none","default",TRUE,TRUE,3.98931231814606,11.173481864063,-7.18416954591601,119.210000000021,3.98931231814606,11.173481864063,-7.18416954591601,-0.329055793208012,0.0440320904432868,0.019966433500301,0.018471888968383,14.6998521524301,0.0367496303809993,18.548631791701,-3.84877963927011,0.373483902532996,-450.985939999984,-0.329055793208012,-0.0367496303809993,0.373483902532996,-450.985939999984,0.018471888968383
"JVS05","weaker_shared_shape_nbi",44,"NBI","N","seven_case",20,20,20,20,400,0,0.125,3.5,"sigmoid","case_specific","none","default",TRUE,TRUE,1.10758966059495,2.71819734136901,-1.61060768077505,48.149999999994,1.10758966059495,2.71819734136901,-1.61060768077505,0.000799581366134006,-0.0105328196308931,0.00702158775520301,0.00624647762266595,3.25356265730079,0.00813390664329994,11.979490309164,-8.72592765186073,0.658045963792006,-538.988659999974,0.000799581366134006,-0.00813390664329994,0.658045963792006,-538.988659999974,0.00624647762266595
"JVS05","weaker_shared_shape_nbi",45,"NBI","N","seven_case",20,20,20,20,400,0,0.125,3.5,"sigmoid","case_specific","none","default",TRUE,TRUE,3.54002230910703,11.497966739113,-7.95794443000398,220.409999999974,3.54002230910703,11.497966739113,-7.95794443000398,-0.374731640188596,-0.0270945788073612,0.00464231657728198,0.00418232465486401,-6.61478036602966,-0.0165369509150999,17.441936296702,-24.0567166627206,2.48738601912902,1801.34745,-0.374731640188596,0.0165369509150999,2.48738601912902,1801.34745,0.00418232465486401
"JVS05","weaker_shared_shape_nbi",46,"NBI","N","seven_case",20,20,20,20,400,0,0.125,3.5,"sigmoid","case_specific","none","default",TRUE,TRUE,3.53271820169903,9.67491659627302,-6.14219839457394,115.820000000007,3.53271820169903,9.67491659627302,-6.14219839457394,-0.120008980421495,0.0145783920050938,0.00799956895971099,0.00444091437815597,-5.92075504566094,-0.01480188761415,-0.670504959612003,-5.2502500860499,-10.035799024116,-5207.23142,-0.120008980421495,0.01480188761415,-10.035799024116,-5207.23142,0.00444091437815597
"JVS05","weaker_shared_shape_nbi",47,"NBI","N","seven_case",20,20,20,20,400,0,0.125,3.5,"sigmoid","case_specific","none","default",TRUE,TRUE,1.609054404669,3.256747979221,-1.64769357455202,73.229999999981,1.609054404669,3.256747979221,-1.64769357455202,0.02684623349136,0.027148031158871,0.012803916288011,0.00991886369550399,-26.6858280103606,-0.0667145700257983,-20.36482137409,-6.32100663625897,0.721826957149005,1834.22202000002,0.02684623349136,0.0667145700257983,0.721826957149005,1834.22202000002,0.00991886369550399
"JVS05","weaker_shared_shape_nbi",48,"NBI","N","seven_case",20,20,20,20,400,0,0.125,3.5,"sigmoid","case_specific","none","default",TRUE,TRUE,0.383539380756019,0.916729339444998,-0.533189958690059,90.5899999999963,0.383539380756019,0.916729339444998,-0.533189958690059,-0.027900308942783,-0.0161424017111824,0.00165967138412892,0.000818751596696032,-3.62966447251074,-0.00907416118119997,-0.587690270647954,-3.04197420186028,-1.571169031501,-2178.78913,-0.027900308942783,0.00907416118119997,-1.571169031501,-2178.78913,0.000818751596696032
"JVS05","weaker_shared_shape_nbi",49,"NBI","N","seven_case",20,20,20,20,400,0,0.125,3.5,"sigmoid","case_specific","none","default",TRUE,TRUE,3.87756694326606,5.197288030739,-1.31972108747198,103.01000000001,3.87756694326606,5.197288030739,-1.31972108747198,0.259574400195402,-0.0720124976070913,0.00436282392094001,0.00313363014773305,1.50365617062016,0.00375914042655978,10.6737850821941,-9.17012891157037,2.282655753564,-513.427550000008,0.259574400195402,-0.00375914042655978,2.282655753564,-513.427550000008,0.00313363014773305
"JVS05","weaker_shared_shape_nbi",50,"NBI","N","seven_case",20,20,20,20,400,0,0.125,3.5,"sigmoid","case_specific","none","default",TRUE,TRUE,4.82362085649197,8.561380514424,-3.73775965793106,155.649999999994,4.82362085649197,8.561380514424,-3.73775965793106,-0.103598397769929,-0.0509102322769703,0.019925386975989,0.013020379843363,-1334.89529583023,-3.33723823957555,3.06750717218904,-1337.96280300241,-9.731571121998,-6941.70992,-0.103598397769929,3.33723823957555,-9.731571121998,-6941.70992,0.013020379843363
"JVS05","weaker_shared_shape_nbi",51,"NBI","N","seven_case",20,20,20,20,400,0,0.125,3.5,"sigmoid","case_specific","none","default",TRUE,TRUE,0.593940608818002,1.84575393349502,-1.25181332467798,72.5000000000295,0.593940608818002,1.84575393349502,-1.25181332467798,-0.0547904696320041,-0.016819805211945,0.00406326313565597,0.00269634810876701,-0.464856083409018,-0.00116214020853,4.41821537944895,-4.8830714628587,1.199886305234,-1392.79313999999,-0.0547904696320041,0.00116214020853,1.199886305234,-1392.79313999999,0.00269634810876701
"JVS05","weaker_shared_shape_nbi",52,"NBI","N","seven_case",20,20,20,20,400,0,0.125,3.5,"sigmoid","case_specific","none","default",TRUE,TRUE,2.58648689541997,6.432003141249,-3.845516245829,123.239999999991,2.58648689541997,6.432003141249,-3.845516245829,-0.203828637097958,0.067493548576292,0.016754948853889,0.014477131621411,647.69377843228,1.61923444608069,1.6547991028749,646.038979329402,-5.38604835737902,-1063.80353,-0.203828637097958,-1.61923444608069,-5.38604835737902,-1063.80353,0.014477131621411
"JVS05","weaker_shared_shape_nbi",53,"NBI","N","seven_case",20,20,20,20,400,0,0.125,3.5,"sigmoid","case_specific","none","default",TRUE,TRUE,4.89258950985891,10.447428042705,-5.55483853284602,101.720000000001,4.89258950985891,10.447428042705,-5.55483853284602,-0.122076005929132,-0.0515051781799348,0.00653298419765003,0.00591425529034406,-18.519450808615,-0.0462986270215398,10.333350633533,-28.8528014421477,-0.649708268684009,-5074.07080999999,-0.122076005929132,0.0462986270215398,-0.649708268684009,-5074.07080999999,0.00591425529034406
"JVS05","weaker_shared_shape_nbi",54,"NBI","N","seven_case",20,20,20,20,400,0,0.125,3.5,"sigmoid","case_specific","none","default",TRUE,TRUE,0.705186421747953,2.057231063589,-1.35204464184096,56.3999999999947,0.705186421747953,2.057231063589,-1.35204464184096,-0.06275058485328,0.0122343718657007,0.00535564419901496,0.00383399615499297,-7.133519893786,-0.01783379973446,-2.45601977498995,-4.6775001187967,-3.845754177625,-1010.82874,-0.06275058485328,0.01783379973446,-3.845754177625,-1010.82874,0.00383399615499297
"JVS05","weaker_shared_shape_nbi",55,"NBI","N","seven_case",20,20,20,20,400,0,0.125,3.5,"sigmoid","case_specific","none","default",TRUE,TRUE,3.36890047698193,9.221589947486,-5.85268947050304,112.290000000008,3.36890047698193,9.221589947486,-5.85268947050304,0.101465311774071,-0.0608378248735369,-0.00242642549638294,-0.00365981272559601,643.61610606538,1.60904026516345,-0.322234868069927,643.93834093345,2.64224287454599,2650.6764,0.101465311774071,-1.60904026516345,2.64224287454599,2650.6764,-0.00365981272559601
"JVS05","weaker_shared_shape_nbi",56,"NBI","N","seven_case",20,20,20,20,400,0,0.125,3.5,"sigmoid","case_specific","none","default",TRUE,TRUE,1.28323735698393,4.17295695112699,-2.889719594143,51.9100000000035,1.28323735698393,4.17295695112699,-2.889719594143,0.025871061045491,-0.0220852149791278,0.00900329253713206,0.008009833869697,640.77780007429,1.60194450018572,7.44048664005197,633.33731343424,2.60470988267301,881.108040000006,0.025871061045491,-1.60194450018572,2.60470988267301,881.108040000006,0.008009833869697
"JVS05","weaker_shared_shape_nbi",57,"NBI","N","seven_case",20,20,20,20,400,0,0.125,3.5,"sigmoid","case_specific","none","default",TRUE,TRUE,6.17108695779405,27.219965426276,-21.048878468482,534.789999999979,6.17108695779405,27.219965426276,-21.048878468482,-0.025322860955546,-0.0433004157289246,0.011363244387116,0.004138053277572,612.323524448349,1.5308088111209,12.562541644023,599.76098280433,-6.381713774198,-951.894279999993,-0.025322860955546,-1.5308088111209,-6.381713774198,-951.894279999993,0.004138053277572
"JVS05","weaker_shared_shape_nbi",58,"NBI","N","seven_case",20,20,20,20,400,0,0.125,3.5,"sigmoid","case_specific","none","default",TRUE,TRUE,8.223085368071,31.834442175549,-23.6113568074779,122.559999999998,8.223085368071,31.834442175549,-23.6113568074779,-0.592733550996471,-0.0345108270052019,0.035717459989513,0.026008185314434,-0.842656397589963,-0.0021066409939694,136.496888537323,-137.33954493491,-7.912296161379,-4627.67088000001,-0.592733550996471,0.0021066409939694,-7.912296161379,-4627.67088000001,0.026008185314434
"JVS05","weaker_shared_shape_nbi",59,"NBI","N","seven_case",20,20,20,20,400,0,0.125,3.5,"sigmoid","case_specific","none","default",TRUE,TRUE,3.10304433054307,8.82383496382801,-5.72079063328499,97.4500000000115,3.10304433054307,8.82383496382801,-5.72079063328499,-0.017227983285346,-0.00529504433208999,0.00630811153632804,0.00570992030582101,-667.5920136745,-1.66898003418625,-7.51821249271404,-660.073801181784,0.275210076880995,384.206030000001,-0.017227983285346,1.66898003418625,0.275210076880995,384.206030000001,0.00570992030582101
"JVS05","weaker_shared_shape_nbi",60,"NBI","N","seven_case",20,20,20,20,400,0,0.125,3.5,"sigmoid","case_specific","none","default",TRUE,TRUE,6.01436022491498,9.15285588274401,-3.13849565782891,113.730000000011,6.01436022491498,9.15285588274401,-3.13849565782891,0.088847701659371,0.015416585869159,0.0119529190779499,0.012661417169325,-1380.99871629536,-3.4524967907384,5.80723739072596,-1386.80595368609,-0.415880899732997,-177.388310000009,0.088847701659371,3.4524967907384,-0.415880899732997,-177.388310000009,0.012661417169325
"JVS05","weaker_shared_shape_nbi",61,"NBI","N","seven_case",20,20,20,20,400,0,0.125,3.5,"sigmoid","case_specific","none","default",TRUE,TRUE,2.75542143807502,6.04983543382002,-3.29441399574603,46.6299999999755,2.75542143807502,6.04983543382002,-3.29441399574603,-0.0357905958037259,-0.0108365856858487,0.012685435928895,0.010646838024532,12.9963208424701,0.0324908021061798,16.833389710673,-3.83706886819982,4.716135288781,3551.68013000001,-0.0357905958037259,-0.0324908021061798,4.716135288781,3551.68013000001,0.010646838024532
"JVS05","weaker_shared_shape_nbi",62,"NBI","N","seven_case",20,20,20,20,400,0,0.125,3.5,"sigmoid","case_specific","none","default",TRUE,TRUE,0.383964889296976,1.12309269725901,-0.739127807960017,44.8899999999848,0.383964889296976,1.12309269725901,-0.739127807960017,-0.025700534229942,-0.0106045647659794,0.000711633183565041,0.00048144368124492,1.27677148082967,0.00319192870210117,3.92575180052609,-2.64898031970006,-1.73689211018601,347.077059999981,-0.025700534229942,-0.00319192870210117,-1.73689211018601,347.077059999981,0.00048144368124492
"JVS05","weaker_shared_shape_nbi",63,"NBI","N","seven_case",20,20,20,20,400,0,0.125,3.5,"sigmoid","case_specific","none","default",TRUE,TRUE,3.91433222987507,7.21017427527499,-3.29584204540004,63.5099999999799,3.91433222987507,7.21017427527499,-3.29584204540004,-0.120399145485822,0.0267048740932313,0.0182111158410629,0.0152291714105189,2.23900243186017,0.00559750607963849,6.94923294821592,-4.71023051635984,1.27983783427001,556.032689999993,-0.120399145485822,-0.00559750607963849,1.27983783427001,556.032689999993,0.0152291714105189
"JVS05","weaker_shared_shape_nbi",64,"NBI","N","seven_case",20,20,20,20,400,0,0.125,3.5,"sigmoid","case_specific","none","default",TRUE,TRUE,2.67715275374997,7.063494938888,-4.38634218513698,82.019999999989,2.67715275374997,7.063494938888,-4.38634218513698,-0.07713803237484,-0.079281716060729,0.000717840680099946,-0.00370126966849804,11.4343761915702,0.028585940478921,11.3847305268851,0.0496456646797014,4.21688215650701,4305.31582999999,-0.07713803237484,-0.028585940478921,4.21688215650701,4305.31582999999,-0.00370126966849804
"JVS05","weaker_shared_shape_nbi",65,"NBI","N","seven_case",20,20,20,20,400,0,0.125,3.5,"sigmoid","case_specific","none","default",TRUE,TRUE,2.27585743657608,7.09660369210002,-4.82074625552298,85.9800000000105,2.27585743657608,7.09660369210002,-4.82074625552298,-0.197826307434175,-0.033732711106596,0.005496174974363,0.00316048479196801,-2.05721323098101,-0.00514303307745001,26.09669201642,-28.153905247399,2.048758196753,631.018790000002,-0.197826307434175,0.00514303307745001,2.048758196753,631.018790000002,0.00316048479196801
"JVS05","weaker_shared_shape_nbi",66,"NBI","N","seven_case",20,20,20,20,400,0,0.125,3.5,"sigmoid","case_specific","none","default",TRUE,TRUE,1.07128192013897,5.27457755719502,-4.20329563705604,80.3800000000341,1.07128192013897,5.27457755719502,-4.20329563705604,-0.0630581219251659,-0.036812411241674,0.01020038982194,0.00718120822668,-3.29574424192992,-0.0082393606048301,0.748701008992953,-4.04444525092504,-8.08925862009602,-19132.40442,-0.0630581219251659,0.0082393606048301,-8.08925862009602,-19132.40442,0.00718120822668
"JVS05","weaker_shared_shape_nbi",67,"NBI","N","seven_case",20,20,20,20,400,0,0.125,3.5,"sigmoid","case_specific","none","default",TRUE,TRUE,1.50565179155603,3.69151580102499,-2.18586400946901,84.3399999999969,1.50565179155603,3.69151580102499,-2.18586400946901,0.00549098406926607,-0.0115448481678253,0.00925158904096401,0.00649864421088203,-9.15842007583899,-0.0228960501895998,-3.83946672280194,-5.3189533530377,0.681823142564014,935.852840000007,0.00549098406926607,0.0228960501895998,0.681823142564014,935.852840000007,0.00649864421088203
"JVS05","weaker_shared_shape_nbi",68,"NBI","N","seven_case",20,20,20,20,400,0,0.125,3.5,"sigmoid","case_specific","none","default",TRUE,TRUE,2.03526668772906,4.13462798237902,-2.09936129464904,57.0599999999979,2.03526668772906,4.13462798237902,-2.09936129464904,-0.012132073810715,-0.0244530608820127,0.00344845975932606,0.00106225359861095,-13.8666216728798,-0.0346665541822002,2.51547224902504,-16.3820939218995,-1.98951240375399,-36.5133300000016,-0.012132073810715,0.0346665541822002,-1.98951240375399,-36.5133300000016,0.00106225359861095
"JVS05","weaker_shared_shape_nbi",69,"NBI","N","seven_case",20,20,20,20,400,0,0.125,3.5,"sigmoid","case_specific","none","default",TRUE,TRUE,5.10965579694903,12.210038124552,-7.10038232760303,101.109999999986,5.10965579694903,12.210038124552,-7.10038232760303,-0.000927797468520009,-0.018060096550024,0.0213039706332759,0.015338141197212,-673.82111018218,-1.68455277545546,-1.64298468348295,-672.1781254987,-1.11833956162502,-1374.92816,-0.000927797468520009,1.68455277545546,-1.11833956162502,-1374.92816,0.015338141197212
"JVS05","weaker_shared_shape_nbi",70,"NBI","N","seven_case",20,20,20,20,400,0,0.125,3.5,"sigmoid","case_specific","none","default",TRUE,TRUE,2.31361501737592,9.97652138212,-7.66290636474594,106.860000000015,2.31361501737592,9.97652138212,-7.66290636474594,-0.0209785843029709,0.0044993592957686,4.90804263940103e-05,-0.000390221313984029,-32.647453631038,-0.0816186340775999,-1.32124515897499,-31.326208472062,3.867976866292,2228.73328,-0.0209785843029709,0.0816186340775999,3.867976866292,2228.73328,-0.000390221313984029
"JVS05","weaker_shared_shape_nbi",71,"NBI","N","seven_case",20,20,20,20,400,0,0.125,3.5,"sigmoid","case_specific","none","default",TRUE,TRUE,2.03098889314003,7.66220765584097,-5.631218762701,133.359999999986,2.03098889314003,7.66220765584097,-5.631218762701,-0.0792103051393011,0.0456382131483586,0.022098381805401,0.017319522013688,4.98316377326955,0.0124579094332002,5.57071121220804,-0.587547438940419,2.98027137380001,690.134229999996,-0.0792103051393011,-0.0124579094332002,2.98027137380001,690.134229999996,0.017319522013688
"JVS05","weaker_shared_shape_nbi",72,"NBI","N","seven_case",20,20,20,20,400,0,0.125,3.5,"sigmoid","case_specific","none","default",TRUE,TRUE,1.45579023812297,4.788381812707,-3.33259157458394,86.6900000000025,1.45579023812297,4.788381812707,-3.33259157458394,-0.217050269685452,-0.0049249230561933,0.00583947574119004,0.00447668742808399,-0.204126727450102,-0.000510316818620016,9.40867155564297,-9.6127982830921,0.0752406100179996,-263.920530000003,-0.217050269685452,0.000510316818620016,0.0752406100179996,-263.920530000003,0.00447668742808399
"JVS05","weaker_shared_shape_nbi",73,"NBI","N","seven_case",20,20,20,20,400,0,0.125,3.5,"sigmoid","case_specific","none","default",TRUE,TRUE,0.989323506250003,2.16266215548399,-1.17333864923501,46.0699999999784,0.989323506250003,2.16266215548399,-1.17333864923501,-0.01286658026249,-0.0188148559930992,0.000441010093888972,-0.000762935201064019,0.52179169553699,0.00130447923883992,0.249786150431078,0.27200554510639,1.29365342922398,-104.822500000002,-0.01286658026249,-0.00130447923883992,1.29365342922398,-104.822500000002,-0.000762935201064019
"JVS05","weaker_shared_shape_nbi",74,"NBI","N","seven_case",20,20,20,20,400,0,0.125,3.5,"sigmoid","case_specific","none","default",TRUE,TRUE,1.63910026992994,4.38202424706299,-2.74292397713407,93.25,1.63910026992994,4.38202424706299,-2.74292397713407,-0.102645547628902,-0.00602763568225,0.00169841835204598,0.00106764668784398,18.9806865262099,0.0474517163155408,12.717701355259,6.26298517095984,-7.403980067144,-6942.99149,-0.102645547628902,-0.0474517163155408,-7.403980067144,-6942.99149,0.00106764668784398
"JVS05","weaker_shared_shape_nbi",75,"NBI","N","seven_case",20,20,20,20,400,0,0.125,3.5,"sigmoid","case_specific","none","default",TRUE,TRUE,1.06847548229302,2.654235110846,-1.585759628554,53.9799999999819,1.06847548229302,2.654235110846,-1.585759628554,0.058984659193911,-0.0408568683159838,0.00166585748582998,0.000459537081635986,1.60134786899016,0.00400336967248993,2.47027941382498,-0.86893154482982,4.06242130733901,1472.34666000001,0.058984659193911,-0.00400336967248993,4.06242130733901,1472.34666000001,0.000459537081635986
"JVS05","weaker_shared_shape_nbi",76,"NBI","N","seven_case",20,20,20,20,400,0,0.125,3.5,"sigmoid","case_specific","none","default",TRUE,TRUE,3.07970916232398,7.09817064382599,-4.01846148150298,91.2900000000083,3.07970916232398,7.09817064382599,-4.01846148150298,-0.094064929114358,-0.0876134884295264,0.00079418987897506,0.00230882160589096,16.1363322468405,0.0403408306170991,8.40193342195698,7.73439882488992,0.532004462092999,-6082.58653,-0.094064929114358,-0.0403408306170991,0.532004462092999,-6082.58653,0.00230882160589096
"JVS05","weaker_shared_shape_nbi",77,"NBI","N","seven_case",20,20,20,20,400,0,0.125,3.5,"sigmoid","case_specific","none","default",TRUE,TRUE,5.741518891488,10.810701474922,-5.06918258343501,93.1300000000051,5.741518891488,10.810701474922,-5.06918258343501,-0.279091860046208,0.0202901773805579,0.024931055588981,0.017211022586691,-20.8345430365021,-0.0520863575912598,-4.22081969498902,-16.6137233415133,0.420492582061996,-1717.96717,-0.279091860046208,0.0520863575912598,0.420492582061996,-1717.96717,0.017211022586691
"JVS05","weaker_shared_shape_nbi",78,"NBI","N","seven_case",20,20,20,20,400,0,0.125,3.5,"sigmoid","case_specific","none","default",TRUE,TRUE,1.32698221728003,2.98189031582498,-1.65490809854407,68.1799999999929,1.32698221728003,2.98189031582498,-1.65490809854407,-0.046340824048585,0.02634767352661,0.00736602793207702,0.00581601689989703,645.45145384083,1.61362863460203,-2.358690891528,647.81014473236,0.681940783474005,744.5628,-0.046340824048585,-1.61362863460203,0.681940783474005,744.5628,0.00581601689989703
"JVS05","weaker_shared_shape_nbi",79,"NBI","N","seven_case",20,20,20,20,400,0,0.125,3.5,"sigmoid","case_specific","none","default",TRUE,TRUE,2.24177076392505,5.55285873442102,-3.31108797049603,86.6600000000038,2.24177076392505,5.55285873442102,-3.31108797049603,-0.119877850884946,-0.0463488259576349,0.003860600903977,0.00315807257273698,-10.6683808166399,-0.02667095204162,11.524689328984,-22.1930701456299,-0.585776296045992,2939.15448,-0.119877850884946,0.02667095204162,-0.585776296045992,2939.15448,0.00315807257273698
"JVS05","weaker_shared_shape_nbi",80,"NBI","N","seven_case",20,20,20,20,400,0,0.125,3.5,"sigmoid","case_specific","none","default",TRUE,TRUE,1.51787283376495,5.95256043748699,-4.43468760372309,67.4700000000013,1.51787283376495,5.95256043748699,-4.43468760372309,0.073821815318378,-0.019446357467571,0.00483910622370498,0.00447031672822701,-5.54867108969984,-0.01387167772425,2.154822562655,-7.70349365234983,-2.10133452619701,-1100.16116000002,0.073821815318378,0.01387167772425,-2.10133452619701,-1100.16116000002,0.00447031672822701
"JVS05","weaker_shared_shape_nbi",81,"NBI","N","seven_case",20,20,20,20,400,0,0.125,3.5,"sigmoid","case_specific","none","default",TRUE,TRUE,4.22903860506801,10.198288202279,-5.96924959721093,102.399999999994,4.22903860506801,10.198288202279,-5.96924959721093,0.03276033583808,-0.0151608735396401,0.013516904928665,0.012203876420107,-26.0610011961498,-0.0651525029904008,-7.45839023983899,-18.6026109563199,3.02907391482302,206.126530000009,0.03276033583808,0.0651525029904008,3.02907391482302,206.126530000009,0.012203876420107
"JVS05","weaker_shared_shape_nbi",82,"NBI","N","seven_case",20,20,20,20,400,0,0.125,3.5,"sigmoid","case_specific","none","default",TRUE,TRUE,0.611326146490001,1.72352820688599,-1.11220206039695,45.6199999999953,0.611326146490001,1.72352820688599,-1.11220206039695,0.010239154805748,-0.0116155305414076,0.00800670132338499,0.00561099713227009,-661.30326230652,-1.65325815576629,-3.64651601161904,-657.65674629489,0.505954592209008,272.194439999999,0.010239154805748,1.65325815576629,0.505954592209008,272.194439999999,0.00561099713227009
"JVS05","weaker_shared_shape_nbi",83,"NBI","N","seven_case",20,20,20,20,400,0,0.125,3.5,"sigmoid","case_specific","none","default",TRUE,TRUE,1.76713294397098,2.72952127240299,-0.962388328431985,71.6400000000138,1.76713294397098,2.72952127240299,-0.962388328431985,0.069215102118269,-0.0483657494285852,0.00391284080313103,0.00166167723053001,-1302.41349766476,-3.25603374416188,3.64191571680601,-1306.05541338157,0.407006625457996,607.935660000003,0.069215102118269,3.25603374416188,0.407006625457996,607.935660000003,0.00166167723053001
"JVS05","weaker_shared_shape_nbi",84,"NBI","N","seven_case",20,20,20,20,400,0,0.125,3.5,"sigmoid","case_specific","none","default",TRUE,TRUE,5.54810159477302,10.721074144563,-5.17297254978996,98.7700000000185,5.54810159477302,10.721074144563,-5.17297254978996,0.029113218205119,-0.0817094800757877,-0.00352056870550499,-0.00169511086473195,-35.10783708189,-0.08776959270471,11.2060909568449,-46.313928038732,-2.035978635145,-3061.01170999999,0.029113218205119,0.08776959270471,-2.035978635145,-3061.01170999999,-0.00169511086473195
"JVS05","weaker_shared_shape_nbi",85,"NBI","N","seven_case",20,20,20,20,400,0,0.125,3.5,"sigmoid","case_specific","none","default",TRUE,TRUE,4.14137187247809,10.687832518557,-6.546460646078,91.390000000014,4.14137187247809,10.687832518557,-6.546460646078,-0.160413227897873,0.0263306420817668,0.0168298585592961,0.0135314161689559,-35.3952980691502,-0.0884882451728801,-4.07882155715595,-31.316476512,1.178556633635,2246.31474999999,-0.160413227897873,0.0884882451728801,1.178556633635,2246.31474999999,0.0135314161689559
"JVS05","weaker_shared_shape_nbi",86,"NBI","N","seven_case",20,20,20,20,400,0,0.125,3.5,"sigmoid","case_specific","none","default",TRUE,TRUE,5.25575512730995,12.206059201643,-6.95030407433296,235.50999999998,5.25575512730995,12.206059201643,-6.95030407433296,-0.21094721830964,0.059942669528446,0.018500693830681,0.015023557440289,-6.85966567297055,-0.0171491641825003,28.378484486326,-35.2381501592999,0.925691340318991,-1668.20946,-0.21094721830964,0.0171491641825003,0.925691340318991,-1668.20946,0.015023557440289
"JVS05","weaker_shared_shape_nbi",87,"NBI","N","seven_case",20,20,20,20,400,0,0.125,3.5,"sigmoid","case_specific","none","default",TRUE,TRUE,3.138533118532,5.62443184695999,-2.48589872842797,73.6100000000153,3.138533118532,5.62443184695999,-2.48589872842797,-0.132763038735343,-0.0180245667870883,0.01412223787031,0.010623370894479,-25.6983193779497,-0.0642457984448903,10.209819451824,-35.90813882978,0.80043252584602,-2360.84096999999,-0.132763038735343,0.0642457984448903,0.80043252584602,-2360.84096999999,0.010623370894479
"JVS05","weaker_shared_shape_nbi",88,"NBI","N","seven_case",20,20,20,20,400,0,0.125,3.5,"sigmoid","case_specific","none","default",TRUE,TRUE,2.37858620432803,8.116745564019,-5.73815935969105,222.279999999998,2.37858620432803,8.116745564019,-5.73815935969105,-0.110513164375831,-0.0097163781779461,0.00586041096180501,0.00644164985947704,-15.5082287574301,-0.03877057189358,-9.94128875375407,-5.5669400036802,1.36737018277799,943.91416,-0.110513164375831,0.03877057189358,1.36737018277799,943.91416,0.00644164985947704
"JVS05","weaker_shared_shape_nbi",89,"NBI","N","seven_case",20,20,20,20,400,0,0.125,3.5,"sigmoid","case_specific","none","default",TRUE,TRUE,2.65590973455005,3.98871453995901,-1.33280480540895,89.6699999999837,2.65590973455005,3.98871453995901,-1.33280480540895,0.054033101021151,0.00839489169070791,-0.000558557732640019,-0.00069667786355998,10.714250348263,0.02678562587066,5.38681560084694,5.3274347474153,1.68440530481399,1790.20076000001,0.054033101021151,-0.02678562587066,1.68440530481399,1790.20076000001,-0.00069667786355998
"JVS05","weaker_shared_shape_nbi",90,"NBI","N","seven_case",20,20,20,20,400,0,0.125,3.5,"sigmoid","case_specific","none","default",TRUE,TRUE,4.61996774862791,11.666570123769,-7.04660237514099,114.440000000003,4.61996774862791,11.666570123769,-7.04660237514099,-0.014146231078879,-0.0812524725491331,0.01305891509653,0.011184644511353,-704.63665870525,-1.7615916467631,-6.21447390276705,-698.422184802474,-6.20807242717899,-9541.19280999999,-0.014146231078879,1.7615916467631,-6.20807242717899,-9541.19280999999,0.011184644511353
"JVS05","weaker_shared_shape_nbi",91,"NBI","N","seven_case",20,20,20,20,400,0,0.125,3.5,"sigmoid","case_specific","none","default",TRUE,TRUE,3.902072188283,11.303476511513,-7.40140432323096,182.200000000012,3.902072188283,11.303476511513,-7.40140432323096,-0.16594065472778,-0.006028769911366,0.00335949716207495,0.00332628412992197,-717.70824624699,-1.79427061561749,28.74319682182,-746.451443068821,5.613364247579,3764.78943,-0.16594065472778,1.79427061561749,5.613364247579,3764.78943,0.00332628412992197
"JVS05","weaker_shared_shape_nbi",92,"NBI","N","seven_case",20,20,20,20,400,0,0.125,3.5,"sigmoid","case_specific","none","default",TRUE,TRUE,0.936220040524972,2.21892174556899,-1.28270170504402,115.870000000025,0.936220040524972,2.21892174556899,-1.28270170504402,-0.070270753277801,-0.0501381954170859,-0.00154341399095403,-0.001823262170249,-4.32567178518002,-0.0108141794629499,5.48356414847001,-9.80923593365,-0.798681957532011,-264.134489999997,-0.070270753277801,0.0108141794629499,-0.798681957532011,-264.134489999997,-0.001823262170249
"JVS05","weaker_shared_shape_nbi",93,"NBI","N","seven_case",20,20,20,20,400,0,0.125,3.5,"sigmoid","case_specific","none","default",TRUE,TRUE,15.590469477479,12.591699974135,2.99876950334396,251.110000000015,15.590469477479,12.591699974135,2.99876950334396,-0.212785294456785,-0.10936687630644,0.031978828177331,0.0267095560343309,-826.18776060787,-2.0654694015197,0.226072834722004,-826.41383344259,-4.010519763296,-3328.02640999999,-0.212785294456785,2.0654694015197,-4.010519763296,-3328.02640999999,0.0267095560343309
"JVS05","weaker_shared_shape_nbi",94,"NBI","N","seven_case",20,20,20,20,400,0,0.125,3.5,"sigmoid","case_specific","none","default",TRUE,TRUE,13.85715580519,36.001044840084,-22.143889034893,345.190000000002,13.85715580519,36.001044840084,-22.143889034893,-0.400470865311095,-0.005399872919891,0.0472149336562631,0.038631689019727,-2056.06278174884,-5.1401569543721,30.384552795662,-2086.4473345445,-2.12410698105398,-1126.87309000001,-0.400470865311095,5.1401569543721,-2.12410698105398,-1126.87309000001,0.038631689019727
"JVS05","weaker_shared_shape_nbi",95,"NBI","N","seven_case",20,20,20,20,400,0,0.125,3.5,"sigmoid","case_specific","none","default",TRUE,TRUE,2.49225669549492,7.77561804912699,-5.28336135363304,100.75,2.49225669549492,7.77561804912699,-5.28336135363304,0.0470767558639129,-0.0133228022902106,0.00850322374340406,0.006886279248908,0.36623733561305,0.000915593339029908,6.76790848258895,-6.4016711469767,-0.130746778092004,-1276.85723,0.0470767558639129,-0.000915593339029908,-0.130746778092004,-1276.85723,0.006886279248908
"JVS05","weaker_shared_shape_nbi",96,"NBI","N","seven_case",20,20,20,20,400,0,0.125,3.5,"sigmoid","case_specific","none","default",TRUE,TRUE,10.672951251042,33.225700097086,-22.552748846045,461.360000000015,10.672951251042,33.225700097086,-22.552748846045,-0.230758977860291,-0.0117812555373619,0.018858105494449,0.0137678306705711,1.75100532690067,0.00437751331720015,13.693722269286,-11.9427169423898,0.43846056922601,-572.111569999994,-0.230758977860291,-0.00437751331720015,0.43846056922601,-572.111569999994,0.0137678306705711
"JVS05","weaker_shared_shape_nbi",97,"NBI","N","seven_case",20,20,20,20,400,0,0.125,3.5,"sigmoid","case_specific","none","default",TRUE,TRUE,1.17872197111001,3.146593298689,-1.967871327578,86.4499999999822,1.17872197111001,3.146593298689,-1.967871327578,0.042220626166445,-0.000316962894857699,0.00132432095489199,0.00186267258428297,-2.58766938978988,-0.00646917347446951,-5.20558304017902,2.61791365038994,2.60208586014798,2131.56694,0.042220626166445,0.00646917347446951,2.60208586014798,2131.56694,0.00186267258428297
"JVS05","weaker_shared_shape_nbi",98,"NBI","N","seven_case",20,20,20,20,400,0,0.125,3.5,"sigmoid","case_specific","none","default",TRUE,TRUE,2.68659095728697,5.77711770718099,-3.09052674989505,396.639999999985,2.68659095728697,5.77711770718099,-3.09052674989505,-0.00443129078461901,0.0366027612855154,0.00827462218736796,0.00564224063177698,-18.1662347474703,-0.0454155868686996,-7.56351432694305,-10.6027204205202,6.00103749900501,-3870.00218,-0.00443129078461901,0.0454155868686996,6.00103749900501,-3870.00218,0.00564224063177698
"JVS05","weaker_shared_shape_nbi",99,"NBI","N","seven_case",20,20,20,20,400,0,0.125,3.5,"sigmoid","case_specific","none","default",TRUE,TRUE,2.78634884826693,8.353863337635,-5.56751448936905,139.02999999997,2.78634884826693,8.353863337635,-5.56751448936905,-0.100748113062133,-0.0307055252884264,0.00586725746928907,0.00566416692389204,-9.82062145462078,-0.0245515536366003,14.04072889623,-23.86135035086,-1.89070968863001,-1205.12001,-0.100748113062133,0.0245515536366003,-1.89070968863001,-1205.12001,0.00566416692389204
"JVS05","weaker_shared_shape_nbi",100,"NBI","N","seven_case",20,20,20,20,400,0,0.125,3.5,"sigmoid","case_specific","none","default",TRUE,TRUE,1.09944905670295,2.634579158496,-1.53513010179302,58.6300000000047,1.09944905670295,2.634579158496,-1.53513010179302,0.0788861176312241,-0.0079309550932443,0.002975785241633,0.00187952332272201,-11.2508076700899,-0.0281270191752307,-2.50768449645,-8.74312317364104,-2.36767552809599,-3005.93276,0.0788861176312241,0.0281270191752307,-2.36767552809599,-3005.93276,0.00187952332272201
"JVS01","theta_off_control_nbi",1,"NBI","N","seven_case",20,20,20,20,400,0,0.375,0,"sigmoid","case_specific","none","default",TRUE,TRUE,0.0749332639129534,0.14414120355182,-0.069207939639,8.4,0.0749332639129534,0.14414120355182,-0.069207939639,0.020253854968446,0.00512614353044491,0.001860807170359,0.001233924718669,-0.801849382497949,-0.00200462345625008,-0.842811250514046,0.040961868016316,-1.60811784804702,-1998.57373,0.020253854968446,0.00200462345625008,-1.60811784804702,-1998.57373,0.001233924718669
"JVS01","theta_off_control_nbi",2,"NBI","N","seven_case",20,20,20,20,400,0,0.375,0,"sigmoid","case_specific","none","default",TRUE,TRUE,0.042057379026005,0.0773532110677699,-0.0352958320420385,15.19,0.042057379026005,0.0773532110677699,-0.0352958320420385,0.025169211498707,0.0026058049839794,0.00167753078837002,0.0010739896052756,-0.740239179191008,-0.00185059794798015,-0.555156950313972,-0.18508222887718,3.45222238999301,3552.29691999999,0.025169211498707,0.00185059794798015,3.45222238999301,3552.29691999999,0.0010739896052756
"JVS01","theta_off_control_nbi",3,"NBI","N","seven_case",20,20,20,20,400,0,0.375,0,"sigmoid","case_specific","none","default",TRUE,TRUE,0.015427821439971,0.0274192829705999,-0.0119914615299876,10.45,0.015427821439971,0.0274192829705999,-0.0119914615299876,-0.009533990647387,0.0014576535757274,0.000622974325015999,0.000419367333391513,0.164965390252974,0.00041241347564025,0.205520648941047,-0.0405552586881992,0.362493846364004,87.5585799999826,-0.009533990647387,-0.00041241347564025,0.362493846364004,87.5585799999826,0.000419367333391513
"JVS01","theta_off_control_nbi",4,"NBI","N","seven_case",20,20,20,20,400,0,0.375,0,"sigmoid","case_specific","none","default",TRUE,TRUE,0.0228951687558947,0.0421126907310008,-0.0192175219750652,5.1000000000163,0.0228951687558947,0.0421126907310008,-0.0192175219750652,0.011802221997227,-0.00336025316285241,0.000223671299692696,0.0001497919371495,0.0957285954050349,0.000239321488509692,0.0715767580140891,0.0241518373902103,1.961413237519,1847.07191,0.011802221997227,-0.000239321488509692,1.961413237519,1847.07191,0.0001497919371495
"JVS01","theta_off_control_nbi",5,"NBI","N","seven_case",20,20,20,20,400,0,0.375,0,"sigmoid","case_specific","none","default",TRUE,TRUE,0.0369188329179906,0.0706128952999405,-0.0336940623809596,8.5199999999896,0.0369188329179906,0.0706128952999405,-0.0336940623809596,-0.00141230375836399,-0.0018730774444161,0.0029320048244203,0.00191946499825769,-0.265455430070006,-0.000663638575169934,-0.19846031483803,-0.0669951152313999,-0.0205394686809939,375.010020000002,-0.00141230375836399,0.000663638575169934,-0.0205394686809939,375.010020000002,0.00191946499825769
"JVS01","theta_off_control_nbi",6,"NBI","N","seven_case",20,20,20,20,400,0,0.375,0,"sigmoid","case_specific","none","default",TRUE,TRUE,0.130823103777061,0.26510501903312,-0.134281915255997,14.5700000000069,0.130823103777061,0.26510501903312,-0.134281915255997,-0.046399126249441,-0.0022865682879151,0.0049494910057406,0.00318669445606,-0.437498888706045,-0.0010937472217698,0.106084599526071,-0.543583488232509,-0.889586538030017,552.38579,-0.046399126249441,0.0010937472217698,-0.889586538030017,552.38579,0.00318669445606
"JVS01","theta_off_control_nbi",7,"NBI","N","seven_case",20,20,20,20,400,0,0.375,0,"sigmoid","case_specific","none","default",TRUE,TRUE,0.0934978108849691,0.196386929198479,-0.102889118312987,11.5400000000082,0.0934978108849691,0.196386929198479,-0.102889118312987,0.016025063723197,0.0043004069976313,0.001999961337184,0.0012905496145091,-0.882549877665951,-0.00220637469417007,-0.710589279084047,-0.17196059858261,-0.629320276095996,-1333.15575000001,0.016025063723197,0.00220637469417007,-0.629320276095996,-1333.15575000001,0.0012905496145091
"JVS01","theta_off_control_nbi",8,"NBI","N","seven_case",20,20,20,20,400,0,0.375,0,"sigmoid","case_specific","none","default",TRUE,TRUE,0.037330566830974,0.0766263275722991,-0.039295760741993,9.5299999999988,0.037330566830974,0.0766263275722991,-0.039295760741993,0.000562990473307989,-0.0026942492436853,0.000155627054315002,8.86223023630894e-05,-0.0545515229209741,-0.000136378807309878,0.055179103412911,-0.109730626333301,-1.303609541713,-2184.33833,0.000562990473307989,0.000136378807309878,-1.303609541713,-2184.33833,8.86223023630894e-05
"JVS01","theta_off_control_nbi",9,"NBI","N","seven_case",20,20,20,20,400,0,0.375,0,"sigmoid","case_specific","none","default",TRUE,TRUE,0.0303000491981038,0.0554588200874599,-0.0251587708889929,9.3500000000058,0.0303000491981038,0.0554588200874599,-0.0251587708889929,0.00408842690731001,-0.000116063907045001,0.0012655862259279,0.000819607053161302,-0.523713321403079,-0.00130928330350022,-0.664815879983962,0.141102558581899,-0.165321053840984,-1422.74540000001,0.00408842690731001,0.00130928330350022,-0.165321053840984,-1422.74540000001,0.000819607053161302
"JVS01","theta_off_control_nbi",10,"NBI","N","seven_case",20,20,20,20,400,0,0.375,0,"sigmoid","case_specific","none","default",TRUE,TRUE,0.0209821978199898,0.0394862590553,-0.0185040612359444,9.8300000000163,0.0209821978199898,0.0394862590553,-0.0185040612359444,0.001638763841819,0.0010604224447926,-0.000297973858681702,-0.000193643698240702,-0.326221610358061,-0.000815554025900056,-0.35638886572201,0.0301672553633008,-0.17969501500599,-768.044369999989,0.001638763841819,0.000815554025900056,-0.17969501500599,-768.044369999989,-0.000193643698240702
"JVS01","theta_off_control_nbi",11,"NBI","N","seven_case",20,20,20,20,400,0,0.375,0,"sigmoid","case_specific","none","default",TRUE,TRUE,0.0231981448140459,0.0404925029052299,-0.0172943580920446,9.2700000000187,0.0231981448140459,0.0404925029052299,-0.0172943580920446,0.01855211538726,0.000476511060130906,0.0016780726795367,0.0010983146724352,-0.253273103205061,-0.000633182758019935,-0.313488354569017,0.0602152513642,0.258472675343995,-43.7569900000235,0.01855211538726,0.000633182758019935,0.258472675343995,-43.7569900000235,0.0010983146724352
"JVS01","theta_off_control_nbi",12,"NBI","N","seven_case",20,20,20,20,400,0,0.375,0,"sigmoid","case_specific","none","default",TRUE,TRUE,0.0811980358249684,0.15245094133938,-0.0712529055139157,12.5599999999976,0.0811980358249684,0.15245094133938,-0.0712529055139157,0.017774122465514,0.0049954294966979,-0.000394494574561005,-0.000262033066109599,-0.41374401857297,-0.00103436004642976,-0.467556268383987,0.0538122498123901,0.286090238582005,1950.70666000003,0.017774122465514,0.00103436004642976,0.286090238582005,1950.70666000003,-0.000262033066109599
"JVS01","theta_off_control_nbi",13,"NBI","N","seven_case",20,20,20,20,400,0,0.375,0,"sigmoid","case_specific","none","default",TRUE,TRUE,0.205105609486054,0.412683239952401,-0.207577630466062,20.9800000000105,0.205105609486054,0.412683239952401,-0.207577630466062,0.030594386334716,0.0145928778479055,0.010306520027176,0.007066780618389,-1.500439654709,-0.00375109913676974,-1.15802435913599,-0.34241529557352,0.407813652079,305.967349999992,0.030594386334716,0.00375109913676974,0.407813652079,305.967349999992,0.007066780618389
"JVS01","theta_off_control_nbi",14,"NBI","N","seven_case",20,20,20,20,400,0,0.375,0,"sigmoid","case_specific","none","default",TRUE,TRUE,0.0459070760679197,0.0850723012426986,-0.0391652251749974,10.1000000000059,0.0459070760679197,0.0850723012426986,-0.0391652251749974,0.009482255182793,0.0028969677770503,0.000192413138327699,0.000127660534213599,-1.08997171148405,-0.00272492927871015,-1.30197473648104,0.21200302499814,0.420191932358989,874.85520000002,0.009482255182793,0.00272492927871015,0.420191932358989,874.85520000002,0.000127660534213599
"JVS01","theta_off_control_nbi",15,"NBI","N","seven_case",20,20,20,20,400,0,0.375,0,"sigmoid","case_specific","none","default",TRUE,TRUE,0.037908254111926,0.0702491103355189,-0.032340856223982,8.5999999999767,0.037908254111926,0.0702491103355189,-0.032340856223982,0.003912786854883,0.0040686488885988,0.001699674513518,0.0011088164084241,-0.501196065534941,-0.00125299016383984,-0.347198806220035,-0.153997259314519,2.927042349261,907.477970000007,0.003912786854883,0.00125299016383984,2.927042349261,907.477970000007,0.0011088164084241
"JVS01","theta_off_control_nbi",16,"NBI","N","seven_case",20,20,20,20,400,0,0.375,0,"sigmoid","case_specific","none","default",TRUE,TRUE,0.05061112568103,0.0901938213895299,-0.0395826957079635,9.820000000007,0.05061112568103,0.0901938213895299,-0.0395826957079635,0.012045072237037,0.00453607713453241,0.00117231850211999,0.000748288091559898,-0.483612964623035,-0.00120903241154968,-0.452066087819048,-0.0315468768038603,2.36137762484199,810.159730000014,0.012045072237037,0.00120903241154968,2.36137762484199,810.159730000014,0.000748288091559898
"JVS01","theta_off_control_nbi",17,"NBI","N","seven_case",20,20,20,20,400,0,0.375,0,"sigmoid","case_specific","none","default",TRUE,TRUE,0.055755184471991,0.0992751066181974,-0.0435199221460607,12.4700000000012,0.055755184471991,0.0992751066181974,-0.0435199221460607,-0.016132278623234,-0.001453120462727,0.000314785413950011,0.000226530780974094,0.687934128734014,0.0017198353218304,0.925033117183943,-0.237098988449259,0.651768839293993,-197.243230000007,-0.016132278623234,-0.0017198353218304,0.651768839293993,-197.243230000007,0.000226530780974094
"JVS01","theta_off_control_nbi",18,"NBI","N","seven_case",20,20,20,20,400,0,0.375,0,"sigmoid","case_specific","none","default",TRUE,TRUE,0.0850456993290436,0.14350367765674,-0.0584579783270556,15.7799999999697,0.0850456993290436,0.14350367765674,-0.0584579783270556,-0.00994827412829899,-0.000517517504651011,0.00114598285788661,0.0007467679755725,-0.462708334076979,-0.00115677083519028,-0.53599405409102,0.0732857200131907,-1.19051564274699,-495.798340000008,-0.00994827412829899,0.00115677083519028,-1.19051564274699,-495.798340000008,0.0007467679755725
"JVS01","theta_off_control_nbi",19,"NBI","N","seven_case",20,20,20,20,400,0,0.375,0,"sigmoid","case_specific","none","default",TRUE,TRUE,0.0460784953829716,0.0978968512056007,-0.0518183558230021,10.7099999999918,0.0460784953829716,0.0978968512056007,-0.0518183558230021,-0.013282421300271,-0.0012319755857539,-0.000377060251853994,-0.000252237660027604,0.139068211474068,0.000347670528679789,0.350966524058094,-0.21189831258403,-0.832134133649987,-40.2347199999931,-0.013282421300271,-0.000347670528679789,-0.832134133649987,-40.2347199999931,-0.000252237660027604
"JVS01","theta_off_control_nbi",20,"NBI","N","seven_case",20,20,20,20,400,0,0.375,0,"sigmoid","case_specific","none","default",TRUE,TRUE,0.0317989653590303,0.0616949582569895,-0.0298959928979912,10.3800000000047,0.0317989653590303,0.0616949582569895,-0.0298959928979912,-0.000261960663717004,-0.0019680054002732,0.0014869103373132,0.000968119520153202,-0.0174189551810287,-4.35473879498716e-05,0.14152796404403,-0.15894691922491,1.33532724989701,-180.767550000019,-0.000261960663717004,4.35473879498716e-05,1.33532724989701,-180.767550000019,0.000968119520153202
"JVS01","theta_off_control_nbi",21,"NBI","N","seven_case",20,20,20,20,400,0,0.375,0,"sigmoid","case_specific","none","default",TRUE,TRUE,0.0334537030630599,0.0604540879446498,-0.0270003848819442,9.3500000000058,0.0334537030630599,0.0604540879446498,-0.0270003848819442,0.013645954287719,-0.000310808263616895,0.001781240939143,0.00114759403304181,-0.174585001941068,-0.000436462504860291,-0.282470102652951,0.1078851007114,-0.890133647009009,-2778.00870000001,0.013645954287719,0.000436462504860291,-0.890133647009009,-2778.00870000001,0.00114759403304181
"JVS01","theta_off_control_nbi",22,"NBI","N","seven_case",20,20,20,20,400,0,0.375,0,"sigmoid","case_specific","none","default",TRUE,TRUE,0.0344136512489968,0.06605212370836,-0.0316384724600312,9.4100000000035,0.0344136512489968,0.06605212370836,-0.0316384724600312,0.023509999565375,0.000192437582303702,0.00100430408650701,0.000657594627978098,-0.338301865367043,-0.000845754663420184,-0.542603300822975,0.204301435455401,-1.426391365933,-3012.95015999998,0.023509999565375,0.000845754663420184,-1.426391365933,-3012.95015999998,0.000657594627978098
"JVS01","theta_off_control_nbi",23,"NBI","N","seven_case",20,20,20,20,400,0,0.375,0,"sigmoid","case_specific","none","default",TRUE,TRUE,0.0516547728099113,0.0976884233570399,-0.0460336505469741,11.8000000000174,0.0516547728099113,0.0976884233570399,-0.0460336505469741,0.00730543040820603,0.0044380675848672,0.003352942688485,0.00223584562269021,0.436778321368024,0.00109194580341976,0.459846812059936,-0.0230684906919798,-1.07218282903798,119.792140000005,0.00730543040820603,-0.00109194580341976,-1.07218282903798,119.792140000005,0.00223584562269021
"JVS01","theta_off_control_nbi",24,"NBI","N","seven_case",20,20,20,20,400,0,0.375,0,"sigmoid","case_specific","none","default",TRUE,TRUE,0.0231072303699875,0.0502321865204003,-0.0271249561500326,8.4800000000105,0.0231072303699875,0.0502321865204003,-0.0271249561500326,-0.00164794010117697,0.00486025691593429,0.000193368423332993,0.000146009116756399,-0.183035108209992,-0.000457587770530399,-0.21275022560792,0.029715117398382,0.578878808092014,447.820660000012,-0.00164794010117697,0.000457587770530399,0.578878808092014,447.820660000012,0.000146009116756399
"JVS01","theta_off_control_nbi",25,"NBI","N","seven_case",20,20,20,20,400,0,0.375,0,"sigmoid","case_specific","none","default",TRUE,TRUE,0.00653603874400233,0.00738463732895012,-0.000848598586003391,3.9400000000023,0.00653603874400233,0.00738463732895012,-0.000848598586003391,0.001418320796576,0.0019070465556745,0.000209018453328498,0.000133342773775302,-0.304571201869976,-0.000761428004680376,-0.303433180768934,-0.00113802110123018,-1.335841051557,-272.665840000001,0.001418320796576,0.000761428004680376,-1.335841051557,-272.665840000001,0.000133342773775302
"JVS01","theta_off_control_nbi",26,"NBI","N","seven_case",20,20,20,20,400,0,0.375,0,"sigmoid","case_specific","none","default",TRUE,TRUE,0.122507929719063,0.24356676213476,-0.121058832413951,12.6700000000128,0.122507929719063,0.24356676213476,-0.121058832413951,-0.020194205739566,-0.0025643296133387,0.00422869317000701,0.002745789855001,0.648221426549071,0.00162055356637003,1.20610060117099,-0.55787917462157,-0.0846621394450153,-546.155100000004,-0.020194205739566,-0.00162055356637003,-0.0846621394450153,-546.155100000004,0.002745789855001
"JVS01","theta_off_control_nbi",27,"NBI","N","seven_case",20,20,20,20,400,0,0.375,0,"sigmoid","case_specific","none","default",TRUE,TRUE,0.109812052447978,0.218565010488231,-0.108752958041009,13.4099999999744,0.109812052447978,0.218565010488231,-0.108752958041009,-0.014180924329381,0.0020017494362833,0.004130017674807,0.00269601951964199,-0.452235710060904,-0.00113058927514986,-0.326048042173966,-0.12618766788749,0.0559807144869922,-289.98828000002,-0.014180924329381,0.00113058927514986,0.0559807144869922,-289.98828000002,0.00269601951964199
"JVS01","theta_off_control_nbi",28,"NBI","N","seven_case",20,20,20,20,400,0,0.375,0,"sigmoid","case_specific","none","default",TRUE,TRUE,0.0213503154410546,0.04431405514039,-0.0229637396989801,7,0.0213503154410546,0.04431405514039,-0.0229637396989801,0.00282409579227,-0.0076824417185932,-0.000402378031988407,-0.000268659192293401,0.507440017562089,0.00126860004390972,0.527469982664002,-0.0200299651022302,0.386928179352026,-634.017439999996,0.00282409579227,-0.00126860004390972,0.386928179352026,-634.017439999996,-0.000268659192293401
"JVS01","theta_off_control_nbi",29,"NBI","N","seven_case",20,20,20,20,400,0,0.375,0,"sigmoid","case_specific","none","default",TRUE,TRUE,0.0073893103140108,0.0120006841559102,-0.00461137384206722,3.7699999999895,0.0073893103140108,0.0120006841559102,-0.00461137384206722,-0.00583493624005704,0.0008717945420409,0.000219143553855099,0.000138772350272195,0.196541893054018,0.000491354732630178,0.322648435213068,-0.126106542158911,-0.707750982754021,1474.62592999998,-0.00583493624005704,-0.000491354732630178,-0.707750982754021,1474.62592999998,0.000138772350272195
"JVS01","theta_off_control_nbi",30,"NBI","N","seven_case",20,20,20,20,400,0,0.375,0,"sigmoid","case_specific","none","default",TRUE,TRUE,0.110061393026058,0.22304189933988,-0.112980506313988,19.3500000000058,0.110061393026058,0.22304189933988,-0.112980506313988,0.027484733250116,0.005094787765622,0.0065716999570364,0.0042278829468702,0.64607751256699,0.00161519378141017,0.894078313526961,-0.248000800960369,1.27474052870801,1564.94112999999,0.027484733250116,-0.00161519378141017,1.27474052870801,1564.94112999999,0.0042278829468702
"JVS01","theta_off_control_nbi",31,"NBI","N","seven_case",20,20,20,20,400,0,0.375,0,"sigmoid","case_specific","none","default",TRUE,TRUE,0.0424099233550805,0.0816891831600699,-0.0392792598049709,8.9400000000024,0.0424099233550805,0.0816891831600699,-0.0392792598049709,0.000371398067875006,0.00225501335026901,0.00156630748241102,0.000996566594671691,-0.817207026155074,-0.00204301756538028,-0.64945104793901,-0.16775597821607,0.484048067261,101.014020000002,0.000371398067875006,0.00204301756538028,0.484048067261,101.014020000002,0.000996566594671691
"JVS01","theta_off_control_nbi",32,"NBI","N","seven_case",20,20,20,20,400,0,0.375,0,"sigmoid","case_specific","none","default",TRUE,TRUE,0.0320974554599616,0.06241667468649,-0.030319219226044,8.6299999999755,0.0320974554599616,0.06241667468649,-0.030319219226044,0.01225082602721,0.0011549801116249,0.00150504306195301,0.000958408643039491,-0.00682980256101473,-1.70745063998723e-05,0.050366160353974,-0.0571959629143599,-0.465111659675983,61.4669700000086,0.01225082602721,1.70745063998723e-05,-0.465111659675983,61.4669700000086,0.000958408643039491
"JVS01","theta_off_control_nbi",33,"NBI","N","seven_case",20,20,20,20,400,0,0.375,0,"sigmoid","case_specific","none","default",TRUE,TRUE,0.176259565677015,0.33287772978577,-0.156618164108068,14.1399999999848,0.176259565677015,0.33287772978577,-0.156618164108068,0.024725360939678,-0.0011208425998457,0.00400333865282101,0.0026106814998481,-0.724917975715925,-0.00181229493929003,-0.708780449542928,-0.0161375261735399,0.109372071646987,-678.51367,0.024725360939678,0.00181229493929003,0.109372071646987,-678.51367,0.0026106814998481
"JVS01","theta_off_control_nbi",34,"NBI","N","seven_case",20,20,20,20,400,0,0.375,0,"sigmoid","case_specific","none","default",TRUE,TRUE,0.0561164318589817,0.108715188134699,-0.0525987562750743,8.960000000021,0.0561164318589817,0.108715188134699,-0.0525987562750743,0.00598527737009097,0.0022585014167832,0.000283556983127001,0.000165210097973892,0.131622401254958,0.000329056003139705,-0.0298711757379806,0.1614935769933,-2.00266767322799,-1585.36011000001,0.00598527737009097,-0.000329056003139705,-2.00266767322799,-1585.36011000001,0.000165210097973892
"JVS01","theta_off_control_nbi",35,"NBI","N","seven_case",20,20,20,20,400,0,0.375,0,"sigmoid","case_specific","none","default",TRUE,TRUE,0.00539316993604189,0.00769974411131003,-0.00230657417500879,3.8899999999849,0.00539316993604189,0.00769974411131003,-0.00230657417500879,0.000369269898650992,-0.000113640280613697,0.000684020314197301,0.0004417566573397,0.109737376080943,0.000274343440199942,0.157922834570059,-0.0481854584888999,-1.442097347876,-799.671119999985,0.000369269898650992,-0.000274343440199942,-1.442097347876,-799.671119999985,0.0004417566573397
"JVS01","theta_off_control_nbi",36,"NBI","N","seven_case",20,20,20,20,400,0,0.375,0,"sigmoid","case_specific","none","default",TRUE,TRUE,0.04373432185605,0.0757812891646399,-0.0320469673090429,10.8300000000162,0.04373432185605,0.0757812891646399,-0.0320469673090429,-0.01403648300391,0.00184689186294359,0.000983350187412996,0.000642783385615901,-0.0774219104450822,-0.000193554776120042,-0.00759354882393382,-0.0698283616219999,1.477304171828,149.859989999997,-0.01403648300391,0.000193554776120042,1.477304171828,149.859989999997,0.000642783385615901
"JVS01","theta_off_control_nbi",37,"NBI","N","seven_case",20,20,20,20,400,0,0.375,0,"sigmoid","case_specific","none","default",TRUE,TRUE,0.117709356941077,0.22484103169026,-0.107131674748985,13.7999999999883,0.117709356941077,0.22484103169026,-0.107131674748985,-0.000252413757656,0.0054228303897756,0.00356015891299601,0.002292358481054,-0.780962701730914,-0.00195240675432995,-0.371602838427066,-0.409359863303834,-3.741086566467,-1509.99342000001,-0.000252413757656,0.00195240675432995,-3.741086566467,-1509.99342000001,0.002292358481054
"JVS01","theta_off_control_nbi",38,"NBI","N","seven_case",20,20,20,20,400,0,0.375,0,"sigmoid","case_specific","none","default",TRUE,TRUE,0.0142513280379717,0.02592742539602,-0.011676097357963,8.2399999999907,0.0142513280379717,0.02592742539602,-0.011676097357963,-0.00772780101019499,-9.08365513292014e-05,0.000413378884158891,0.000263647915839396,0.0163174526480816,4.07936316197954e-05,0.0805809013810403,-0.0642634487334401,-0.555245760257037,-1924.50519,-0.00772780101019499,-4.07936316197954e-05,-0.555245760257037,-1924.50519,0.000263647915839396
"JVS01","theta_off_control_nbi",39,"NBI","N","seven_case",20,20,20,20,400,0,0.375,0,"sigmoid","case_specific","none","default",TRUE,TRUE,0.00786715171102514,0.0112775818331503,-0.00341043012201681,5.4200000000128,0.00786715171102514,0.0112775818331503,-0.00341043012201681,-0.000401220360844001,0.0001134147935625,3.0488191474394e-05,1.6357457766597e-05,0.212536640244025,0.000531341600609636,0.23453428499397,-0.0219976447492005,-2.17049275005098,-1381.54282,-0.000401220360844001,-0.000531341600609636,-2.17049275005098,-1381.54282,1.6357457766597e-05
"JVS01","theta_off_control_nbi",40,"NBI","N","seven_case",20,20,20,20,400,0,0.375,0,"sigmoid","case_specific","none","default",TRUE,TRUE,0.0176173158619122,0.0299942074525501,-0.012376891590975,8.070000000007,0.0176173158619122,0.0299942074525501,-0.012376891590975,-0.015274263915774,2.08946612988981e-05,0.000827213334448101,0.000526001825748697,0.129905418706016,0.000324763546760032,0.101171301714999,0.0287341169908397,0.30471871619099,110.725740000024,-0.015274263915774,-0.000324763546760032,0.30471871619099,110.725740000024,0.000526001825748697
"JVS01","theta_off_control_nbi",41,"NBI","N","seven_case",20,20,20,20,400,0,0.375,0,"sigmoid","case_specific","none","default",TRUE,TRUE,0.0184497663000229,0.0348231833565098,-0.0163734170560019,8.469999999972,0.0184497663000229,0.0348231833565098,-0.0163734170560019,0.00489430912983296,0.000800275416602297,0.00117185378986971,0.000754524466724402,-0.111834310325094,-0.000279585775809998,-0.0952627596999491,-0.0165715506255499,0.438297782543003,2064.87409,0.00489430912983296,0.000279585775809998,0.438297782543003,2064.87409,0.000754524466724402
"JVS01","theta_off_control_nbi",42,"NBI","N","seven_case",20,20,20,20,400,0,0.375,0,"sigmoid","case_specific","none","default",TRUE,TRUE,0.0380220120729291,0.0705936968448695,-0.0325716847720514,9.6699999999837,0.0380220120729291,0.0705936968448695,-0.0325716847720514,0.012788334583234,0.00383670353978,0.002012938246613,0.0012949298725209,-0.2121592288579,-0.000530398072140059,-0.222934611465007,0.0107753826066399,0.497414864619998,-394.13182000001,0.012788334583234,0.000530398072140059,0.497414864619998,-394.13182000001,0.0012949298725209
"JVS01","theta_off_control_nbi",43,"NBI","N","seven_case",20,20,20,20,400,0,0.375,0,"sigmoid","case_specific","none","default",TRUE,TRUE,0.013020476368979,0.0222504592407997,-0.00922998287194332,7.75,0.013020476368979,0.0222504592407997,-0.00922998287194332,-0.005944055304274,0.0007640918436599,-0.000277219469332901,-0.000181153144301505,0.248338015384093,0.00062084503846016,0.419354823847016,-0.17101680846301,-2.789373525759,-1146.36319999999,-0.005944055304274,-0.00062084503846016,-2.789373525759,-1146.36319999999,-0.000181153144301505
"JVS01","theta_off_control_nbi",44,"NBI","N","seven_case",20,20,20,20,400,0,0.375,0,"sigmoid","case_specific","none","default",TRUE,TRUE,0.0315502534020879,0.0596962788674,-0.0281460254650483,9.039999999979,0.0315502534020879,0.0596962788674,-0.0281460254650483,-0.011537963178021,-0.0029223175786441,0.001338293595169,0.000860840508361202,0.0669630430179495,0.000167407607549741,0.232311470411901,-0.16534842739394,0.845342795867992,2063.16936999999,-0.011537963178021,-0.000167407607549741,0.845342795867992,2063.16936999999,0.000860840508361202
"JVS01","theta_off_control_nbi",45,"NBI","N","seven_case",20,20,20,20,400,0,0.375,0,"sigmoid","case_specific","none","default",TRUE,TRUE,0.0709516675000259,0.145692551974441,-0.0747408844740676,10.3999999999942,0.0709516675000259,0.145692551974441,-0.0747408844740676,-0.01608291893269,0.0041546780651369,0.004000058645758,0.002588327573617,-0.302272477578981,-0.000755681193949975,0.0577898288950109,-0.360062306472928,0.617619198355015,728.256340000022,-0.01608291893269,0.000755681193949975,0.617619198355015,728.256340000022,0.002588327573617
"JVS01","theta_off_control_nbi",46,"NBI","N","seven_case",20,20,20,20,400,0,0.375,0,"sigmoid","case_specific","none","default",TRUE,TRUE,0.0156890046470153,0.02380448654613,-0.0081154818980167,8.609999999986,0.0156890046470153,0.02380448654613,-0.0081154818980167,-0.00280580875243702,0.002742232104637,0.000230542715472001,0.000146336696520102,-0.201962522396002,-0.00050490630597988,-0.197545982432985,-0.00441653996279001,-0.10845539116599,-1442.79124999998,-0.00280580875243702,0.00050490630597988,-0.10845539116599,-1442.79124999998,0.000146336696520102
"JVS01","theta_off_control_nbi",47,"NBI","N","seven_case",20,20,20,20,400,0,0.375,0,"sigmoid","case_specific","none","default",TRUE,TRUE,0.0435048290289615,0.0702639515720094,-0.0267591225430124,8.9799999999814,0.0435048290289615,0.0702639515720094,-0.0267591225430124,-0.017316445722967,0.0045098091900177,0.000958012105206997,0.000616325184133702,-0.618735041579043,-0.00154683760393981,-0.489096996849071,-0.12963804472935,-0.707808067409985,-892.581349999993,-0.017316445722967,0.00154683760393981,-0.707808067409985,-892.581349999993,0.000616325184133702
"JVS01","theta_off_control_nbi",48,"NBI","N","seven_case",20,20,20,20,400,0,0.375,0,"sigmoid","case_specific","none","default",TRUE,TRUE,0.0492821439620457,0.0877153988417301,-0.038433254880033,9.9499999999825,0.0492821439620457,0.0877153988417301,-0.038433254880033,0.00888140716067801,0.000947539163292696,0.001276418002748,0.000807438248260212,0.19411028745003,0.000485275718629996,0.282475604082038,-0.08836531663172,0.927280712414984,1246.67608,0.00888140716067801,-0.000485275718629996,0.927280712414984,1246.67608,0.000807438248260212
"JVS01","theta_off_control_nbi",49,"NBI","N","seven_case",20,20,20,20,400,0,0.375,0,"sigmoid","case_specific","none","default",TRUE,TRUE,0.0355215188340026,0.06239379617677,-0.0268722773420222,9.1999999999825,0.0355215188340026,0.06239379617677,-0.0268722773420222,-0.002686761143748,0.00535289738914041,0.000873806572535996,0.000561215951360092,-0.468652840707023,-0.00117163210176985,-0.329996893827001,-0.138655946879357,0.759363397518001,1109.39648,-0.002686761143748,0.00117163210176985,0.759363397518001,1109.39648,0.000561215951360092
"JVS01","theta_off_control_nbi",50,"NBI","N","seven_case",20,20,20,20,400,0,0.375,0,"sigmoid","case_specific","none","default",TRUE,TRUE,0.168564696612066,0.340157472539001,-0.171592775927024,16.9500000000116,0.168564696612066,0.340157472539001,-0.171592775927024,-0.035277352629463,0.000443195772724697,0.00029186652879501,0.000166817836847008,0.184742490931967,0.000461856227329971,0.457093426325059,-0.272350935393054,1.06716805244699,307.121580000006,-0.035277352629463,-0.000461856227329971,1.06716805244699,307.121580000006,0.000166817836847008
"JVS01","theta_off_control_nbi",51,"NBI","N","seven_case",20,20,20,20,400,0,0.375,0,"sigmoid","case_specific","none","default",TRUE,TRUE,0.328775030826023,0.734977197037299,-0.406202166210051,16.5,0.328775030826023,0.734977197037299,-0.406202166210051,0.046970954643509,-0.00280371823355349,0.00825824969253,0.0053681673980138,-0.666172345636937,-0.00166543086408977,-1.00059338718802,0.334421041551219,-0.331899038043986,-1577.02084000001,0.046970954643509,0.00166543086408977,-0.331899038043986,-1577.02084000001,0.0053681673980138
"JVS01","theta_off_control_nbi",52,"NBI","N","seven_case",20,20,20,20,400,0,0.375,0,"sigmoid","case_specific","none","default",TRUE,TRUE,0.046437187229003,0.0959785387377803,-0.0495413515089922,8.2099999999918,0.046437187229003,0.0959785387377803,-0.0495413515089922,-0.013738507094767,0.0012709516182096,0.0013276854750443,0.000857561508787401,-0.256554342956065,-0.000641385857389931,-0.298103796481087,0.0415494535244205,-2.65634090197599,-1227.43893999999,-0.013738507094767,0.000641385857389931,-2.65634090197599,-1227.43893999999,0.000857561508787401
"JVS01","theta_off_control_nbi",53,"NBI","N","seven_case",20,20,20,20,400,0,0.375,0,"sigmoid","case_specific","none","default",TRUE,TRUE,0.0165331833459277,0.0287877120993398,-0.0122545287530329,7.7600000000385,0.0165331833459277,0.0287877120993398,-0.0122545287530329,-0.002927808306673,-0.0028042259494115,0.000387323933212197,0.000249534095557599,0.331880373579907,0.000829700933949962,0.343196237369057,-0.0113158637883997,1.31101278312499,-19.5312099999865,-0.002927808306673,-0.000829700933949962,1.31101278312499,-19.5312099999865,0.000249534095557599
"JVS01","theta_off_control_nbi",54,"NBI","N","seven_case",20,20,20,20,400,0,0.375,0,"sigmoid","case_specific","none","default",TRUE,TRUE,0.00466352013302185,0.0064798162345987,-0.00181629610096934,3.5899999999674,0.00466352013302185,0.0064798162345987,-0.00181629610096934,-6.1183096185996e-05,-0.00106221606363781,-1.12341409464964e-05,-7.51536110140533e-06,0.203232356696049,0.000508080891739926,0.193245148576011,0.00998720811919895,-3.63333760324102,-3563.88314000002,-6.1183096185996e-05,-0.000508080891739926,-3.63333760324102,-3563.88314000002,-7.51536110140533e-06
"JVS01","theta_off_control_nbi",55,"NBI","N","seven_case",20,20,20,20,400,0,0.375,0,"sigmoid","case_specific","none","default",TRUE,TRUE,0.0388736710499415,0.0905398215804993,-0.051666150529968,9.2400000000198,0.0388736710499415,0.0905398215804993,-0.051666150529968,-0.000109871550578011,-0.0034985718092362,-0.000398317392948003,-0.0002735786677147,-0.479505146343058,-0.00119876286586029,-0.576686444811003,0.0971812984682998,-4.07964027140497,-7027.79212999996,-0.000109871550578011,0.00119876286586029,-4.07964027140497,-7027.79212999996,-0.0002735786677147
"JVS01","theta_off_control_nbi",56,"NBI","N","seven_case",20,20,20,20,400,0,0.375,0,"sigmoid","case_specific","none","default",TRUE,TRUE,0.043849945136003,0.0829723283548098,-0.0391223832190235,9.5299999999988,0.043849945136003,0.0829723283548098,-0.0391223832190235,-0.0159536438146623,-0.000725525627877699,0.00266829218560639,0.0017184718154759,0.143871071681019,0.000359677679199866,0.267300064518054,-0.123428992836299,0.429790707387014,355.392829999997,-0.0159536438146623,-0.000359677679199866,0.429790707387014,355.392829999997,0.0017184718154759
"JVS01","theta_off_control_nbi",57,"NBI","N","seven_case",20,20,20,20,400,0,0.375,0,"sigmoid","case_specific","none","default",TRUE,TRUE,0.04594622660602,0.08275421586039,-0.0368079892549531,9.2900000000081,0.04594622660602,0.08275421586039,-0.0368079892549531,-0.0225072940932697,0.000716870898093802,0.00274916439928202,0.0017533801450758,-0.313994344593993,-0.000784985861490117,-0.245583368848997,-0.0684109757449201,0.284197051017003,-237.974749999994,-0.0225072940932697,0.000784985861490117,0.284197051017003,-237.974749999994,0.0017533801450758
"JVS01","theta_off_control_nbi",58,"NBI","N","seven_case",20,20,20,20,400,0,0.375,0,"sigmoid","case_specific","none","default",TRUE,TRUE,0.0138968256940188,0.0239418618931602,-0.010045036199017,7.679999999993,0.0138968256940188,0.0239418618931602,-0.010045036199017,0.000525334946351014,-0.0015506350271341,0.000231447647584801,0.000148308947936604,0.336052894654927,0.000840132236640034,0.284182135625997,0.0518707590293008,-0.290602860402998,193.82123999999,0.000525334946351014,-0.000840132236640034,-0.290602860402998,193.82123999999,0.000148308947936604
"JVS01","theta_off_control_nbi",59,"NBI","N","seven_case",20,20,20,20,400,0,0.375,0,"sigmoid","case_specific","none","default",TRUE,TRUE,0.15917845555191,0.37418151364837,-0.215003058095931,20.5199999999896,0.15917845555191,0.37418151364837,-0.215003058095931,-0.018731385479518,-0.0019379207883048,0.00764509337378599,0.0050140767531596,0.111978079669939,0.000279945199169962,0.650409971486056,-0.53843189181568,-0.942506528326021,-27.4625299999898,-0.018731385479518,-0.000279945199169962,-0.942506528326021,-27.4625299999898,0.0050140767531596
"JVS01","theta_off_control_nbi",60,"NBI","N","seven_case",20,20,20,20,400,0,0.375,0,"sigmoid","case_specific","none","default",TRUE,TRUE,0.0974736196640151,0.202050574654129,-0.104576954990989,10.6599999999744,0.0974736196640151,0.202050574654129,-0.104576954990989,0.005960874498396,0.00634008363119121,0.00528383099420299,0.00346610433469159,-0.258162809162059,-0.00064540702290028,-0.0948699562700313,-0.16329285289183,0.870578535243027,322.427349999998,0.005960874498396,0.00064540702290028,0.870578535243027,322.427349999998,0.00346610433469159
"JVS01","theta_off_control_nbi",61,"NBI","N","seven_case",20,20,20,20,400,0,0.375,0,"sigmoid","case_specific","none","default",TRUE,TRUE,0.0210832957880029,0.0372765264039998,-0.0161932306160679,8.0699999999778,0.0210832957880029,0.0372765264039998,-0.0161932306160679,-0.00858546159978302,-0.0027052440942385,0.0010032179120662,0.000663739058499403,0.47573842670397,0.0011893460667598,0.694498291487093,-0.21875986478251,0.936847359661016,492.798830000014,-0.00858546159978302,-0.0011893460667598,0.936847359661016,492.798830000014,0.000663739058499403
"JVS01","theta_off_control_nbi",62,"NBI","N","seven_case",20,20,20,20,400,0,0.375,0,"sigmoid","case_specific","none","default",TRUE,TRUE,0.241102787323939,0.4932572810518,-0.252154493727062,13.4100000000035,0.241102787323939,0.4932572810518,-0.252154493727062,0.06553838646263,-0.0060395954989143,0.00870358356432499,0.00565409488859199,-0.312561154225023,-0.000781402885570159,0.717931226817996,-1.03049238104193,1.20550582685399,2087.68117000003,0.06553838646263,0.000781402885570159,1.20550582685399,2087.68117000003,0.00565409488859199
"JVS01","theta_off_control_nbi",63,"NBI","N","seven_case",20,20,20,20,400,0,0.375,0,"sigmoid","case_specific","none","default",TRUE,TRUE,0.0379953225730105,0.0762119507676591,-0.0382166281939362,9.4700000000012,0.0379953225730105,0.0762119507676591,-0.0382166281939362,-0.00351835063738098,-0.0014779394741244,0.003604640221105,0.0024545945656943,-0.0596624945429767,-0.000149156236350034,-0.0499828639490261,-0.009679630593733,-0.610522107104003,388.250580000007,-0.00351835063738098,0.000149156236350034,-0.610522107104003,388.250580000007,0.0024545945656943
"JVS01","theta_off_control_nbi",64,"NBI","N","seven_case",20,20,20,20,400,0,0.375,0,"sigmoid","case_specific","none","default",TRUE,TRUE,0.01938055884807,0.0316355954061001,-0.0122550365570078,8.140000000014,0.01938055884807,0.0316355954061001,-0.0122550365570078,0.014762743946476,-0.000514687499053201,0.000621380010492799,0.000398913374021401,-0.586048265417958,-0.0014651206635401,-0.71166896899706,0.125620703579901,-0.598314713740024,-717.506099999999,0.014762743946476,0.0014651206635401,-0.598314713740024,-717.506099999999,0.000398913374021401
"JVS01","theta_off_control_nbi",65,"NBI","N","seven_case",20,20,20,20,400,0,0.375,0,"sigmoid","case_specific","none","default",TRUE,TRUE,0.0114512572220065,0.0209626989279901,-0.00951144170596763,7.5500000000175,0.0114512572220065,0.0209626989279901,-0.00951144170596763,-0.00198218599987598,0.0026920744067063,0.000806576684927597,0.0005158842558022,0.143848860158982,0.000359622150390315,0.16362444052902,-0.0197755803700996,0.568088115001984,1118.26063,-0.00198218599987598,-0.000359622150390315,0.568088115001984,1118.26063,0.0005158842558022
"JVS01","theta_off_control_nbi",66,"NBI","N","seven_case",20,20,20,20,400,0,0.375,0,"sigmoid","case_specific","none","default",TRUE,TRUE,0.0493605288340859,0.0909156981231014,-0.0415551692889267,9.9800000000105,0.0493605288340859,0.0909156981231014,-0.0415551692889267,-0.01405074475011,0.00128926931619601,-0.000113917590602898,-6.90127292727952e-05,0.0571563440440741,0.00014289086010999,0.346854962661041,-0.289698618616098,2.08306253622402,2689.89434999999,-0.01405074475011,-0.00014289086010999,2.08306253622402,2689.89434999999,-6.90127292727952e-05
"JVS01","theta_off_control_nbi",67,"NBI","N","seven_case",20,20,20,20,400,0,0.375,0,"sigmoid","case_specific","none","default",TRUE,TRUE,0.0475021337140333,0.10157521889193,-0.0540730851779472,10.7399999999907,0.0475021337140333,0.10157521889193,-0.0540730851779472,0.013849652628365,0.000873788259477599,0.002594933495602,0.00174137809183439,-0.0978465287059862,-0.000244616321769975,-0.172089286169012,0.0742427574629598,0.821925279408021,780.904669999989,0.013849652628365,0.000244616321769975,0.821925279408021,780.904669999989,0.00174137809183439
"JVS01","theta_off_control_nbi",68,"NBI","N","seven_case",20,20,20,20,400,0,0.375,0,"sigmoid","case_specific","none","default",TRUE,TRUE,0.0265806095869721,0.043528041574014,-0.0169474319869778,8.5599999999977,0.0265806095869721,0.043528041574014,-0.0169474319869778,0.012246069841761,0.000970910313281698,0.00100669243080401,0.000638286215372999,-0.156493801731017,-0.000391234504329763,-0.0870827939189667,-0.0694110078119101,-1.83914024146401,-1238.60290000003,0.012246069841761,0.000391234504329763,-1.83914024146401,-1238.60290000003,0.000638286215372999
"JVS01","theta_off_control_nbi",69,"NBI","N","seven_case",20,20,20,20,400,0,0.375,0,"sigmoid","case_specific","none","default",TRUE,TRUE,0.0203936435540299,0.0357245759010407,-0.0153309323459325,8.25,0.0203936435540299,0.0357245759010407,-0.0153309323459325,0.00241193920112401,-0.00333548246218771,0.001042156658258,0.0006740304013148,0.217022967494017,0.000542557418730105,0.227414020203923,-0.0103910527105704,-2.521206717063,-1618.69510999999,0.00241193920112401,-0.000542557418730105,-2.521206717063,-1618.69510999999,0.0006740304013148
"JVS01","theta_off_control_nbi",70,"NBI","N","seven_case",20,20,20,20,400,0,0.375,0,"sigmoid","case_specific","none","default",TRUE,TRUE,0.0174098735689086,0.0334692476568001,-0.0160593740889681,9.3399999999965,0.0174098735689086,0.0334692476568001,-0.0160593740889681,-0.00273321155077,0.0028364548768901,2.65509866679975e-05,3.25717016231991e-05,0.0392314676370233,9.80786690902846e-05,-0.0668022307160072,0.1060336983523,-3.774190401487,-2648.35760999999,-0.00273321155077,-9.80786690902846e-05,-3.774190401487,-2648.35760999999,3.25717016231991e-05
"JVS01","theta_off_control_nbi",71,"NBI","N","seven_case",20,20,20,20,400,0,0.375,0,"sigmoid","case_specific","none","default",TRUE,TRUE,0.177554101188093,0.390222378683751,-0.212668277495936,12.6900000000023,0.177554101188093,0.390222378683751,-0.212668277495936,0.030951043080691,-0.0011337957443097,0.00753701475692301,0.0048909883575832,-0.838461410156924,-0.00209615352539005,-0.735191426524011,-0.103269983633501,0.391839070913989,796.311099999992,0.030951043080691,0.00209615352539005,0.391839070913989,796.311099999992,0.0048909883575832
"JVS01","theta_off_control_nbi",72,"NBI","N","seven_case",20,20,20,20,400,0,0.375,0,"sigmoid","case_specific","none","default",TRUE,TRUE,0.0297333910770021,0.0509520278035804,-0.0212186367269851,8.2600000000093,0.0297333910770021,0.0509520278035804,-0.0212186367269851,-0.010645426379782,-0.000190733730154005,0.000783988227902988,0.000506640088428004,-0.137699000939961,-0.000344247502349848,-0.128171268969936,-0.00952773196899015,-0.564981161861994,-23.2200000000012,-0.010645426379782,0.000344247502349848,-0.564981161861994,-23.2200000000012,0.000506640088428004
"JVS01","theta_off_control_nbi",73,"NBI","N","seven_case",20,20,20,20,400,0,0.375,0,"sigmoid","case_specific","none","default",TRUE,TRUE,0.0884042326810004,0.17778719476428,-0.0893829620829365,12.9700000000012,0.0884042326810004,0.17778719476428,-0.0893829620829365,-0.018439535176588,0.000961041627869808,0.0051689946175623,0.0033354895102336,-0.178384227952961,-0.000445960569880111,0.220869916714037,-0.39925414466774,-0.154936278423008,-722.478570000007,-0.018439535176588,0.000445960569880111,-0.154936278423008,-722.478570000007,0.0033354895102336
"JVS01","theta_off_control_nbi",74,"NBI","N","seven_case",20,20,20,20,400,0,0.375,0,"sigmoid","case_specific","none","default",TRUE,TRUE,0.17286858424302,0.3933479453356,-0.220479361092998,20.5100000000093,0.17286858424302,0.3933479453356,-0.220479361092998,0.00382120542326897,0.0009805981774582,0.0115371530289804,0.00777718435041271,-0.450714932255096,-0.00112678733063998,0.254332959780982,-0.70504789203638,-0.619900375208005,417.393240000005,0.00382120542326897,0.00112678733063998,-0.619900375208005,417.393240000005,0.00777718435041271
"JVS01","theta_off_control_nbi",75,"NBI","N","seven_case",20,20,20,20,400,0,0.375,0,"sigmoid","case_specific","none","default",TRUE,TRUE,0.0222009087650576,0.0429275738496893,-0.0207266650860447,9.5799999999872,0.0222009087650576,0.0429275738496893,-0.0207266650860447,-0.000670171148796972,-0.0036299008763037,0.000445579983417502,0.000281681749026694,-0.393674109503991,-0.000984185273759763,-0.471230396383021,0.0775562868786901,1.63381003048701,950.593109999987,-0.000670171148796972,0.000984185273759763,1.63381003048701,950.593109999987,0.000281681749026694
"JVS01","theta_off_control_nbi",76,"NBI","N","seven_case",20,20,20,20,400,0,0.375,0,"sigmoid","case_specific","none","default",TRUE,TRUE,0.181866841028977,0.40586934785874,-0.224002506830061,19.6700000000128,0.181866841028977,0.40586934785874,-0.224002506830061,-0.068359162342452,0.00287191392811899,0.0088786780402495,0.00577494427656509,1.11155554889001,0.00277888887222977,1.82993258222996,-0.71837703333986,0.399319342611989,954.189169999998,-0.068359162342452,-0.00277888887222977,0.399319342611989,954.189169999998,0.00577494427656509
"JVS01","theta_off_control_nbi",77,"NBI","N","seven_case",20,20,20,20,400,0,0.375,0,"sigmoid","case_specific","none","default",TRUE,TRUE,0.0561993695009733,0.1038754688627,-0.0476760993619791,12.5799999999871,0.0561993695009733,0.1038754688627,-0.0476760993619791,-0.00234885008705502,0.0029983788204806,0.0025336306576364,0.00172114799755479,-0.33651531295402,-0.000841288282389829,-0.533166263864018,0.19665095091079,0.411870323352986,-147.121550000011,-0.00234885008705502,0.000841288282389829,0.411870323352986,-147.121550000011,0.00172114799755479
"JVS01","theta_off_control_nbi",78,"NBI","N","seven_case",20,20,20,20,400,0,0.375,0,"sigmoid","case_specific","none","default",TRUE,TRUE,0.083225296382011,0.16117371086522,-0.0779484144840126,11.1300000000046,0.083225296382011,0.16117371086522,-0.0779484144840126,-0.010767943452572,-0.000480948424493796,0.002730657067188,0.00174334744510191,0.426103228770899,0.00106525807193014,0.572332547461997,-0.146229318691717,-1.13371677964801,-3244.52090999999,-0.010767943452572,-0.00106525807193014,-1.13371677964801,-3244.52090999999,0.00174334744510191
"JVS01","theta_off_control_nbi",79,"NBI","N","seven_case",20,20,20,20,400,0,0.375,0,"sigmoid","case_specific","none","default",TRUE,TRUE,0.0331954894020328,0.0628270046748298,-0.0296315152729676,10.070000000007,0.0331954894020328,0.0628270046748298,-0.0296315152729676,0.012854375496537,-0.0032746082880771,0.0012912467768217,0.000844265408325197,0.274101784763957,0.000685254461910034,0.323495446445008,-0.0493936616803001,-1.41975201606098,-638.69014999998,0.012854375496537,-0.000685254461910034,-1.41975201606098,-638.69014999998,0.000844265408325197
"JVS01","theta_off_control_nbi",80,"NBI","N","seven_case",20,20,20,20,400,0,0.375,0,"sigmoid","case_specific","none","default",TRUE,TRUE,0.0900460074479952,0.16864415779717,-0.0785981503499897,9.8500000000059,0.0900460074479952,0.16864415779717,-0.0785981503499897,-0.016269137117834,-0.00104585939724901,0.00479614894438729,0.00315671972949789,0.410086282834072,0.00102521570708003,0.597752179387044,-0.187665896553439,-4.87710201982702,-4487.39487999998,-0.016269137117834,-0.00102521570708003,-4.87710201982702,-4487.39487999998,0.00315671972949789
"JVS01","theta_off_control_nbi",81,"NBI","N","seven_case",20,20,20,20,400,0,0.375,0,"sigmoid","case_specific","none","default",TRUE,TRUE,0.157711556857976,0.33139322606563,-0.173681669208008,12.8999999999942,0.157711556857976,0.33139322606563,-0.173681669208008,0.046163766217214,0.000113044727111405,0.005828301351354,0.00376014790778699,-0.479259580385929,-0.00119814895097026,-0.333466920825003,-0.14579265956223,3.14157971100099,2334.66116999998,0.046163766217214,0.00119814895097026,3.14157971100099,2334.66116999998,0.00376014790778699
"JVS01","theta_off_control_nbi",82,"NBI","N","seven_case",20,20,20,20,400,0,0.375,0,"sigmoid","case_specific","none","default",TRUE,TRUE,0.00928315473800012,0.0150607793674702,-0.00577762463001363,4.9800000000105,0.00928315473800012,0.0150607793674702,-0.00577762463001363,0.003294015448736,0.000797341769499298,0.000391072335741094,0.000250368825641098,0.015117191526997,3.7792978820228e-05,0.0307990874649704,-0.0156818959374698,2.24172346033799,2025.42405999999,0.003294015448736,-3.7792978820228e-05,2.24172346033799,2025.42405999999,0.000250368825641098
"JVS01","theta_off_control_nbi",83,"NBI","N","seven_case",20,20,20,20,400,0,0.375,0,"sigmoid","case_specific","none","default",TRUE,TRUE,0.0309386096059825,0.0485083883795503,-0.0175697787740319,10.6000000000058,0.0309386096059825,0.0485083883795503,-0.0175697787740319,-0.002842325411563,0.0054652836459767,0.000338677637092,0.000212473506942999,-0.146937625760074,-0.00036734406440031,-0.189346025468922,0.0424083997091,0.888375123358998,882.560289999994,-0.002842325411563,0.00036734406440031,0.888375123358998,882.560289999994,0.000212473506942999
"JVS01","theta_off_control_nbi",84,"NBI","N","seven_case",20,20,20,20,400,0,0.375,0,"sigmoid","case_specific","none","default",TRUE,TRUE,0.0444166179299827,0.0835185508708602,-0.0391019329410938,8.2600000000093,0.0444166179299827,0.0835185508708602,-0.0391019329410938,-0.00475004678848101,0.00443331000383569,0.00131710620971001,0.000841424856549311,-0.205098457248027,-0.000512746143120246,-0.125029795823934,-0.08006866142488,3.94681735808501,5021.40016000002,-0.00475004678848101,0.000512746143120246,3.94681735808501,5021.40016000002,0.000841424856549311
"JVS01","theta_off_control_nbi",85,"NBI","N","seven_case",20,20,20,20,400,0,0.375,0,"sigmoid","case_specific","none","default",TRUE,TRUE,0.0184912839999924,0.0337088265166701,-0.0152175425180303,8.5500000000175,0.0184912839999924,0.0337088265166701,-0.0152175425180303,0.00857755221958401,-0.0019647746043048,0.001070777305224,0.000690744629090898,0.0885965405050229,0.000221491351259928,0.0835998991060478,0.00499664139961009,0.00331730263602026,-877.053409999993,0.00857755221958401,-0.000221491351259928,0.00331730263602026,-877.053409999993,0.000690744629090898
"JVS01","theta_off_control_nbi",86,"NBI","N","seven_case",20,20,20,20,400,0,0.375,0,"sigmoid","case_specific","none","default",TRUE,TRUE,0.0378031615169903,0.0773977900034595,-0.0395946284870661,9.2399999999906,0.0378031615169903,0.0773977900034595,-0.0395946284870661,-0.018061208153464,0.000352179946191605,0.00102282868911301,0.000658128246938908,-0.131745701496015,-0.000329364253739861,0.0376760361640436,-0.16942173765921,1.48504697668798,1350.66221000001,-0.018061208153464,0.000329364253739861,1.48504697668798,1350.66221000001,0.000658128246938908
"JVS01","theta_off_control_nbi",87,"NBI","N","seven_case",20,20,20,20,400,0,0.375,0,"sigmoid","case_specific","none","default",TRUE,TRUE,0.201400890954005,0.4131980800432,-0.211797189088998,16.9599999999919,0.201400890954005,0.4131980800432,-0.211797189088998,0.05099890433256,0.0060805117709382,0.00606281169627298,0.0040616969560166,-2.93546088079393,-0.00733865220197982,-3.62493461287204,0.68947373207804,1.561152157934,-593.54071999999,0.05099890433256,0.00733865220197982,1.561152157934,-593.54071999999,0.0040616969560166
"JVS01","theta_off_control_nbi",88,"NBI","N","seven_case",20,20,20,20,400,0,0.375,0,"sigmoid","case_specific","none","default",TRUE,TRUE,0.0475972183559179,0.0840233432722202,-0.0364261249160336,10.4700000000012,0.0475972183559179,0.0840233432722202,-0.0364261249160336,-0.000912697825588005,0.0034735089270405,0.001874261243064,0.0011915647735367,-0.156942526466992,-0.000392356316170073,-0.0198902003370449,-0.13705232612962,-0.985254175773008,-94.8820299999934,-0.000912697825588005,0.000392356316170073,-0.985254175773008,-94.8820299999934,0.0011915647735367
"JVS01","theta_off_control_nbi",89,"NBI","N","seven_case",20,20,20,20,400,0,0.375,0,"sigmoid","case_specific","none","default",TRUE,TRUE,0.0226279415760473,0.0408852762013492,-0.018257334624991,8.2599999999802,0.0226279415760473,0.0408852762013492,-0.018257334624991,0.00315587434179798,0.00062657547405251,-0.000156771199539101,-0.0001025555854621,-0.44549000481004,-0.00111372501203011,-0.491990967761012,0.0465009629510007,-0.835213433666979,-898.421430000017,0.00315587434179798,0.00111372501203011,-0.835213433666979,-898.421430000017,-0.0001025555854621
"JVS01","theta_off_control_nbi",90,"NBI","N","seven_case",20,20,20,20,400,0,0.375,0,"sigmoid","case_specific","none","default",TRUE,TRUE,0.0168539240520431,0.02698246884274,-0.0101285447909731,10.8699999999953,0.0168539240520431,0.02698246884274,-0.0101285447909731,-0.00114757526692699,0.00110225243640499,0.000455234405162999,0.000289347968789003,-0.251593102434981,-0.000628982756090135,-0.164569443070036,-0.0870236593656899,-2.03339289143801,-1296.59234999999,-0.00114757526692699,0.000628982756090135,-2.03339289143801,-1296.59234999999,0.000289347968789003
"JVS01","theta_off_control_nbi",91,"NBI","N","seven_case",20,20,20,20,400,0,0.375,0,"sigmoid","case_specific","none","default",TRUE,TRUE,0.0533719967139632,0.1085235710627,-0.0551515743491109,10.5999999999767,0.0533719967139632,0.1085235710627,-0.0551515743491109,0.006497502263662,-0.00128335734792899,0.000782209908242799,0.000497232072835599,-0.427908228114006,-0.00106977057028024,-0.466896137430922,0.0389879093175205,0.145145667672011,878.736279999997,0.006497502263662,0.00106977057028024,0.145145667672011,878.736279999997,0.000497232072835599
"JVS01","theta_off_control_nbi",92,"NBI","N","seven_case",20,20,20,20,400,0,0.375,0,"sigmoid","case_specific","none","default",TRUE,TRUE,0.0696718902210023,0.1482067112064,-0.0785348209859649,11.2399999999907,0.0696718902210023,0.1482067112064,-0.0785348209859649,0.031255281705538,-0.001150034158674,0.0012288432559432,0.000780489751571911,-0.242310976945987,-0.000605777442369781,-0.19594536212503,-0.046365614820599,3.97309482877802,4032.54829000001,0.031255281705538,0.000605777442369781,3.97309482877802,4032.54829000001,0.000780489751571911
"JVS01","theta_off_control_nbi",93,"NBI","N","seven_case",20,20,20,20,400,0,0.375,0,"sigmoid","case_specific","none","default",TRUE,TRUE,0.343557188508953,0.68972960042821,-0.346172411918928,20.2400000000198,0.343557188508953,0.68972960042821,-0.346172411918928,0.017267974647426,0.0086366154326593,0.015803191674928,0.010395383132172,-4.48821084235999,-0.0112205271059,-2.33833273784205,-2.14987810451809,1.33066055919699,1852.00969000001,0.017267974647426,0.0112205271059,1.33066055919699,1852.00969000001,0.010395383132172
"JVS01","theta_off_control_nbi",94,"NBI","N","seven_case",20,20,20,20,400,0,0.375,0,"sigmoid","case_specific","none","default",TRUE,TRUE,0.00791455196008428,0.0122253904224499,-0.00431083846297042,3.8500000000058,0.00791455196008428,0.0122253904224499,-0.00431083846297042,-0.000881844419812983,-0.00124573420916,0.000489810200456992,0.000317456812512405,0.123166767067005,0.00030791691767007,0.158396618841948,-0.0352298517757994,0.0692454254839845,13.9867699999886,-0.000881844419812983,-0.00030791691767007,0.0692454254839845,13.9867699999886,0.000317456812512405
"JVS01","theta_off_control_nbi",95,"NBI","N","seven_case",20,20,20,20,400,0,0.375,0,"sigmoid","case_specific","none","default",TRUE,TRUE,0.189614934034012,0.3987056457607,-0.209090711726049,14.9799999999814,0.189614934034012,0.3987056457607,-0.209090711726049,0.0262529008663001,0.00320244371374,0.003524450888904,0.00230936886858329,-1.31722949429798,-0.00329307373573995,-1.03057657135207,-0.2866529229464,0.959992470595012,2387.13931999999,0.0262529008663001,0.00329307373573995,0.959992470595012,2387.13931999999,0.00230936886858329
"JVS01","theta_off_control_nbi",96,"NBI","N","seven_case",20,20,20,20,400,0,0.375,0,"sigmoid","case_specific","none","default",TRUE,TRUE,0.0856923300519838,0.16844443497836,-0.0827521049270672,8.7499999999709,0.0856923300519838,0.16844443497836,-0.0827521049270672,-0.03761215053877,-6.49583663836079e-05,0.00276887116255201,0.00178451970577699,1.13001456066399,0.00282503640165999,1.39492227726601,-0.26490771660147,2.03897480755998,-97.7782700000098,-0.03761215053877,-0.00282503640165999,2.03897480755998,-97.7782700000098,0.00178451970577699
"JVS01","theta_off_control_nbi",97,"NBI","N","seven_case",20,20,20,20,400,0,0.375,0,"sigmoid","case_specific","none","default",TRUE,TRUE,0.0219273667750031,0.0387246880874788,-0.0167973213120831,8.9900000000198,0.0219273667750031,0.0387246880874788,-0.0167973213120831,-0.00808298337625102,0.0027943957066399,0.00224577434772989,0.001477798691525,0.208559487187017,0.00052139871797019,0.326235892678937,-0.1176764054917,-0.925406677459023,-893.33554,-0.00808298337625102,-0.00052139871797019,-0.925406677459023,-893.33554,0.001477798691525
"JVS01","theta_off_control_nbi",98,"NBI","N","seven_case",20,20,20,20,400,0,0.375,0,"sigmoid","case_specific","none","default",TRUE,TRUE,0.0382469845560536,0.0720820418056807,-0.0338350572490071,9.7900000000081,0.0382469845560536,0.0720820418056807,-0.0338350572490071,0.014270204776671,-0.0018717084306825,0.00157304331421,0.0010302506900601,0.05202513326401,0.000130062833159972,0.068399661107037,-0.0163745278438387,1.09041137278999,-87.1955000000016,0.014270204776671,-0.000130062833159972,1.09041137278999,-87.1955000000016,0.0010302506900601
"JVS01","theta_off_control_nbi",99,"NBI","N","seven_case",20,20,20,20,400,0,0.375,0,"sigmoid","case_specific","none","default",TRUE,TRUE,0.126982671120004,0.25260245663395,-0.125619785514914,12.2999999999883,0.126982671120004,0.25260245663395,-0.125619785514914,-0.004304204213452,0.000996541186326291,0.00895282214469381,0.0058632901072377,-0.909303395137044,-0.00227325848783977,-0.791245495074008,-0.118057900062501,0.635807793487999,-158.538260000001,-0.004304204213452,0.00227325848783977,0.635807793487999,-158.538260000001,0.0058632901072377
"JVS01","theta_off_control_nbi",100,"NBI","N","seven_case",20,20,20,20,400,0,0.375,0,"sigmoid","case_specific","none","default",TRUE,TRUE,0.0757448814650843,0.141778322733899,-0.0660334412690418,13.4199999999837,0.0757448814650843,0.141778322733899,-0.0660334412690418,-0.02223401429816,0.00355005716766441,-0.000153364582009,-0.000159069795669001,0.312583720189082,0.000781459300470022,0.540632368827005,-0.22804864863843,-3.39550121635401,-1556.96379000001,-0.02223401429816,-0.000781459300470022,-3.39550121635401,-1556.96379000001,-0.000159069795669001
