"case_id","hypothesis_role","joint_review_rep","family","copula","design","n","time_points","n_subject","n_time","total_observations","mu_strength","sigma_strength","theta_strength","time_shape","dependence","missingness","start_mode","rs_joint_success","rs_separate_success","delta_joint_loglik","delta_copula_loglik","delta_marginal_loglik","delta_elapsed_sec","delta_train_joint_loglik","delta_train_copula_loglik","delta_train_marginal_loglik","delta_train_rmse_mu","delta_train_rmse_sigma","delta_train_rmse_theta","delta_train_rmse_tau","delta_test_joint_log_score","delta_test_log_score_per_obs","delta_test_marginal_log_score","delta_test_copula_log_score","delta_heldout_variogram_score_p05","delta_heldout_variogram_score_p2","delta_benchmark_mean_rmse","delta_benchmark_neg_log_score","delta_benchmark_variogram_score_p05","delta_benchmark_variogram_score_p2","delta_benchmark_theta_time_abs_error"
"JVS01","theta_off_control_ga",1,"GA","N","seven_case",40,75,40,75,3000,0,0.375,0,"sigmoid","case_specific","none","default",TRUE,TRUE,0.00490649491985096,0.00714670024439812,-0.00224020533005387,0.5,0.00490649491985096,0.00714670024439812,-0.00224020533005387,0.0001894951933183,-2.36902704896999e-05,0.000203845288274603,0.000131536413510297,0.0807384197601095,2.69128065860658e-05,0.0247143541801051,0.0560240655795994,-1.09710790029897,-15.4143091855499,0.0001894951933183,-2.69128065860658e-05,-1.09710790029897,-15.4143091855499,0.000131536413510297
"JVS01","theta_off_control_ga",2,"GA","N","seven_case",40,75,40,75,3000,0,0.375,0,"sigmoid","case_specific","none","default",TRUE,TRUE,0.0214188613103943,0.0426280506255949,-0.0212091893099569,0.46000000000009,0.0214188613103943,0.0426280506255949,-0.0212091893099569,-0.0011802661441953,1.77777999725987e-05,0.000315644340687,0.0002040105087752,0.188412125190098,6.28040417329778e-05,0.303649785420021,-0.115237660227699,0.806735432034998,5.18356882045009,-0.0011802661441953,-6.28040417329778e-05,0.806735432034998,5.18356882045009,0.0002040105087752
"JVS01","theta_off_control_ga",3,"GA","N","seven_case",40,75,40,75,3000,0,0.375,0,"sigmoid","case_specific","none","default",TRUE,TRUE,0.0249356747303864,0.049890937106305,-0.0249552623699856,0.59000000000004,0.0249356747303864,0.049890937106305,-0.0249552623699856,0.00149573307691312,-9.28997437300155e-07,0.0004121960383629,0.000268000441033298,-0.622916977309615,-0.000207638992434922,-0.791148403569878,0.168231426269998,0.326260916604042,1.61741847210988,0.00149573307691312,0.000207638992434922,0.326260916604042,1.61741847210988,0.000268000441033298
"JVS01","theta_off_control_ga",4,"GA","N","seven_case",40,75,40,75,3000,0,0.375,0,"sigmoid","case_specific","none","default",TRUE,TRUE,0.00580405800019435,0.00794542049000313,-0.00214136249041985,0.17000000000008,0.00580405800019435,0.00794542049000313,-0.00214136249041985,-0.000503794814135199,2.91792413001993e-05,0.0001069797408489,6.94869914125984e-05,-0.197525118850081,-6.58417062839867e-05,-0.205405697249716,0.00788057839879741,0.966725464534989,8.07207289021017,-0.000503794814135199,6.58417062839867e-05,0.966725464534989,8.07207289021017,6.94869914125984e-05
"JVS01","theta_off_control_ga",5,"GA","N","seven_case",40,75,40,75,3000,0,0.375,0,"sigmoid","case_specific","none","default",TRUE,TRUE,0.00128183549986716,0.00142582454310514,-0.000143989039770531,0.5300000000002,0.00128183549986716,0.00142582454310514,-0.000143989039770531,-8.40171039390991e-05,1.03019605047008e-05,0.000145626817609705,9.52134167898008e-05,-0.0536641989597229,-1.7888066319971e-05,-0.0454974410899922,-0.00816675787179832,1.66757029890698,10.6365812535496,-8.40171039390991e-05,1.7888066319971e-05,1.66757029890698,10.6365812535496,9.52134167898008e-05
"JVS01","theta_off_control_ga",6,"GA","N","seven_case",40,75,40,75,3000,0,0.375,0,"sigmoid","case_specific","none","default",TRUE,TRUE,0.0122399308002059,0.0207459746430985,-0.00850604385004772,0.86999999999989,0.0122399308002059,0.0207459746430985,-0.00850604385004772,-7.22183567337994e-05,5.64965693129992e-05,0.000173408511619504,0.000111583821336601,-0.280342964390002,-9.34476547990171e-05,-0.292973793019883,0.0126308286289003,-0.568087780946996,-7.04030917028012,-7.22183567337994e-05,9.34476547990171e-05,-0.568087780946996,-7.04030917028012,0.000111583821336601
"JVS01","theta_off_control_ga",7,"GA","N","seven_case",40,75,40,75,3000,0,0.375,0,"sigmoid","case_specific","none","default",TRUE,TRUE,0.00227646222037947,0.00259763530180379,-0.00032117308001034,0.61000000000012,0.00227646222037947,0.00259763530180379,-0.00032117308001034,1.0015472286299e-05,2.7430151532698e-05,0.0001210578013204,7.81888979031996e-05,-0.0697451526098121,-2.32483842040887e-05,-0.068183078560196,-0.00156207405239428,-0.20476509707197,-2.23375019039031,1.0015472286299e-05,2.32483842040887e-05,-0.20476509707197,-2.23375019039031,7.81888979031996e-05
"JVS01","theta_off_control_ga",8,"GA","N","seven_case",40,75,40,75,3000,0,0.375,0,"sigmoid","case_specific","none","default",TRUE,TRUE,0.00259857294031463,0.00321194527680291,-0.000613372330008133,-0.0300000000002001,0.00259857294031463,0.00321194527680291,-0.000613372330008133,1.01216549929992e-06,4.07102141492012e-05,6.33059539373974e-05,4.08399258938971e-05,-0.136446848130163,-4.54822827080648e-05,-0.147963961359892,0.0115171132413039,1.04399306551198,11.1893865632296,1.01216549929992e-06,4.54822827080648e-05,1.04399306551198,11.1893865632296,4.08399258938971e-05
"JVS01","theta_off_control_ga",9,"GA","N","seven_case",40,75,40,75,3000,0,0.375,0,"sigmoid","case_specific","none","default",TRUE,TRUE,0.00190500612006872,0.00189789252880246,7.11358961780206e-06,0.30999999999995,0.00190500612006872,0.00189789252880246,7.11358961780206e-06,-6.01829499215986e-05,3.43783602528014e-05,0.000152294478277498,9.92212014568998e-05,-0.171453019429919,-5.71510064739655e-05,-0.197460518289972,0.0260074988621994,-0.584175554603974,-1.67689178813998,-6.01829499215986e-05,5.71510064739655e-05,-0.584175554603974,-1.67689178813998,9.92212014568998e-05
"JVS01","theta_off_control_ga",10,"GA","N","seven_case",40,75,40,75,3000,0,0.375,0,"sigmoid","case_specific","none","default",TRUE,TRUE,0.00180405777018677,0.00216103061450212,-0.000356972840108938,0.13999999999941,0.00180405777018677,0.00216103061450212,-0.000356972840108938,-0.000252969608522901,-1.10526975752e-05,2.96583232600039e-06,1.97779900971973e-06,0.0653640512400671,2.17880170789719e-05,0.074888990240197,-0.00952493900329898,0.553828594811989,-6.1625692338298,-0.000252969608522901,-2.17880170789719e-05,0.553828594811989,-6.1625692338298,1.97779900971973e-06
"JVS01","theta_off_control_ga",11,"GA","N","seven_case",40,75,40,75,3000,0,0.375,0,"sigmoid","case_specific","none","default",TRUE,TRUE,0.0012689555696852,0.00204761928730335,-0.000778663719756878,0.40999999999985,0.0012689555696852,0.00204761928730335,-0.000778663719756878,-7.41639426817993e-05,-1.59812887903996e-05,9.94917255320027e-05,6.42604925469997e-05,0.101008766290306,3.36695887630523e-05,0.119783523759907,-0.0187747574721016,-0.24639956928803,-3.80715270614974,-7.41639426817993e-05,-3.36695887630523e-05,-0.24639956928803,-3.80715270614974,6.42604925469997e-05
"JVS01","theta_off_control_ga",12,"GA","N","seven_case",40,75,40,75,3000,0,0.375,0,"sigmoid","case_specific","none","default",TRUE,TRUE,0.0370178643697727,0.0765074899717959,-0.0394896256098036,0.44000000000051,0.0370178643697727,0.0765074899717959,-0.0394896256098036,0.0019870310526811,1.62040476054982e-05,0.000199777930273502,0.000128302825073697,-0.624812474829923,-0.000208270824945012,-0.675050065899995,0.0502375910722961,-0.459173580157994,-8.48204632800025,0.0019870310526811,0.000208270824945012,-0.459173580157994,-8.48204632800025,0.000128302825073697
"JVS02","weak_dependence_ga",1,"GA","N","seven_case",40,75,40,75,3000,0,0.375,1.5,"sigmoid","case_specific","none","default",TRUE,TRUE,1.06491177145017,2.56645808505903,-1.50154631361011,2.46,1.06491177145017,2.56645808505903,-1.50154631361011,-0.0048603117115161,0.000226610836055199,0.00336052529910197,0.00251054608244999,-2.90398322110968,-0.000967994407037986,-3.09236354051018,0.188380319392024,-1.52807414488996,-17.1881092612198,-0.0048603117115161,0.000967994407037986,-1.52807414488996,-17.1881092612198,0.00251054608244999
"JVS02","weak_dependence_ga",2,"GA","N","seven_case",40,75,40,75,3000,0,0.375,1.5,"sigmoid","case_specific","none","default",TRUE,TRUE,1.89165213055003,4.92561512388397,-3.03396299333008,2.49000000000001,1.89165213055003,4.92561512388397,-3.03396299333008,-0.0108441904379148,0.0012111361775425,0.00022245393593201,0.000182238898872006,-1.39294366544004,-0.00046431455514595,4.09797126110016,-5.49091492654003,-0.429126215202984,3.08705176108015,-0.0108441904379148,0.00046431455514595,-0.429126215202984,3.08705176108015,0.000182238898872006
"JVS02","weak_dependence_ga",3,"GA","N","seven_case",40,75,40,75,3000,0,0.375,1.5,"sigmoid","case_specific","none","default",TRUE,TRUE,1.52221420268006,3.85015156024002,-2.32793735756013,3.76999999999999,1.52221420268006,3.85015156024002,-2.32793735756013,-0.007267436470383,0.0011862150613733,0.00783879882205901,0.00603074845011903,-2.27285784539004,-0.000757619281795963,-0.528120080350163,-1.744737765038,-2.68229917560797,-6.11817216246982,-0.007267436470383,0.000757619281795963,-2.68229917560797,-6.11817216246982,0.00603074845011903
"JVS02","weak_dependence_ga",4,"GA","N","seven_case",40,75,40,75,3000,0,0.375,1.5,"sigmoid","case_specific","none","default",TRUE,TRUE,2.61155982526998,6.54862668824398,-3.93706686297992,4.15999999999985,2.61155982526998,6.54862668824398,-3.93706686297992,-0.0120375301633643,0.0013669056030275,0.00776058351728198,0.00584738349184799,-10.7826730796,-0.003594224359867,-9.9287520920102,-0.853920987597007,-0.201178861876997,-12.7355982091303,-0.0120375301633643,0.003594224359867,-0.201178861876997,-12.7355982091303,0.00584738349184799
"JVS02","weak_dependence_ga",5,"GA","N","seven_case",40,75,40,75,3000,0,0.375,1.5,"sigmoid","case_specific","none","default",TRUE,TRUE,0.769390122449977,1.67838186080098,-0.908991738349869,2.98999999999978,0.769390122449977,1.67838186080098,-0.908991738349869,0.0029522566765251,0.000217873563703803,0.00218843653321799,0.00184996369934898,0.856443633609615,0.000285481211199978,-0.881821315090292,1.7382649486929,-1.39937034180997,-5.80183839696019,0.0029522566765251,-0.000285481211199978,-1.39937034180997,-5.80183839696019,0.00184996369934898
"JVS02","weak_dependence_ga",6,"GA","N","seven_case",40,75,40,75,3000,0,0.375,1.5,"sigmoid","case_specific","none","default",TRUE,TRUE,1.25443152667003,3.03504243236102,-1.78061090570009,5.26999999999995,1.25443152667003,3.03504243236102,-1.78061090570009,-0.0066088933554441,0.000889467530818897,0.00425879998492495,0.00356563224310696,-1.63299129332017,-0.000544330431105022,2.82531573995038,-4.4583070332617,2.31410916485402,14.9925258342801,-0.0066088933554441,0.000544330431105022,2.31410916485402,14.9925258342801,0.00356563224310696
"JVS02","weak_dependence_ga",7,"GA","N","seven_case",40,75,40,75,3000,0,0.375,1.5,"sigmoid","case_specific","none","default",TRUE,TRUE,0.85652419198982,2.08762160708204,-1.23109741509006,2.34999999999991,0.85652419198982,2.08762160708204,-1.23109741509006,0.0035066248735584,0.000796835079688203,0.00108077747399499,0.000838081320127027,-5.86190712471989,-0.00195396904157197,-4.22952690051034,-1.632380224206,0.510329921571952,5.07908376842988,0.0035066248735584,0.00195396904157197,0.510329921571952,5.07908376842988,0.000838081320127027
"JVS03","central_joint_win_ga",1,"GA","N","seven_case",40,75,40,75,3000,0,0.375,3.5,"sigmoid","case_specific","none","default",TRUE,TRUE,13.8692513419146,31.3994254429999,-17.5301741010899,21.53,13.8692513419146,31.3994254429999,-17.5301741010899,-0.0463069696978833,0.000805202904658898,0.005956646732038,0.00504099055894397,-287.80126250038,-0.09593375416679,41.3848201054102,-329.18608260579,-2.571626894708,-17.8510989301799,-0.0463069696978833,0.09593375416679,-2.571626894708,-17.8510989301799,0.00504099055894397
"JVS03","central_joint_win_ga",2,"GA","N","seven_case",40,75,40,75,3000,0,0.375,3.5,"sigmoid","case_specific","none","default",TRUE,TRUE,8.3280588102002,28.0630860953802,-19.73502728518,32.23,8.3280588102002,28.0630860953802,-19.73502728518,-0.0118706180049806,-0.0022419120878378,0.013384329974922,0.00984779173503503,10.6408960546601,0.00354696535155008,78.2288033077002,-67.587907253045,-0.305342461572991,-9.33082012845989,-0.0118706180049806,-0.00354696535155008,-0.305342461572991,-9.33082012845989,0.00984779173503503
"JVS03","central_joint_win_ga",3,"GA","N","seven_case",40,75,40,75,3000,0,0.375,3.5,"sigmoid","case_specific","none","default",TRUE,TRUE,42.6717268235207,46.5176564498902,-3.84592962637998,36.6699999999999,42.6717268235207,46.5176564498902,-3.84592962637998,-0.0202564984735888,0.0026603030935266,0.002724031950047,0.00352693332689602,-1079.2472892468,-0.3597490964156,-4.02904214790988,-1075.21824709892,-4.65134629380196,-33.9490060486501,-0.0202564984735888,0.3597490964156,-4.65134629380196,-33.9490060486501,0.00352693332689602
"JVS03","central_joint_win_ga",4,"GA","N","seven_case",40,75,40,75,3000,0,0.375,3.5,"sigmoid","case_specific","none","default",TRUE,TRUE,19.965563190322,34.9583384267798,-14.9927752364397,8.5500000000001,19.965563190322,34.9583384267798,-14.9927752364397,-0.0238255071916004,4.8008940424199e-05,0.00847283737515303,0.00615547451850695,-564.03925039656,-0.18801308346552,-45.0840313561803,-518.95521904038,2.516844757341,12.9226969902197,-0.0238255071916004,0.18801308346552,2.516844757341,12.9226969902197,0.00615547451850695
"JVS06","larger_sample_same_T_ga",1,"GA","N","seven_case",50,40,50,40,2000,0,0.375,3.5,"sigmoid","case_specific","none","default",TRUE,TRUE,8.175440213104,23.5825275228899,-15.4070873097799,14.8,8.175440213104,23.5825275228899,-15.4070873097799,-0.022600839767585,0.001336173174608,0.015162429603752,0.010909690176079,5.39743226544033,0.0026987161327201,15.3336018044502,-9.93616953901028,-0.294897374634004,-3.03141335599298,-0.022600839767585,-0.0026987161327201,-0.294897374634004,-3.03141335599298,0.010909690176079
"JVS06","larger_sample_same_T_ga",2,"GA","N","seven_case",50,40,50,40,2000,0,0.375,3.5,"sigmoid","case_specific","none","default",TRUE,TRUE,87.376157851612,94.11484003744,-6.73868218583016,36.59,87.376157851612,94.11484003744,-6.73868218583016,-0.0938845898115114,0.000185789938635501,0.034238601081483,0.027084129209191,-1081.71082410707,-0.54085541205353,61.10821545679,-1142.81903956386,-1.273087859836,-13.515928808597,-0.0938845898115114,0.54085541205353,-1.273087859836,-13.515928808597,0.027084129209191
"JVS06","larger_sample_same_T_ga",3,"GA","N","seven_case",50,40,50,40,2000,0,0.375,3.5,"sigmoid","case_specific","none","default",TRUE,TRUE,7.72564393447901,23.4148260516199,-15.68918211714,8.9900000000001,7.72564393447901,23.4148260516199,-15.68918211714,0.0028864069049281,0.008498039893956,0.00141817704575298,0.00268546107060696,-534.54689442206,-0.26727344721103,-25.36840762064,-509.17848680142,-1.823752827113,-8.06251683004598,0.0028864069049281,0.26727344721103,-1.823752827113,-8.06251683004598,0.00268546107060696
"JVS06","larger_sample_same_T_ga",4,"GA","N","seven_case",50,40,50,40,2000,0,0.375,3.5,"sigmoid","case_specific","none","default",TRUE,TRUE,14.1197732034664,34.4575230369201,-20.3377498334401,32.01,14.1197732034664,34.4575230369201,-20.3377498334401,0.0016591756680562,-0.0064607194622334,0.00556598776874395,0.00460407116779799,123.87196409545,0.0619359820477299,49.70963969833,74.1623243971198,-1.99087553280501,-13.707685002574,0.0016591756680562,-0.0619359820477299,-1.99087553280501,-13.707685002574,0.00460407116779799
"JVS06","larger_sample_same_T_ga",5,"GA","N","seven_case",50,40,50,40,2000,0,0.375,3.5,"sigmoid","case_specific","none","default",TRUE,TRUE,8.21687832287299,18.1932678000601,-9.97638947718997,10.3099999999999,8.21687832287299,18.1932678000601,-9.97638947718997,-0.0066794161220759,-0.000658838796260899,0.0031575670366879,0.00228118632568297,-35.0197320831203,-0.01750986604157,2.41332146539003,-37.4330535485101,-0.465255909969997,-3.86539658870106,-0.0066794161220759,0.01750986604157,-0.465255909969997,-3.86539658870106,0.00228118632568297
"JVS06","larger_sample_same_T_ga",6,"GA","N","seven_case",50,40,50,40,2000,0,0.375,3.5,"sigmoid","case_specific","none","default",TRUE,TRUE,23.870575871655,49.328063364277,-25.45748749261,30.6700000000001,23.870575871655,49.328063364277,-25.45748749261,-0.0337434139874548,-0.0019865174218892,0.0167132059955439,0.016247031172412,-147.22612004142,-0.0736130600207203,71.2210949410301,-218.44721498246,-2.14544786398599,-15.543924373352,-0.0337434139874548,0.0736130600207203,-2.14544786398599,-15.543924373352,0.016247031172412
"JVS06","larger_sample_same_T_ga",7,"GA","N","seven_case",50,40,50,40,2000,0,0.375,3.5,"sigmoid","case_specific","none","default",TRUE,TRUE,2.69225216426605,6.84006050795006,-4.1478083436898,2.46000000000004,2.69225216426605,6.84006050795006,-4.1478083436898,-0.00852942123803557,0.0022960513331375,0.004565461283218,0.00393371994994401,-4.51418391014977,-0.00225709195506996,-2.81151012391001,-1.70267378624101,-0.863486535381995,-4.57758064181394,-0.00852942123803557,0.00225709195506996,-0.863486535381995,-4.57758064181394,0.00393371994994401
"JVS06","larger_sample_same_T_ga",8,"GA","N","seven_case",50,40,50,40,2000,0,0.375,3.5,"sigmoid","case_specific","none","default",TRUE,TRUE,8.86300986183599,22.8950436073799,-14.0320337455501,6.04000000000044,8.86300986183599,22.8950436073799,-14.0320337455501,0.0209003005091753,-0.000406538910243601,0.00482844997278997,0.00297674800347997,-341.15814810855,-0.17057907405427,-46.89465830975,-294.26348979878,-0.842440270120008,-8.90082345240808,0.0209003005091753,0.17057907405427,-0.842440270120008,-8.90082345240808,0.00297674800347997
"JVS06","larger_sample_same_T_ga",9,"GA","N","seven_case",50,40,50,40,2000,0,0.375,3.5,"sigmoid","case_specific","none","default",TRUE,TRUE,16.386533063311,29.95412600379,-13.5675929404799,21.2899999999999,16.386533063311,29.95412600379,-13.5675929404799,-0.0287911134351868,0.0050543152784128,0.00996247562038299,0.00892902233492904,92.45930257291,0.0462296512864599,-0.210570791600048,92.6698733645198,1.37327138339501,1.61427037120802,-0.0287911134351868,-0.0462296512864599,1.37327138339501,1.61427037120802,0.00892902233492904
"JVS06","larger_sample_same_T_ga",10,"GA","N","seven_case",50,40,50,40,2000,0,0.375,3.5,"sigmoid","case_specific","none","default",TRUE,TRUE,5.08239785543,10.0102862024698,-4.92788834705016,10.0400000000004,5.08239785543,10.0102862024698,-4.92788834705016,-0.0212202898467002,0.002852665541153,0.001551309209879,0.00225359070016795,224.61442105263,0.11230721052631,-0.115866619200006,224.73028767183,0.719391889416002,4.65109688545897,-0.0212202898467002,-0.11230721052631,0.719391889416002,4.65109688545897,0.00225359070016795
"JVS06","larger_sample_same_T_ga",11,"GA","N","seven_case",50,40,50,40,2000,0,0.375,3.5,"sigmoid","case_specific","none","default",TRUE,TRUE,6.2426688481728,15.8245733027402,-9.58190445457012,8.51000000000017,6.2426688481728,15.8245733027402,-9.58190445457012,-0.0244243313680433,0.000468825808538,0.00609321606194801,0.00505333067540298,-4.03482280685057,-0.00201741140342993,17.9058057817999,-21.9406285886598,-1.81938284691199,-8.74979593828999,-0.0244243313680433,0.00201741140342993,-1.81938284691199,-8.74979593828999,0.00505333067540298
"JVS06","larger_sample_same_T_ga",12,"GA","N","seven_case",50,40,50,40,2000,0,0.375,3.5,"sigmoid","case_specific","none","default",TRUE,TRUE,1.79752031073298,5.37382005191989,-3.57629974118004,5.04000000000042,1.79752031073298,5.37382005191989,-3.57629974118004,0.0140360052173465,-0.000952941655416099,-0.000184498105038067,-0.000684836881765016,0.1235073994103,6.17536997100654e-05,2.61486551635994,-2.49135811694498,-0.643216659517989,-0.428226058208963,0.0140360052173465,-6.17536997100654e-05,-0.643216659517989,-0.428226058208963,-0.000684836881765016
"JVS06","larger_sample_same_T_ga",13,"GA","N","seven_case",50,40,50,40,2000,0,0.375,3.5,"sigmoid","case_specific","none","default",TRUE,TRUE,9.96824759993099,24.9098080776298,-14.9415604777,5.3700000000008,9.96824759993099,24.9098080776298,-14.9415604777,-0.022417932979677,-0.0014162493454756,0.000255484124970007,0.000763743493610969,-239.00670363664,-0.11950335181832,11.1015327290002,-250.10823636563,-0.457066462842008,-9.67820648270401,-0.022417932979677,0.11950335181832,-0.457066462842008,-9.67820648270401,0.000763743493610969
"JVS06","larger_sample_same_T_ga",14,"GA","N","seven_case",50,40,50,40,2000,0,0.375,3.5,"sigmoid","case_specific","none","default",TRUE,TRUE,1.31124967991099,2.66428571739016,-1.35303603748002,3.27999999999975,1.31124967991099,2.66428571739016,-1.35303603748002,-0.010121128264681,1.34454257008018e-05,0.00203911619633701,0.00165626339349301,-9.51809015282015,-0.00475904507641012,5.94670097970993,-15.4647911325301,0.728982976869005,5.40488603249605,-0.010121128264681,0.00475904507641012,0.728982976869005,5.40488603249605,0.00165626339349301
"JVS06","larger_sample_same_T_ga",15,"GA","N","seven_case",50,40,50,40,2000,0,0.375,3.5,"sigmoid","case_specific","none","default",TRUE,TRUE,17.0755505175501,43.5365448000598,-26.46099428251,23.6300000000001,17.0755505175501,43.5365448000598,-26.46099428251,-0.0266263343175362,-0.0002718288346601,0.011772300017292,0.00934009127401703,-99.9075688748799,-0.0499537844374398,15.33898279444,-115.24655166933,-0.960681062683008,-5.83827998601902,-0.0266263343175362,0.0499537844374398,-0.960681062683008,-5.83827998601902,0.00934009127401703
"JVS06","larger_sample_same_T_ga",16,"GA","N","seven_case",50,40,50,40,2000,0,0.375,3.5,"sigmoid","case_specific","none","default",TRUE,TRUE,5.48373978779301,10.6269788766599,-5.1432390888699,7.86000000000056,5.48373978779301,10.6269788766599,-5.1432390888699,-0.0122332729595887,0.0018354914325711,0.00423547717814698,0.00326166494518498,-146.21565297035,-0.0731078264851801,-8.78624505793005,-137.42940791242,-0.486147122081007,-7.78550204164196,-0.0122332729595887,0.0731078264851801,-0.486147122081007,-7.78550204164196,0.00326166494518498
"JVS06","larger_sample_same_T_ga",17,"GA","N","seven_case",50,40,50,40,2000,0,0.375,3.5,"sigmoid","case_specific","none","default",TRUE,TRUE,4.99869676503698,8.19356256357503,-3.19486579853992,6.24999999999909,4.99869676503698,8.19356256357503,-3.19486579853992,-0.0124175142181485,-0.0012572519757571,0.00324235837807607,0.00309777366666997,-36.47852440723,-0.01823926220362,23.9645744521201,-60.4430988593499,-0.747799442951006,-3.46409985124296,-0.0124175142181485,0.01823926220362,-0.747799442951006,-3.46409985124296,0.00309777366666997
"JVS06","larger_sample_same_T_ga",18,"GA","N","seven_case",50,40,50,40,2000,0,0.375,3.5,"sigmoid","case_specific","none","default",TRUE,TRUE,24.493731354206,35.0549228997299,-10.5611915455299,15.0200000000005,24.493731354206,35.0549228997299,-10.5611915455299,-0.0359459260183761,0.0010967145566849,0.015303018727305,0.011611466776907,-343.941936397749,-0.17197096819888,-0.104223760859895,-343.83771263689,0.339043824507996,-2.83836201672295,-0.0359459260183761,0.17197096819888,0.339043824507996,-2.83836201672295,0.011611466776907
"JVS06","larger_sample_same_T_ga",19,"GA","N","seven_case",50,40,50,40,2000,0,0.375,3.5,"sigmoid","case_specific","none","default",TRUE,TRUE,4.156928565128,10.980332551685,-6.82340398655992,15.3900000000003,4.156928565128,10.980332551685,-6.82340398655992,-0.0082349030493072,-0.001466567852046,0.00262779996715801,0.002645261029734,-53.5952358825798,-0.0267976179412901,-16.5169521296202,-37.07828375296,-2.131979245569,-10.747865023401,-0.0082349030493072,0.0267976179412901,-2.131979245569,-10.747865023401,0.002645261029734
"JVS06","larger_sample_same_T_ga",20,"GA","N","seven_case",50,40,50,40,2000,0,0.375,3.5,"sigmoid","case_specific","none","default",TRUE,TRUE,62.594412010632,88.61534653064,-26.0209345200101,36.2800000000007,62.594412010632,88.61534653064,-26.0209345200101,-0.099441366951161,0.0021901271842389,0.032067790135946,0.024936264737902,-794.35136576837,-0.39717568288419,60.90726885504,-855.25863462341,-1.871436928284,-0.565589787790032,-0.099441366951161,0.39717568288419,-1.871436928284,-0.565589787790032,0.024936264737902
"JVS06","larger_sample_same_T_ga",21,"GA","N","seven_case",50,40,50,40,2000,0,0.375,3.5,"sigmoid","case_specific","none","default",TRUE,TRUE,4.64276201529201,11.6829061020801,-7.04014408679018,5.23000000000048,4.64276201529201,11.6829061020801,-7.04014408679018,-0.0021716419074141,0.0038231656667664,0.00289975457899194,0.00265019564458402,-30.3459145593406,-0.0151729572796797,-20.70556552842,-9.64034903091988,0.799295687732993,7.51405510414099,-0.0021716419074141,0.0151729572796797,0.799295687732993,7.51405510414099,0.00265019564458402
"JVS06","larger_sample_same_T_ga",22,"GA","N","seven_case",50,40,50,40,2000,0,0.375,3.5,"sigmoid","case_specific","none","default",TRUE,TRUE,1.28957295484304,5.9443608538802,-4.65478789905001,5.02000000000043,1.28957295484304,5.9443608538802,-4.65478789905001,-0.010133634445651,0.0003556695387634,0.00158704814579902,0.00147157933418796,-50.1411384992098,-0.0250705692495998,10.67202016494,-60.8131586641498,0.762689935080004,4.092756091745,-0.010133634445651,0.0250705692495998,0.762689935080004,4.092756091745,0.00147157933418796
"JVS06","larger_sample_same_T_ga",23,"GA","N","seven_case",50,40,50,40,2000,0,0.375,3.5,"sigmoid","case_specific","none","default",TRUE,TRUE,3.07951400528003,9.62653652660993,-6.54702252132984,4.09000000000015,3.07951400528003,9.62653652660993,-6.54702252132984,-0.0208610402464573,-0.000388445493926901,0.00170254916288093,0.00142993614852799,-31.2314936079401,-0.0156157468039702,14.9031700313501,-46.1346636393,-0.20903333775,-5.16910989452697,-0.0208610402464573,0.0156157468039702,-0.20903333775,-5.16910989452697,0.00142993614852799
"JVS06","larger_sample_same_T_ga",24,"GA","N","seven_case",50,40,50,40,2000,0,0.375,3.5,"sigmoid","case_specific","none","default",TRUE,TRUE,4.50132478688801,15.81320184227,-11.3118770553801,7.3700000000008,4.50132478688801,15.81320184227,-11.3118770553801,-0.0240578548745974,-0.0025626603011411,0.00669800064172998,0.00529592555268099,20.1965512493698,0.0100982756246799,10.31093145556,9.885619793812,-0.0295743578940062,0.485445890048027,-0.0240578548745974,-0.0100982756246799,-0.0295743578940062,0.485445890048027,0.00529592555268099
"JVS06","larger_sample_same_T_ga",25,"GA","N","seven_case",50,40,50,40,2000,0,0.375,3.5,"sigmoid","case_specific","none","default",TRUE,TRUE,5.24525191780702,9.92130603220596,-4.6760541143999,6.75,5.24525191780702,9.92130603220596,-4.6760541143999,-0.0112465184929075,-0.001149440390189,-0.000627419639481985,-0.000826699977784007,20.8957237247801,0.01044786186238,15.9866228472702,4.90910087750012,-0.0979405400530027,-1.06890363157902,-0.0112465184929075,-0.01044786186238,-0.0979405400530027,-1.06890363157902,-0.000826699977784007
"JVS06","larger_sample_same_T_ga",26,"GA","N","seven_case",50,40,50,40,2000,0,0.375,3.5,"sigmoid","case_specific","none","default",TRUE,TRUE,8.86982922197399,19.0863269520798,-10.21649773012,13.1000000000004,8.86982922197399,19.0863269520798,-10.21649773012,-0.0099483092931055,0.0040059404069096,0.00767397735943709,0.00770084558889406,-7.09570487932979,-0.00354785243965994,-18.60422392791,11.5085190485902,0.679492910204004,-0.914992443846018,-0.0099483092931055,0.00354785243965994,0.679492910204004,-0.914992443846018,0.00770084558889406
"JVS06","larger_sample_same_T_ga",27,"GA","N","seven_case",50,40,50,40,2000,0,0.375,3.5,"sigmoid","case_specific","none","default",TRUE,TRUE,3.61288734935101,8.69680819414998,-5.08392084479988,4.14999999999963,3.61288734935101,8.69680819414998,-5.08392084479988,-0.0089813964348564,-4.16265122729007e-05,-0.000626885377066011,-0.000554885582627007,4.95893942159,0.00247946971080015,-1.55537095743989,6.51431037903012,1.594974462583,8.96392201209198,-0.0089813964348564,-0.00247946971080015,1.594974462583,8.96392201209198,-0.000554885582627007
"JVS06","larger_sample_same_T_ga",28,"GA","N","seven_case",50,40,50,40,2000,0,0.375,3.5,"sigmoid","case_specific","none","default",TRUE,TRUE,36.939604978587,89.5734572841501,-52.6338523055701,39.4099999999998,36.939604978587,89.5734572841501,-52.6338523055701,-0.0932077782914208,-0.0022472318340801,0.027990069126595,0.022909230324658,-231.45907268407,-0.11572953634203,70.6839568325699,-302.14302951664,-0.206074397812998,-6.20347864047699,-0.0932077782914208,0.11572953634203,-0.206074397812998,-6.20347864047699,0.022909230324658
"JVS06","larger_sample_same_T_ga",29,"GA","N","seven_case",50,40,50,40,2000,0,0.375,3.5,"sigmoid","case_specific","none","default",TRUE,TRUE,14.58745075856,35.5128529022099,-20.92540214365,23.7799999999988,14.58745075856,35.5128529022099,-20.92540214365,-0.0365140828951646,-0.000297650108303998,0.01770007867945,0.015150656315141,165.81686081899,0.08290843040949,15.7671264048399,150.049734414149,-3.15523690955899,-19.204717782995,-0.0365140828951646,-0.08290843040949,-3.15523690955899,-19.204717782995,0.015150656315141
"JVS06","larger_sample_same_T_ga",30,"GA","N","seven_case",50,40,50,40,2000,0,0.375,3.5,"sigmoid","case_specific","none","default",TRUE,TRUE,5.8676631520948,24.26776479453,-18.4001016424402,19.58,5.8676631520948,24.26776479453,-18.4001016424402,0.01811831179119,-0.0010075750922098,0.00247916455185593,0.00202137336490699,43.7970432420598,0.0218985216210301,-19.2279063598601,63.0249496019301,0.506566793575999,2.11842743832597,0.01811831179119,-0.0218985216210301,0.506566793575999,2.11842743832597,0.00202137336490699
"JVS06","larger_sample_same_T_ga",31,"GA","N","seven_case",50,40,50,40,2000,0,0.375,3.5,"sigmoid","case_specific","none","default",TRUE,TRUE,3.04077715936,7.30732356492013,-4.26654640555012,8.57999999999995,3.04077715936,7.30732356492013,-4.26654640555012,0.00325830418234811,0.000539215427161902,0.00203993357889209,0.001246922522114,157.232924021961,0.0786164620109799,-0.111765594190047,157.34468961615,-0.82624813614099,-1.80491723740795,0.00325830418234811,-0.0786164620109799,-0.82624813614099,-1.80491723740795,0.001246922522114
"JVS06","larger_sample_same_T_ga",32,"GA","N","seven_case",50,40,50,40,2000,0,0.375,3.5,"sigmoid","case_specific","none","default",TRUE,TRUE,20.1121547669781,52.7311891659699,-32.6190343989799,28.3300000000017,20.1121547669781,52.7311891659699,-32.6190343989799,-0.0079395432377534,0.0038143773119986,0.0165270832482529,0.012695077444324,-168.47129106309,-0.0842356455315501,39.4235352111998,-207.894826274291,0.964694062421003,9.2210972683381,-0.0079395432377534,0.0842356455315501,0.964694062421003,9.2210972683381,0.012695077444324
"JVS06","larger_sample_same_T_ga",33,"GA","N","seven_case",50,40,50,40,2000,0,0.375,3.5,"sigmoid","case_specific","none","default",TRUE,TRUE,20.330716199936,27.42042575541,-7.08970955545988,30.1099999999987,20.330716199936,27.42042575541,-7.08970955545988,-0.0273641192946391,0.000348228661943201,0.00888608393850998,0.00624710087841795,-317.953824401669,-0.15897691220083,8.91766892810006,-326.87149332976,0.944285923959001,3.24509145946206,-0.0273641192946391,0.15897691220083,0.944285923959001,3.24509145946206,0.00624710087841795
"JVS06","larger_sample_same_T_ga",34,"GA","N","seven_case",50,40,50,40,2000,0,0.375,3.5,"sigmoid","case_specific","none","default",TRUE,TRUE,2.140245457351,4.73525892302996,-2.59501346567981,5.39999999999964,2.140245457351,4.73525892302996,-2.59501346567981,-0.003767158238308,-0.0001752622356915,0.000187317714889002,-0.000409241315116993,-10.2962340384997,-0.00514811701925999,7.81327221795004,-18.10950625645,0.298162565680997,-0.452514133338923,-0.003767158238308,0.00514811701925999,0.298162565680997,-0.452514133338923,-0.000409241315116993
"JVS06","larger_sample_same_T_ga",35,"GA","N","seven_case",50,40,50,40,2000,0,0.375,3.5,"sigmoid","case_specific","none","default",TRUE,TRUE,15.9800879593831,35.3780919622,-19.39800400283,36.2100000000009,15.9800879593831,35.3780919622,-19.39800400283,-0.01769939582373,-0.0051666014890591,0.0165189971645421,0.014177867292904,-176.81873713091,-0.0884093685654501,23.00411378285,-199.82285091376,-1.70461964220699,-11.323881025641,-0.01769939582373,0.0884093685654501,-1.70461964220699,-11.323881025641,0.014177867292904
"JVS06","larger_sample_same_T_ga",36,"GA","N","seven_case",50,40,50,40,2000,0,0.375,3.5,"sigmoid","case_specific","none","default",TRUE,TRUE,12.400611221873,22.89756148275,-10.4969502608701,11.5500000000011,12.400611221873,22.89756148275,-10.4969502608701,-0.0308809091651214,-0.0036224298809488,0.00498883841083497,0.00517060735736902,24.2084737227801,0.0121042368613899,16.50727872688,7.7011949959001,0.827426128743994,4.76966343926097,-0.0308809091651214,-0.0121042368613899,0.827426128743994,4.76966343926097,0.00517060735736902
"JVS06","larger_sample_same_T_ga",37,"GA","N","seven_case",50,40,50,40,2000,0,0.375,3.5,"sigmoid","case_specific","none","default",TRUE,TRUE,7.23257368091299,10.7590827212998,-3.52650904038001,3.46999999999934,7.23257368091299,10.7590827212998,-3.52650904038001,-0.0152256409707939,0.0024940729312593,0.00331087194235002,0.00355206527801305,-164.76528922744,-0.0823826446137201,-6.77106484110004,-157.99422438635,-0.0920662639949938,2.590183207824,-0.0152256409707939,0.0823826446137201,-0.0920662639949938,2.590183207824,0.00355206527801305
"JVS06","larger_sample_same_T_ga",38,"GA","N","seven_case",50,40,50,40,2000,0,0.375,3.5,"sigmoid","case_specific","none","default",TRUE,TRUE,8.02183482238999,24.1309784361501,-16.1091436137499,13.5799999999999,8.02183482238999,24.1309784361501,-16.1091436137499,-0.010859852892826,-0.0031802327991009,0.00523660272540305,0.005611277549815,135.52080498609,0.0677604024930401,15.7158091148599,119.80499587123,-0.0551686132459963,-1.66700804306595,-0.010859852892826,-0.0677604024930401,-0.0551686132459963,-1.66700804306595,0.005611277549815
"JVS06","larger_sample_same_T_ga",39,"GA","N","seven_case",50,40,50,40,2000,0,0.375,3.5,"sigmoid","case_specific","none","default",TRUE,TRUE,17.284077440469,30.39614100622,-13.1120635657501,16.4799999999996,17.284077440469,30.39614100622,-13.1120635657501,-0.0275719417156575,0.0021210392536945,0.011362791373428,0.00897262815840899,-230.34320378181,-0.11517160189091,11.9834053027598,-242.32660908458,-0.518233092323001,-2.92674453311997,-0.0275719417156575,0.11517160189091,-0.518233092323001,-2.92674453311997,0.00897262815840899
"JVS06","larger_sample_same_T_ga",40,"GA","N","seven_case",50,40,50,40,2000,0,0.375,3.5,"sigmoid","case_specific","none","default",TRUE,TRUE,3.79407438761399,9.90614662719008,-6.11207223958013,4.05999999999949,3.79407438761399,9.90614662719008,-6.11207223958013,-0.0111290299890711,0.0041679150476795,-0.00192342987111294,-0.00140225725748999,26.8694489007798,0.0134347244503998,-4.94068488307994,31.8101337838669,-1.21753666481301,-5.18188674727401,-0.0111290299890711,-0.0134347244503998,-1.21753666481301,-5.18188674727401,-0.00140225725748999
"JVS06","larger_sample_same_T_ga",41,"GA","N","seven_case",50,40,50,40,2000,0,0.375,3.5,"sigmoid","case_specific","none","default",TRUE,TRUE,27.286354165401,53.0181728049599,-25.7318186395698,15.5799999999999,27.286354165401,53.0181728049599,-25.7318186395698,-0.0464906867439021,0.0022559006796812,0.018897112086077,0.0164309993246,-450.58711656396,-0.22529355828198,13.87139590893,-464.45851247289,-0.619193607179994,-6.36017967302394,-0.0464906867439021,0.22529355828198,-0.619193607179994,-6.36017967302394,0.0164309993246
"JVS06","larger_sample_same_T_ga",42,"GA","N","seven_case",50,40,50,40,2000,0,0.375,3.5,"sigmoid","case_specific","none","default",TRUE,TRUE,0.837653158731001,2.11265285564014,-1.27499969690984,3.82999999999992,0.837653158731001,2.11265285564014,-1.27499969690984,-0.0127313154324303,-0.0002612032603263,0.000551761949881047,0.000416441825746017,22.7237429626093,0.0113618714813,-6.13058118669005,28.8543241492998,-0.0645598730369983,0.341168136078977,-0.0127313154324303,-0.0113618714813,-0.0645598730369983,0.341168136078977,0.000416441825746017
"JVS06","larger_sample_same_T_ga",43,"GA","N","seven_case",50,40,50,40,2000,0,0.375,3.5,"sigmoid","case_specific","none","default",TRUE,TRUE,0.912722237162001,1.55216698222989,-0.639444745060018,1.47999999999957,0.912722237162001,1.55216698222989,-0.639444745060018,-0.000782035546406989,-0.000730369375650897,-0.00010187509286097,-5.80163619040008e-05,-31.2149360693202,-0.0156074680346499,5.6524132238701,-36.8673492931898,0.298834901766,-2.60740090075592,-0.000782035546406989,0.0156074680346499,0.298834901766,-2.60740090075592,-5.80163619040008e-05
"JVS06","larger_sample_same_T_ga",44,"GA","N","seven_case",50,40,50,40,2000,0,0.375,3.5,"sigmoid","case_specific","none","default",TRUE,TRUE,1.44801877399598,5.48581003425011,-4.03779126025006,6.87000000000085,1.44801877399598,5.48581003425011,-4.03779126025006,-0.0101831082711528,-0.000450918761550498,0.000368081796338959,-0.000587572529409996,-24.5967483948398,-0.0122983741974199,-3.44532381604995,-21.1514245787801,0.988172558846003,8.31653635603197,-0.0101831082711528,0.0122983741974199,0.988172558846003,8.31653635603197,-0.000587572529409996
"JVS06","larger_sample_same_T_ga",45,"GA","N","seven_case",50,40,50,40,2000,0,0.375,3.5,"sigmoid","case_specific","none","default",TRUE,TRUE,4.545512198192,11.0499222575099,-6.50441005931998,2.88999999999942,4.545512198192,11.0499222575099,-6.50441005931998,-0.0049775903263793,-0.0033019152858748,0.000973260167406953,-0.000400582247033987,52.3102755734599,0.0261551377867297,20.2074820028699,32.1027935706002,1.762137999817,7.502607716125,-0.0049775903263793,-0.0261551377867297,1.762137999817,7.502607716125,-0.000400582247033987
"JVS06","larger_sample_same_T_ga",46,"GA","N","seven_case",50,40,50,40,2000,0,0.375,3.5,"sigmoid","case_specific","none","default",TRUE,TRUE,7.60851565799499,17.05452596438,-9.44601030639001,5.44999999999891,7.60851565799499,17.05452596438,-9.44601030639001,-0.0189386829866128,0.0013542554684158,0.00580815762532899,0.00402030239664597,-21.30268304232,-0.01065134152116,5.30595796865987,-26.608641010983,1.052525492444,2.53771145492703,-0.0189386829866128,0.01065134152116,1.052525492444,2.53771145492703,0.00402030239664597
"JVS06","larger_sample_same_T_ga",47,"GA","N","seven_case",50,40,50,40,2000,0,0.375,3.5,"sigmoid","case_specific","none","default",TRUE,TRUE,1.04466576684098,3.27184527895997,-2.22717951211007,2.31999999999971,1.04466576684098,3.27184527895997,-2.22717951211007,0.00124158088042877,-0.0003794839649277,0.001491897630024,0.00120687118892804,-36.8396479228904,-0.0184198239614499,4.31394346525008,-41.1535913881503,-0.278336206950001,1.47366732602404,0.00124158088042877,0.0184198239614499,-0.278336206950001,1.47366732602404,0.00120687118892804
"JVS06","larger_sample_same_T_ga",48,"GA","N","seven_case",50,40,50,40,2000,0,0.375,3.5,"sigmoid","case_specific","none","default",TRUE,TRUE,23.796180673503,52.82981946994,-29.0336387964398,24.6600000000035,23.796180673503,52.82981946994,-29.0336387964398,-0.0600473404763693,0.000757573086934599,0.014789985817257,0.00969816418068398,-334.91916688176,-0.16745958344088,46.20128225656,-381.12044913831,-0.0313108087990059,0.180258812059037,-0.0600473404763693,0.16745958344088,-0.0313108087990059,0.180258812059037,0.00969816418068398
"JVS06","larger_sample_same_T_ga",49,"GA","N","seven_case",50,40,50,40,2000,0,0.375,3.5,"sigmoid","case_specific","none","default",TRUE,TRUE,11.3864275483877,25.7056132263001,-14.3191856779101,15.3400000000001,11.3864275483877,25.7056132263001,-14.3191856779101,-0.0035736912519701,0.000654291728210299,0.008812618965574,0.00665710494690297,3.20909544357005,0.00160454772178698,4.83652292068996,-1.62742747711698,0.0701959328940092,1.9597914261609,-0.0035736912519701,-0.00160454772178698,0.0701959328940092,1.9597914261609,0.00665710494690297
"JVS06","larger_sample_same_T_ga",50,"GA","N","seven_case",50,40,50,40,2000,0,0.375,3.5,"sigmoid","case_specific","none","default",TRUE,TRUE,7.35324900007574,18.0381663358801,-10.6849173358,15.6500000000014,7.35324900007574,18.0381663358801,-10.6849173358,-0.0058637568351157,0.0077197120615244,0.00311159126112404,0.00357678385800203,-142.441591116361,-0.0712207955581796,-22.2108442772001,-120.23074683917,-0.452867112178993,-3.68803693997199,-0.0058637568351157,0.0712207955581796,-0.452867112178993,-3.68803693997199,0.00357678385800203
"JVS06","larger_sample_same_T_ga",51,"GA","N","seven_case",50,40,50,40,2000,0,0.375,3.5,"sigmoid","case_specific","none","default",TRUE,TRUE,5.04085607693298,10.92261318033,-5.8817571033901,9.37000000000263,5.04085607693298,10.92261318033,-5.8817571033901,0.00786348959690431,0.0034903416910371,0.00268197858319097,0.00293927021828599,387.08552401067,0.19354276200534,-15.2956361367601,402.38116014743,1.940704556734,7.76121665210496,0.00786348959690431,-0.19354276200534,1.940704556734,7.76121665210496,0.00293927021828599
"JVS06","larger_sample_same_T_ga",52,"GA","N","seven_case",50,40,50,40,2000,0,0.375,3.5,"sigmoid","case_specific","none","default",TRUE,TRUE,4.71748043675899,6.85371311192011,-2.13623267516004,5.86000000000422,4.71748043675899,6.85371311192011,-2.13623267516004,0.0081346200384913,0.000104243606778097,0.00276084828140399,0.00276711347856207,-3.89740032909003,-0.00194870016454995,3.41053483816995,-7.30793516725998,0.169447667173003,4.40031724809,0.0081346200384913,0.00194870016454995,0.169447667173003,4.40031724809,0.00276711347856207
"JVS06","larger_sample_same_T_ga",53,"GA","N","seven_case",50,40,50,40,2000,0,0.375,3.5,"sigmoid","case_specific","none","default",TRUE,TRUE,28.949776155795,45.0401037229099,-16.0903275671101,18.9700000000011,28.949776155795,45.0401037229099,-16.0903275671101,-0.0624678743208979,0.0027264824368887,0.014446451205968,0.011786189198404,-87.9390385144397,-0.0439695192572198,34.2533333206402,-122.192371835082,0.605480489036012,-4.42200365683993,-0.0624678743208979,0.0439695192572198,0.605480489036012,-4.42200365683993,0.011786189198404
"JVS06","larger_sample_same_T_ga",54,"GA","N","seven_case",50,40,50,40,2000,0,0.375,3.5,"sigmoid","case_specific","none","default",TRUE,TRUE,9.21338816723897,24.7223440022999,-15.5089558350701,10.9000000000014,9.21338816723897,24.7223440022999,-15.5089558350701,-0.0375430977542502,-0.000461524555889301,0.003573423690865,0.003298470927316,-15.8826281848201,-0.00794131409240606,-0.392085625579966,-15.490542559229,0.160065955782997,-5.35665957276308,-0.0375430977542502,0.00794131409240606,0.160065955782997,-5.35665957276308,0.003298470927316
"JVS06","larger_sample_same_T_ga",55,"GA","N","seven_case",50,40,50,40,2000,0,0.375,3.5,"sigmoid","case_specific","none","default",TRUE,TRUE,32.87061211844,75.1473481555299,-42.2767360370901,21.8199999999997,32.87061211844,75.1473481555299,-42.2767360370901,-0.0611556499934815,0.0089065273354216,0.008211870201424,0.012443848840297,-306.08498047186,-0.15304249023594,12.3601460159598,-318.44512648782,-2.519553213287,-21.317502062314,-0.0611556499934815,0.15304249023594,-2.519553213287,-21.317502062314,0.012443848840297
"JVS06","larger_sample_same_T_ga",56,"GA","N","seven_case",50,40,50,40,2000,0,0.375,3.5,"sigmoid","case_specific","none","default",TRUE,TRUE,1.86619918513998,6.37846860738,-4.51226942224002,5.97999999999956,1.86619918513998,6.37846860738,-4.51226942224002,-0.0072505483186784,-0.0030317812024322,-0.00324686658723095,-0.00324403349208602,-13.80908321483,-0.00690454160741005,27.7937805261599,-41.602863740986,-2.22115630393101,-9.33822447151397,-0.0072505483186784,0.00690454160741005,-2.22115630393101,-9.33822447151397,-0.00324403349208602
"JVS06","larger_sample_same_T_ga",57,"GA","N","seven_case",50,40,50,40,2000,0,0.375,3.5,"sigmoid","case_specific","none","default",TRUE,TRUE,8.136010020955,19.6654392303999,-11.52942920945,7.7000000000007,8.136010020955,19.6654392303999,-11.52942920945,-0.0123798917000393,0.0017235961960206,0.010221060244782,0.00802077691973402,-23.7026580476404,-0.01185132902382,-27.1842980290999,3.48163998145105,-1.35938443554001,-6.52537933521307,-0.0123798917000393,0.01185132902382,-1.35938443554001,-6.52537933521307,0.00802077691973402
"JVS06","larger_sample_same_T_ga",58,"GA","N","seven_case",50,40,50,40,2000,0,0.375,3.5,"sigmoid","case_specific","none","default",TRUE,TRUE,30.337608742085,58.4274335745299,-28.0898248324402,10.5999999999985,30.337608742085,58.4274335745299,-28.0898248324402,-0.0747868257716776,0.0032371602854018,0.0134004968767,0.0114782482379741,-186.18671388043,-0.0930933569402099,22.56632420149,-208.753038081906,0.439549677758009,1.66661495690005,-0.0747868257716776,0.0930933569402099,0.439549677758009,1.66661495690005,0.0114782482379741
"JVS06","larger_sample_same_T_ga",59,"GA","N","seven_case",50,40,50,40,2000,0,0.375,3.5,"sigmoid","case_specific","none","default",TRUE,TRUE,1.93080874504702,4.33545705264987,-2.40464830760993,1.21000000000277,1.93080874504702,4.33545705264987,-2.40464830760993,0.0027806283605292,-0.000523642344131901,0.000458984510403937,0.000218229100405976,-47.8061160264201,-0.0239030580132,-0.65509245614021,-47.1510235702801,0.984214517680002,2.67696436817903,0.0027806283605292,0.0239030580132,0.984214517680002,2.67696436817903,0.000218229100405976
"JVS06","larger_sample_same_T_ga",60,"GA","N","seven_case",50,40,50,40,2000,0,0.375,3.5,"sigmoid","case_specific","none","default",TRUE,TRUE,3.37409873265699,8.79247819401007,-5.41837946134001,4.38000000000102,3.37409873265699,8.79247819401007,-5.41837946134001,-0.0171364920326918,0.0011246260349907,0.00312093706934502,0.00237281741457696,215.73908355193,0.10786954177596,0.36154146253989,215.37754208939,-0.253280011697996,-3.00803475937198,-0.0171364920326918,-0.10786954177596,-0.253280011697996,-3.00803475937198,0.00237281741457696
"JVS06","larger_sample_same_T_ga",61,"GA","N","seven_case",50,40,50,40,2000,0,0.375,3.5,"sigmoid","case_specific","none","default",TRUE,TRUE,6.198875117424,16.717809556342,-10.51893443891,13.4900000000017,6.198875117424,16.717809556342,-10.51893443891,-0.0194995760558499,-0.0027792330030908,0.00577420584169797,0.00590544924491399,-3.17165396602013,-0.00158582698301002,59.49250408277,-62.6641580487801,-0.949847635056997,-6.46345255685799,-0.0194995760558499,0.00158582698301002,-0.949847635056997,-6.46345255685799,0.00590544924491399
"JVS06","larger_sample_same_T_ga",62,"GA","N","seven_case",50,40,50,40,2000,0,0.375,3.5,"sigmoid","case_specific","none","default",TRUE,TRUE,16.305135939554,35.8667443392499,-19.5616083997099,37.5199999999968,16.305135939554,35.8667443392499,-19.5616083997099,-0.067822634450381,0.0053866085909821,0.014042559527655,0.010690153446809,-93.6306336521302,-0.0468153168260699,100.32545677049,-193.95609042262,1.395653830223,5.93884182043394,-0.067822634450381,0.0468153168260699,1.395653830223,5.93884182043394,0.010690153446809
"JVS06","larger_sample_same_T_ga",63,"GA","N","seven_case",50,40,50,40,2000,0,0.375,3.5,"sigmoid","case_specific","none","default",TRUE,TRUE,7.742872126137,11.202122928162,-3.45925080202983,6.29999999999928,7.742872126137,11.202122928162,-3.45925080202983,-0.0186141902132144,0.0017678514962601,0.00499620065728901,0.00392754879102203,-6.80492329083995,-0.00340246164542002,0.992600158459936,-7.79752344929796,-1.197422248121,-9.80043818265995,-0.0186141902132144,0.00340246164542002,-1.197422248121,-9.80043818265995,0.00392754879102203
"JVS06","larger_sample_same_T_ga",64,"GA","N","seven_case",50,40,50,40,2000,0,0.375,3.5,"sigmoid","case_specific","none","default",TRUE,TRUE,1.25987195158501,5.81526422980005,-4.55539227821987,4.08000000000175,1.25987195158501,5.81526422980005,-4.55539227821987,-0.0038430952853851,0.000459583361976202,0.00055756916656291,0.000586851931596022,8.1559058590401,0.00407795292952007,7.02826304885002,1.12764281019008,0.538026931196001,6.88586757482392,-0.0038430952853851,-0.00407795292952007,0.538026931196001,6.88586757482392,0.000586851931596022
"JVS06","larger_sample_same_T_ga",65,"GA","N","seven_case",50,40,50,40,2000,0,0.375,3.5,"sigmoid","case_specific","none","default",TRUE,TRUE,1.622070381246,1.37633419087979,0.245736190369826,4.75,1.622070381246,1.37633419087979,0.245736190369826,0.0021733645395056,0.000958632501457099,-0.000620537592529002,-8.49858932080449e-05,-192.07606953775,-0.0960380347688701,5.2557709373898,-197.33184047513,-1.50103956956499,-15.5203964683139,0.0021733645395056,0.0960380347688701,-1.50103956956499,-15.5203964683139,-8.49858932080449e-05
"JVS06","larger_sample_same_T_ga",66,"GA","N","seven_case",50,40,50,40,2000,0,0.375,3.5,"sigmoid","case_specific","none","default",TRUE,TRUE,3.55190411771497,7.11532409414986,-3.56341997643017,3.78999999999723,3.55190411771497,7.11532409414986,-3.56341997643017,-0.0032372962138935,0.000962896754320298,0.00151830312031997,0.00130292597213399,-646.5487661884,-0.3232743830942,-0.259481893370094,-646.289284295,-0.13660654537,-7.87890881873602,-0.0032372962138935,0.3232743830942,-0.13660654537,-7.87890881873602,0.00130292597213399
"JVS06","larger_sample_same_T_ga",67,"GA","N","seven_case",50,40,50,40,2000,0,0.375,3.5,"sigmoid","case_specific","none","default",TRUE,TRUE,4.91611960495698,10.2223394994701,-5.30621989450992,16.020000000004,4.91611960495698,10.2223394994701,-5.30621989450992,0.0013567864430688,0.0016149943746197,0.00626057509462996,0.00674534945935301,12.3968135978394,0.00619840679891981,-19.0888716250499,31.48568522289,-1.36999800984499,-12.046995008718,0.0013567864430688,-0.00619840679891981,-1.36999800984499,-12.046995008718,0.00674534945935301
"JVS06","larger_sample_same_T_ga",68,"GA","N","seven_case",50,40,50,40,2000,0,0.375,3.5,"sigmoid","case_specific","none","default",TRUE,TRUE,8.99695116790198,14.8608064837401,-5.86385531584006,3.82999999999811,8.99695116790198,14.8608064837401,-5.86385531584006,0.000220153834039408,0.0006183212977303,0.00489224452996007,0.00351084669378599,-53.4003120840002,-0.0267001560420099,-7.98602328156994,-45.4142888024401,-0.274328157635992,1.89026777742504,0.000220153834039408,0.0267001560420099,-0.274328157635992,1.89026777742504,0.00351084669378599
"JVS06","larger_sample_same_T_ga",69,"GA","N","seven_case",50,40,50,40,2000,0,0.375,3.5,"sigmoid","case_specific","none","default",TRUE,TRUE,5.78043550049298,11.36287587329,-5.58244037278996,2.4900000000016,5.78043550049298,11.36287587329,-5.58244037278996,-0.01466349079977,6.48330677054006e-05,0.00184196543434501,0.00137071099727704,-28.3804168227202,-0.0141902084113499,4.46476347375005,-32.8451802964701,-0.431403386059998,-3.91850796969004,-0.01466349079977,0.0141902084113499,-0.431403386059998,-3.91850796969004,0.00137071099727704
"JVS06","larger_sample_same_T_ga",70,"GA","N","seven_case",50,40,50,40,2000,0,0.375,3.5,"sigmoid","case_specific","none","default",TRUE,TRUE,75.8456729331111,74.62550227976,1.22017065334012,16.4099999999999,75.8456729331111,74.62550227976,1.22017065334012,-0.0532128050138731,0.0054431245965289,0.032648573568554,0.027186482817086,-868.88710833287,-0.43444355416643,16.6165769660799,-885.50368529896,1.102093186792,5.14360065772303,-0.0532128050138731,0.43444355416643,1.102093186792,5.14360065772303,0.027186482817086
"JVS06","larger_sample_same_T_ga",71,"GA","N","seven_case",50,40,50,40,2000,0,0.375,3.5,"sigmoid","case_specific","none","default",TRUE,TRUE,1.731363839354,3.89294000734981,-2.16157616799001,10.2900000000009,1.731363839354,3.89294000734981,-2.16157616799001,-0.0032220642558425,-0.0011886312334446,0.00561830455748802,0.00429303655873398,18.5873605480197,0.00929368027401001,2.22382682674993,16.36353372126,0.329211275308992,5.78363498018098,-0.0032220642558425,-0.00929368027401001,0.329211275308992,5.78363498018098,0.00429303655873398
"JVS06","larger_sample_same_T_ga",72,"GA","N","seven_case",50,40,50,40,2000,0,0.375,3.5,"sigmoid","case_specific","none","default",TRUE,TRUE,32.524898895032,40.4783189550301,-7.9534200600001,11.2200000000011,32.524898895032,40.4783189550301,-7.9534200600001,-0.0588434973553009,0.0041576386048441,0.010041788087493,0.00783650939228303,-111.52534253617,-0.0557626712680831,-30.11897234363,-81.4063701925352,-1.572590956178,-13.1312876287869,-0.0588434973553009,0.0557626712680831,-1.572590956178,-13.1312876287869,0.00783650939228303
"JVS06","larger_sample_same_T_ga",73,"GA","N","seven_case",50,40,50,40,2000,0,0.375,3.5,"sigmoid","case_specific","none","default",TRUE,TRUE,10.202176788381,19.1552671341099,-8.95309034572006,8.77999999999887,10.202176788381,19.1552671341099,-8.95309034572006,-0.0130195996223782,9.84084202929995e-05,0.00410027317984696,0.00299608759453607,-76.2586423369298,-0.0381293211684699,-7.23939616438997,-69.0192461725301,0.179313688305001,-0.220616929488983,-0.0130195996223782,0.0381293211684699,0.179313688305001,-0.220616929488983,0.00299608759453607
"JVS06","larger_sample_same_T_ga",74,"GA","N","seven_case",50,40,50,40,2000,0,0.375,3.5,"sigmoid","case_specific","none","default",TRUE,TRUE,1.19955005970999,0.44555416393996,0.753995895770004,4.59000000000014,1.19955005970999,0.44555416393996,0.753995895770004,0.0058940232456485,0.000642732126699103,0.001813073831756,0.00149945733821899,-14.0577234562002,-0.0070288617280998,-4.69268299425994,-9.36504046195,0.100746643351002,-0.454969442372999,0.0058940232456485,0.0070288617280998,0.100746643351002,-0.454969442372999,0.00149945733821899
"JVS06","larger_sample_same_T_ga",75,"GA","N","seven_case",50,40,50,40,2000,0,0.375,3.5,"sigmoid","case_specific","none","default",TRUE,TRUE,29.374159488841,40.8387005721302,-11.46454108329,13.5800000000017,29.374159488841,40.8387005721302,-11.46454108329,-0.0157423921557797,0.0055505481594804,0.016673354486177,0.0130948171667159,-221.48421220586,-0.11074210610293,-13.89112341694,-207.59308878892,-0.284959820739999,0.287756856868043,-0.0157423921557797,0.11074210610293,-0.284959820739999,0.287756856868043,0.0130948171667159
"JVS06","larger_sample_same_T_ga",76,"GA","N","seven_case",50,40,50,40,2000,0,0.375,3.5,"sigmoid","case_specific","none","default",TRUE,TRUE,11.363971151985,24.4031835404401,-13.0392123884601,23.7400000000016,11.363971151985,24.4031835404401,-13.0392123884601,-0.0414316289310065,-0.000225706599103603,0.00618668602950201,0.004388739895687,-91.8543911025799,-0.0459271955512897,-10.45964733346,-81.3947437691199,0.144142773558002,2.36262230966395,-0.0414316289310065,0.0459271955512897,0.144142773558002,2.36262230966395,0.004388739895687
"JVS06","larger_sample_same_T_ga",77,"GA","N","seven_case",50,40,50,40,2000,0,0.375,3.5,"sigmoid","case_specific","none","default",TRUE,TRUE,6.79536078706799,17.61158731248,-10.81622652541,7.45000000000068,6.79536078706799,17.61158731248,-10.81622652541,0.0065152765034316,1.07463167187995e-05,0.00951824233085297,0.00965908286611999,-247.76427453591,-0.12388213726796,19.3836939237699,-267.147968459666,-0.250289818252,0.791392633116061,0.0065152765034316,0.12388213726796,-0.250289818252,0.791392633116061,0.00965908286611999
"JVS06","larger_sample_same_T_ga",78,"GA","N","seven_case",50,40,50,40,2000,0,0.375,3.5,"sigmoid","case_specific","none","default",TRUE,TRUE,3.09056165605801,12.8787093861999,-9.78814773015006,6.80999999999767,3.09056165605801,12.8787093861999,-9.78814773015006,-0.0041638489294857,0.0014720219853285,0.00249854185334497,0.002349225247953,-40.2747802472604,-0.0201373901236397,2.79593154709005,-43.0707117943498,-0.670202695364992,-6.56598799085401,-0.0041638489294857,0.0201373901236397,-0.670202695364992,-6.56598799085401,0.002349225247953
"JVS06","larger_sample_same_T_ga",79,"GA","N","seven_case",50,40,50,40,2000,0,0.375,3.5,"sigmoid","case_specific","none","default",TRUE,TRUE,1.91968347263202,6.39792344855982,-4.47823997593014,4.56999999999971,1.91968347263202,6.39792344855982,-4.47823997593014,-0.008411029624753,-0.000741201265406798,0.000566793705919055,-3.97776558230256e-05,-44.9567607949893,-0.0224783803975002,10.2704998782801,-55.2272606732699,-0.0846973784790066,2.16667497336596,-0.008411029624753,0.0224783803975002,-0.0846973784790066,2.16667497336596,-3.97776558230256e-05
"JVS06","larger_sample_same_T_ga",80,"GA","N","seven_case",50,40,50,40,2000,0,0.375,3.5,"sigmoid","case_specific","none","default",TRUE,TRUE,17.006009215862,42.75383947308,-25.7478302572199,16.8100000000013,17.006009215862,42.75383947308,-25.7478302572199,-0.0311461723044325,0.0013195378719945,0.0126280591291691,0.01250048710387,-265.55054122988,-0.13277527061494,14.30318285372,-279.85372408359,-1.67706544960001,-15.5474931870469,-0.0311461723044325,0.13277527061494,-1.67706544960001,-15.5474931870469,0.01250048710387
"JVS06","larger_sample_same_T_ga",81,"GA","N","seven_case",50,40,50,40,2000,0,0.375,3.5,"sigmoid","case_specific","none","default",TRUE,TRUE,6.37424097803199,11.5102636991699,-5.13602272113985,12.0799999999982,6.37424097803199,11.5102636991699,-5.13602272113985,-0.0232194318339221,-6.58081867952985e-05,0.00640532851964593,0.004686021332932,-40.0739631216099,-0.0200369815608101,-2.04019166538001,-38.033771456232,-0.568612603359995,-3.31658509790304,-0.0232194318339221,0.0200369815608101,-0.568612603359995,-3.31658509790304,0.004686021332932
"JVS06","larger_sample_same_T_ga",82,"GA","N","seven_case",50,40,50,40,2000,0,0.375,3.5,"sigmoid","case_specific","none","default",TRUE,TRUE,7.01514082704796,16.194270346272,-9.17912951922017,4.08000000000175,7.01514082704796,16.194270346272,-9.17912951922017,-0.020898090633386,0.0035174430224769,0.00689769252810701,0.00565317848831903,-63.19393014052,-0.0315969650702699,7.4404249756501,-70.6343551161699,-0.521439778099989,0.442047489249035,-0.020898090633386,0.0315969650702699,-0.521439778099989,0.442047489249035,0.00565317848831903
"JVS06","larger_sample_same_T_ga",83,"GA","N","seven_case",50,40,50,40,2000,0,0.375,3.5,"sigmoid","case_specific","none","default",TRUE,TRUE,7.0939117472983,20.33461345709,-13.2407017097901,17.3100000000013,7.0939117472983,20.33461345709,-13.2407017097901,-0.000601634046155198,0.001521610248333,0.00675354810558504,0.00648391354240602,45.3261152450696,0.02266305762253,-48.2470664346399,93.5731816797102,0.572344861862007,0.145060612253019,-0.000601634046155198,-0.02266305762253,0.572344861862007,0.145060612253019,0.00648391354240602
"JVS06","larger_sample_same_T_ga",84,"GA","N","seven_case",50,40,50,40,2000,0,0.375,3.5,"sigmoid","case_specific","none","default",TRUE,TRUE,5.560137896122,21.1216187068001,-15.56148081068,7.02999999999885,5.560137896122,21.1216187068001,-15.56148081068,0.00206010317185119,0.0057414864719881,0.014482002392088,0.012946861306263,-69.0313252420892,-0.0345156626210499,-5.18656847209013,-63.8447567700005,0.405571534676994,2.09935777001806,0.00206010317185119,0.0345156626210499,0.405571534676994,2.09935777001806,0.012946861306263
"JVS06","larger_sample_same_T_ga",85,"GA","N","seven_case",50,40,50,40,2000,0,0.375,3.5,"sigmoid","case_specific","none","default",TRUE,TRUE,6.5852908306333,10.4851708403601,-3.89988000971994,4.65999999999985,6.5852908306333,10.4851708403601,-3.89988000971994,0.00110065952492541,-0.0008662067409544,0.00106767184652501,0.000545755357681088,-40.1543767229605,-0.0200771883614799,4.22558781346993,-44.3799645364297,-0.48627427316201,-6.98001380787105,0.00110065952492541,0.0200771883614799,-0.48627427316201,-6.98001380787105,0.000545755357681088
"JVS06","larger_sample_same_T_ga",86,"GA","N","seven_case",50,40,50,40,2000,0,0.375,3.5,"sigmoid","case_specific","none","default",TRUE,TRUE,5.25708337130698,15.7041748091899,-10.4470914378801,15.6400000000031,5.25708337130698,15.7041748091899,-10.4470914378801,0.0031304717986055,0.0031741359531892,0.00569527326444597,0.00666934454227802,318.64251867627,0.15932125933814,-16.8332434742799,335.47576215055,-0.762106968436996,-4.53913870205201,0.0031304717986055,-0.15932125933814,-0.762106968436996,-4.53913870205201,0.00666934454227802
"JVS06","larger_sample_same_T_ga",87,"GA","N","seven_case",50,40,50,40,2000,0,0.375,3.5,"sigmoid","case_specific","none","default",TRUE,TRUE,0.67353158426701,3.94286858157011,-3.26933699729989,3.91999999999825,0.67353158426701,3.94286858157011,-3.26933699729989,-0.0048405446180283,-0.0017011253748681,-0.00293760507141305,-0.00256606796588499,-3.81417687275007,-0.0019070884363801,6.59273217187001,-10.4069090446299,-1.29967436455401,-4.49971924756301,-0.0048405446180283,0.0019070884363801,-1.29967436455401,-4.49971924756301,-0.00256606796588499
"JVS06","larger_sample_same_T_ga",88,"GA","N","seven_case",50,40,50,40,2000,0,0.375,3.5,"sigmoid","case_specific","none","default",TRUE,TRUE,9.227022524018,20.85861003375,-11.63158750974,12.2200000000012,9.227022524018,20.85861003375,-11.63158750974,-0.0356819495978109,1.61149879528977e-05,0.00991978384115999,0.00695904786923301,247.4959327741,0.12374796638705,0.260116227590061,247.2358165465,-0.240797435346991,-5.358111717545,-0.0356819495978109,-0.12374796638705,-0.240797435346991,-5.358111717545,0.00695904786923301
"JVS06","larger_sample_same_T_ga",89,"GA","N","seven_case",50,40,50,40,2000,0,0.375,3.5,"sigmoid","case_specific","none","default",TRUE,TRUE,3.8244233118094,8.35867837064006,-4.53425505883001,10.6800000000003,3.8244233118094,8.35867837064006,-4.53425505883001,-0.0028614643608908,-0.000545235819918,-5.64704421609497e-05,-0.000209220643892949,-3.15342846304065,-0.00157671423150996,7.06010297865009,-10.2135314416896,-0.193120130335004,-0.017786463830987,-0.0028614643608908,0.00157671423150996,-0.193120130335004,-0.017786463830987,-0.000209220643892949
"JVS06","larger_sample_same_T_ga",90,"GA","N","seven_case",50,40,50,40,2000,0,0.375,3.5,"sigmoid","case_specific","none","default",TRUE,TRUE,5.99332731131199,18.323814517762,-12.33048720645,5.15000000000145,5.99332731131199,18.323814517762,-12.33048720645,-0.044832352836847,0.0012187313942476,0.002103759251883,0.001262416650192,-72.0069430535696,-0.0360034715267799,11.46337203298,-83.4703150865598,-0.154688136375995,-7.04511723936298,-0.044832352836847,0.0360034715267799,-0.154688136375995,-7.04511723936298,0.001262416650192
"JVS06","larger_sample_same_T_ga",91,"GA","N","seven_case",50,40,50,40,2000,0,0.375,3.5,"sigmoid","case_specific","none","default",TRUE,TRUE,2.829515729934,6.90554958846997,-4.07603385853986,2.07999999999447,2.829515729934,6.90554958846997,-4.07603385853986,-0.010384749123424,0.000734964066172402,0.00195232705103998,0.00139673494169101,7.95607899822971,0.00397803949911002,-3.2272009316298,11.18327992986,0.880263403022994,5.28824915474297,-0.010384749123424,-0.00397803949911002,0.880263403022994,5.28824915474297,0.00139673494169101
"JVS06","larger_sample_same_T_ga",92,"GA","N","seven_case",50,40,50,40,2000,0,0.375,3.5,"sigmoid","case_specific","none","default",TRUE,TRUE,5.80162018144199,31.97232632603,-26.17070614459,6.83999999999654,5.80162018144199,31.97232632603,-26.17070614459,-0.0381561450805587,0.0011543284729388,0.00380322149313406,0.00225162705706999,0.800312616420342,0.000400156308209887,12.6266368045101,-11.826324188083,-1.275477489831,-13.27633174709,-0.0381561450805587,-0.000400156308209887,-1.275477489831,-13.27633174709,0.00225162705706999
"JVS06","larger_sample_same_T_ga",93,"GA","N","seven_case",50,40,50,40,2000,0,0.375,3.5,"sigmoid","case_specific","none","default",TRUE,TRUE,9.01805423114797,14.0314496956801,-5.01339546452004,4.93000000000029,9.01805423114797,14.0314496956801,-5.01339546452004,-0.0168619985571493,0.000146956836262698,-4.89739385680643e-05,-0.000158081855434977,-92.9865297108699,-0.0464932648554301,9.59223852251989,-102.578768233399,-1.010077608697,-3.80677607505902,-0.0168619985571493,0.0464932648554301,-1.010077608697,-3.80677607505902,-0.000158081855434977
"JVS06","larger_sample_same_T_ga",94,"GA","N","seven_case",50,40,50,40,2000,0,0.375,3.5,"sigmoid","case_specific","none","default",TRUE,TRUE,17.010645460275,35.9978822723601,-18.98723681208,5.27999999999884,17.010645460275,35.9978822723601,-18.98723681208,-0.0520480404240108,0.0014202108552922,0.00928996129689907,0.00652271502537599,-48.08607865878,-0.02404303932938,34.24449819505,-82.33057685382,-0.329942371040005,3.33174575056603,-0.0520480404240108,0.02404303932938,-0.329942371040005,3.33174575056603,0.00652271502537599
"JVS06","larger_sample_same_T_ga",95,"GA","N","seven_case",50,40,50,40,2000,0,0.375,3.5,"sigmoid","case_specific","none","default",TRUE,TRUE,6.17240948291601,14.9624341306101,-8.79002464768996,13.5599999999977,6.17240948291601,14.9624341306101,-8.79002464768996,0.002569234760898,0.000654136260605398,-0.00273705512682199,-0.00143483122281995,-589.94203232385,-0.29497101616192,-12.7938900465399,-577.14814227731,1.082002578933,7.60988001957298,0.002569234760898,0.29497101616192,1.082002578933,7.60988001957298,-0.00143483122281995
"JVS06","larger_sample_same_T_ga",96,"GA","N","seven_case",50,40,50,40,2000,0,0.375,3.5,"sigmoid","case_specific","none","default",TRUE,TRUE,8.34812810209178,9.22725878762003,-0.879130685530072,3.69000000000233,8.34812810209178,9.22725878762003,-0.879130685530072,0.0013818399688081,-8.69917896310218e-06,0.000713487606739061,0.000375313921687992,-324.28669515432,-0.16214334757716,6.47628713825998,-330.76298229259,-1.217718319241,-9.89696518606092,0.0013818399688081,0.16214334757716,-1.217718319241,-9.89696518606092,0.000375313921687992
"JVS06","larger_sample_same_T_ga",97,"GA","N","seven_case",50,40,50,40,2000,0,0.375,3.5,"sigmoid","case_specific","none","default",TRUE,TRUE,3.518449098525,6.93467331731995,-3.41622421880015,3.97000000000117,3.518449098525,6.93467331731995,-3.41622421880015,-0.0060739110933733,0.0024000493670834,0.00299293682273605,0.002699288958524,-29.4047454366,-0.0147023727183,-11.14063402495,-18.26411141165,-0.822363469977006,-1.778849522727,-0.0060739110933733,0.0147023727183,-0.822363469977006,-1.778849522727,0.002699288958524
"JVS06","larger_sample_same_T_ga",98,"GA","N","seven_case",50,40,50,40,2000,0,0.375,3.5,"sigmoid","case_specific","none","default",TRUE,TRUE,14.673447987603,19.8063152760001,-5.13286728839012,17.8300000000017,14.673447987603,19.8063152760001,-5.13286728839012,-0.0113383851699289,-0.0033265125181816,0.00581965711143595,0.00538157524155003,-109.00389230553,-0.05450194615277,52.3607455332199,-161.36463783875,-0.890952451710007,-3.15403783829106,-0.0113383851699289,0.05450194615277,-0.890952451710007,-3.15403783829106,0.00538157524155003
"JVS06","larger_sample_same_T_ga",99,"GA","N","seven_case",50,40,50,40,2000,0,0.375,3.5,"sigmoid","case_specific","none","default",TRUE,TRUE,1.397938384299,4.29107895337006,-2.89314056906983,3.65000000000145,1.397938384299,4.29107895337006,-2.89314056906983,-0.000342800807606604,-0.000406820879694899,0.000337250229171082,-4.43209452899995e-05,-19.9235678852501,-0.00996178394262004,2.98484020440992,-22.90840808966,-0.582618793836005,-3.73399491919895,-0.000342800807606604,0.00996178394262004,-0.582618793836005,-3.73399491919895,-4.43209452899995e-05
"JVS06","larger_sample_same_T_ga",100,"GA","N","seven_case",50,40,50,40,2000,0,0.375,3.5,"sigmoid","case_specific","none","default",TRUE,TRUE,3.894946576194,12.95466823893,-9.05972166274,4.37999999999738,3.894946576194,12.95466823893,-9.05972166274,-0.0104272971440226,0.0014596346645486,0.00124462189421803,0.00088732704875405,36.6283219213001,0.0183141609606499,5.89746144851006,30.73086047279,0.792853488588008,3.55946916718597,-0.0104272971440226,-0.0183141609606499,0.792853488588008,3.55946916718597,0.00088732704875405
"JVS03","central_joint_win_ga",5,"GA","N","seven_case",40,75,40,75,3000,0,0.375,3.5,"sigmoid","case_specific","none","default",TRUE,TRUE,21.105886126376,27.1106868117599,-6.00480068537991,24.3500000000058,21.105886126376,27.1106868117599,-6.00480068537991,-0.0387386395313125,-0.0012477412512358,0.00549851373642196,0.00505445591505599,-13.96468006941,-0.00465489335646985,72.8351582104001,-86.7998382798296,1.74274823694998,-1.46751808344015,-0.0387386395313125,0.00465489335646985,1.74274823694998,-1.46751808344015,0.00505445591505599
"JVS03","central_joint_win_ga",6,"GA","N","seven_case",40,75,40,75,3000,0,0.375,3.5,"sigmoid","case_specific","none","default",TRUE,TRUE,8.85195869448802,21.6989892527201,-12.84703055824,21.2199999999939,8.85195869448802,21.6989892527201,-12.84703055824,0.0131741382981919,-0.0014821897020818,0.00646479203282202,0.00536844423434801,439.764858730841,0.14658828624362,16.8315390820499,422.9333196488,1.02940761151496,-8.16318201470995,0.0131741382981919,-0.14658828624362,1.02940761151496,-8.16318201470995,0.00536844423434801
"JVS03","central_joint_win_ga",7,"GA","N","seven_case",40,75,40,75,3000,0,0.375,3.5,"sigmoid","case_specific","none","default",TRUE,TRUE,1.20414399282498,1.18232640099995,0.0218175918203087,5.16999999999822,1.20414399282498,1.18232640099995,0.0218175918203087,0.0011943061442192,-0.000487602303722898,-0.00066811127453692,-0.000889369566347997,-138.438102530569,-0.0461460341768603,-0.766051892150017,-137.67205063843,-1.156173259951,6.41752963631006,0.0011943061442192,0.0461460341768603,-1.156173259951,6.41752963631006,-0.000889369566347997
"JVS03","central_joint_win_ga",8,"GA","N","seven_case",40,75,40,75,3000,0,0.375,3.5,"sigmoid","case_specific","none","default",TRUE,TRUE,6.124421944544,18.9430149228799,-12.8185929783399,14.2000000000043,6.124421944544,18.9430149228799,-12.8185929783399,-0.0037537484971266,0.0018344821101195,0.00541958651270397,0.00503854005508997,19.4252978098602,0.00647509926995493,-8.28763408937994,27.712931899244,-0.822296094184026,4.11689228828004,-0.0037537484971266,-0.00647509926995493,-0.822296094184026,4.11689228828004,0.00503854005508997
"JVS03","central_joint_win_ga",9,"GA","N","seven_case",40,75,40,75,3000,0,0.375,3.5,"sigmoid","case_specific","none","default",TRUE,TRUE,6.27840076951702,12.3215789060898,-6.04317813657008,16.5999999999986,6.27840076951702,12.3215789060898,-6.04317813657008,-0.0131627299084074,0.000786950698222998,-0.00191903545167804,-0.00158807151180607,73.3375662436902,0.0244458554145601,17.8648725911798,55.4726936525103,-0.881806683389982,-10.0138935577297,-0.0131627299084074,-0.0244458554145601,-0.881806683389982,-10.0138935577297,-0.00158807151180607
"JVS03","central_joint_win_ga",10,"GA","N","seven_case",40,75,40,75,3000,0,0.375,3.5,"sigmoid","case_specific","none","default",TRUE,TRUE,8.5534808838292,19.8114741653303,-11.2579932815001,16.7799999999988,8.5534808838292,19.8114741653303,-11.2579932815001,0.0041590928320346,-0.0009452248434507,0.01447736882978,0.011336094324541,76.6357070261301,0.02554523567537,97.5544130344301,-20.918706008301,-3.446043011359,-64.5936921656003,0.0041590928320346,-0.02554523567537,-3.446043011359,-64.5936921656003,0.011336094324541
"JVS03","central_joint_win_ga",11,"GA","N","seven_case",40,75,40,75,3000,0,0.375,3.5,"sigmoid","case_specific","none","default",TRUE,TRUE,73.62527260686,65.7587731078302,7.86649949902994,51.1800000000003,73.62527260686,65.7587731078302,7.86649949902994,-0.0167832551942749,-0.0013123745140693,0.008079564006923,0.00673310193579302,-1370.9828830097,-0.45699429433657,12.4040258160003,-1383.3869088257,-7.94564271682503,-67.87822188616,-0.0167832551942749,0.45699429433657,-7.94564271682503,-67.87822188616,0.00673310193579302
"JVS03","central_joint_win_ga",12,"GA","N","seven_case",40,75,40,75,3000,0,0.375,3.5,"sigmoid","case_specific","none","default",TRUE,TRUE,8.331279677162,17.0470225639201,-8.71574288675993,8.56999999999969,8.331279677162,17.0470225639201,-8.71574288675993,0.004992458377517,-0.000155774639306001,0.000339413230147967,-0.000210471075265006,-45.7097905381097,-0.0152365968460402,-6.35735034815025,-39.3524401899699,-2.14496558036399,-6.82834558587001,0.004992458377517,0.0152365968460402,-2.14496558036399,-6.82834558587001,-0.000210471075265006
"JVS03","central_joint_win_ga",13,"GA","N","seven_case",40,75,40,75,3000,0,0.375,3.5,"sigmoid","case_specific","none","default",TRUE,TRUE,42.540249361323,61.4326521780399,-18.8924028167201,42.7799999999989,42.540249361323,61.4326521780399,-18.8924028167201,-0.0544254343638715,0.0009497934099435,0.012535777761004,0.010524874471423,-284.22564063453,-0.0947418802115101,22.7129784359799,-306.93861907051,-1.48800533040099,-20.7899848397901,-0.0544254343638715,0.0947418802115101,-1.48800533040099,-20.7899848397901,0.010524874471423
"JVS03","central_joint_win_ga",14,"GA","N","seven_case",40,75,40,75,3000,0,0.375,3.5,"sigmoid","case_specific","none","default",TRUE,TRUE,25.680014827741,48.4251627511401,-22.74514792339,41.0699999999997,25.680014827741,48.4251627511401,-22.74514792339,-0.0391274988775129,0.0042889428479237,0.001025769341924,0.000795963249689002,-370.836310848501,-0.123612103616169,16.18799542236,-387.0243062709,0.697851762794016,12.05187100589,-0.0391274988775129,0.123612103616169,0.697851762794016,12.05187100589,0.000795963249689002
"JVS03","central_joint_win_ga",15,"GA","N","seven_case",40,75,40,75,3000,0,0.375,3.5,"sigmoid","case_specific","none","default",TRUE,TRUE,5.36634766663502,12.93162304216,-7.56527537553029,16.560000000005,5.36634766663502,12.93162304216,-7.56527537553029,-0.0132525050008721,0.0008552099025072,0.00351481817654398,0.00291849237983399,93.2859229435999,0.0310953076478802,7.05963778174009,86.2262851618998,1.11829711035102,0.514605968189699,-0.0132525050008721,-0.0310953076478802,1.11829711035102,0.514605968189699,0.00291849237983399
"JVS03","central_joint_win_ga",16,"GA","N","seven_case",40,75,40,75,3000,0,0.375,3.5,"sigmoid","case_specific","none","default",TRUE,TRUE,10.72297414751,30.7882540667499,-20.0652799192399,17.6499999999942,10.72297414751,30.7882540667499,-20.0652799192399,-0.0236248254436292,0.0032954993601701,0.00523118979207798,0.00505899957756001,-297.91848320306,-0.0993061610676851,12.3097340643503,-310.228217267407,2.94664671871902,9.59795266490028,-0.0236248254436292,0.0993061610676851,2.94664671871902,9.59795266490028,0.00505899957756001
"JVS03","central_joint_win_ga",17,"GA","N","seven_case",40,75,40,75,3000,0,0.375,3.5,"sigmoid","case_specific","none","default",TRUE,TRUE,12.874811664393,42.41480264446,-29.5399909800699,25.320000000007,12.874811664393,42.41480264446,-29.5399909800699,-0.0297433512063481,0.0030684340797623,0.00470179184270403,0.00617894915745604,-97.05076444115,-0.03235025481372,-23.55283754113,-73.49792690002,2.06362322139404,21.99567831114,-0.0297433512063481,0.03235025481372,2.06362322139404,21.99567831114,0.00617894915745604
"JVS03","central_joint_win_ga",18,"GA","N","seven_case",40,75,40,75,3000,0,0.375,3.5,"sigmoid","case_specific","none","default",TRUE,TRUE,7.71431929893299,23.4341915730699,-15.71987227414,14.9000000000015,7.71431929893299,23.4341915730699,-15.71987227414,-0.0092841604472554,0.0050704343501604,0.00297055451716099,0.00396211063190699,-76.4124751658301,-0.02547082505527,-16.3664892584302,-60.0459859073899,-2.29937529010397,-6.89860614403005,-0.0092841604472554,0.02547082505527,-2.29937529010397,-6.89860614403005,0.00396211063190699
"JVS03","central_joint_win_ga",19,"GA","N","seven_case",40,75,40,75,3000,0,0.375,3.5,"sigmoid","case_specific","none","default",TRUE,TRUE,14.781116944907,31.6061069738498,-16.8249900289297,5.96999999999391,14.781116944907,31.6061069738498,-16.8249900289297,-0.0150660528724487,0.0004061396729159,0.00342379879820898,0.00199068533496594,-70.9982009819905,-0.0236660669939999,-25.8730156517499,-45.1251853302401,-2.30888390801204,2.17043279673999,-0.0150660528724487,0.0236660669939999,-2.30888390801204,2.17043279673999,0.00199068533496594
"JVS03","central_joint_win_ga",20,"GA","N","seven_case",40,75,40,75,3000,0,0.375,3.5,"sigmoid","case_specific","none","default",TRUE,TRUE,28.9905657128689,44.57035503263,-15.57978931976,22.9799999999959,28.9905657128689,44.57035503263,-15.57978931976,-0.0534204901986719,0.000988651541096498,0.00757242296108596,0.00559851938773898,-57.8339745037802,-0.01927799150126,51.1256529379298,-108.95962744172,-0.829052347990967,-0.0244940682000561,-0.0534204901986719,0.01927799150126,-0.829052347990967,-0.0244940682000561,0.00559851938773898
"JVS03","central_joint_win_ga",21,"GA","N","seven_case",40,75,40,75,3000,0,0.375,3.5,"sigmoid","case_specific","none","default",TRUE,TRUE,2.691822613537,3.79571506908019,-1.10389245555007,20.4799999999959,2.691822613537,3.79571506908019,-1.10389245555007,0.00081217087727948,-0.001442278413847,0.000947038760130026,0.00122359117350901,144.851029630509,0.04828367654351,2.0605497695301,142.79047986099,2.27775367504,17.9011666871802,0.00081217087727948,-0.04828367654351,2.27775367504,17.9011666871802,0.00122359117350901
"JVS03","central_joint_win_ga",22,"GA","N","seven_case",40,75,40,75,3000,0,0.375,3.5,"sigmoid","case_specific","none","default",TRUE,TRUE,7.00728651327802,14.7537451953199,-7.74645868204016,9.09000000000382,7.00728651327802,14.7537451953199,-7.74645868204016,0.0011299896855571,0.0044366738345046,0.00208311325844601,0.00283573125891501,-10.7530076815397,-0.00358433589383989,-20.4509212917501,9.6979136102201,0.770511289576007,0.955760421339846,0.0011299896855571,0.00358433589383989,0.770511289576007,0.955760421339846,0.00283573125891501
"JVS03","central_joint_win_ga",23,"GA","N","seven_case",40,75,40,75,3000,0,0.375,3.5,"sigmoid","case_specific","none","default",TRUE,TRUE,69.7640103098456,95.90257348356,-26.1385631737098,66.9600000000064,69.7640103098456,95.90257348356,-26.1385631737098,-0.0717296720864304,0.0047483514732589,0.021466816487367,0.017806484231176,-1052.0916736876,-0.35069722456254,114.48830353283,-1166.57997722045,-0.948716541628983,2.3886958093899,-0.0717296720864304,0.35069722456254,-0.948716541628983,2.3886958093899,0.017806484231176
"JVS03","central_joint_win_ga",24,"GA","N","seven_case",40,75,40,75,3000,0,0.375,3.5,"sigmoid","case_specific","none","default",TRUE,TRUE,17.365520306613,35.9188539537199,-18.5533336471099,27.0999999999985,17.365520306613,35.9188539537199,-18.5533336471099,-0.0180967201805574,-0.000308961697693802,0.004190912415723,0.00400835626657203,20.70598523117,0.00690199507705602,45.2116936141897,-24.5057083830247,-0.537403368132971,-9.73803960416035,-0.0180967201805574,-0.00690199507705602,-0.537403368132971,-9.73803960416035,0.00400835626657203
"JVS03","central_joint_win_ga",25,"GA","N","seven_case",40,75,40,75,3000,0,0.375,3.5,"sigmoid","case_specific","none","default",TRUE,TRUE,18.042410482794,35.41182671611,-17.36941623332,19.3199999999997,18.042410482794,35.41182671611,-17.36941623332,-0.0469509750607335,0.0012218648448028,0.00390901524500298,0.00303219958059309,-274.955318764891,-0.09165177292163,-0.266667784370156,-274.68865098052,-0.433750372422026,-1.27250577046993,-0.0469509750607335,0.09165177292163,-0.433750372422026,-1.27250577046993,0.00303219958059309
"JVS03","central_joint_win_ga",26,"GA","N","seven_case",40,75,40,75,3000,0,0.375,3.5,"sigmoid","case_specific","none","default",TRUE,TRUE,2.03924269324398,6.37174461671975,-4.33250192347987,8.63999999999946,2.03924269324398,6.37174461671975,-4.33250192347987,-0.0127428850478459,0.0012011640911644,0.000571334075071039,0.000337840356978036,-12.4870195864405,-0.0041623398621502,2.51895814145018,-15.0059777278902,3.74311346222902,20.3228036447799,-0.0127428850478459,0.0041623398621502,3.74311346222902,20.3228036447799,0.000337840356978036
"JVS03","central_joint_win_ga",27,"GA","N","seven_case",40,75,40,75,3000,0,0.375,3.5,"sigmoid","case_specific","none","default",TRUE,TRUE,11.977754096062,28.07087307348,-16.0931189774196,9.08000000000172,11.977754096062,28.07087307348,-16.0931189774196,-0.0341802577409109,0.0002966310399946,0.00446961100423793,0.00345465794116201,-78.4906618934901,-0.0261635539644902,45.4896771265103,-123.98033902,0.79286471498699,-5.46954030264988,-0.0341802577409109,0.0261635539644902,0.79286471498699,-5.46954030264988,0.00345465794116201
"JVS03","central_joint_win_ga",28,"GA","N","seven_case",40,75,40,75,3000,0,0.375,3.5,"sigmoid","case_specific","none","default",TRUE,TRUE,4.59690947418699,9.72846727945011,-5.13155780526995,12.9900000000052,4.59690947418699,9.72846727945011,-5.13155780526995,-0.0144071959946176,-0.0001568359173303,-5.51856119260785e-05,0.000173277357783053,20.8115707028101,0.00693719023426986,-0.609113989699836,21.4206846924999,-4.04512938821796,-37.3979871950801,-0.0144071959946176,-0.00693719023426986,-4.04512938821796,-37.3979871950801,0.000173277357783053
"JVS03","central_joint_win_ga",29,"GA","N","seven_case",40,75,40,75,3000,0,0.375,3.5,"sigmoid","case_specific","none","default",TRUE,TRUE,1.79927150860203,4.74602051763986,-2.9467490090401,5.47999999999592,1.79927150860203,4.74602051763986,-2.9467490090401,0.000174096176662704,-0.000652521474281197,-0.00115189341106203,-0.00117608235851197,-0.0324213212297764,-1.08071070770155e-05,-0.535006949889976,0.50258562865298,-1.50436804440898,-9.77336788386992,0.000174096176662704,1.08071070770155e-05,-1.50436804440898,-9.77336788386992,-0.00117608235851197
"JVS03","central_joint_win_ga",30,"GA","N","seven_case",40,75,40,75,3000,0,0.375,3.5,"sigmoid","case_specific","none","default",TRUE,TRUE,135.057770989814,242.00617490349,-106.94840391368,121.349999999991,135.057770989814,242.00617490349,-106.94840391368,-0.164836387123581,0.0006361687948051,0.039121392932242,0.028745094486188,-1037.17034860332,-0.34572344953444,142.72982578628,-1179.90017438959,-7.82263353718605,-81.0772339001801,-0.164836387123581,0.34572344953444,-7.82263353718605,-81.0772339001801,0.028745094486188
"JVS03","central_joint_win_ga",31,"GA","N","seven_case",40,75,40,75,3000,0,0.375,3.5,"sigmoid","case_specific","none","default",TRUE,TRUE,39.915195571815,46.1392962134901,-6.22410064168025,37.9400000000023,39.915195571815,46.1392962134901,-6.22410064168025,-0.0290294430254568,0.0016752103986795,0.012679688208574,0.010440772727347,-174.10924702967,-0.058036415676554,37.3044821937397,-211.413729223399,-1.46347084333797,-0.970507260079785,-0.0290294430254568,0.058036415676554,-1.46347084333797,-0.970507260079785,0.010440772727347
"JVS03","central_joint_win_ga",32,"GA","N","seven_case",40,75,40,75,3000,0,0.375,3.5,"sigmoid","case_specific","none","default",TRUE,TRUE,19.117602922835,55.85376360494,-36.7361606821,13.3700000000026,19.117602922835,55.85376360494,-36.7361606821,-0.00143048047212262,-0.0113933389351626,0.016610050090338,0.015618236273808,-1.31103478182968,-0.000437011593940051,118.37721607035,-119.688250852168,-16.877531742016,-148.84607397939,-0.00143048047212262,0.000437011593940051,-16.877531742016,-148.84607397939,0.015618236273808
"JVS03","central_joint_win_ga",33,"GA","N","seven_case",40,75,40,75,3000,0,0.375,3.5,"sigmoid","case_specific","none","default",TRUE,TRUE,11.588817454286,25.4530229156403,-13.8642054613601,21.0699999999997,11.588817454286,25.4530229156403,-13.8642054613601,0.0109269861146713,-0.0035528163689454,-0.000831260140324974,-0.000926043419667011,-1373.6556614905,-0.45788522049683,107.57332530257,-1481.22898679308,-5.97295431569199,-23.02631889744,0.0109269861146713,0.45788522049683,-5.97295431569199,-23.02631889744,-0.000926043419667011
"JVS03","central_joint_win_ga",34,"GA","N","seven_case",40,75,40,75,3000,0,0.375,3.5,"sigmoid","case_specific","none","default",TRUE,TRUE,6.352644719757,16.9751153305699,-10.6224706108201,24,6.352644719757,16.9751153305699,-10.6224706108201,-0.0049825683529573,0.0036474633534741,-0.000502707078324005,8.56802145269286e-05,-24.3278571657502,-0.00810928572192005,-49.8475985282298,25.5197413624801,4.78208663096802,45.4280147435798,-0.0049825683529573,0.00810928572192005,4.78208663096802,45.4280147435798,8.56802145269286e-05
"JVS03","central_joint_win_ga",35,"GA","N","seven_case",40,75,40,75,3000,0,0.375,3.5,"sigmoid","case_specific","none","default",TRUE,TRUE,2.09966795406501,10.02954537034,-7.92987741627985,4.90000000000141,2.09966795406501,10.02954537034,-7.92987741627985,0.0064163871639708,-0.000941926176550301,0.00172756830160598,0.00107684537773001,44.3025505607002,0.0147675168535701,2.64277816524009,41.6597723954701,-2.85188662796702,-31.73083774007,0.0064163871639708,-0.0147675168535701,-2.85188662796702,-31.73083774007,0.00107684537773001
"JVS03","central_joint_win_ga",36,"GA","N","seven_case",40,75,40,75,3000,0,0.375,3.5,"sigmoid","case_specific","none","default",TRUE,TRUE,14.320931743205,24.8496783093499,-10.5287465661399,17.1399999999994,14.320931743205,24.8496783093499,-10.5287465661399,-0.0080471905982895,0.0031566705892921,0.00249610011563095,0.00155966226545601,-768.52763438478,-0.25617587812826,-16.4601507040302,-752.06748368075,-4.27205635671299,-29.0757249401099,-0.0080471905982895,0.25617587812826,-4.27205635671299,-29.0757249401099,0.00155966226545601
"JVS03","central_joint_win_ga",37,"GA","N","seven_case",40,75,40,75,3000,0,0.375,3.5,"sigmoid","case_specific","none","default",TRUE,TRUE,4.30101553417302,12.31245687105,-8.01144133688013,6.38000000000465,4.30101553417302,12.31245687105,-8.01144133688013,-0.0031632481479831,0.0023410791936036,-0.00310440740413004,-0.00262246446523601,22.8010569173894,0.00760035230580014,0.320360590319979,22.4806963270698,-3.40319168511303,-22.7176263219001,-0.0031632481479831,-0.00760035230580014,-3.40319168511303,-22.7176263219001,-0.00262246446523601
"JVS03","central_joint_win_ga",38,"GA","N","seven_case",40,75,40,75,3000,0,0.375,3.5,"sigmoid","case_specific","none","default",TRUE,TRUE,2.18490873625598,18.01110531107,-15.8261965748202,10.3600000000006,2.18490873625598,18.01110531107,-15.8261965748202,-0.0167231623207603,-0.000186057591249501,0.00051573159174495,0.000281817802232021,-0.0641971918498712,-2.1399063949934e-05,7.17680976725978,-7.24100695911295,0.955207038177036,3.40867859791979,-0.0167231623207603,2.1399063949934e-05,0.955207038177036,3.40867859791979,0.000281817802232021
"JVS03","central_joint_win_ga",39,"GA","N","seven_case",40,75,40,75,3000,0,0.375,3.5,"sigmoid","case_specific","none","default",TRUE,TRUE,15.530451130481,31.3177323197901,-15.7872811893101,27.2099999999991,15.530451130481,31.3177323197901,-15.7872811893101,-0.0266765322297284,0.0012143497083267,0.00554625066852799,0.00460139403135806,-52.2956325033902,-0.0174318775011297,23.8507183461102,-76.1463508494999,-1.91202836718503,-11.0814439624996,-0.0266765322297284,0.0174318775011297,-1.91202836718503,-11.0814439624996,0.00460139403135806
"JVS03","central_joint_win_ga",40,"GA","N","seven_case",40,75,40,75,3000,0,0.375,3.5,"sigmoid","case_specific","none","default",TRUE,TRUE,4.91100875415805,11.0303259147702,-6.11931716061008,16.5499999999956,4.91100875415805,11.0303259147702,-6.11931716061008,-0.0102915542639899,-0.0011390658083424,-0.000391237341023087,-2.71793866180037e-05,31.5199474951996,0.0105066491650598,2.81504029528014,28.7049071999299,-2.50066494069597,-9.48480472187975,-0.0102915542639899,-0.0105066491650598,-2.50066494069597,-9.48480472187975,-2.71793866180037e-05
"JVS03","central_joint_win_ga",41,"GA","N","seven_case",40,75,40,75,3000,0,0.375,3.5,"sigmoid","case_specific","none","default",TRUE,TRUE,21.3938730103109,32.3396774573598,-10.9458044470398,27.4000000000014,21.3938730103109,32.3396774573598,-10.9458044470398,-0.0101926273753092,-0.000196081043953401,0.002523438201392,0.00192293769308199,-59.8453434185499,-0.01994844780618,6.06776625950988,-65.91310967807,-0.507399163521995,-4.17476618365981,-0.0101926273753092,0.01994844780618,-0.507399163521995,-4.17476618365981,0.00192293769308199
"JVS03","central_joint_win_ga",42,"GA","N","seven_case",40,75,40,75,3000,0,0.375,3.5,"sigmoid","case_specific","none","default",TRUE,TRUE,32.021571685913,77.95165041316,-45.93007872726,45.9199999999983,32.021571685913,77.95165041316,-45.93007872726,-0.0353696029500355,-0.0080191556441287,0.0133914892094039,0.010933564182107,-5.78075783914983,-0.001926919279715,118.0769199099,-123.857677749054,-4.807735084824,-32.9390846666097,-0.0353696029500355,0.001926919279715,-4.807735084824,-32.9390846666097,0.010933564182107
"JVS03","central_joint_win_ga",43,"GA","N","seven_case",40,75,40,75,3000,0,0.375,3.5,"sigmoid","case_specific","none","default",TRUE,TRUE,19.197701257425,45.3949871451698,-26.1972858877402,27.2799999999988,19.197701257425,45.3949871451698,-26.1972858877402,-0.0431836037091915,-0.0015766743858527,0.00590425172797299,0.003921131458125,-57.1364918713398,-0.019045497290446,11.0823540148699,-68.218845886202,0.366204430232017,4.3629301279102,-0.0431836037091915,0.019045497290446,0.366204430232017,4.3629301279102,0.003921131458125
"JVS03","central_joint_win_ga",44,"GA","N","seven_case",40,75,40,75,3000,0,0.375,3.5,"sigmoid","case_specific","none","default",TRUE,TRUE,4.91837883294102,11.9205298579102,-7.00215102497009,9.32000000000697,4.91837883294102,11.9205298579102,-7.00215102497009,-0.0123452035499189,0.000242579368507502,2.28017672490033e-05,8.74497485919834e-05,16.1298079892999,0.00537660266309992,-19.1000206389999,35.2298286283001,0.831441447874965,2.8921798862898,-0.0123452035499189,-0.00537660266309992,0.831441447874965,2.8921798862898,8.74497485919834e-05
"JVS03","central_joint_win_ga",45,"GA","N","seven_case",40,75,40,75,3000,0,0.375,3.5,"sigmoid","case_specific","none","default",TRUE,TRUE,7.320874137237,20.9311740862099,-13.6102999489704,41.0800000000017,7.320874137237,20.9311740862099,-13.6102999489704,-0.0235139780304727,-0.000620262104291801,0.000309926416213968,0.00191620986392194,140.586370193469,0.0468621233978301,79.62165478098,60.9647154124905,2.23813141064903,11.47488443869,-0.0235139780304727,-0.0468621233978301,2.23813141064903,11.47488443869,0.00191620986392194
"JVS03","central_joint_win_ga",46,"GA","N","seven_case",40,75,40,75,3000,0,0.375,3.5,"sigmoid","case_specific","none","default",TRUE,TRUE,9.34050376799399,10.3984825044799,-1.05797873648999,14.229999999996,9.34050376799399,10.3984825044799,-1.05797873648999,-0.0136452760906806,0.000439774086661099,0.00202284879419201,0.00135753506118996,-46.3764760701688,-0.0154588253567201,15.2628792540499,-61.6393553242206,-2.287545035824,-21.3093108115099,-0.0136452760906806,0.0154588253567201,-2.287545035824,-21.3093108115099,0.00135753506118996
"JVS03","central_joint_win_ga",47,"GA","N","seven_case",40,75,40,75,3000,0,0.375,3.5,"sigmoid","case_specific","none","default",TRUE,TRUE,17.885724107508,52.2149738302699,-34.3292497227699,27.5999999999986,17.885724107508,52.2149738302699,-34.3292497227699,-0.02982168853584,-0.000624577265416797,0.00649778758399,0.00590716564265203,-448.53401003627,-0.14951133667875,31.9755670209997,-480.50957705727,2.99130448914599,13.5635208212398,-0.02982168853584,0.14951133667875,2.99130448914599,13.5635208212398,0.00590716564265203
"JVS03","central_joint_win_ga",48,"GA","N","seven_case",40,75,40,75,3000,0,0.375,3.5,"sigmoid","case_specific","none","default",TRUE,TRUE,6.58496417642397,15.97099465011,-9.38603047368997,17.1399999999994,6.58496417642397,15.97099465011,-9.38603047368997,-0.01468182465631,-0.0015850772485102,0.00132359947114802,0.00218355407489301,7.21687250143032,0.00240562416713996,93.1375670673001,-85.92069456587,0.720310388137023,-1.80695281167027,-0.01468182465631,-0.00240562416713996,0.720310388137023,-1.80695281167027,0.00218355407489301
"JVS03","central_joint_win_ga",49,"GA","N","seven_case",40,75,40,75,3000,0,0.375,3.5,"sigmoid","case_specific","none","default",TRUE,TRUE,3.68969359000698,23.8414279904598,-20.1517344004501,13.4300000000003,3.68969359000698,23.8414279904598,-20.1517344004501,-0.0158975368161014,0.0009490754172321,0.00419290676480599,0.00315285341114802,-3.91399634198979,-0.00130466544732988,-7.50920545452027,3.59520911253003,0.360210629384994,-8.85451698995985,-0.0158975368161014,0.00130466544732988,0.360210629384994,-8.85451698995985,0.00315285341114802
"JVS03","central_joint_win_ga",50,"GA","N","seven_case",40,75,40,75,3000,0,0.375,3.5,"sigmoid","case_specific","none","default",TRUE,TRUE,17.411228491028,62.6156594127201,-45.2044309216899,35.1000000000058,17.411228491028,62.6156594127201,-45.2044309216899,-0.0583911107297079,0.0022968019263287,0.00533838272932896,0.004405679411352,-94.9307984904203,-0.031643599496807,57.47603654984,-152.406835040269,0.212726250450999,16.0003511648799,-0.0583911107297079,0.031643599496807,0.212726250450999,16.0003511648799,0.004405679411352
"JVS03","central_joint_win_ga",51,"GA","N","seven_case",40,75,40,75,3000,0,0.375,3.5,"sigmoid","case_specific","none","default",TRUE,TRUE,4.54184910770709,9.69189101499001,-5.15004190728041,14.2600000000093,4.54184910770709,9.69189101499001,-5.15004190728041,-0.0232741831558173,0.0014050589129087,0.00264239248226994,0.00259992750688098,-29.2962713080501,-0.00976542376935008,12.62261303583,-41.9188843438799,-1.69520816090301,4.51389789800987,-0.0232741831558173,0.00976542376935008,-1.69520816090301,4.51389789800987,0.00259992750688098
"JVS03","central_joint_win_ga",52,"GA","N","seven_case",40,75,40,75,3000,0,0.375,3.5,"sigmoid","case_specific","none","default",TRUE,TRUE,4.57304627908701,11.9940929960001,-7.42104671691004,10.6299999999973,4.57304627908701,11.9940929960001,-7.42104671691004,0.0036597475792396,0.0011251948579177,-0.00347177179997205,-0.00232310367347499,48.6712353292396,0.0162237451097402,-1.28962653140024,49.9608618606399,-1.20129230446304,-9.64604964623004,0.0036597475792396,-0.0162237451097402,-1.20129230446304,-9.64604964623004,-0.00232310367347499
"JVS03","central_joint_win_ga",53,"GA","N","seven_case",40,75,40,75,3000,0,0.375,3.5,"sigmoid","case_specific","none","default",TRUE,TRUE,8.01966016230108,21.08007350753,-13.06041334523,19.3300000000018,8.01966016230108,21.08007350753,-13.06041334523,-0.0065412600924206,-0.0034074602672394,0.00419509269665697,0.00513804327168804,89.85013683743,0.0299500456124799,49.2306941510601,40.6194426863699,-2.664832802212,-19.9960227662,-0.0065412600924206,-0.0299500456124799,-2.664832802212,-19.9960227662,0.00513804327168804
"JVS03","central_joint_win_ga",54,"GA","N","seven_case",40,75,40,75,3000,0,0.375,3.5,"sigmoid","case_specific","none","default",TRUE,TRUE,3.902391034203,14.43071555195,-10.5283245177502,21.5799999999945,3.902391034203,14.43071555195,-10.5283245177502,-0.0171610659556235,0.000737619116016401,0.00102970910991407,0.000765610382071957,-113.59154353212,-0.0378638478440401,12.02886673389,-125.620410266019,-2.35518159004704,-14.1589367577299,-0.0171610659556235,0.0378638478440401,-2.35518159004704,-14.1589367577299,0.000765610382071957
"JVS03","central_joint_win_ga",55,"GA","N","seven_case",40,75,40,75,3000,0,0.375,3.5,"sigmoid","case_specific","none","default",TRUE,TRUE,18.005151793559,31.1710982228199,-13.1659464292602,13.0299999999988,18.005151793559,31.1710982228199,-13.1659464292602,-0.0169539361741533,0.0019026995209875,0.000547274551486066,-8.00803229449865e-05,-53.7360048966802,-0.0179120016322269,2.6522240755703,-56.388228972248,0.994835147846004,7.86654500233999,-0.0169539361741533,0.0179120016322269,0.994835147846004,7.86654500233999,-8.00803229449865e-05
"JVS03","central_joint_win_ga",56,"GA","N","seven_case",40,75,40,75,3000,0,0.375,3.5,"sigmoid","case_specific","none","default",TRUE,TRUE,6.58250972370399,17.5084373724399,-10.9259276487401,11.7500000000073,6.58250972370399,17.5084373724399,-10.9259276487401,-0.000548447679858691,0.0037996490002968,0.00598584215004505,0.00402509965306497,-87.1748084820892,-0.0290582694940298,-42.6302636049204,-44.5445448771807,-5.25797956432001,-26.8911114830698,-0.000548447679858691,0.0290582694940298,-5.25797956432001,-26.8911114830698,0.00402509965306497
"JVS03","central_joint_win_ga",57,"GA","N","seven_case",40,75,40,75,3000,0,0.375,3.5,"sigmoid","case_specific","none","default",TRUE,TRUE,8.10125366448301,13.1356382111398,-5.03438454665002,8.41999999999827,8.10125366448301,13.1356382111398,-5.03438454665002,-0.0297087126006631,0.0010220187964106,0.00301127178930405,0.00221960130179699,2.5697327367302,0.000856577578910001,-18.4920776731096,21.061810409837,-2.07610834544499,-21.9892447561201,-0.0297087126006631,-0.000856577578910001,-2.07610834544499,-21.9892447561201,0.00221960130179699
"JVS03","central_joint_win_ga",58,"GA","N","seven_case",40,75,40,75,3000,0,0.375,3.5,"sigmoid","case_specific","none","default",TRUE,TRUE,0.448689962060001,3.08869085457991,-2.64000089251022,6.23999999999074,0.448689962060001,3.08869085457991,-2.64000089251022,-0.0093947869247152,-0.000832087826820802,-0.000590014454276033,-0.000887663044227993,-10.7229795983103,-0.0035743265327699,12.3033961067699,-23.0263757050802,-3.55659268031798,-20.7537245701701,-0.0093947869247152,0.0035743265327699,-3.55659268031798,-20.7537245701701,-0.000887663044227993
"JVS03","central_joint_win_ga",59,"GA","N","seven_case",40,75,40,75,3000,0,0.375,3.5,"sigmoid","case_specific","none","default",TRUE,TRUE,2.43726937587797,10.5395971232699,-8.10232774739006,12.75,2.43726937587797,10.5395971232699,-8.10232774739006,-0.00208826133946169,0.0015724143981296,-0.00218868180533394,-0.00140370860561501,9.82766888168044,0.00327588962722003,-5.72105548304989,15.5487243647299,-0.442542755823979,6.11010883708013,-0.00208826133946169,-0.00327588962722003,-0.442542755823979,6.11010883708013,-0.00140370860561501
"JVS03","central_joint_win_ga",60,"GA","N","seven_case",40,75,40,75,3000,0,0.375,3.5,"sigmoid","case_specific","none","default",TRUE,TRUE,3.735821434179,9.72870134190998,-5.99287990772973,8.13999999999945,3.735821434179,9.72870134190998,-5.99287990772973,-0.000494020747160304,0.0030395110947706,-0.001219420249438,1.13383516859855e-05,-44.7454749941198,-0.01491515833138,-21.47544525803,-23.27002973609,-2.55067830212602,-27.4180348063996,-0.000494020747160304,0.01491515833138,-2.55067830212602,-27.4180348063996,1.13383516859855e-05
"JVS03","central_joint_win_ga",61,"GA","N","seven_case",40,75,40,75,3000,0,0.375,3.5,"sigmoid","case_specific","none","default",TRUE,TRUE,13.109714611919,22.62773400884,-9.51801939691995,13.0100000000093,13.109714611919,22.62773400884,-9.51801939691995,-0.0117208768773813,0.0023070913721095,0.00634028937214193,0.00461729998925697,-153.62548207291,-0.0512084940243001,-15.2820472081503,-138.34343486475,3.39823744211697,13.9170115116199,-0.0117208768773813,0.0512084940243001,3.39823744211697,13.9170115116199,0.00461729998925697
"JVS03","central_joint_win_ga",62,"GA","N","seven_case",40,75,40,75,3000,0,0.375,3.5,"sigmoid","case_specific","none","default",TRUE,TRUE,2.25610102733503,6.26126487083002,-4.00516384348975,5.43999999998778,2.25610102733503,6.26126487083002,-4.00516384348975,-0.0180706105804596,0.0023878783225442,-0.00199143041194805,-0.00158158286276,-7.60999302800019,-0.00253666434266797,4.96501729807005,-12.5750103260709,0.501914137477002,14.49831183626,-0.0180706105804596,0.00253666434266797,0.501914137477002,14.49831183626,-0.00158158286276
"JVS03","central_joint_win_ga",63,"GA","N","seven_case",40,75,40,75,3000,0,0.375,3.5,"sigmoid","case_specific","none","default",TRUE,TRUE,6.28102692665701,21.1601809215401,-14.87915399489,17.3199999999924,6.28102692665701,21.1601809215401,-14.87915399489,0.00203958527539,-0.0047725231829528,-6.07350864409995e-05,0.000883153197428044,96.8321143388102,0.0322773714462701,29.5425435770599,67.2895707617399,-7.54976633756598,-54.41644743085,0.00203958527539,-0.0322773714462701,-7.54976633756598,-54.41644743085,0.000883153197428044
"JVS03","central_joint_win_ga",64,"GA","N","seven_case",40,75,40,75,3000,0,0.375,3.5,"sigmoid","case_specific","none","default",TRUE,TRUE,1.29991742812099,2.91851252648007,-1.61859509835995,3.88000000001921,1.29991742812099,2.91851252648007,-1.61859509835995,-0.0024901045926744,0.0011140722840738,0.00298032882147903,0.00264702841697301,125.63937947715,0.0418797931590502,-23.1885182733804,148.82789775054,1.13939711322098,12.4050763269199,-0.0024901045926744,-0.0418797931590502,1.13939711322098,12.4050763269199,0.00264702841697301
"JVS03","central_joint_win_ga",65,"GA","N","seven_case",40,75,40,75,3000,0,0.375,3.5,"sigmoid","case_specific","none","default",TRUE,TRUE,26.898950582396,32.61696315019,-5.71801256779008,28.4000000000088,26.898950582396,32.61696315019,-5.71801256779008,-0.0182712935134112,0.0024830009391034,0.00860465059495297,0.00557805317478299,-284.93308492368,-0.0949776949745598,-31.73634507222,-253.19673985144,2.188485963728,26.3852849936102,-0.0182712935134112,0.0949776949745598,2.188485963728,26.3852849936102,0.00557805317478299
"JVS03","central_joint_win_ga",66,"GA","N","seven_case",40,75,40,75,3000,0,0.375,3.5,"sigmoid","case_specific","none","default",TRUE,TRUE,16.855705953724,30.6817179355598,-13.8260119818401,16.5299999999989,16.855705953724,30.6817179355598,-13.8260119818401,-0.0038477196984472,-0.0001421327214952,-0.00249230329253303,-0.00107784593599697,-135.76266785907,-0.045254222619693,-18.0054631397702,-117.757204719295,-6.24120486946504,-40.9613197229501,-0.0038477196984472,0.045254222619693,-6.24120486946504,-40.9613197229501,-0.00107784593599697
"JVS03","central_joint_win_ga",67,"GA","N","seven_case",40,75,40,75,3000,0,0.375,3.5,"sigmoid","case_specific","none","default",TRUE,TRUE,2.78201615388701,7.84996459416016,-5.0679484402699,10.25,2.78201615388701,7.84996459416016,-5.0679484402699,-0.0221454333248591,-0.000471596947673701,0.00140965190172304,0.000669453151767974,-20.5994658101299,-0.00686648860337002,1.26579279350017,-21.8652586036301,1.42966645669298,20.0117047774102,-0.0221454333248591,0.00686648860337002,1.42966645669298,20.0117047774102,0.000669453151767974
"JVS03","central_joint_win_ga",68,"GA","N","seven_case",40,75,40,75,3000,0,0.375,3.5,"sigmoid","case_specific","none","default",TRUE,TRUE,5.59972137436398,12.2862211332899,-6.68649975892004,10.1000000000058,5.59972137436398,12.2862211332899,-6.68649975892004,-0.0156137695138192,-0.0015068814968778,0.00103699941337698,6.99158078580342e-05,-115.07807407549,-0.03835935802516,11.5952952442199,-126.67336931971,-0.741461677436973,1.67752571281994,-0.0156137695138192,0.03835935802516,-0.741461677436973,1.67752571281994,6.99158078580342e-05
"JVS03","central_joint_win_ga",69,"GA","N","seven_case",40,75,40,75,3000,0,0.375,3.5,"sigmoid","case_specific","none","default",TRUE,TRUE,21.571081683751,41.13281805821,-19.56173637446,53.1199999999953,21.571081683751,41.13281805821,-19.56173637446,-0.011196078112932,-0.000172352551011799,0.015737400844561,0.012601797144677,24.1808506099605,0.00806028353665011,-27.6689956026098,51.8498462125699,-4.54400398202199,-17.95530986636,-0.011196078112932,-0.00806028353665011,-4.54400398202199,-17.95530986636,0.012601797144677
"JVS03","central_joint_win_ga",70,"GA","N","seven_case",40,75,40,75,3000,0,0.375,3.5,"sigmoid","case_specific","none","default",TRUE,TRUE,9.345170765707,26.03706837664,-16.69189761093,9.81999999999247,9.345170765707,26.03706837664,-16.69189761093,-0.0446783763542449,-0.0012156673159451,0.00451599642153799,0.00346062750888898,50.3989589961102,0.0167996529987,17.1271425298701,33.2718164662301,-1.25219948439599,-1.79634693269008,-0.0446783763542449,-0.0167996529987,-1.25219948439599,-1.79634693269008,0.00346062750888898
"JVS03","central_joint_win_ga",71,"GA","N","seven_case",40,75,40,75,3000,0,0.375,3.5,"sigmoid","case_specific","none","default",TRUE,TRUE,22.767678184254,67.1864673233699,-44.41878913911,30.8999999999942,22.767678184254,67.1864673233699,-44.41878913911,-0.0035884635522386,-0.0062059281658122,0.020214434824196,0.016204729617672,-6.8306814523603,-0.00227689381745499,60.7616384375797,-67.592319889944,-9.53460163352401,-51.0131031146998,-0.0035884635522386,0.00227689381745499,-9.53460163352401,-51.0131031146998,0.016204729617672
"JVS03","central_joint_win_ga",72,"GA","N","seven_case",40,75,40,75,3000,0,0.375,3.5,"sigmoid","case_specific","none","default",TRUE,TRUE,1.51231739194003,2.15130728560007,-0.638989893659982,7.67999999999304,1.51231739194003,2.15130728560007,-0.638989893659982,0.0113504591676367,-4.69044524721018e-05,0.000225342468038958,3.90739615570013e-05,0.943974066120063,0.000314658022039893,1.72746711682021,-0.783493050699917,-2.941139775794,-8.97654653931022,0.0113504591676367,-0.000314658022039893,-2.941139775794,-8.97654653931022,3.90739615570013e-05
"JVS03","central_joint_win_ga",73,"GA","N","seven_case",40,75,40,75,3000,0,0.375,3.5,"sigmoid","case_specific","none","default",TRUE,TRUE,4.5594891929204,10.88441044089,-6.32492124797,13.6300000000047,4.5594891929204,10.88441044089,-6.32492124797,0.0028153462399043,0.00321865976563,0.00431755714858706,0.00375543803910905,-173.87163457255,-0.05795721152418,-51.7952074391701,-122.07642713338,-0.554427720318017,21.7767032122301,0.0028153462399043,0.05795721152418,-0.554427720318017,21.7767032122301,0.00375543803910905
"JVS03","central_joint_win_ga",74,"GA","N","seven_case",40,75,40,75,3000,0,0.375,3.5,"sigmoid","case_specific","none","default",TRUE,TRUE,2.83396406906098,8.25261837700009,-5.41865430792996,6.18000000000758,2.83396406906098,8.25261837700009,-5.41865430792996,-0.0039848317049493,-0.0010284003078656,0.00240241873874902,0.00104686875864302,0.48811663323977,0.000162705544410002,-5.53224911026973,6.020365743512,1.97530002658101,7.98172411681981,-0.0039848317049493,-0.000162705544410002,1.97530002658101,7.98172411681981,0.00104686875864302
"JVS03","central_joint_win_ga",75,"GA","N","seven_case",40,75,40,75,3000,0,0.375,3.5,"sigmoid","case_specific","none","default",TRUE,TRUE,41.9066350418281,48.2350682077599,-6.32843316593016,23.2299999999959,41.9066350418281,48.2350682077599,-6.32843316593016,-0.0515594024416385,0.0030091640730137,0.00702950842591898,0.00459373907986299,-100.08113011647,-0.03336037670549,35.7798097769,-135.86093989339,-5.54346273270397,-41.7157452153901,-0.0515594024416385,0.03336037670549,-5.54346273270397,-41.7157452153901,0.00459373907986299
"JVS03","central_joint_win_ga",76,"GA","N","seven_case",40,75,40,75,3000,0,0.375,3.5,"sigmoid","case_specific","none","default",TRUE,TRUE,9.10838631651598,21.8505229571001,-12.7421366405802,10.9799999999959,9.10838631651598,21.8505229571001,-12.7421366405802,-0.004738586588389,0.0015232008064496,0.000680116077021009,0.000222228507217981,-234.8923576069,-0.0782974525356299,-3.79869752546983,-231.09366008144,-2.982361414759,-39.8426969979901,-0.004738586588389,0.0782974525356299,-2.982361414759,-39.8426969979901,0.000222228507217981
"JVS03","central_joint_win_ga",77,"GA","N","seven_case",40,75,40,75,3000,0,0.375,3.5,"sigmoid","case_specific","none","default",TRUE,TRUE,8.20897186615201,15.7754812321998,-7.56650936604001,19.0299999999989,8.20897186615201,15.7754812321998,-7.56650936604001,-0.0073157508320664,-0.000911395015720202,-4.81404280949782e-05,0.00059226704166504,165.3389677496,0.0551129892498698,-4.10754740237007,169.446515151969,-0.025512424621013,2.62581082861993,-0.0073157508320664,-0.0551129892498698,-0.025512424621013,2.62581082861993,0.00059226704166504
"JVS03","central_joint_win_ga",78,"GA","N","seven_case",40,75,40,75,3000,0,0.375,3.5,"sigmoid","case_specific","none","default",TRUE,TRUE,2.58385783253198,4.90857662638996,-2.32471879387003,12.6499999999942,2.58385783253198,4.90857662638996,-2.32471879387003,0.0029469356613235,0.0021515458978263,0.00223959971711796,0.00242690550314495,162.08548495987,0.0540284949866199,3.86663595319988,158.21884900668,0.390861533783038,0.974231362400133,0.0029469356613235,-0.0540284949866199,0.390861533783038,0.974231362400133,0.00242690550314495
"JVS03","central_joint_win_ga",79,"GA","N","seven_case",40,75,40,75,3000,0,0.375,3.5,"sigmoid","case_specific","none","default",TRUE,TRUE,13.241036462487,24.8341764796101,-11.5931400171198,26.7299999999959,13.241036462487,24.8341764796101,-11.5931400171198,-0.0165844832701853,0.0018047032611735,0.00524492614483896,0.00507799218134997,73.0352348558399,0.0243450782852799,-18.8999729594402,91.9352078152801,-1.05920216642704,-13.4198324604099,-0.0165844832701853,-0.0243450782852799,-1.05920216642704,-13.4198324604099,0.00507799218134997
"JVS03","central_joint_win_ga",80,"GA","N","seven_case",40,75,40,75,3000,0,0.375,3.5,"sigmoid","case_specific","none","default",TRUE,TRUE,10.695136910662,29.0260202635,-18.3308833528304,14.6000000000059,10.695136910662,29.0260202635,-18.3308833528304,-0.0083370355516493,-0.000472649079155899,0.013774502904592,0.011747865964648,-24.9380934517303,-0.00831269781723987,-9.76330690185023,-15.174786549883,-0.0114930275129836,14.32373885174,-0.0083370355516493,0.00831269781723987,-0.0114930275129836,14.32373885174,0.011747865964648
"JVS03","central_joint_win_ga",81,"GA","N","seven_case",40,75,40,75,3000,0,0.375,3.5,"sigmoid","case_specific","none","default",TRUE,TRUE,11.546397914514,35.7838477375301,-24.2374498230201,19.9500000000116,11.546397914514,35.7838477375301,-24.2374498230201,-0.0454485266356154,-0.0048094911146602,0.00745653469004498,0.005350719119599,43.0109088244399,0.0143369696081401,37.9660418110398,5.04486701340397,2.07139176971702,0.960204356480062,-0.0454485266356154,-0.0143369696081401,2.07139176971702,0.960204356480062,0.005350719119599
"JVS03","central_joint_win_ga",82,"GA","N","seven_case",40,75,40,75,3000,0,0.375,3.5,"sigmoid","case_specific","none","default",TRUE,TRUE,2.39736466213621,5.86032079638017,-3.46295613424991,12.3700000000099,2.39736466213621,5.86032079638017,-3.46295613424991,-0.0026618520070267,0.0020919235996842,0.00405974135157006,0.00362403365353597,124.25637887053,0.0414187929568501,-8.03284326829998,132.289222138819,1.09181480582401,-15.4215738938301,-0.0026618520070267,-0.0414187929568501,1.09181480582401,-15.4215738938301,0.00362403365353597
"JVS03","central_joint_win_ga",83,"GA","N","seven_case",40,75,40,75,3000,0,0.375,3.5,"sigmoid","case_specific","none","default",TRUE,TRUE,1.5105856750656,1.32201858972985,0.188567085329851,2.94000000000232,1.5105856750656,1.32201858972985,0.188567085329851,0.00630553732098543,-7.42696672238023e-05,0.000424687539788027,0.000298956778835957,-227.417881143299,-0.0758059603810901,-1.72847808611004,-225.689403057129,2.30334479838501,36.39805248431,0.00630553732098543,0.0758059603810901,2.30334479838501,36.39805248431,0.000298956778835957
"JVS03","central_joint_win_ga",84,"GA","N","seven_case",40,75,40,75,3000,0,0.375,3.5,"sigmoid","case_specific","none","default",TRUE,TRUE,20.187810045408,42.90452922332,-22.7167191779101,37.1299999999901,20.187810045408,42.90452922332,-22.7167191779101,0.0058630119423608,-0.0040165272564067,0.00852208916193209,0.00825629949293294,-14.55596637287,-0.00485198879096016,-5.95202600047969,-8.60394037238029,3.49688361088801,1.7943492579102,0.0058630119423608,0.00485198879096016,3.49688361088801,1.7943492579102,0.00825629949293294
"JVS03","central_joint_win_ga",85,"GA","N","seven_case",40,75,40,75,3000,0,0.375,3.5,"sigmoid","case_specific","none","default",TRUE,TRUE,4.74618658640304,9.86974167301992,-5.12355508661994,12.4599999999919,4.74618658640304,9.86974167301992,-5.12355508661994,0.0053860094138803,-0.0020261038236382,0.00572645727584298,0.00442412067956399,47.4014751442201,0.0158004917147399,0.0149353905899261,47.3865397536401,-2.17463059381805,-23.0350428494999,0.0053860094138803,-0.0158004917147399,-2.17463059381805,-23.0350428494999,0.00442412067956399
"JVS03","central_joint_win_ga",86,"GA","N","seven_case",40,75,40,75,3000,0,0.375,3.5,"sigmoid","case_specific","none","default",TRUE,TRUE,13.141060281958,22.6518618632699,-9.51080158131026,18.0500000000029,13.141060281958,22.6518618632699,-9.51080158131026,-0.0064521763468446,0.0041375670459559,0.00834812576070998,0.00631480659595307,-60.7310743701501,-0.0202436914567201,-19.16164292234,-41.5694314478201,0.278154730750032,5.97403069846996,-0.0064521763468446,0.0202436914567201,0.278154730750032,5.97403069846996,0.00631480659595307
"JVS03","central_joint_win_ga",87,"GA","N","seven_case",40,75,40,75,3000,0,0.375,3.5,"sigmoid","case_specific","none","default",TRUE,TRUE,14.430244885556,44.69187439088,-30.2616295053199,14.2300000000104,14.430244885556,44.69187439088,-30.2616295053199,0.00590063995954901,0.0090720531792352,0.018793241497901,0.015115430617068,75.7894986342299,0.0252631662114098,-25.8585631690098,101.64806180323,1.21399227930198,13.1455053138002,0.00590063995954901,-0.0252631662114098,1.21399227930198,13.1455053138002,0.015115430617068
"JVS03","central_joint_win_ga",88,"GA","N","seven_case",40,75,40,75,3000,0,0.375,3.5,"sigmoid","case_specific","none","default",TRUE,TRUE,17.950327935957,48.5167254148,-30.5663974788499,38.0900000000111,17.950327935957,48.5167254148,-30.5663974788499,-0.0188166626410891,0.0033833935443116,0.00265981408873694,0.00499899045262109,544.82995309124,0.18160998436375,35.3818763143804,509.44807677686,0.62632460486401,-1.35797392868017,-0.0188166626410891,-0.18160998436375,0.62632460486401,-1.35797392868017,0.00499899045262109
"JVS03","central_joint_win_ga",89,"GA","N","seven_case",40,75,40,75,3000,0,0.375,3.5,"sigmoid","case_specific","none","default",TRUE,TRUE,144.166378885293,172.84624758075,-28.6798686954601,29.1000000000204,144.166378885293,172.84624758075,-28.6798686954601,-0.0803075134402786,0.004494207135681,0.0512497273115851,0.0413476938878931,-1391.73014522813,-0.46391004840937,43.4005843591399,-1435.13072958728,-4.33334985573305,-39.6149838378401,-0.0803075134402786,0.46391004840937,-4.33334985573305,-39.6149838378401,0.0413476938878931
"JVS03","central_joint_win_ga",90,"GA","N","seven_case",40,75,40,75,3000,0,0.375,3.5,"sigmoid","case_specific","none","default",TRUE,TRUE,2.01707402690201,12.0166126715199,-9.99953864461986,5.04999999998839,2.01707402690201,12.0166126715199,-9.99953864461986,-0.0119710675887745,-0.000440406177940899,0.000180163606232964,-0.000151277130035044,-27.9603911220001,-0.00932013037400004,3.27535164281016,-31.2357427647999,-1.72161056777702,10.3174284492197,-0.0119710675887745,0.00932013037400004,-1.72161056777702,10.3174284492197,-0.000151277130035044
"JVS03","central_joint_win_ga",91,"GA","N","seven_case",40,75,40,75,3000,0,0.375,3.5,"sigmoid","case_specific","none","default",TRUE,TRUE,2.95482173087402,3.54789337828015,-0.593071647399938,12.1600000000035,2.95482173087402,3.54789337828015,-0.593071647399938,-0.0056877070670808,0.000495748427092001,0.00358199121743696,0.004092308854376,3.50550346237014,0.00116850115412104,25.9369915028001,-22.431488040443,1.60094166590898,-2.13064275250963,-0.0056877070670808,-0.00116850115412104,1.60094166590898,-2.13064275250963,0.004092308854376
"JVS03","central_joint_win_ga",92,"GA","N","seven_case",40,75,40,75,3000,0,0.375,3.5,"sigmoid","case_specific","none","default",TRUE,TRUE,1.815489285571,6.83062583482001,-5.0151365492502,3.84000000001106,1.815489285571,6.83062583482001,-5.0151365492502,-0.0022200012620354,-0.0011705767449674,-0.00163822973870198,-0.00215030315058501,-0.797016482620165,-0.000265672160873032,2.43185389204973,-3.22887037466899,-2.475766932836,-11.6348312718897,-0.0022200012620354,0.000265672160873032,-2.475766932836,-11.6348312718897,-0.00215030315058501
"JVS03","central_joint_win_ga",93,"GA","N","seven_case",40,75,40,75,3000,0,0.375,3.5,"sigmoid","case_specific","none","default",TRUE,TRUE,16.202853980986,58.7460851390802,-42.5432311580998,17.8600000000006,16.202853980986,58.7460851390802,-42.5432311580998,-0.018165895539705,-0.004947226231467,-0.001959409207832,-0.00148581121899299,40.0249393126705,0.01334164643756,87.2687351766299,-47.2437958639498,-2.20902121406698,-21.4280972015899,-0.018165895539705,-0.01334164643756,-2.20902121406698,-21.4280972015899,-0.00148581121899299
"JVS03","central_joint_win_ga",94,"GA","N","seven_case",40,75,40,75,3000,0,0.375,3.5,"sigmoid","case_specific","none","default",TRUE,TRUE,19.44136841879,32.87397548085,-13.43260706207,21.2600000000093,19.44136841879,32.87397548085,-13.43260706207,-0.0033182225803738,1.43834928726001e-05,0.00504863081749507,0.005159378300784,-585.690664941039,-0.19523022164701,-0.134412177600097,-585.55625276343,-1.01862407592699,-54.4316757309298,-0.0033182225803738,0.19523022164701,-1.01862407592699,-54.4316757309298,0.005159378300784
"JVS03","central_joint_win_ga",95,"GA","N","seven_case",40,75,40,75,3000,0,0.375,3.5,"sigmoid","case_specific","none","default",TRUE,TRUE,8.87348253465501,23.51435611287,-14.64087357822,16.0500000000029,8.87348253465501,23.51435611287,-14.64087357822,-0.0116052726828776,-0.0047632536109609,0.010300688759563,0.00954348047881998,36.1727359903407,0.01205757866344,7.11750036277999,29.0552356275798,-7.915198572181,-36.3777929819798,-0.0116052726828776,-0.01205757866344,-7.915198572181,-36.3777929819798,0.00954348047881998
"JVS03","central_joint_win_ga",96,"GA","N","seven_case",40,75,40,75,3000,0,0.375,3.5,"sigmoid","case_specific","none","default",TRUE,TRUE,29.201262470573,41.4427547473099,-12.2414922767503,22.5,29.201262470573,41.4427547473099,-12.2414922767503,-0.0367682535399182,0.0021582223008486,0.007326600632937,0.00456428377506402,-169.27838002174,-0.0564261266739201,58.5706044532099,-227.84898447495,-7.04631796961797,-57.4711067578801,-0.0367682535399182,0.0564261266739201,-7.04631796961797,-57.4711067578801,0.00456428377506402
"JVS03","central_joint_win_ga",97,"GA","N","seven_case",40,75,40,75,3000,0,0.375,3.5,"sigmoid","case_specific","none","default",TRUE,TRUE,6.86313641147296,26.81103226801,-19.9478958565401,18,6.86313641147296,26.81103226801,-19.9478958565401,-0.0279223386712073,0.000575563379541802,-0.00200249894777893,-0.00207765600691001,-39.8780080707502,-0.01329266935692,37.55811620758,-77.4361242783302,1.34134217698397,14.6245944716202,-0.0279223386712073,0.01329266935692,1.34134217698397,14.6245944716202,-0.00207765600691001
"JVS03","central_joint_win_ga",98,"GA","N","seven_case",40,75,40,75,3000,0,0.375,3.5,"sigmoid","case_specific","none","default",TRUE,TRUE,4.969504498509,13.5388932465503,-8.56938874803973,11.3099999999977,4.969504498509,13.5388932465503,-8.56938874803973,-0.0247188857072623,0.000105394064373199,0.00453015212409202,0.00256961360169705,25.32235235082,0.00844078411694005,-1.35791961850964,26.6802719693251,-1.097169580507,-8.26255058292008,-0.0247188857072623,-0.00844078411694005,-1.097169580507,-8.26255058292008,0.00256961360169705
"JVS03","central_joint_win_ga",99,"GA","N","seven_case",40,75,40,75,3000,0,0.375,3.5,"sigmoid","case_specific","none","default",TRUE,TRUE,10.291395472601,35.4829961028402,-25.1916006302399,32.7699999999896,10.291395472601,35.4829961028402,-25.1916006302399,-0.0070913804502911,-0.0020420712643575,0.00308384484712299,0.00358477392301204,114.42121686929,0.0381404056230998,47.3158891041403,67.1053277651499,-7.16623481136895,-72.05880784284,-0.0070913804502911,-0.0381404056230998,-7.16623481136895,-72.05880784284,0.00358477392301204
"JVS03","central_joint_win_ga",100,"GA","N","seven_case",40,75,40,75,3000,0,0.375,3.5,"sigmoid","case_specific","none","default",TRUE,TRUE,7.42225366575499,16.8881239241498,-9.46587025838971,9.45999999999184,7.42225366575499,16.8881239241498,-9.46587025838971,-0.000243347610103001,0.003545427808785,0.00202759932775398,0.00183392432998802,146.28273529077,0.0487609117635901,-35.1964766727601,181.47921196353,2.03869728443703,-2.4090590512501,-0.000243347610103001,-0.0487609117635901,2.03869728443703,-2.4090590512501,0.00183392432998802
"JVS02","weak_dependence_ga",8,"GA","N","seven_case",40,75,40,75,3000,0,0.375,1.5,"sigmoid","case_specific","none","default",TRUE,TRUE,1.44891988304994,3.87566599718804,-2.42674611413986,0.72999999999593,1.44891988304994,3.87566599718804,-2.42674611413986,-0.0049338358129133,4.29559318794979e-05,0.00084713391596497,0.000622437533380982,-2.4450931907902,-0.000815031063598037,2.3580853012204,-4.80317849201805,-0.367108382770994,-3.78724710051029,-0.0049338358129133,0.000815031063598037,-0.367108382770994,-3.78724710051029,0.000622437533380982
"JVS02","weak_dependence_ga",9,"GA","N","seven_case",40,75,40,75,3000,0,0.375,1.5,"sigmoid","case_specific","none","default",TRUE,TRUE,1.19894582965003,3.17365606663202,-1.97471023698017,1.81999999999243,1.19894582965003,3.17365606663202,-1.97471023698017,-0.0066008428980223,0.000947746309148002,0.00264848818564001,0.00197919312509701,-0.480758262639938,-0.000160252754211054,0.909432066980116,-1.39019032961801,-0.808772333018965,-10.6165182351401,-0.0066008428980223,0.000160252754211054,-0.808772333018965,-10.6165182351401,0.00197919312509701
"JVS02","weak_dependence_ga",10,"GA","N","seven_case",40,75,40,75,3000,0,0.375,1.5,"sigmoid","case_specific","none","default",TRUE,TRUE,5.58575573387998,15.696894504957,-10.1111387710698,10.6899999999878,5.58575573387998,15.696894504957,-10.1111387710698,-0.0161484947394587,0.0018380204727371,0.00766455861788501,0.00644264060702998,-4.31912127446003,-0.001439707091489,-6.45598251297997,2.13686123851596,0.871560390908996,0.746562627889944,-0.0161484947394587,0.001439707091489,0.871560390908996,0.746562627889944,0.00644264060702998
"JVS02","weak_dependence_ga",11,"GA","N","seven_case",40,75,40,75,3000,0,0.375,1.5,"sigmoid","case_specific","none","default",TRUE,TRUE,2.41730201823998,5.95787660413396,-3.54057458588977,2.34999999999127,2.41730201823998,5.95787660413396,-3.54057458588977,-0.0080842415098925,-0.0002008533208872,0.00110100466330798,0.000791837571150034,2.57918392726992,0.000859727975757063,16.0620430776803,-13.48285915041,0.0884694497050305,5.06076019867987,-0.0080842415098925,-0.000859727975757063,0.0884694497050305,5.06076019867987,0.000791837571150034
"JVS02","weak_dependence_ga",12,"GA","N","seven_case",40,75,40,75,3000,0,0.375,1.5,"sigmoid","case_specific","none","default",TRUE,TRUE,0.488641919929933,1.23059833584904,-0.741956415929963,0.440000000016879,0.488641919929933,1.23059833584904,-0.741956415929963,0.00775147529369601,0.0001091065646854,0.00109082739063904,0.000843847444601975,-3.41776460144001,-0.00113925486714705,-4.73250132080011,1.31473671936399,0.924793702997022,-2.9686955144798,0.00775147529369601,0.00113925486714705,0.924793702997022,-2.9686955144798,0.000843847444601975
"JVS02","weak_dependence_ga",13,"GA","N","seven_case",40,75,40,75,3000,0,0.375,1.5,"sigmoid","case_specific","none","default",TRUE,TRUE,1.06057640046993,2.50364890586206,-1.44307250538986,3.04000000000815,1.06057640046993,2.50364890586206,-1.44307250538986,-0.0015966333508962,0.0008783065071351,0.00494614265821802,0.00373103162779401,-1.97535067121999,-0.000658450223741003,-0.534534156890004,-1.44081651433498,1.67159878701403,6.70288228389018,-0.0015966333508962,0.000658450223741003,1.67159878701403,6.70288228389018,0.00373103162779401
"JVS02","weak_dependence_ga",14,"GA","N","seven_case",40,75,40,75,3000,0,0.375,1.5,"sigmoid","case_specific","none","default",TRUE,TRUE,0.396755617149893,0.911454705086044,-0.514699087930239,-0.33999999999651,0.396755617149893,0.911454705086044,-0.514699087930239,0.000132466167602895,3.00712672886977e-05,-0.00185361868804901,-0.001523833617884,-6.24868630549008,-0.00208289543516094,-2.56650004399989,-3.682186261488,-4.08716670958802,-23.9302197310599,0.000132466167602895,0.00208289543516094,-4.08716670958802,-23.9302197310599,-0.001523833617884
"JVS02","weak_dependence_ga",15,"GA","N","seven_case",40,75,40,75,3000,0,0.375,1.5,"sigmoid","case_specific","none","default",TRUE,TRUE,1.82862453537996,5.21994500231204,-3.39132046694021,3.02999999998428,1.82862453537996,5.21994500231204,-3.39132046694021,0.0040771396933399,-0.0003607042038795,0.003697918836575,0.00298860559993899,2.70405739626995,0.000901352465422001,0.858229092360034,1.84582830390499,0.517391265651042,-0.277780810760305,0.0040771396933399,-0.000901352465422001,0.517391265651042,-0.277780810760305,0.00298860559993899
"JVS02","weak_dependence_ga",16,"GA","N","seven_case",40,75,40,75,3000,0,0.375,1.5,"sigmoid","case_specific","none","default",TRUE,TRUE,4.16880579610984,9.17260759029909,-5.00380179417971,1.91999999999825,4.16880579610984,9.17260759029909,-5.00380179417971,-0.0227118660982713,0.0023664992575132,0.00284914283633403,0.00227677962219197,-4.36802531518015,-0.001456008438391,-6.04870405844986,1.68067874326829,-2.20928355556902,-18.0206587939401,-0.0227118660982713,0.001456008438391,-2.20928355556902,-18.0206587939401,0.00227677962219197
"JVS02","weak_dependence_ga",17,"GA","N","seven_case",40,75,40,75,3000,0,0.375,1.5,"sigmoid","case_specific","none","default",TRUE,TRUE,2.08505143775005,5.72044888047606,-3.63539744273021,2.41999999999825,2.08505143775005,5.72044888047606,-3.63539744273021,-0.00355740635026439,-0.000893980728293203,0.000441045221873992,0.000361012655768989,-6.61801734315986,-0.00220600578105101,-6.5126629634201,-0.105354379730954,0.882011807061019,-0.332879600789965,-0.00355740635026439,0.00220600578105101,0.882011807061019,-0.332879600789965,0.000361012655768989
"JVS02","weak_dependence_ga",18,"GA","N","seven_case",40,75,40,75,3000,0,0.375,1.5,"sigmoid","case_specific","none","default",TRUE,TRUE,2.16310834136993,4.90219206513791,-2.73908372377036,1.99000000000524,2.16310834136993,4.90219206513791,-2.73908372377036,-0.0037830703520527,0.0009035678992259,0.00417923207184001,0.00305250258308198,-4.58653312328011,-0.00152884437442802,-7.50698157335,2.92044845007104,-1.07961287905704,-5.22617164706026,-0.0037830703520527,0.00152884437442802,-1.07961287905704,-5.22617164706026,0.00305250258308198
"JVS02","weak_dependence_ga",19,"GA","N","seven_case",40,75,40,75,3000,0,0.375,1.5,"sigmoid","case_specific","none","default",TRUE,TRUE,1.3825457786902,2.78513144056296,-1.40258566188004,2.44999999999709,1.3825457786902,2.78513144056296,-1.40258566188004,-0.0081478191977787,0.000469768332379501,0.00144615196178699,0.00108390079787601,-6.34138349749037,-0.00211379449916504,-1.77011982655995,-4.57126367093798,3.30847093899405,18.0709429193203,-0.0081478191977787,0.00211379449916504,3.30847093899405,18.0709429193203,0.00108390079787601
"JVS02","weak_dependence_ga",20,"GA","N","seven_case",40,75,40,75,3000,0,0.375,1.5,"sigmoid","case_specific","none","default",TRUE,TRUE,0.504156782659948,1.18837892298006,-0.684222140319889,1.85999999998603,0.504156782659948,1.18837892298006,-0.684222140319889,0.0012103493004075,-0.0002044587321429,0.000795243745876972,0.000857188866111969,2.26141074781026,0.000753803582604018,-0.970339776789842,3.231750524593,3.85954448654797,47.9008424021999,0.0012103493004075,-0.000753803582604018,3.85954448654797,47.9008424021999,0.000857188866111969
"JVS02","weak_dependence_ga",21,"GA","N","seven_case",40,75,40,75,3000,0,0.375,1.5,"sigmoid","case_specific","none","default",TRUE,TRUE,2.11500122487018,5.22466689284204,-3.10966566797015,3.76999999998953,2.11500122487018,5.22466689284204,-3.10966566797015,-0.0124058928133586,0.0007938538915917,0.00470124075146799,0.003813549495674,-0.867351290819897,-0.000289117096938019,4.69057893196987,-5.557930222777,0.561329714842032,6.66843200794983,-0.0124058928133586,0.000289117096938019,0.561329714842032,6.66843200794983,0.003813549495674
"JVS02","weak_dependence_ga",22,"GA","N","seven_case",40,75,40,75,3000,0,0.375,1.5,"sigmoid","case_specific","none","default",TRUE,TRUE,1.83805624417982,5.35346345396897,-3.51540720978028,3,1.83805624417982,5.35346345396897,-3.51540720978028,-0.0070973864064859,-0.000613794351558401,-0.000867191228830999,-0.000624820721649988,-6.18211626648008,-0.00206070542215897,-0.497749736300193,-5.684366530186,0.125214773740993,-5.49506412719984,-0.0070973864064859,0.00206070542215897,0.125214773740993,-5.49506412719984,-0.000624820721649988
"JVS02","weak_dependence_ga",23,"GA","N","seven_case",40,75,40,75,3000,0,0.375,1.5,"sigmoid","case_specific","none","default",TRUE,TRUE,0.482706338039861,1.04056576819403,-0.557859430160079,0.43000000000757,0.482706338039861,1.04056576819403,-0.557859430160079,0.0023122047949735,-0.000143088942842599,0.000707830557124978,0.000505207759635029,1.79313072748027,0.000597710242494998,3.50424875886029,-1.71111803136901,-1.86321052842897,-9.82779319532983,0.0023122047949735,-0.000597710242494998,-1.86321052842897,-9.82779319532983,0.000505207759635029
"JVS02","weak_dependence_ga",24,"GA","N","seven_case",40,75,40,75,3000,0,0.375,1.5,"sigmoid","case_specific","none","default",TRUE,TRUE,0.598091997220081,1.51942548284399,-0.921333485609921,1.68000000000757,0.598091997220081,1.51942548284399,-0.921333485609921,-0.000462964564324,-0.000226834459854698,-0.00111243477212103,-0.000837736655518007,-2.85458393323006,-0.000951527977741007,-0.596402137749919,-2.258181795479,-3.10806077991901,-35.1514955713501,-0.000462964564324,0.000951527977741007,-3.10806077991901,-35.1514955713501,-0.000837736655518007
"JVS02","weak_dependence_ga",25,"GA","N","seven_case",40,75,40,75,3000,0,0.375,1.5,"sigmoid","case_specific","none","default",TRUE,TRUE,1.37897979958007,3.78335484079696,-2.40437504122019,2.44000000000233,1.37897979958007,3.78335484079696,-2.40437504122019,0.0060655572007535,-0.000267443490665899,-0.000837237880872976,-0.000748673041968961,-2.01864988413013,-0.000672883294709048,-0.529910801470123,-1.48873908265398,2.29446900232102,24.3031878302399,0.0060655572007535,0.000672883294709048,2.29446900232102,24.3031878302399,-0.000748673041968961
"JVS02","weak_dependence_ga",26,"GA","N","seven_case",40,75,40,75,3000,0,0.375,1.5,"sigmoid","case_specific","none","default",TRUE,TRUE,0.48519697977008,1.02314037506392,-0.537943395279854,1.77999999999884,0.48519697977008,1.02314037506392,-0.537943395279854,0.000415887338846399,-0.000184160706556202,0.000281139838510969,0.00019148864068802,-2.73966667376999,-0.000913222224590893,-0.877935564999916,-1.861731108773,0.379068990984024,2.70370564281984,0.000415887338846399,0.000913222224590893,0.379068990984024,2.70370564281984,0.00019148864068802
"JVS02","weak_dependence_ga",27,"GA","N","seven_case",40,75,40,75,3000,0,0.375,1.5,"sigmoid","case_specific","none","default",TRUE,TRUE,1.13829951128014,2.76167861753902,-1.62337910625001,2.36999999999534,1.13829951128014,2.76167861753902,-1.62337910625001,0.0027864706111792,0.000928201150645501,0.00209719437535699,0.00168244034621601,-6.49771058914985,-0.00216590352971591,-6.23904648335974,-0.258664105785016,0.162674072883988,3.31276988103036,0.0027864706111792,0.00216590352971591,0.162674072883988,3.31276988103036,0.00168244034621601
"JVS02","weak_dependence_ga",28,"GA","N","seven_case",40,75,40,75,3000,0,0.375,1.5,"sigmoid","case_specific","none","default",TRUE,TRUE,2.83531934200983,6.97807199068802,-4.14275264868002,3.63999999999942,2.83531934200983,6.97807199068802,-4.14275264868002,0.000151128646694801,0.000992553129830102,0.00844950764397601,0.00638021155289104,-17.0451141681201,-0.00568170472270701,-12.7069034516403,-4.33821071647895,-1.48826135521904,-5.25210552614999,0.000151128646694801,0.00568170472270701,-1.48826135521904,-5.25210552614999,0.00638021155289104
"JVS02","weak_dependence_ga",29,"GA","N","seven_case",40,75,40,75,3000,0,0.375,1.5,"sigmoid","case_specific","none","default",TRUE,TRUE,2.16412576408015,4.97106501172595,-2.80693924765001,2.72999999999593,2.16412576408015,4.97106501172595,-2.80693924765001,-0.0177260966540935,0.000192684873961402,0.00427379955962598,0.00335854737646502,-1.28276541924015,-0.000427588473079998,7.45184985029027,-8.73461526952701,-0.524945361277958,-3.63549800471992,-0.0177260966540935,0.000427588473079998,-0.524945361277958,-3.63549800471992,0.00335854737646502
"JVS02","weak_dependence_ga",30,"GA","N","seven_case",40,75,40,75,3000,0,0.375,1.5,"sigmoid","case_specific","none","default",TRUE,TRUE,3.59499065712998,7.44965011775594,-3.85465946062004,2.94999999999709,3.59499065712998,7.44965011775594,-3.85465946062004,-0.0204034379605394,-0.0003716365754943,0.000897431557292994,0.000702081195586013,-13.88533233615,-0.00462844411204899,6.35505809834967,-20.2403904344986,0.339603172991019,11.7917810597401,-0.0204034379605394,0.00462844411204899,0.339603172991019,11.7917810597401,0.000702081195586013
"JVS02","weak_dependence_ga",31,"GA","N","seven_case",40,75,40,75,3000,0,0.375,1.5,"sigmoid","case_specific","none","default",TRUE,TRUE,0.572699163949892,1.39014945960798,-0.81745029565036,2.32000000000698,0.572699163949892,1.39014945960798,-0.81745029565036,0.000194026483995201,0.0001458254861789,-0.000719128052002971,-0.000584644980215987,-0.634188891699978,-0.000211396297232991,4.4424712376599,-5.07666012935903,-1.82713189839296,-4.93125593841978,0.000194026483995201,0.000211396297232991,-1.82713189839296,-4.93125593841978,-0.000584644980215987
"JVS02","weak_dependence_ga",32,"GA","N","seven_case",40,75,40,75,3000,0,0.375,1.5,"sigmoid","case_specific","none","default",TRUE,TRUE,2.46833655839009,6.72911800554198,-4.26078144715029,1.99000000000524,2.46833655839009,6.72911800554198,-4.26078144715029,-0.0196264763037875,-2.6184870169102e-05,0.00105333428943499,0.000702726391391018,-1.30538205897983,-0.000435127352994003,1.13498932714992,-2.4403713861342,-1.822214976802,-15.9282302779802,-0.0196264763037875,0.000435127352994003,-1.822214976802,-15.9282302779802,0.000702726391391018
"JVS02","weak_dependence_ga",33,"GA","N","seven_case",40,75,40,75,3000,0,0.375,1.5,"sigmoid","case_specific","none","default",TRUE,TRUE,1.43320829248,3.43943102997093,-2.00622273750014,3.83000000000175,1.43320829248,3.43943102997093,-2.00622273750014,-0.001213701008231,0.0021303355446288,0.00527664609587702,0.00422476029940799,-10.1446822054202,-0.00338156073514007,-16.6244359094799,6.479753704068,3.37113217177398,39.79108117739,-0.001213701008231,0.00338156073514007,3.37113217177398,39.79108117739,0.00422476029940799
"JVS02","weak_dependence_ga",34,"GA","N","seven_case",40,75,40,75,3000,0,0.375,1.5,"sigmoid","case_specific","none","default",TRUE,TRUE,1.23707327829993,2.65359314462398,-1.41651986632996,2.96000000000641,1.23707327829993,2.65359314462398,-1.41651986632996,0.0041834649328062,5.94505906245969e-05,0.00061123070961,0.000593924981416027,2.29353286936021,0.000764510956456022,2.2001021876099,0.0934306817530057,-0.796037610534995,-2.91562130047987,0.0041834649328062,-0.000764510956456022,-0.796037610534995,-2.91562130047987,0.000593924981416027
"JVS02","weak_dependence_ga",35,"GA","N","seven_case",40,75,40,75,3000,0,0.375,1.5,"sigmoid","case_specific","none","default",TRUE,TRUE,1.02735203972998,2.41724616092802,-1.38989412120009,2.45999999999185,1.02735203972998,2.41724616092802,-1.38989412120009,-0.0043976889354789,2.39391687580082e-06,0.00362194942743099,0.00310255688528699,3.6345783046404,0.00121152610154807,6.77946788079998,-3.14488957615802,0.473732934861005,3.70487444653963,-0.0043976889354789,-0.00121152610154807,0.473732934861005,3.70487444653963,0.00310255688528699
"JVS02","weak_dependence_ga",36,"GA","N","seven_case",40,75,40,75,3000,0,0.375,1.5,"sigmoid","case_specific","none","default",TRUE,TRUE,1.02017535024993,2.86367348178396,-1.84349813151994,2.08000000000174,1.02017535024993,2.86367348178396,-1.84349813151994,-0.0119484529561732,-0.000601479206749599,-0.00158168444275297,-0.00148991363257198,0.450074711199932,0.000150024903732948,1.32622141074035,-0.876146699537003,0.455449460443049,-1.74853511590982,-0.0119484529561732,-0.000150024903732948,0.455449460443049,-1.74853511590982,-0.00148991363257198
"JVS02","weak_dependence_ga",37,"GA","N","seven_case",40,75,40,75,3000,0,0.375,1.5,"sigmoid","case_specific","none","default",TRUE,TRUE,1.70017710587013,3.84674386617303,-2.14656676029017,1.65999999998894,1.70017710587013,3.84674386617303,-2.14656676029017,-0.0070942265658441,0.0014982635387147,0.00364492707469999,0.00288818786440997,-16.07775122868,-0.00535925040955898,-11.36682723382,-4.71092399485502,-0.004067168655979,4.23787486749006,-0.0070942265658441,0.00535925040955898,-0.004067168655979,4.23787486749006,0.00288818786440997
"JVS02","weak_dependence_ga",38,"GA","N","seven_case",40,75,40,75,3000,0,0.375,1.5,"sigmoid","case_specific","none","default",TRUE,TRUE,2.23245069721997,6.05292493295804,-3.82047423574022,1.13999999999942,2.23245069721997,6.05292493295804,-3.82047423574022,0.0113645667903941,0.000313032742681799,0.00214612892668098,0.00155200644419601,-5.91497186913989,-0.00197165728971094,-6.94851250229976,1.033540633169,1.02816594689301,11.92662156714,0.0113645667903941,0.00197165728971094,1.02816594689301,11.92662156714,0.00155200644419601
"JVS02","weak_dependence_ga",39,"GA","N","seven_case",40,75,40,75,3000,0,0.375,1.5,"sigmoid","case_specific","none","default",TRUE,TRUE,2.27728026447994,5.58285350876508,-3.30557324429037,3.58999999999651,2.27728026447994,5.58285350876508,-3.30557324429037,-0.0068428317244463,0.000662717456671302,0.00387251773180503,0.00314344831805996,-9.28944425112013,-0.003096481417042,-1.23014917334012,-8.05929507777898,-1.92028092540698,-18.6652744257003,-0.0068428317244463,0.003096481417042,-1.92028092540698,-18.6652744257003,0.00314344831805996
"JVS02","weak_dependence_ga",40,"GA","N","seven_case",40,75,40,75,3000,0,0.375,1.5,"sigmoid","case_specific","none","default",TRUE,TRUE,0.500440765379835,1.05298649779297,-0.552545732409726,1.85000000000582,0.500440765379835,1.05298649779297,-0.552545732409726,-0.00010151997803134,0.0012029830591933,0.002681962468009,0.00207003139911799,-5.59330566226004,-0.00186443522075297,-6.36143679498991,0.768131132729025,-0.271920599572013,2.57057837028015,-0.00010151997803134,0.00186443522075297,-0.271920599572013,2.57057837028015,0.00207003139911799
"JVS02","weak_dependence_ga",41,"GA","N","seven_case",40,75,40,75,3000,0,0.375,1.5,"sigmoid","case_specific","none","default",TRUE,TRUE,2.42845548963987,6.99813893005694,-4.56968344042025,3.7899999999936,2.42845548963987,6.99813893005694,-4.56968344042025,0.0112348296232033,-0.000278545535392,0.001152347549775,0.00075063596908298,-6.83654315190006,-0.00227884771729803,1.51592452381965,-8.35246767571499,0.270678280425955,-5.67418796161019,0.0112348296232033,0.00227884771729803,0.270678280425955,-5.67418796161019,0.00075063596908298
"JVS02","weak_dependence_ga",42,"GA","N","seven_case",40,75,40,75,3000,0,0.375,1.5,"sigmoid","case_specific","none","default",TRUE,TRUE,0.755599337570175,2.38673469958701,-1.6311353620199,4.04000000000813,0.755599337570175,2.38673469958701,-1.6311353620199,0.0069994476579935,-0.000163363887736301,9.32738787010057e-05,9.84057932060245e-05,4.0198394917702,0.00133994649725611,6.75920319204988,-2.73936370028503,0.513162629946009,14.2869028285295,0.0069994476579935,-0.00133994649725611,0.513162629946009,14.2869028285295,9.84057932060245e-05
"JVS02","weak_dependence_ga",43,"GA","N","seven_case",40,75,40,75,3000,0,0.375,1.5,"sigmoid","case_specific","none","default",TRUE,TRUE,2.11734770228986,6.21169189663999,-4.09434419435001,1.5,2.11734770228986,6.21169189663999,-4.09434419435001,-0.0013357750718321,-0.000253120287294,0.000672623475923007,0.000337006288731012,-4.92192407962011,-0.00164064135987596,1.45879404076959,-6.380718120398,-0.435925440177016,-5.95379866074973,-0.0013357750718321,0.00164064135987596,-0.435925440177016,-5.95379866074973,0.000337006288731012
"JVS02","weak_dependence_ga",44,"GA","N","seven_case",40,75,40,75,3000,0,0.375,1.5,"sigmoid","case_specific","none","default",TRUE,TRUE,4.62911124457992,13.269240918012,-8.64012967343979,4.17000000001285,4.62911124457992,13.269240918012,-8.64012967343979,-0.0129294362255251,0.0003794251023676,-0.000374756881937,-0.000736034429121957,-11.9439577282901,-0.00398131924276102,1.56433316471976,-13.508290893003,2.00476164007199,9.25105086918984,-0.0129294362255251,0.00398131924276102,2.00476164007199,9.25105086918984,-0.000736034429121957
"JVS02","weak_dependence_ga",45,"GA","N","seven_case",40,75,40,75,3000,0,0.375,1.5,"sigmoid","case_specific","none","default",TRUE,TRUE,1.77748281812001,4.43136692214398,-2.65388410402011,2.66000000000349,1.77748281812001,4.43136692214398,-2.65388410402011,-0.0056209828711231,0.000445218815848299,0.00015033246177798,0.000486641823923994,-4.54870979336965,-0.00151623659778999,2.23576215788989,-6.784471951261,-2.04773506192299,-11.6914911778204,-0.0056209828711231,0.00151623659778999,-2.04773506192299,-11.6914911778204,0.000486641823923994
"JVS02","weak_dependence_ga",46,"GA","N","seven_case",40,75,40,75,3000,0,0.375,1.5,"sigmoid","case_specific","none","default",TRUE,TRUE,0.223511235930118,0.506642954222968,-0.283131718299956,1.44999999999709,0.223511235930118,0.506642954222968,-0.283131718299956,-0.0034268351586413,-0.0001302598091693,0.000869568622599959,0.000658501344067003,0.324508885930072,0.000108169628645016,2.67118640671015,-2.34667752077598,1.85744681952798,11.2043069419201,-0.0034268351586413,-0.000108169628645016,1.85744681952798,11.2043069419201,0.000658501344067003
"JVS02","weak_dependence_ga",47,"GA","N","seven_case",40,75,40,75,3000,0,0.375,1.5,"sigmoid","case_specific","none","default",TRUE,TRUE,1.53640191254999,4.77099612171605,-3.2345942091697,3.26000000000931,1.53640191254999,4.77099612171605,-3.2345942091697,-0.0030512214007473,0.000992014525034501,0.00277829333514301,0.00223265878539303,-6.22874400929004,-0.00207624800309503,-7.63691620340023,1.40817219411002,-2.81275191616101,-23.0529074811102,-0.0030512214007473,0.00207624800309503,-2.81275191616101,-23.0529074811102,0.00223265878539303
"JVS02","weak_dependence_ga",48,"GA","N","seven_case",40,75,40,75,3000,0,0.375,1.5,"sigmoid","case_specific","none","default",TRUE,TRUE,0.543802536569956,1.43632910197698,-0.892526565400203,0.72000000000117,0.543802536569956,1.43632910197698,-0.892526565400203,-0.0075009879614038,6.0599502904983e-06,-0.000178748401424955,-0.000133455484970013,0.916771607880037,0.000305590535963018,5.15037876512997,-4.23360715725201,-0.869226881593022,-4.67539575799992,-0.0075009879614038,-0.000305590535963018,-0.869226881593022,-4.67539575799992,-0.000133455484970013
"JVS02","weak_dependence_ga",49,"GA","N","seven_case",40,75,40,75,3000,0,0.375,1.5,"sigmoid","case_specific","none","default",TRUE,TRUE,1.08983461825005,2.73722094014397,-1.64738632190029,2.15999999998894,1.08983461825005,2.73722094014397,-1.64738632190029,-0.0014095147603878,0.0010897459940159,-0.000321850958123038,-0.000162534891925997,-1.55625154196991,-0.000518750513989974,0.609797544150297,-2.16604908612098,0.0906316894149768,-0.253355530840054,-0.0014095147603878,0.000518750513989974,0.0906316894149768,-0.253355530840054,-0.000162534891925997
"JVS02","weak_dependence_ga",50,"GA","N","seven_case",40,75,40,75,3000,0,0.375,1.5,"sigmoid","case_specific","none","default",TRUE,TRUE,2.60001694479001,5.79424929301001,-3.19423234821988,3.6299999999901,2.60001694479001,5.79424929301001,-3.19423234821988,0.0022338296421364,0.0018175181507203,0.00377783660484798,0.00295914840831202,-5.87979816785014,-0.00195993272261696,-4.7192249866398,-1.16057318121,-0.829616700085012,-3.32952781200038,0.0022338296421364,0.00195993272261696,-0.829616700085012,-3.32952781200038,0.00295914840831202
"JVS02","weak_dependence_ga",51,"GA","N","seven_case",40,75,40,75,3000,0,0.375,1.5,"sigmoid","case_specific","none","default",TRUE,TRUE,2.16918924750985,5.07270034197109,-2.9035110944701,5.0399999999936,2.16918924750985,5.07270034197109,-2.9035110944701,-0.0084307816556614,0.0015003945101299,0.00467588239445998,0.00388957546551,2.43855483552989,0.00081285161184097,18.1620938382398,-15.7235390027179,0.742522216970997,2.50503392574001,-0.0084307816556614,-0.00081285161184097,0.742522216970997,2.50503392574001,0.00388957546551
"JVS02","weak_dependence_ga",52,"GA","N","seven_case",40,75,40,75,3000,0,0.375,1.5,"sigmoid","case_specific","none","default",TRUE,TRUE,1.16783228181998,3.13634003934499,-1.96850775753001,3.48999999999068,1.16783228181998,3.13634003934499,-1.96850775753001,-0.0067467684285579,0.000842511704987302,0.005822517295337,0.00504824033498597,-9.37541496352014,-0.003125138321174,-5.2389895001802,-4.13642546334302,1.45723567598895,11.0476129193803,-0.0067467684285579,0.003125138321174,1.45723567598895,11.0476129193803,0.00504824033498597
"JVS02","weak_dependence_ga",53,"GA","N","seven_case",40,75,40,75,3000,0,0.375,1.5,"sigmoid","case_specific","none","default",TRUE,TRUE,0.866475932009962,2.09161971887403,-1.22514378686992,1.40999999998894,0.866475932009962,2.09161971887403,-1.22514378686992,0.00308087574677202,-0.0003154251788514,-0.000684294724623002,-0.000489424078188971,0.814614436580086,0.000271538145525052,2.30721161176007,-1.4925971751898,-0.348500161773984,-6.82892169897968,0.00308087574677202,-0.000271538145525052,-0.348500161773984,-6.82892169897968,-0.000489424078188971
"JVS02","weak_dependence_ga",54,"GA","N","seven_case",40,75,40,75,3000,0,0.375,1.5,"sigmoid","case_specific","none","default",TRUE,TRUE,1.00337906034997,3.02643440965494,-2.02305534930974,2.23000000001048,1.00337906034997,3.02643440965494,-2.02305534930974,-0.0120131558743176,-0.0002743726597914,-0.000917766052887015,-0.000657269722541015,3.12898037136983,0.001042993457122,9.38879966969034,-6.25981929832204,0.007932683669992,7.54432334672993,-0.0120131558743176,-0.001042993457122,0.007932683669992,7.54432334672993,-0.000657269722541015
"JVS02","weak_dependence_ga",55,"GA","N","seven_case",40,75,40,75,3000,0,0.375,1.5,"sigmoid","case_specific","none","default",TRUE,TRUE,0.82924006327994,1.98746299852405,-1.1582229352498,2.22999999999592,0.82924006327994,1.98746299852405,-1.1582229352498,0.0062663440861494,-9.68042036985015e-05,0.00220341406535596,0.00171031532185101,-2.10959561700997,-0.000703198539004024,0.152805436990093,-2.262401054002,1.83546601963303,18.01631304989,0.0062663440861494,0.000703198539004024,1.83546601963303,18.01631304989,0.00171031532185101
"JVS02","weak_dependence_ga",56,"GA","N","seven_case",40,75,40,75,3000,0,0.375,1.5,"sigmoid","case_specific","none","default",TRUE,TRUE,2.36344244613997,6.33377888101404,-3.97033643487021,4.22000000000116,2.36344244613997,6.33377888101404,-3.97033643487021,-0.0023479881084783,0.000425673730089102,0.00238308170185902,0.00172873130724999,-3.85996787292015,-0.001286655957637,-1.55182568294003,-2.3081421899676,-1.503506126822,-14.6203359238002,-0.0023479881084783,0.001286655957637,-1.503506126822,-14.6203359238002,0.00172873130724999
"JVS02","weak_dependence_ga",57,"GA","N","seven_case",40,75,40,75,3000,0,0.375,1.5,"sigmoid","case_specific","none","default",TRUE,TRUE,4.06007560917988,13.4985095279051,-9.43843391872042,4.87000000000986,4.06007560917988,13.4985095279051,-9.43843391872042,-0.0290843509264626,0.0014473827782352,0.00785770812978404,0.00609127940759802,-15.1789372861099,-0.00505964576203399,-9.67154664253985,-5.50739064356802,-1.31272003285602,-16.8783365469999,-0.0290843509264626,0.00505964576203399,-1.31272003285602,-16.8783365469999,0.00609127940759802
"JVS02","weak_dependence_ga",58,"GA","N","seven_case",40,75,40,75,3000,0,0.375,1.5,"sigmoid","case_specific","none","default",TRUE,TRUE,0.817375587909964,2.15142011963292,-1.33404453171988,0.70999999999185,0.817375587909964,2.15142011963292,-1.33404453171988,-0.0077702553367253,6.27235573110972e-05,0.000340828721116015,0.000322583562696016,5.13674398789999,0.00171224799596792,12.7657862749602,-7.62904228705298,1.04483417802498,7.55139919694966,-0.0077702553367253,-0.00171224799596792,1.04483417802498,7.55139919694966,0.000322583562696016
"JVS02","weak_dependence_ga",59,"GA","N","seven_case",40,75,40,75,3000,0,0.375,1.5,"sigmoid","case_specific","none","default",TRUE,TRUE,2.29764356576993,6.55247686932296,-4.25483330354973,3.18000000000756,2.29764356576993,6.55247686932296,-4.25483330354973,-0.0146219981052945,0.0016263415512785,6.5592077507004e-05,8.91000469699366e-06,-6.21333796780982,-0.00207111265593596,1.83443191509014,-8.0477698828913,1.03330695826105,20.6046523417199,-0.0146219981052945,0.00207111265593596,1.03330695826105,20.6046523417199,8.91000469699366e-06
"JVS02","weak_dependence_ga",60,"GA","N","seven_case",40,75,40,75,3000,0,0.375,1.5,"sigmoid","case_specific","none","default",TRUE,TRUE,0.924853399510084,2.22765902483297,-1.30280562532971,1.73000000001048,0.924853399510084,2.22765902483297,-1.30280562532971,-0.0037960304626035,0.0016922500557376,0.001724010136955,0.00130834819070802,-7.0604194384,-0.00235347314613599,-6.03745771650983,-1.02296172189301,-0.583388171140996,0.112409820670109,-0.0037960304626035,0.00235347314613599,-0.583388171140996,0.112409820670109,0.00130834819070802
"JVS02","weak_dependence_ga",61,"GA","N","seven_case",40,75,40,75,3000,0,0.375,1.5,"sigmoid","case_specific","none","default",TRUE,TRUE,2.31574673952991,6.30631460550399,-3.99056786598021,1.75,2.31574673952991,6.30631460550399,-3.99056786598021,-0.0159684617926896,-0.000140085148230801,0.00167514788589501,0.00116114246242799,3.39219477589995,0.00113073159196608,15.7308521495297,-12.33865737364,0.523038786210009,1.13799990983034,-0.0159684617926896,-0.00113073159196608,0.523038786210009,1.13799990983034,0.00116114246242799
"JVS02","weak_dependence_ga",62,"GA","N","seven_case",40,75,40,75,3000,0,0.375,1.5,"sigmoid","case_specific","none","default",TRUE,TRUE,0.226868617199898,0.487977103627941,-0.261108486439753,1.95999999999185,0.226868617199898,0.487977103627941,-0.261108486439753,-0.0021388106337728,0.000328784443105599,-1.74622850839801e-05,-5.28604516339959e-05,-1.45279686999993,-0.000484265623334035,-0.229004608030209,-1.22379226197998,0.427866197140986,-7.40702517042018,-0.0021388106337728,0.000484265623334035,0.427866197140986,-7.40702517042018,-5.28604516339959e-05
"JVS02","weak_dependence_ga",63,"GA","N","seven_case",40,75,40,75,3000,0,0.375,1.5,"sigmoid","case_specific","none","default",TRUE,TRUE,1.81362884613009,4.25505685069299,-2.44142800456984,1.7899999999936,1.81362884613009,4.25505685069299,-2.44142800456984,-0.0111283813839777,0.0010121700217468,0.002638247846663,0.00160907809791899,-3.5143776730697,-0.00117145922435802,3.18922631673968,-6.70360398980901,0.889652708851997,15.02543618447,-0.0111283813839777,0.00117145922435802,0.889652708851997,15.02543618447,0.00160907809791899
"JVS02","weak_dependence_ga",64,"GA","N","seven_case",40,75,40,75,3000,0,0.375,1.5,"sigmoid","case_specific","none","default",TRUE,TRUE,2.53553057481986,6.58450269120192,-4.0489721163899,1.38000000000466,2.53553057481986,6.58450269120192,-4.0489721163899,0.0218895728968546,0.000902875108048998,0.00362033940801004,0.00261586980775502,-39.4646653489904,-0.013154888449662,-33.5441199390502,-5.92054540993701,-1.31684814269198,-18.7437314473796,0.0218895728968546,0.013154888449662,-1.31684814269198,-18.7437314473796,0.00261586980775502
"JVS02","weak_dependence_ga",65,"GA","N","seven_case",40,75,40,75,3000,0,0.375,1.5,"sigmoid","case_specific","none","default",TRUE,TRUE,2.66174987905993,8.4748292916579,-5.81307941260002,4.95999999999186,2.66174987905993,8.4748292916579,-5.81307941260002,-0.0062556841540117,-0.000495219480388399,0.00275680679610896,0.00245301184985,-8.54156748210994,-0.00284718916070292,10.2803663663299,-18.821933848437,-6.54390788876992,-95.4516596236499,-0.0062556841540117,0.00284718916070292,-6.54390788876992,-95.4516596236499,0.00245301184985
"JVS02","weak_dependence_ga",66,"GA","N","seven_case",40,75,40,75,3000,0,0.375,1.5,"sigmoid","case_specific","none","default",TRUE,TRUE,1.11733618083008,2.52218364013504,-1.40484745931008,1.69999999999709,1.11733618083008,2.52218364013504,-1.40484745931008,0.0044262539840465,0.000923482894576399,0.00152875201799801,0.000978143717970004,-4.4520173791002,-0.00148400579303398,-3.74755019105032,-0.704467188050018,-0.346315436108,4.65361656065988,0.0044262539840465,0.00148400579303398,-0.346315436108,4.65361656065988,0.000978143717970004
"JVS02","weak_dependence_ga",67,"GA","N","seven_case",40,75,40,75,3000,0,0.375,1.5,"sigmoid","case_specific","none","default",TRUE,TRUE,0.717155481529971,2.21026066031902,-1.49310517878985,1.77999999998428,0.717155481529971,2.21026066031902,-1.49310517878985,0.0028767050374163,0.000448536819707801,0.001485342873984,0.001055466736472,-1.58494129757014,-0.000528313765857047,-3.51506198935022,1.93012069178303,-2.59497429362301,-22.0477192400499,0.0028767050374163,0.000528313765857047,-2.59497429362301,-22.0477192400499,0.001055466736472
"JVS02","weak_dependence_ga",68,"GA","N","seven_case",40,75,40,75,3000,0,0.375,1.5,"sigmoid","case_specific","none","default",TRUE,TRUE,1.17102028548015,2.89511429053209,-1.72409400505012,1.73000000001048,1.17102028548015,2.89511429053209,-1.72409400505012,0.00076586472947081,0.0012179476739646,0.00298648599338197,0.00207915492267602,-9.76906211015989,-0.00325635403671898,-7.29911101255993,-2.46995109759104,0.97715362981603,4.80359923109972,0.00076586472947081,0.00325635403671898,0.97715362981603,4.80359923109972,0.00207915492267602
"JVS02","weak_dependence_ga",69,"GA","N","seven_case",40,75,40,75,3000,0,0.375,1.5,"sigmoid","case_specific","none","default",TRUE,TRUE,5.92628760742991,11.576976963117,-5.65068935569002,2.08000000000174,5.92628760742991,11.576976963117,-5.65068935569002,-0.0278393811247563,-0.0002589600560386,0.00716701714271395,0.00537025162014004,-17.2495752872596,-0.00574985842908593,15.7377806458303,-32.9873559330883,-0.574197429708988,-9.78441156353028,-0.0278393811247563,0.00574985842908593,-0.574197429708988,-9.78441156353028,0.00537025162014004
"JVS02","weak_dependence_ga",70,"GA","N","seven_case",40,75,40,75,3000,0,0.375,1.5,"sigmoid","case_specific","none","default",TRUE,TRUE,1.29619381631005,3.89758651902093,-2.6013927027102,2.00999999999476,1.29619381631005,3.89758651902093,-2.6013927027102,-0.009577344131662,0.0010428996395912,0.00361011865282701,0.00265710350832898,-7.69274888639006,-0.00256424962879609,-4.41919420015029,-3.27355468623801,-0.280436246467048,-6.57723837531967,-0.009577344131662,0.00256424962879609,-0.280436246467048,-6.57723837531967,0.00265710350832898
"JVS02","weak_dependence_ga",71,"GA","N","seven_case",40,75,40,75,3000,0,0.375,1.5,"sigmoid","case_specific","none","default",TRUE,TRUE,1.02151715802006,2.28941045998602,-1.26789330197016,1.24000000000524,1.02151715802006,2.28941045998602,-1.26789330197016,-0.0037555528254286,0.0004871040717955,2.38666301609625e-05,1.47192353369963e-05,-3.08346307737997,-0.00102782102579302,1.92272565902022,-5.00618873639496,-1.536632317044,-22.62004657444,-0.0037555528254286,0.00102782102579302,-1.536632317044,-22.62004657444,1.47192353369963e-05
"JVS02","weak_dependence_ga",72,"GA","N","seven_case",40,75,40,75,3000,0,0.375,1.5,"sigmoid","case_specific","none","default",TRUE,TRUE,1.73359197721993,3.85298379610595,-2.11939181889011,2.39999999999418,1.73359197721993,3.85298379610595,-2.11939181889011,-0.008556812687505,1.82387782058022e-05,0.00182207143374402,0.00151694029503197,10.4073041832,0.00346910139440193,15.6204450105301,-5.21314082732704,-0.476047568316005,-10.9933477169998,-0.008556812687505,-0.00346910139440193,-0.476047568316005,-10.9933477169998,0.00151694029503197
"JVS02","weak_dependence_ga",73,"GA","N","seven_case",40,75,40,75,3000,0,0.375,1.5,"sigmoid","case_specific","none","default",TRUE,TRUE,2.0153186749601,5.25746811828901,-3.24214944332971,2.55999999999767,2.0153186749601,5.25746811828901,-3.24214944332971,-0.0058327722669847,0.0020445801444206,0.00185635981055499,0.00160560142581001,-5.46121686610991,-0.001820405622037,-4.24233228648973,-1.21888457962302,-1.57103090758704,-11.1974503053198,-0.0058327722669847,0.001820405622037,-1.57103090758704,-11.1974503053198,0.00160560142581001
"JVS02","weak_dependence_ga",74,"GA","N","seven_case",40,75,40,75,3000,0,0.375,1.5,"sigmoid","case_specific","none","default",TRUE,TRUE,1.65269717987985,4.65580266736208,-3.00310548747984,1.31999999999244,1.65269717987985,4.65580266736208,-3.00310548747984,-0.0056035888273868,0.000265759432552401,0.00118846719572696,0.000914545071119016,-1.20796447012003,-0.000402654823371984,2.17653077672003,-3.38449524683199,-0.742770586443044,-5.67115461153981,-0.0056035888273868,0.000402654823371984,-0.742770586443044,-5.67115461153981,0.000914545071119016
"JVS02","weak_dependence_ga",75,"GA","N","seven_case",40,75,40,75,3000,0,0.375,1.5,"sigmoid","case_specific","none","default",TRUE,TRUE,4.34332963235988,11.22439012186,-6.88106048950976,2.88999999999942,4.34332963235988,11.22439012186,-6.88106048950976,-0.0302855303956446,0.0010694387402379,0.00745429325125302,0.00566094593811195,-9.04245358444996,-0.00301415119481507,10.30119295635,-19.343646540798,1.371996716323,8.15297274676004,-0.0302855303956446,0.00301415119481507,1.371996716323,8.15297274676004,0.00566094593811195
"JVS02","weak_dependence_ga",76,"GA","N","seven_case",40,75,40,75,3000,0,0.375,1.5,"sigmoid","case_specific","none","default",TRUE,TRUE,1.39911103688019,3.38375292994897,-1.98464189305969,-1.21000000000641,1.39911103688019,3.38375292994897,-1.98464189305969,0.0031642160449836,-0.000636112682200301,-0.000273025946317007,-0.000333376241627992,1.00221978727996,0.00033407326242596,3.55001224333,-2.547792456048,-0.720477981018973,-11.1035407849399,0.0031642160449836,-0.00033407326242596,-0.720477981018973,-11.1035407849399,-0.000333376241627992
"JVS02","weak_dependence_ga",77,"GA","N","seven_case",40,75,40,75,3000,0,0.375,1.5,"sigmoid","case_specific","none","default",TRUE,TRUE,5.46764528268,19.584428253823,-14.1167829711503,5.56000000001223,5.46764528268,19.584428253823,-14.1167829711503,-0.0360886950960272,0.000601512152792499,0.003255560191669,0.002377138297467,-17.3275979580399,-0.00577586598601298,22.7768320617001,-40.1044300197436,-2.82599025613098,-20.7253822100101,-0.0360886950960272,0.00577586598601298,-2.82599025613098,-20.7253822100101,0.002377138297467
"JVS02","weak_dependence_ga",78,"GA","N","seven_case",40,75,40,75,3000,0,0.375,1.5,"sigmoid","case_specific","none","default",TRUE,TRUE,4.83208705684001,12.8264767947891,-7.99438973794986,4.34999999999127,4.83208705684001,12.8264767947891,-7.99438973794986,-0.0235282376757795,0.0014496638173501,0.00415476264847398,0.00316410365214098,-7.69454380301022,-0.00256484793433698,2.71512512801974,-10.409668931039,-0.658772014938052,-9.41162641537994,-0.0235282376757795,0.00256484793433698,-0.658772014938052,-9.41162641537994,0.00316410365214098
"JVS02","weak_dependence_ga",79,"GA","N","seven_case",40,75,40,75,3000,0,0.375,1.5,"sigmoid","case_specific","none","default",TRUE,TRUE,2.44721574328992,6.30955956077105,-3.86234381748,1.66000000000349,2.44721574328992,6.30955956077105,-3.86234381748,-0.0089633547296204,-2.31024005819015e-05,-0.000257981379565009,-0.000413052985879986,-7.19733083120036,-0.00239911027706696,2.02304905720985,-9.220379888407,-0.700928753166977,-4.2056243413499,-0.0089633547296204,0.00239911027706696,-0.700928753166977,-4.2056243413499,-0.000413052985879986
"JVS02","weak_dependence_ga",80,"GA","N","seven_case",40,75,40,75,3000,0,0.375,1.5,"sigmoid","case_specific","none","default",TRUE,TRUE,1.24787909901988,2.844391984352,-1.59651288532996,1.14999999999418,1.24787909901988,2.844391984352,-1.59651288532996,-0.0018720299780433,0.0003536878792029,0.00063377607339099,0.000434628632722978,-9.95809527324991,-0.00331936509108111,-3.96331948966008,-5.99477578358599,-0.535822381574008,2.76175402097988,-0.0018720299780433,0.00331936509108111,-0.535822381574008,2.76175402097988,0.000434628632722978
"JVS02","weak_dependence_ga",81,"GA","N","seven_case",40,75,40,75,3000,0,0.375,1.5,"sigmoid","case_specific","none","default",TRUE,TRUE,1.9339160572199,4.70988894271602,-2.77597288550987,1.09000000001106,1.9339160572199,4.70988894271602,-2.77597288550987,-0.0016695312298897,0.000312990885997001,-0.000156883381388029,-0.000344591069844025,-6.88002592993007,-0.00229334197664199,-0.335260270889648,-6.54476565903701,-1.19419055802297,-14.40881747189,-0.0016695312298897,0.00229334197664199,-1.19419055802297,-14.40881747189,-0.000344591069844025
"JVS02","weak_dependence_ga",82,"GA","N","seven_case",40,75,40,75,3000,0,0.375,1.5,"sigmoid","case_specific","none","default",TRUE,TRUE,2.63378907991,6.84368578093301,-4.20989670100971,3.19999999999709,2.63378907991,6.84368578093301,-4.20989670100971,0.0016614010046715,0.0035285526994114,0.00406773987709802,0.00328316366874304,-15.38462429013,-0.005128208096709,-19.26052981566,3.8759055255314,1.79646161522498,18.5077258497799,0.0016614010046715,0.005128208096709,1.79646161522498,18.5077258497799,0.00328316366874304
"JVS02","weak_dependence_ga",83,"GA","N","seven_case",40,75,40,75,3000,0,0.375,1.5,"sigmoid","case_specific","none","default",TRUE,TRUE,1.06869488308985,2.56972685064704,-1.50103196755981,0.98000000001048,1.06869488308985,2.56972685064704,-1.50103196755981,-0.0120474477616133,0.000552866563207199,0.00118465189176803,0.000973262827812016,-4.98573262953005,-0.00166191087650791,1.10051676095964,-6.08624939048456,1.50124250742203,16.4671256234701,-0.0120474477616133,0.00166191087650791,1.50124250742203,16.4671256234701,0.000973262827812016
"JVS02","weak_dependence_ga",84,"GA","N","seven_case",40,75,40,75,3000,0,0.375,1.5,"sigmoid","case_specific","none","default",TRUE,TRUE,1.37621823349014,3.70425955542601,-2.32804132193041,0.88000000000465,1.37621823349014,3.70425955542601,-2.32804132193041,-0.012078006772262,0.000505117963822199,0.00218670584205805,0.00147984025997999,-4.81178435924994,-0.00160392811975107,0.657362180959808,-5.469146540216,-2.44589458982699,-16.1381468561303,-0.012078006772262,0.00160392811975107,-2.44589458982699,-16.1381468561303,0.00147984025997999
"JVS02","weak_dependence_ga",85,"GA","N","seven_case",40,75,40,75,3000,0,0.375,1.5,"sigmoid","case_specific","none","default",TRUE,TRUE,1.37081292317998,3.21888993490097,-1.84807701171985,1.77999999998428,1.37081292317998,3.21888993490097,-1.84807701171985,-0.0003360596863149,-0.0001143929213046,0.00361846698013002,0.00285841365244605,0.239109134349974,7.97030447859948e-05,0.942725933010024,-0.703616798647005,-1.83733804075899,-18.9226428265001,-0.0003360596863149,-7.97030447859948e-05,-1.83733804075899,-18.9226428265001,0.00285841365244605
"JVS02","weak_dependence_ga",86,"GA","N","seven_case",40,75,40,75,3000,0,0.375,1.5,"sigmoid","case_specific","none","default",TRUE,TRUE,0.717049624739957,1.68424305849499,-0.967193433749799,1.73000000001048,0.717049624739957,1.68424305849499,-0.967193433749799,-0.0021794278394903,0.000275891617010901,0.00293412028377998,0.00227307834731699,-1.28756694147978,-0.000429188980495931,2.57094575430028,-3.85851269579621,-2.095222868279,-16.7590077207601,-0.0021794278394903,0.000429188980495931,-2.095222868279,-16.7590077207601,0.00227307834731699
"JVS02","weak_dependence_ga",87,"GA","N","seven_case",40,75,40,75,3000,0,0.375,1.5,"sigmoid","case_specific","none","default",TRUE,TRUE,1.77113471300981,3.720828879088,-1.94969416608001,2.2899999999936,1.77113471300981,3.720828879088,-1.94969416608001,0.0051777886195882,0.0011502283301466,0.00386032258024299,0.00290216311408203,-10.8033735686899,-0.00360112452289696,-11.3765357757297,0.573162207041896,-0.625864683708016,-2.9898052806202,0.0051777886195882,0.00360112452289696,-0.625864683708016,-2.9898052806202,0.00290216311408203
"JVS02","weak_dependence_ga",88,"GA","N","seven_case",40,75,40,75,3000,0,0.375,1.5,"sigmoid","case_specific","none","default",TRUE,TRUE,1.85308966850994,5.16511255085607,-3.31202288234999,2.58999999999651,1.85308966850994,5.16511255085607,-3.31202288234999,0.0122645181462222,0.000594384923541399,0.00499896634304797,0.00378621185788602,-7.35618516880004,-0.002452061722934,-3.64171342429972,-3.71447174449798,1.13334333319597,10.4132591809903,0.0122645181462222,0.002452061722934,1.13334333319597,10.4132591809903,0.00378621185788602
"JVS02","weak_dependence_ga",89,"GA","N","seven_case",40,75,40,75,3000,0,0.375,1.5,"sigmoid","case_specific","none","default",TRUE,TRUE,1.99048091803002,6.126622119731,-4.13614120169996,2.95999999999185,1.99048091803002,6.126622119731,-4.13614120169996,-0.0106962006544299,0.000740717066796202,0.00544197511866901,0.004150718108336,-19.23972338318,-0.00641324112772801,-11.9604350802801,-7.27928830290796,-0.278893514234028,-5.75103595976998,-0.0106962006544299,0.00641324112772801,-0.278893514234028,-5.75103595976998,0.004150718108336
"JVS02","weak_dependence_ga",90,"GA","N","seven_case",40,75,40,75,3000,0,0.375,1.5,"sigmoid","case_specific","none","default",TRUE,TRUE,0.203043345379911,0.45104492116991,-0.248001575789658,1.22000000001572,0.203043345379911,0.45104492116991,-0.248001575789658,-0.0035288742355675,9.32095712238984e-05,0.000881950012353028,0.000707762518521948,-0.818336319819991,-0.000272778773273918,-1.85965328616021,1.04131696633902,-1.86326780739705,-12.9395930632199,-0.0035288742355675,0.000272778773273918,-1.86326780739705,-12.9395930632199,0.000707762518521948
"JVS02","weak_dependence_ga",91,"GA","N","seven_case",40,75,40,75,3000,0,0.375,1.5,"sigmoid","case_specific","none","default",TRUE,TRUE,1.53829859313009,5.87321649311099,-4.33491789997015,1.7899999999936,1.53829859313009,5.87321649311099,-4.33491789997015,-0.0128348076658924,0.000100308739438497,0.000755307281450013,0.000498852159214996,-6.68494724422999,-0.00222831574807703,0.0607614894097424,-6.74570873364399,0.762286119635007,0.0475139205000232,-0.0128348076658924,0.00222831574807703,0.762286119635007,0.0475139205000232,0.000498852159214996
"JVS02","weak_dependence_ga",92,"GA","N","seven_case",40,75,40,75,3000,0,0.375,1.5,"sigmoid","case_specific","none","default",TRUE,TRUE,2.17788397618006,6.43083522649999,-4.25295125032972,3.17999999997846,2.17788397618006,6.43083522649999,-4.25295125032972,0.0017921894461276,0.0045235147753725,0.00923844170119703,0.00772290468611397,-15.97620168298,-0.00532540056099495,-19.3892837424601,3.4130820594708,-2.699289056456,-32.4603828029303,0.0017921894461276,0.00532540056099495,-2.699289056456,-32.4603828029303,0.00772290468611397
"JVS02","weak_dependence_ga",93,"GA","N","seven_case",40,75,40,75,3000,0,0.375,1.5,"sigmoid","case_specific","none","default",TRUE,TRUE,0.126955856540008,0.286536695116069,-0.159580838570037,0.70999999999185,0.126955856540008,0.286536695116069,-0.159580838570037,0.000501573495810495,0.000229640856647201,0.000190171618582036,0.00012323831067701,-1.31172265864006,-0.000437240886213996,-1.12182553964976,-0.189897118993997,0.0798653113690193,-0.268051530479624,0.000501573495810495,0.000437240886213996,0.0798653113690193,-0.268051530479624,0.00012323831067701
"JVS02","weak_dependence_ga",94,"GA","N","seven_case",40,75,40,75,3000,0,0.375,1.5,"sigmoid","case_specific","none","default",TRUE,TRUE,0.97852989571993,2.51174460164498,-1.53321470592982,2.13999999998486,0.97852989571993,2.51174460164498,-1.53321470592982,-0.0060633093320233,0.0021476510020021,0.00433528776305397,0.00364582248100598,-2.38887980636991,-0.000796293268791048,-6.17996865164014,3.79108884527403,0.303983199463005,17.3814655964902,-0.0060633093320233,0.000796293268791048,0.303983199463005,17.3814655964902,0.00364582248100598
"JVS02","weak_dependence_ga",95,"GA","N","seven_case",40,75,40,75,3000,0,0.375,1.5,"sigmoid","case_specific","none","default",TRUE,TRUE,1.85475558406006,5.06018433540794,-3.2054287513397,1.67999999999302,1.85475558406006,5.06018433540794,-3.2054287513397,0.0042410073887262,0.000354693395633399,0.000999737126428979,0.000744980342544999,-2.75220894331005,-0.000917402981104987,3.54275646506994,-6.29496540837999,-1.174134023904,-10.30195568206,0.0042410073887262,0.000917402981104987,-1.174134023904,-10.30195568206,0.000744980342544999
"JVS02","weak_dependence_ga",96,"GA","N","seven_case",40,75,40,75,3000,0,0.375,1.5,"sigmoid","case_specific","none","default",TRUE,TRUE,0.806333144990049,1.978085324164,-1.17175217917975,2.08000000001629,0.806333144990049,1.978085324164,-1.17175217917975,-0.00763052631692659,0.000514211744186397,0.00364714713396297,0.00292288672506097,-2.68024785175021,-0.000893415950582011,-4.20119335427989,1.52094550252799,-1.74533947142402,-18.18612703807,-0.00763052631692659,0.000893415950582011,-1.74533947142402,-18.18612703807,0.00292288672506097
"JVS02","weak_dependence_ga",97,"GA","N","seven_case",40,75,40,75,3000,0,0.375,1.5,"sigmoid","case_specific","none","default",TRUE,TRUE,0.190928121859997,0.505133819698926,-0.314205697829948,0.58999999999651,0.190928121859997,0.505133819698926,-0.314205697829948,0.0022223918567577,-9.66833060937998e-05,0.000133423700239998,8.39964893580014e-05,-0.838236807839849,-0.000279412269280965,-0.560400723009934,-0.277836084835997,2.703841885749,25.4773622886701,0.0022223918567577,0.000279412269280965,2.703841885749,25.4773622886701,8.39964893580014e-05
"JVS02","weak_dependence_ga",98,"GA","N","seven_case",40,75,40,75,3000,0,0.375,1.5,"sigmoid","case_specific","none","default",TRUE,TRUE,0.261167917549983,0.53653950564501,-0.275371588099915,1.19000000000233,0.261167917549983,0.53653950564501,-0.275371588099915,-0.000370829787312101,-0.000154583279200302,0.00111394378467,0.000880145172664992,-0.0684344868300286,-2.28114956100089e-05,-0.0642438733102608,-0.00419061352204153,0.137298069582016,8.87522431003026,-0.000370829787312101,2.28114956100089e-05,0.137298069582016,8.87522431003026,0.000880145172664992
"JVS02","weak_dependence_ga",99,"GA","N","seven_case",40,75,40,75,3000,0,0.375,1.5,"sigmoid","case_specific","none","default",TRUE,TRUE,0.563663360160035,1.3072811456949,-0.743617785530205,0.90999999997439,0.563663360160035,1.3072811456949,-0.743617785530205,-0.0041543211616519,0.0007332939200154,0.00120567572417402,0.000692766767689978,-3.79935143714965,-0.00126645047905105,-0.153475894569965,-3.6458755425777,0.11373730630703,8.03875337026011,-0.0041543211616519,0.00126645047905105,0.11373730630703,8.03875337026011,0.000692766767689978
"JVS02","weak_dependence_ga",100,"GA","N","seven_case",40,75,40,75,3000,0,0.375,1.5,"sigmoid","case_specific","none","default",TRUE,TRUE,0.612203432609931,2.24124839267796,-1.62904496006968,0.0500000000174601,0.612203432609931,2.24124839267796,-1.62904496006968,0.0011417963266261,4.10324243428004e-05,0.00116053485712503,0.000773677260973993,-2.37704635090995,-0.000792348783636987,-0.860932362060339,-1.51611398884901,-1.21143993111997,-0.858936446480129,0.0011417963266261,0.000792348783636987,-1.21143993111997,-0.858936446480129,0.000773677260973993
"JVS04","fewer_time_points_same_rows_ga",1,"GA","N","seven_case",150,20,150,20,3000,0,0.375,3.5,"sigmoid","case_specific","none","default",TRUE,TRUE,1.55162050242203,3.00457714954996,-1.45295664713012,2.87000000002444,1.55162050242203,3.00457714954996,-1.45295664713012,-0.0102758953751493,-0.000780072433937299,-0.000193026402712015,-0.000345080659988006,-42.2541194260803,-0.01408470647536,12.7016384099297,-54.95575783601,0.1707742579658,1.57885854476599,-0.0102758953751493,0.01408470647536,0.1707742579658,1.57885854476599,-0.000345080659988006
"JVS04","fewer_time_points_same_rows_ga",2,"GA","N","seven_case",150,20,150,20,3000,0,0.375,3.5,"sigmoid","case_specific","none","default",TRUE,TRUE,3.10407321500799,7.35854118774,-4.2544679727398,6.76999999998953,3.10407321500799,7.35854118774,-4.2544679727398,0.002859801411731,0.0022202693431212,0.00497059250792808,0.00448718203332199,85.5529502362697,0.0285176500787498,-9.01842646507976,94.5713767013499,-0.0327039281559003,-0.192399597703599,0.002859801411731,-0.0285176500787498,-0.0327039281559003,-0.192399597703599,0.00448718203332199
"JVS04","fewer_time_points_same_rows_ga",3,"GA","N","seven_case",150,20,150,20,3000,0,0.375,3.5,"sigmoid","case_specific","none","default",TRUE,TRUE,3.94543963365402,9.64955787539998,-5.70411824173971,4.03000000002794,3.94543963365402,9.64955787539998,-5.70411824173971,0.00558822535529353,0.0010311486786611,0.002236700885483,0.00164095546857901,-98.34554960694,-0.03278184986898,4.90736441763011,-103.25291402457,0.077441820250197,-0.419552659215,0.00558822535529353,0.03278184986898,0.077441820250197,-0.419552659215,0.00164095546857901
"JVS04","fewer_time_points_same_rows_ga",4,"GA","N","seven_case",150,20,150,20,3000,0,0.375,3.5,"sigmoid","case_specific","none","default",TRUE,TRUE,34.982328887558,55.9572060626599,-20.9748771751001,16.5999999999767,34.982328887558,55.9572060626599,-20.9748771751001,-0.0304044162370162,0.0009997338597862,0.011605417263421,0.00920391219384697,-149.02179727654,-0.04967393242552,13.17131507772,-162.19311235426,-0.240088752281302,-1.5460756759615,-0.0304044162370162,0.04967393242552,-0.240088752281302,-1.5460756759615,0.00920391219384697
"JVS04","fewer_time_points_same_rows_ga",5,"GA","N","seven_case",150,20,150,20,3000,0,0.375,3.5,"sigmoid","case_specific","none","default",TRUE,TRUE,21.856066757923,34.4827822013999,-12.6267154434699,36.6099999999861,21.856066757923,34.4827822013999,-12.6267154434699,-0.0346835307216064,0.000623239658927102,0.012530592730565,0.00947356820265999,396.0884176738,0.13202947255792,34.2179232006802,361.87049447309,-0.1425477027366,-0.958276286089003,-0.0346835307216064,-0.13202947255792,-0.1425477027366,-0.958276286089003,0.00947356820265999
"JVS04","fewer_time_points_same_rows_ga",6,"GA","N","seven_case",150,20,150,20,3000,0,0.375,3.5,"sigmoid","case_specific","none","default",TRUE,TRUE,14.225656136374,22.2956186318299,-8.06996249546,18.6199999999954,14.225656136374,22.2956186318299,-8.06996249546,-0.042524022457745,0.0017409781481252,0.00554106974660007,0.00394624806910598,-162.99112764047,-0.0543303758801499,2.03629649789036,-165.027424138359,0.0288710316842007,-0.379465172699796,-0.042524022457745,0.0543303758801499,0.0288710316842007,-0.379465172699796,0.00394624806910598
"JVS04","fewer_time_points_same_rows_ga",7,"GA","N","seven_case",150,20,150,20,3000,0,0.375,3.5,"sigmoid","case_specific","none","default",TRUE,TRUE,3.955848079232,5.98566721556017,-2.02981913632993,4.44000000000233,3.955848079232,5.98566721556017,-2.02981913632993,-0.0154494769714934,-2.97208019813013e-05,0.000275126064417042,0.000184005961061995,-26.1755860938001,-0.00872519536459992,4.73476693021985,-30.91035302402,0.0234921690984002,0.272005337967997,-0.0154494769714934,0.00872519536459992,0.0234921690984002,0.272005337967997,0.000184005961061995
"JVS04","fewer_time_points_same_rows_ga",8,"GA","N","seven_case",150,20,150,20,3000,0,0.375,3.5,"sigmoid","case_specific","none","default",TRUE,TRUE,0.662785715629013,1.88124675265999,-1.21846103704002,3.04000000000815,0.662785715629013,1.88124675265999,-1.21846103704002,0.001820207434193,0.000281847277836301,0.000582593056031033,0.000457888165177001,-1.57987816660989,-0.000526626055540103,-5.3526299942896,3.77275182768972,-0.0279162596354006,-0.982966612960013,0.001820207434193,0.000526626055540103,-0.0279162596354006,-0.982966612960013,0.000457888165177001
"JVS04","fewer_time_points_same_rows_ga",9,"GA","N","seven_case",150,20,150,20,3000,0,0.375,3.5,"sigmoid","case_specific","none","default",TRUE,TRUE,6.22082972696097,11.8754717772599,-5.65464205030003,20.1999999999825,6.22082972696097,11.8754717772599,-5.65464205030003,0.00600105661285907,0.0011598778069019,0.000685557310387996,0.00200629119878293,76.0187887455704,0.0253395962485301,1.17563530562984,74.8431534399401,-0.00881740445110069,-1.0616209998274,0.00600105661285907,-0.0253395962485301,-0.00881740445110069,-1.0616209998274,0.00200629119878293
"JVS04","fewer_time_points_same_rows_ga",10,"GA","N","seven_case",150,20,150,20,3000,0,0.375,3.5,"sigmoid","case_specific","none","default",TRUE,TRUE,9.072503315566,19.1096137260899,-10.0371104105302,13.0199999999896,9.072503315566,19.1096137260899,-10.0371104105302,0.000121575053229902,0.0011993035162667,0.0063648675519139,0.006193202634249,-34.9412765796205,-0.0116470921932099,-1.96715444045003,-32.97412213917,-0.145586031744401,-0.650593624791014,0.000121575053229902,0.0116470921932099,-0.145586031744401,-0.650593624791014,0.006193202634249
"JVS04","fewer_time_points_same_rows_ga",11,"GA","N","seven_case",150,20,150,20,3000,0,0.375,3.5,"sigmoid","case_specific","none","default",TRUE,TRUE,1.10845825769496,1.47196720861007,-0.363508950920277,3.85000000000582,1.10845825769496,1.47196720861007,-0.363508950920277,-0.000773913821970403,0.000258441744202802,-0.000310456819335947,-0.000164492598406007,-38.7776863668,-0.0129258954556,-1.21991158889023,-37.55777477791,0.121206885590599,0.975279369958997,-0.000773913821970403,0.0129258954556,0.121206885590599,0.975279369958997,-0.000164492598406007
"JVS04","fewer_time_points_same_rows_ga",12,"GA","N","seven_case",150,20,150,20,3000,0,0.375,3.5,"sigmoid","case_specific","none","default",TRUE,TRUE,6.88191794347296,14.3848239882002,-7.50290604474003,4.01999999998952,6.88191794347296,14.3848239882002,-7.50290604474003,-0.0195279932474536,0.000216192352318501,0.000757339960226977,0.000278148550549973,-114.43532819267,-0.0381451093975598,5.64447604093994,-120.07980423362,-0.0945865855753993,0.0508173333410014,-0.0195279932474536,0.0381451093975598,-0.0945865855753993,0.0508173333410014,0.000278148550549973
"JVS04","fewer_time_points_same_rows_ga",13,"GA","N","seven_case",150,20,150,20,3000,0,0.375,3.5,"sigmoid","case_specific","none","default",TRUE,TRUE,4.74391405719604,11.0635199549902,-6.31960589778964,11.2600000000093,4.74391405719604,11.0635199549902,-6.31960589778964,-0.003345288905128,0.000167811252696902,0.00211404147354999,0.00231080196857197,27.3251625574903,0.00910838751915999,-7.37465963281011,34.6998221903,-0.117264751502198,-0.865731652782998,-0.003345288905128,-0.00910838751915999,-0.117264751502198,-0.865731652782998,0.00231080196857197
"JVS04","fewer_time_points_same_rows_ga",14,"GA","N","seven_case",150,20,150,20,3000,0,0.375,3.5,"sigmoid","case_specific","none","default",TRUE,TRUE,0.243044296524999,0.738964248279899,-0.495919951759788,1.44999999998254,0.243044296524999,0.738964248279899,-0.495919951759788,-0.000825350458290394,-0.000162089529457499,0.000583801109468096,0.000389103535581969,5.19435494086974,0.00173145164695998,2.10897113516967,3.08538380569962,-0.0179482479838988,-0.213875357414395,-0.000825350458290394,-0.00173145164695998,-0.0179482479838988,-0.213875357414395,0.000389103535581969
"JVS04","fewer_time_points_same_rows_ga",15,"GA","N","seven_case",150,20,150,20,3000,0,0.375,3.5,"sigmoid","case_specific","none","default",TRUE,TRUE,1.12844986153698,1.69529036524,-0.56684050369995,1.38999999998486,1.12844986153698,1.69529036524,-0.56684050369995,0.0101858209758345,2.81902681936001e-05,0.000807320298956027,0.000644089107083967,-40.7735124855999,-0.0135911708285401,-4.23378651972007,-36.5397259658703,0.0481835033065003,0.102932804165007,0.0101858209758345,0.0135911708285401,0.0481835033065003,0.102932804165007,0.000644089107083967
"JVS04","fewer_time_points_same_rows_ga",16,"GA","N","seven_case",150,20,150,20,3000,0,0.375,3.5,"sigmoid","case_specific","none","default",TRUE,TRUE,3.86943305019099,6.30811247962015,-2.43867942942006,8.66000000003263,3.86943305019099,6.30811247962015,-2.43867942942006,-0.0119554329901741,0.0013297793320052,0.00255339988875503,0.00231945817002899,-77.2484815657699,-0.02574949385526,-2.12162641704026,-75.1268551487296,-0.109218957049801,-0.464758383803002,-0.0119554329901741,0.02574949385526,-0.109218957049801,-0.464758383803002,0.00231945817002899
"JVS04","fewer_time_points_same_rows_ga",17,"GA","N","seven_case",150,20,150,20,3000,0,0.375,3.5,"sigmoid","case_specific","none","default",TRUE,TRUE,6.13050220959599,12.48298552093,-6.35248331133016,5.28999999997904,6.13050220959599,12.48298552093,-6.35248331133016,-0.0129224223910265,0.0005338549185641,0.000680764175530979,0.000278548191728956,-32.3099655165497,-0.0107699885055199,20.68356657396,-52.9935320904999,-0.0500665153538016,-0.306725670767008,-0.0129224223910265,0.0107699885055199,-0.0500665153538016,-0.306725670767008,0.000278548191728956
"JVS04","fewer_time_points_same_rows_ga",18,"GA","N","seven_case",150,20,150,20,3000,0,0.375,3.5,"sigmoid","case_specific","none","default",TRUE,TRUE,17.45821577051,28.8549516703702,-11.3967358998598,16.929999999993,17.45821577051,28.8549516703702,-11.3967358998598,-0.0323289266757199,0.0042573893211574,0.00951013870542994,0.00840493856166596,-186.53494561553,-0.0621783152051698,-10.1046236705401,-176.430321944979,0.145077990466099,0.985557336068993,-0.0323289266757199,0.0621783152051698,0.145077990466099,0.985557336068993,0.00840493856166596
"JVS04","fewer_time_points_same_rows_ga",19,"GA","N","seven_case",150,20,150,20,3000,0,0.375,3.5,"sigmoid","case_specific","none","default",TRUE,TRUE,17.160760865308,23.17877439883,-6.01801353351993,5.73999999999068,17.160760865308,23.17877439883,-6.01801353351993,-0.0070479226842302,0.0026014874239181,0.00663944891908597,0.00474487775228805,-1841.21634540294,-0.61373878180098,-19.2337389723002,-1821.98260643064,-0.197975303324302,-0.859250645193001,-0.0070479226842302,0.61373878180098,-0.197975303324302,-0.859250645193001,0.00474487775228805
"JVS04","fewer_time_points_same_rows_ga",20,"GA","N","seven_case",150,20,150,20,3000,0,0.375,3.5,"sigmoid","case_specific","none","default",TRUE,TRUE,10.9236653898449,18.2434655639499,-7.31980017410979,4.25,10.9236653898449,18.2434655639499,-7.31980017410979,-0.0141254822482475,0.0005346243044295,0.00311021008645196,0.00244885622841196,-344.741277057879,-0.11491375901929,10.3327171794299,-355.07399423731,-0.154794112267503,-0.861617210988996,-0.0141254822482475,0.11491375901929,-0.154794112267503,-0.861617210988996,0.00244885622841196
"JVS04","fewer_time_points_same_rows_ga",21,"GA","N","seven_case",150,20,150,20,3000,0,0.375,3.5,"sigmoid","case_specific","none","default",TRUE,TRUE,0.723985687772995,2.62921404234999,-1.90522835456022,4.35999999998603,0.723985687772995,2.62921404234999,-1.90522835456022,0.0073747518945643,-3.88805928029992e-06,0.000374710409701051,0.000298506537949994,-8.15724102682998,-0.00271908034227009,-5.01725816145017,-3.13998286537981,0.00722634064220173,-0.0142438438931123,0.0073747518945643,0.00271908034227009,0.00722634064220173,-0.0142438438931123,0.000298506537949994
"JVS04","fewer_time_points_same_rows_ga",22,"GA","N","seven_case",150,20,150,20,3000,0,0.375,3.5,"sigmoid","case_specific","none","default",TRUE,TRUE,46.783578572145,82.8321512755599,-36.0485727034102,25.8099999999977,46.783578572145,82.8321512755599,-36.0485727034102,-0.0623754244975024,0.0043801277113849,0.0179366978884721,0.014906993971551,-344.139210652899,-0.11471307021764,12.8013882506098,-356.94059890351,0.0264753493058976,-0.633579425329998,-0.0623754244975024,0.11471307021764,0.0264753493058976,-0.633579425329998,0.014906993971551
"JVS04","fewer_time_points_same_rows_ga",23,"GA","N","seven_case",150,20,150,20,3000,0,0.375,3.5,"sigmoid","case_specific","none","default",TRUE,TRUE,28.395387009143,45.8314470037401,-17.4360599946001,16.0799999999872,28.395387009143,45.8314470037401,-17.4360599946001,-0.0409383226746057,0.000515646558930102,0.00826752441459799,0.00653743594501099,-165.33935053977,-0.0551131168465899,61.4206488114501,-226.75999935121,0.0697037767041024,-0.410417275200984,-0.0409383226746057,0.0551131168465899,0.0697037767041024,-0.410417275200984,0.00653743594501099
"JVS04","fewer_time_points_same_rows_ga",24,"GA","N","seven_case",150,20,150,20,3000,0,0.375,3.5,"sigmoid","case_specific","none","default",TRUE,TRUE,2.59409584064804,7.85370020917003,-5.25960436852029,7.25999999998021,2.59409584064804,7.85370020917003,-5.25960436852029,-0.0101921865373719,0.000434980917556203,-0.00162667254035198,-0.00140012686573199,-21.7783247849502,-0.00725944159497982,-3.97143765377996,-17.80688713117,-0.126819482002698,-0.112191913899991,-0.0101921865373719,0.00725944159497982,-0.126819482002698,-0.112191913899991,-0.00140012686573199
"JVS04","fewer_time_points_same_rows_ga",25,"GA","N","seven_case",150,20,150,20,3000,0,0.375,3.5,"sigmoid","case_specific","none","default",TRUE,TRUE,4.546978608443,19.35711456533,-14.8101359569,5.29000000000815,4.546978608443,19.35711456533,-14.8101359569,-0.008889050323125,0.0010823606126657,0.00320051288874201,0.00243320375787398,-41.8627040072597,-0.0139542346690902,-2.05921670482985,-39.8034873024299,0.0517593137170991,-0.338299597854018,-0.008889050323125,0.0139542346690902,0.0517593137170991,-0.338299597854018,0.00243320375787398
"JVS04","fewer_time_points_same_rows_ga",26,"GA","N","seven_case",150,20,150,20,3000,0,0.375,3.5,"sigmoid","case_specific","none","default",TRUE,TRUE,4.45214195906101,9.8226849473001,-5.37054298823978,10.7000000000117,4.45214195906101,9.8226849473001,-5.37054298823978,-8.52575512156964e-05,0.0018855547257984,0.00198866970121803,0.00201524261651398,11.7609207617697,0.00392030692058976,-17.5947836718601,29.3557044336303,-0.0662422018789002,-0.73605330569201,-8.52575512156964e-05,-0.00392030692058976,-0.0662422018789002,-0.73605330569201,0.00201524261651398
"JVS04","fewer_time_points_same_rows_ga",27,"GA","N","seven_case",150,20,150,20,3000,0,0.375,3.5,"sigmoid","case_specific","none","default",TRUE,TRUE,1.08289786306904,2.51215743529997,-1.42925957222997,5.94999999998254,1.08289786306904,2.51215743529997,-1.42925957222997,-0.000817564174659301,9.47242657279995e-05,-0.000532422492397044,-0.000761654442373971,-16.8464615972098,-0.0056154871990699,-0.0243397528302012,-16.82212184438,-0.00953589952960243,0.0446267372579996,-0.000817564174659301,0.0056154871990699,-0.00953589952960243,0.0446267372579996,-0.000761654442373971
"JVS04","fewer_time_points_same_rows_ga",28,"GA","N","seven_case",150,20,150,20,3000,0,0.375,3.5,"sigmoid","case_specific","none","default",TRUE,TRUE,1.99979134541201,3.18061239477993,-1.18082104937002,1.9100000000326,1.99979134541201,3.18061239477993,-1.18082104937002,-0.00331199355442791,-0.001188809741834,-4.09497494059385e-05,-6.46788014649902e-05,-46.1198119191104,-0.0153732706397003,14.97777197299,-61.0975838920899,-0.0255825825144989,0.285212135933008,-0.00331199355442791,0.0153732706397003,-0.0255825825144989,0.285212135933008,-6.46788014649902e-05
"JVS04","fewer_time_points_same_rows_ga",29,"GA","N","seven_case",150,20,150,20,3000,0,0.375,3.5,"sigmoid","case_specific","none","default",TRUE,TRUE,9.24587876072297,21.0408955944401,-11.7950168337202,5.76000000000931,9.24587876072297,21.0408955944401,-11.7950168337202,-0.0146986435131569,0.0019706228239162,0.00240235301295899,0.00176999370146802,-139.67543593588,-0.0465584786452902,-10.7121557457399,-128.96328019015,0.0607917780830007,0.622769075272004,-0.0146986435131569,0.0465584786452902,0.0607917780830007,0.622769075272004,0.00176999370146802
"JVS04","fewer_time_points_same_rows_ga",30,"GA","N","seven_case",150,20,150,20,3000,0,0.375,3.5,"sigmoid","case_specific","none","default",TRUE,TRUE,20.583276414273,36.73708765333,-16.1538112390601,21.6700000000128,20.583276414273,36.73708765333,-16.1538112390601,-0.0415123048106458,-0.000515663285007399,0.010140876224755,0.00811969296118503,-182.71108420418,-0.0609036947347301,51.0173468742,-233.72843107839,-0.0997214822844015,-0.697055009456989,-0.0415123048106458,0.0609036947347301,-0.0997214822844015,-0.697055009456989,0.00811969296118503
"JVS04","fewer_time_points_same_rows_ga",31,"GA","N","seven_case",150,20,150,20,3000,0,0.375,3.5,"sigmoid","case_specific","none","default",TRUE,TRUE,10.072274584462,21.83796536622,-11.76569078176,5.19000000000233,10.072274584462,21.83796536622,-11.76569078176,-0.000821531020189302,0.0044257749293364,0.00142199320999503,0.001287985804028,64.2765538143794,0.02142551793813,-10.0627791142001,74.33933292857,-0.120541374077497,-0.581448545175988,-0.000821531020189302,-0.02142551793813,-0.120541374077497,-0.581448545175988,0.001287985804028
"JVS04","fewer_time_points_same_rows_ga",32,"GA","N","seven_case",150,20,150,20,3000,0,0.375,3.5,"sigmoid","case_specific","none","default",TRUE,TRUE,0.433207712304011,2.38759548091002,-1.9543877686001,1.51999999998953,0.433207712304011,2.38759548091002,-1.9543877686001,-0.0005528031057381,-0.000713954642692902,-0.000101812605669993,-0.000303215747107011,2.91537527628043,0.000971791758760165,4.23749661591,-1.32212133963003,-0.0526520286070991,-0.010701641739999,-0.0005528031057381,-0.000971791758760165,-0.0526520286070991,-0.010701641739999,-0.000303215747107011
"JVS04","fewer_time_points_same_rows_ga",33,"GA","N","seven_case",150,20,150,20,3000,0,0.375,3.5,"sigmoid","case_specific","none","default",TRUE,TRUE,5.61771462802301,14.2453231622701,-8.62760853425016,14.2099999999918,5.61771462802301,14.2453231622701,-8.62760853425016,-0.0126030828834036,1.92016495403e-05,0.000768239905201917,8.01390313320272e-05,-33.7158318207103,-0.01123861060691,5.08920404887976,-38.80503586959,0.0150739825836972,0.582821704546006,-0.0126030828834036,0.01123861060691,0.0150739825836972,0.582821704546006,8.01390313320272e-05
"JVS04","fewer_time_points_same_rows_ga",34,"GA","N","seven_case",150,20,150,20,3000,0,0.375,3.5,"sigmoid","case_specific","none","default",TRUE,TRUE,4.01210778235605,7.83552991385,-3.82342213149013,3.02999999999884,4.01210778235605,7.83552991385,-3.82342213149013,0.0058291254256672,0.000190559705219199,4.30488786780092e-05,-0.000202430385432995,-54.73661043837,-0.0182455368127901,-9.60073339682003,-45.13587704155,0.0068385226446992,-0.0147222639170081,0.0058291254256672,0.0182455368127901,0.0068385226446992,-0.0147222639170081,-0.000202430385432995
"JVS04","fewer_time_points_same_rows_ga",35,"GA","N","seven_case",150,20,150,20,3000,0,0.375,3.5,"sigmoid","case_specific","none","default",TRUE,TRUE,1.94608858065197,4.2037741935701,-2.25768561291989,7.7200000000303,1.94608858065197,4.2037741935701,-2.25768561291989,-0.0030643967241994,0.0014882522435317,0.00263102734305709,0.00245404907428504,-48.3030925471594,-0.0161010308490499,-5.71190893552011,-42.5911836116502,0.0847287618261987,-0.280919698386995,-0.0030643967241994,0.0161010308490499,0.0847287618261987,-0.280919698386995,0.00245404907428504
"JVS04","fewer_time_points_same_rows_ga",36,"GA","N","seven_case",150,20,150,20,3000,0,0.375,3.5,"sigmoid","case_specific","none","default",TRUE,TRUE,0.918354833059993,2.43483667861005,-1.51648184555006,1.94999999998253,0.918354833059993,2.43483667861005,-1.51648184555006,-0.006973666186198,-0.0002254774901937,0.00126210765035795,0.00102358281695503,-14.3546574585298,-0.00478488581950964,3.55698256473988,-17.9116400232806,-0.1606723548405,-1.063490205975,-0.006973666186198,0.00478488581950964,-0.1606723548405,-1.063490205975,0.00102358281695503
"JVS04","fewer_time_points_same_rows_ga",37,"GA","N","seven_case",150,20,150,20,3000,0,0.375,3.5,"sigmoid","case_specific","none","default",TRUE,TRUE,3.01241558166299,4.88733788268996,-1.87492230101998,2.19000000000233,3.01241558166299,4.88733788268996,-1.87492230101998,-0.0056771216458439,-0.0003227675936372,0.000422497365178964,-6.89323588169977e-05,-10.1126569417402,-0.00337088564725008,0.0494870342799913,-10.1621439760202,0.0634175124862004,0.602322549437602,-0.0056771216458439,0.00337088564725008,0.0634175124862004,0.602322549437602,-6.89323588169977e-05
"JVS04","fewer_time_points_same_rows_ga",38,"GA","N","seven_case",150,20,150,20,3000,0,0.375,3.5,"sigmoid","case_specific","none","default",TRUE,TRUE,8.242481297854,19.6374906865099,-11.3950093886701,5.45999999999185,8.242481297854,19.6374906865099,-11.3950093886701,-0.0421206933206169,-0.0004208228970407,0.00363996158598101,0.00285070933397896,-210.035580102849,-0.0700118600342798,14.87103639625,-224.9066164991,0.204273335393498,1.156168657991,-0.0421206933206169,0.0700118600342798,0.204273335393498,1.156168657991,0.00285070933397896
"JVS04","fewer_time_points_same_rows_ga",39,"GA","N","seven_case",150,20,150,20,3000,0,0.375,3.5,"sigmoid","case_specific","none","default",TRUE,TRUE,14.73808724521,32.6816857395402,-17.9435984943298,18.2699999999896,14.73808724521,32.6816857395402,-17.9435984943298,-0.0131310662447618,-0.0016716000614712,0.00515004804826691,0.00397164616455398,-388.77147946884,-0.12959049315628,-2.69521806737021,-386.07626140147,0.0230058726926003,0.217376769265002,-0.0131310662447618,0.12959049315628,0.0230058726926003,0.217376769265002,0.00397164616455398
"JVS04","fewer_time_points_same_rows_ga",40,"GA","N","seven_case",150,20,150,20,3000,0,0.375,3.5,"sigmoid","case_specific","none","default",TRUE,TRUE,5.79086480010099,12.63862973087,-6.84776493077015,6.47999999998138,5.79086480010099,12.63862973087,-6.84776493077015,-0.0036876449456948,0.000471597490989,0.00109821861903003,0.000790929436758014,-98.267370144491,-0.0327557900481601,-0.522419456729949,-97.7449506877601,-0.180039419609198,-0.173714391371988,-0.0036876449456948,0.0327557900481601,-0.180039419609198,-0.173714391371988,0.000790929436758014
"JVS04","fewer_time_points_same_rows_ga",41,"GA","N","seven_case",150,20,150,20,3000,0,0.375,3.5,"sigmoid","case_specific","none","default",TRUE,TRUE,75.990553068101,86.1551906163299,-10.1646375482301,36.2599999999802,75.990553068101,86.1551906163299,-10.1646375482301,-0.06362413841648,0.0017533574718585,0.03093763649768,0.021998705472467,-766.35635033772,-0.25545211677924,31.7982106363702,-798.15456097408,0.059750019357498,-0.707049980316981,-0.06362413841648,0.25545211677924,0.059750019357498,-0.707049980316981,0.021998705472467
"JVS04","fewer_time_points_same_rows_ga",42,"GA","N","seven_case",150,20,150,20,3000,0,0.375,3.5,"sigmoid","case_specific","none","default",TRUE,TRUE,7.42392421540501,13.0857011187202,-5.66177690331006,6.97000000003027,7.42392421540501,13.0857011187202,-5.66177690331006,-0.0139011789494201,0.000403847750778799,0.003185547575556,0.00252179776035699,-521.54873524295,-0.17384957841433,-21.7080560668401,-499.84067917616,-0.214082083492801,-2.4356157423727,-0.0139011789494201,0.17384957841433,-0.214082083492801,-2.4356157423727,0.00252179776035699
"JVS04","fewer_time_points_same_rows_ga",43,"GA","N","seven_case",150,20,150,20,3000,0,0.375,3.5,"sigmoid","case_specific","none","default",TRUE,TRUE,5.66978052322298,10.07235734288,-4.40257681966023,8.33999999999648,5.66978052322298,10.07235734288,-4.40257681966023,-0.0077977615860409,0.000377280759098899,0.00378266945376504,0.00300881788609297,-111.024207720729,-0.0370080692402399,-5.2874781823798,-105.73672953835,0.0605403252552996,0.015102166274005,-0.0077977615860409,0.0370080692402399,0.0605403252552996,0.015102166274005,0.00300881788609297
"JVS04","fewer_time_points_same_rows_ga",44,"GA","N","seven_case",150,20,150,20,3000,0,0.375,3.5,"sigmoid","case_specific","none","default",TRUE,TRUE,8.00560762874898,13.37297743812,-5.36736980936985,9.29000000000811,8.00560762874898,13.37297743812,-5.36736980936985,-0.0055514140439886,0.000566712907659001,0.00344759888507706,0.00265259354444392,-104.93800869262,-0.0349793362308801,-6.89927658931992,-98.0387321032999,0.0247051750664014,0.465119340499001,-0.0055514140439886,0.0349793362308801,0.0247051750664014,0.465119340499001,0.00265259354444392
"JVS04","fewer_time_points_same_rows_ga",45,"GA","N","seven_case",150,20,150,20,3000,0,0.375,3.5,"sigmoid","case_specific","none","default",TRUE,TRUE,14.720298795014,33.0659810581599,-18.3456822631401,7.93000000002211,14.720298795014,33.0659810581599,-18.3456822631401,0.0191786300915307,0.0032700758679356,0.00113294310325396,0.000818006349043998,-133.74813696012,-0.04458271232004,-24.0973277899502,-109.65080917016,-0.101356660114902,-0.516238909009303,0.0191786300915307,0.04458271232004,-0.101356660114902,-0.516238909009303,0.000818006349043998
"JVS04","fewer_time_points_same_rows_ga",46,"GA","N","seven_case",150,20,150,20,3000,0,0.375,3.5,"sigmoid","case_specific","none","default",TRUE,TRUE,7.15174798900296,10.0198412734201,-2.86809328442996,4.94000000003143,7.15174798900296,10.0198412734201,-2.86809328442996,-0.0032561291545586,0.000691026860857501,0.00112792828345298,0.00106262607797591,-85.6059687095894,-0.0285353229031899,8.0748904748898,-93.6808591844797,0.202003533452398,-0.0434046981689988,-0.0032561291545586,0.0285353229031899,0.202003533452398,-0.0434046981689988,0.00106262607797591
"JVS04","fewer_time_points_same_rows_ga",47,"GA","N","seven_case",150,20,150,20,3000,0,0.375,3.5,"sigmoid","case_specific","none","default",TRUE,TRUE,5.341396096404,13.82287808095,-8.4814819845501,9.13999999998484,5.341396096404,13.82287808095,-8.4814819845501,0.0152958455849713,0.0034111672158095,0.00271030959444896,0.00229197712668699,1.62190151930008,0.000540633839769988,-33.7276144002599,35.34951591957,0.116400648682703,0.530881792196993,0.0152958455849713,-0.000540633839769988,0.116400648682703,0.530881792196993,0.00229197712668699
"JVS04","fewer_time_points_same_rows_ga",48,"GA","N","seven_case",150,20,150,20,3000,0,0.375,3.5,"sigmoid","case_specific","none","default",TRUE,TRUE,3.13413163196697,8.12576131381002,-4.99162968184964,2.57000000000698,3.13413163196697,8.12576131381002,-4.99162968184964,0.0044857440047244,0.0002222121261829,0.00102334158635697,0.000756978137694042,-32.5622510907297,-0.01085408369691,0.262936218679897,-32.8251873094105,0.1522943124838,0.521375005820005,0.0044857440047244,0.01085408369691,0.1522943124838,0.521375005820005,0.000756978137694042
"JVS04","fewer_time_points_same_rows_ga",49,"GA","N","seven_case",150,20,150,20,3000,0,0.375,3.5,"sigmoid","case_specific","none","default",TRUE,TRUE,3.42365204947401,5.73021846767006,-2.30656641819996,5.7500000000291,3.42365204947401,5.73021846767006,-2.30656641819996,-0.0023312485345902,0.000196788432162299,-0.000700446237027919,-0.000846623480639019,-196.67906182756,-0.0655596872758504,-8.83019205813002,-187.848869769429,-0.0847622164701001,-0.150981790226993,-0.0023312485345902,0.0655596872758504,-0.0847622164701001,-0.150981790226993,-0.000846623480639019
"JVS04","fewer_time_points_same_rows_ga",50,"GA","N","seven_case",150,20,150,20,3000,0,0.375,3.5,"sigmoid","case_specific","none","default",TRUE,TRUE,2.30549324978301,3.79784425346998,-1.49235100369015,4.84999999997672,2.30549324978301,3.79784425346998,-1.49235100369015,0.0050013664167647,-0.0012837736954125,-0.00156357386925299,-0.00152331444710796,-164.6284143099,-0.0548761381033001,9.46476793396005,-174.09318224385,0.1610825436541,0.910221597146801,0.0050013664167647,0.0548761381033001,0.1610825436541,0.910221597146801,-0.00152331444710796
"JVS04","fewer_time_points_same_rows_ga",51,"GA","N","seven_case",150,20,150,20,3000,0,0.375,3.5,"sigmoid","case_specific","none","default",TRUE,TRUE,1.19036489956099,2.91042448378994,-1.72005958422005,5.22000000000116,1.19036489956099,2.91042448378994,-1.72005958422005,3.43197662900901e-05,0.0011072948529466,0.00124033577915106,0.000890246251332993,-18.6955867188399,-0.00623186223961003,-13.36639902959,-5.32918768924992,0.0832941539894989,0.554805204217985,3.43197662900901e-05,0.00623186223961003,0.0832941539894989,0.554805204217985,0.000890246251332993
"JVS04","fewer_time_points_same_rows_ga",52,"GA","N","seven_case",150,20,150,20,3000,0,0.375,3.5,"sigmoid","case_specific","none","default",TRUE,TRUE,21.327057414319,17.1016910436301,4.22536637067969,9.6100000000151,21.327057414319,17.1016910436301,4.22536637067969,-0.0126247202773827,0.0023860262572337,0.011025655982031,0.00789752821283496,-262.25268862876,-0.0874175628762501,-17.67028588323,-244.58240274553,-0.168218038182498,-0.844216553937997,-0.0126247202773827,0.0874175628762501,-0.168218038182498,-0.844216553937997,0.00789752821283496
"JVS04","fewer_time_points_same_rows_ga",53,"GA","N","seven_case",150,20,150,20,3000,0,0.375,3.5,"sigmoid","case_specific","none","default",TRUE,TRUE,0.39985197275297,0.568340906839921,-0.168488934089964,3.60999999998603,0.39985197275297,0.568340906839921,-0.168488934089964,0.00286487742571629,0.000140135093933198,9.99408486940245e-05,0.000162263183486999,-35.9591108081404,-0.0119863702693799,-2.98755055514994,-32.9715602529905,-0.2541038028149,-1.5959013193733,0.00286487742571629,0.0119863702693799,-0.2541038028149,-1.5959013193733,0.000162263183486999
"JVS04","fewer_time_points_same_rows_ga",54,"GA","N","seven_case",150,20,150,20,3000,0,0.375,3.5,"sigmoid","case_specific","none","default",TRUE,TRUE,1.551179012445,2.94871549866002,-1.39753648621991,3.57000000000699,1.551179012445,2.94871549866002,-1.39753648621991,-0.0010477777767973,0.000536526602290099,0.000878411760878994,0.000686480822905955,29.5672924233504,0.00985576414110989,5.12598186140031,24.4413105619406,-0.172817662502901,-1.296345704104,-0.0010477777767973,-0.00985576414110989,-0.172817662502901,-1.296345704104,0.000686480822905955
"JVS04","fewer_time_points_same_rows_ga",55,"GA","N","seven_case",150,20,150,20,3000,0,0.375,3.5,"sigmoid","case_specific","none","default",TRUE,TRUE,4.31084971988702,11.5775791536703,-7.26672943379026,6.58999999999651,4.31084971988702,11.5775791536703,-7.26672943379026,0.0036059318091981,-0.000723212180396102,-0.000869425472137975,-0.00130350769232396,-81.5753179855701,-0.0271917726618598,-12.6296660962498,-68.9456518893198,0.144206920927001,0.433184583909096,0.0036059318091981,0.0271917726618598,0.144206920927001,0.433184583909096,-0.00130350769232396
"JVS04","fewer_time_points_same_rows_ga",56,"GA","N","seven_case",150,20,150,20,3000,0,0.375,3.5,"sigmoid","case_specific","none","default",TRUE,TRUE,3.14534578656639,7.56611574326007,-4.42076995669004,10.0899999999965,3.14534578656639,7.56611574326007,-4.42076995669004,-0.0070583392423055,-0.000694303195164801,0.00198733131829398,0.00168438917230002,-16.3168028447099,-0.00543893428156994,3.18370119859992,-19.5005040433102,0.166149779349098,1.5498983399312,-0.0070583392423055,0.00543893428156994,0.166149779349098,1.5498983399312,0.00168438917230002
"JVS04","fewer_time_points_same_rows_ga",57,"GA","N","seven_case",150,20,150,20,3000,0,0.375,3.5,"sigmoid","case_specific","none","default",TRUE,TRUE,0.938646459842005,2.40679765424989,-1.46815119441999,3.5,0.938646459842005,2.40679765424989,-1.46815119441999,-0.0012383623367567,0.000307104590681801,0.00177270294536502,0.00143868108561801,27.53575353014,0.00917858451004006,-4.68879330790014,32.2245468380402,0.0332258801174028,0.0561421184410023,-0.0012383623367567,-0.00917858451004006,0.0332258801174028,0.0561421184410023,0.00143868108561801
"JVS04","fewer_time_points_same_rows_ga",58,"GA","N","seven_case",150,20,150,20,3000,0,0.375,3.5,"sigmoid","case_specific","none","default",TRUE,TRUE,11.365474315415,22.9688549437799,-11.6033806283599,22.4100000000035,11.365474315415,22.9688549437799,-11.6033806283599,-0.0272360508597148,-0.0004427303161809,0.007185582745868,0.00538960961238899,-27.2337561875597,-0.00907791872918007,-4.05519944107982,-23.17855674648,-0.148034785294698,-0.28884175728399,-0.0272360508597148,0.00907791872918007,-0.148034785294698,-0.28884175728399,0.00538960961238899
"JVS04","fewer_time_points_same_rows_ga",59,"GA","N","seven_case",150,20,150,20,3000,0,0.375,3.5,"sigmoid","case_specific","none","default",TRUE,TRUE,26.124751672983,30.1252740921,-4.00052241911999,10.6299999999756,26.124751672983,30.1252740921,-4.00052241911999,-0.0172785887116354,0.000895566803258901,0.010037035066107,0.00791644610882997,-374.99992289271,-0.12499997429757,12.7089593702399,-387.70888226296,-0.0623233080437977,-1.05126543226099,-0.0172785887116354,0.12499997429757,-0.0623233080437977,-1.05126543226099,0.00791644610882997
"JVS04","fewer_time_points_same_rows_ga",60,"GA","N","seven_case",150,20,150,20,3000,0,0.375,3.5,"sigmoid","case_specific","none","default",TRUE,TRUE,10.931097640149,31.82237492737,-20.89127728722,14.530000000028,10.931097640149,31.82237492737,-20.89127728722,-0.0121258672430522,0.0010017508630075,0.00413479710061693,0.00253496053235797,-98.8378177386003,-0.0329459392462002,3.19301854628975,-102.03083628489,-0.131397443474,-0.314888366208194,-0.0121258672430522,0.0329459392462002,-0.131397443474,-0.314888366208194,0.00253496053235797
"JVS04","fewer_time_points_same_rows_ga",61,"GA","N","seven_case",150,20,150,20,3000,0,0.375,3.5,"sigmoid","case_specific","none","default",TRUE,TRUE,5.92954397043695,16.5258407103599,-10.5962967399196,8.86999999999536,5.92954397043695,16.5258407103599,-10.5962967399196,-0.0032356435771939,-0.000689477897703499,0.000152831561152977,3.31917734699427e-05,22.3457673594403,0.00744858911982016,-9.10627865601009,31.4520460154499,-0.0445396254561992,-0.304715917732295,-0.0032356435771939,-0.00744858911982016,-0.0445396254561992,-0.304715917732295,3.31917734699427e-05
"JVS04","fewer_time_points_same_rows_ga",62,"GA","N","seven_case",150,20,150,20,3000,0,0.375,3.5,"sigmoid","case_specific","none","default",TRUE,TRUE,2.06533947089702,3.69877404317003,-1.63343457227984,7.07999999998717,2.06533947089702,3.69877404317003,-1.63343457227984,0.0005994857378958,-0.0014431808722435,-0.00205365993002704,-0.00167768517087907,-9.48955052826022,-0.00316318350941991,9.68201289135004,-19.1715634196007,0.0304477421499989,0.152162218206001,0.0005994857378958,0.00316318350941991,0.0304477421499989,0.152162218206001,-0.00167768517087907
"JVS04","fewer_time_points_same_rows_ga",63,"GA","N","seven_case",150,20,150,20,3000,0,0.375,3.5,"sigmoid","case_specific","none","default",TRUE,TRUE,13.158048300893,20.6249457077101,-7.46689740680995,18.8899999999849,13.158048300893,20.6249457077101,-7.46689740680995,-0.0121154709544317,0.000475582964422402,0.00283734566654203,0.00180466808443602,-120.65756187001,-0.04021918729,12.31434588107,-132.97190775108,-0.156617510815202,-0.764122110751003,-0.0121154709544317,0.04021918729,-0.156617510815202,-0.764122110751003,0.00180466808443602
"JVS04","fewer_time_points_same_rows_ga",64,"GA","N","seven_case",150,20,150,20,3000,0,0.375,3.5,"sigmoid","case_specific","none","default",TRUE,TRUE,4.72532207471801,12.59223542933,-7.86691335462001,15.1600000000035,4.72532207471801,12.59223542933,-7.86691335462001,-0.0043245142076146,0.0042160296721857,0.00174649458633003,0.00238077811162807,179.293281542021,0.0597644271806699,-17.9317771617402,197.22505870376,-0.00642490060689838,-0.188692974790001,-0.0043245142076146,-0.0597644271806699,-0.00642490060689838,-0.188692974790001,0.00238077811162807
"JVS04","fewer_time_points_same_rows_ga",65,"GA","N","seven_case",150,20,150,20,3000,0,0.375,3.5,"sigmoid","case_specific","none","default",TRUE,TRUE,24.61664048469,39.58542053669,-14.9687800520001,14.359999999986,24.61664048469,39.58542053669,-14.9687800520001,-0.0461641236628179,0.0050579955231684,0.011342346143995,0.00866934928753404,-382.956373147519,-0.1276521243825,5.88534753164004,-388.84172067916,0.375451463607199,2.44215745010401,-0.0461641236628179,0.1276521243825,0.375451463607199,2.44215745010401,0.00866934928753404
"JVS04","fewer_time_points_same_rows_ga",66,"GA","N","seven_case",150,20,150,20,3000,0,0.375,3.5,"sigmoid","case_specific","none","default",TRUE,TRUE,2.33181348196598,5.31950214429003,-2.98768866232967,8.66999999998372,2.33181348196598,5.31950214429003,-2.98768866232967,0.0042688702019356,0.0012523553338753,0.000440740728235967,0.00050831864168599,-1.81632983918007,-0.000605443279720008,-42.20183864107,40.3855088018699,-0.0465137686250969,-0.411441853686,0.0042688702019356,0.000605443279720008,-0.0465137686250969,-0.411441853686,0.00050831864168599
"JVS04","fewer_time_points_same_rows_ga",67,"GA","N","seven_case",150,20,150,20,3000,0,0.375,3.5,"sigmoid","case_specific","none","default",TRUE,TRUE,3.30481131975898,10.03986425209,-6.73505293233029,6.57999999998716,3.30481131975898,10.03986425209,-6.73505293233029,-0.0100221110974939,0.000815768651509102,0.00276747469873495,0.002348597078218,69.6530473242792,0.0232176824414196,5.73147093483021,63.9215763894499,0.0406874285701022,0.329748785751008,-0.0100221110974939,-0.0232176824414196,0.0406874285701022,0.329748785751008,0.002348597078218
"JVS04","fewer_time_points_same_rows_ga",68,"GA","N","seven_case",150,20,150,20,3000,0,0.375,3.5,"sigmoid","case_specific","none","default",TRUE,TRUE,27.198810638578,41.7031526174601,-14.5043419788899,15.969999999972,27.198810638578,41.7031526174601,-14.5043419788899,-0.0209563831094498,0.0017593929362353,0.00838901704816297,0.006152217191146,-301.5660682047,-0.1005220227349,-20.0099739418697,-281.556094262831,-0.0506913033567002,-1.05819272452501,-0.0209563831094498,0.1005220227349,-0.0506913033567002,-1.05819272452501,0.006152217191146
"JVS04","fewer_time_points_same_rows_ga",69,"GA","N","seven_case",150,20,150,20,3000,0,0.375,3.5,"sigmoid","case_specific","none","default",TRUE,TRUE,0.545207127946014,1.47343569903001,-0.928228571089676,2.44000000000233,0.545207127946014,1.47343569903001,-0.928228571089676,-0.00784373737217271,-5.15112547111e-05,0.000159583868219015,0.000175674014113003,-9.8997985788701,-0.00329993285961994,11.2392941282301,-21.1390927070897,-0.1941440845446,-0.388584284484978,-0.00784373737217271,0.00329993285961994,-0.1941440845446,-0.388584284484978,0.000175674014113003
"JVS04","fewer_time_points_same_rows_ga",70,"GA","N","seven_case",150,20,150,20,3000,0,0.375,3.5,"sigmoid","case_specific","none","default",TRUE,TRUE,1.116838992818,2.56430793983986,-1.44746894701984,3.35999999998603,1.116838992818,2.56430793983986,-1.44746894701984,0.000949482378530694,0.0011493369372579,0.00138807083875492,0.00104222163308004,31.9094145766494,0.01063647152555,-15.3814389150498,47.2908534917001,-0.142743448352501,-0.385547737983998,0.000949482378530694,-0.01063647152555,-0.142743448352501,-0.385547737983998,0.00104222163308004
"JVS04","fewer_time_points_same_rows_ga",71,"GA","N","seven_case",150,20,150,20,3000,0,0.375,3.5,"sigmoid","case_specific","none","default",TRUE,TRUE,7.29726169244999,20.4527720350898,-13.1555103426499,20.75,7.29726169244999,20.4527720350898,-13.1555103426499,-0.0255597609802396,0.000587893176339598,0.00339217677047399,0.00222510729417297,-143.848526941531,-0.0479495089805102,10.11240596586,-153.96093290739,0.0940480090647995,0.099638461057495,-0.0255597609802396,0.0479495089805102,0.0940480090647995,0.099638461057495,0.00222510729417297
"JVS04","fewer_time_points_same_rows_ga",72,"GA","N","seven_case",150,20,150,20,3000,0,0.375,3.5,"sigmoid","case_specific","none","default",TRUE,TRUE,3.822864112106,6.97170125766002,-3.14883714554026,2.25,3.822864112106,6.97170125766002,-3.14883714554026,0.0075533628337457,0.0013333177585112,0.00122206188463292,0.000942697831155026,-54.37058016625,-0.0181235267220801,-5.1514614979601,-49.2191186682899,-0.132015005352599,-0.558180255771006,0.0075533628337457,0.0181235267220801,-0.132015005352599,-0.558180255771006,0.000942697831155026
"JVS04","fewer_time_points_same_rows_ga",73,"GA","N","seven_case",150,20,150,20,3000,0,0.375,3.5,"sigmoid","case_specific","none","default",TRUE,TRUE,27.049643297742,44.78949182479,-17.7398485270401,28.0499999999884,27.049643297742,44.78949182479,-17.7398485270401,-0.0471485218490742,0.000258866966273003,0.013153290967422,0.0112471523970971,-222.25215238871,-0.0740840507962401,92.6966015490498,-314.94875393777,0.0373315491853994,-0.574418107541689,-0.0471485218490742,0.0740840507962401,0.0373315491853994,-0.574418107541689,0.0112471523970971
"JVS04","fewer_time_points_same_rows_ga",74,"GA","N","seven_case",150,20,150,20,3000,0,0.375,3.5,"sigmoid","case_specific","none","default",TRUE,TRUE,1.30716065650202,3.19169009068992,-1.88452943418997,2.42999999999302,1.30716065650202,3.19169009068992,-1.88452943418997,0.0003149424208993,0.0009269433335184,-0.000110694171687964,-0.000260420870208056,-35.69690984726,-0.0118989699490899,-10.5439214229,-25.1529884243591,-0.0842742324617021,-0.293462704169997,0.0003149424208993,0.0118989699490899,-0.0842742324617021,-0.293462704169997,-0.000260420870208056
"JVS04","fewer_time_points_same_rows_ga",75,"GA","N","seven_case",150,20,150,20,3000,0,0.375,3.5,"sigmoid","case_specific","none","default",TRUE,TRUE,3.30242222488101,7.60443324722996,-4.30201102235969,6.02999999999884,3.30242222488101,7.60443324722996,-4.30201102235969,0.0100149152833322,-0.000294742895524201,-0.000526893774059012,-0.000493444719045999,-87.7146723983396,-0.0292382241327798,4.02046187962014,-91.7351342779502,0.0330028189410996,0.246683955308001,0.0100149152833322,0.0292382241327798,0.0330028189410996,0.246683955308001,-0.000493444719045999
"JVS04","fewer_time_points_same_rows_ga",76,"GA","N","seven_case",150,20,150,20,3000,0,0.375,3.5,"sigmoid","case_specific","none","default",TRUE,TRUE,3.37803529612904,7.72564598204008,-4.34761068589978,4.20000000001164,3.37803529612904,7.72564598204008,-4.34761068589978,0.00587192509121888,-0.000407088916976701,-0.002243228866046,-0.00233463075866103,3.33158834948063,0.00111052944981993,1.05346658550025,2.27812176398993,-0.120684659120002,-0.840576003953998,0.00587192509121888,-0.00111052944981993,-0.120684659120002,-0.840576003953998,-0.00233463075866103
"JVS04","fewer_time_points_same_rows_ga",77,"GA","N","seven_case",150,20,150,20,3000,0,0.375,3.5,"sigmoid","case_specific","none","default",TRUE,TRUE,6.04796006941297,16.8999202216501,-10.8519601522398,11.6800000000221,6.04796006941297,16.8999202216501,-10.8519601522398,-0.0043243088911969,-0.000773600069378603,0.00463948337953302,0.00502428731522198,40.5030586917401,0.01350101956392,1.83222203320975,38.6708366585399,-0.408860064066801,-2.38443346856789,-0.0043243088911969,-0.01350101956392,-0.408860064066801,-2.38443346856789,0.00502428731522198
"JVS04","fewer_time_points_same_rows_ga",78,"GA","N","seven_case",150,20,150,20,3000,0,0.375,3.5,"sigmoid","case_specific","none","default",TRUE,TRUE,4.13516364517602,10.41024164193,-6.27507799675004,10.9899999999907,4.13516364517602,10.41024164193,-6.27507799675004,-0.0019041757085238,0.0027203394050756,0.00623276443339604,0.00599617926967999,163.38495645177,0.0544616521505903,-28.4843319521301,191.869288403889,-0.154438064044601,-0.453073590544008,-0.0019041757085238,-0.0544616521505903,-0.154438064044601,-0.453073590544008,0.00599617926967999
"JVS04","fewer_time_points_same_rows_ga",79,"GA","N","seven_case",150,20,150,20,3000,0,0.375,3.5,"sigmoid","case_specific","none","default",TRUE,TRUE,2.93409339954599,4.42123832419998,-1.48714492465979,2.81000000002678,2.93409339954599,4.42123832419998,-1.48714492465979,0.0039885621234387,0.0013513385435455,0.00083445527196202,0.000899970512885928,-96.7218596633302,-0.03224061988778,-10.7198583743898,-86.0020012889399,0.196211037514697,0.651081914134195,0.0039885621234387,0.03224061988778,0.196211037514697,0.651081914134195,0.000899970512885928
"JVS04","fewer_time_points_same_rows_ga",80,"GA","N","seven_case",150,20,150,20,3000,0,0.375,3.5,"sigmoid","case_specific","none","default",TRUE,TRUE,12.624723881589,22.02363561517,-9.39891173358001,2.57000000000699,12.624723881589,22.02363561517,-9.39891173358001,-0.0286621820466902,0.000312889212818003,0.00335832619701593,0.00227350622508193,-89.0735095075506,-0.02969116983585,9.84998307362002,-98.9234925811706,-0.158267479045502,-0.736768749159992,-0.0286621820466902,0.02969116983585,-0.158267479045502,-0.736768749159992,0.00227350622508193
"JVS04","fewer_time_points_same_rows_ga",81,"GA","N","seven_case",150,20,150,20,3000,0,0.375,3.5,"sigmoid","case_specific","none","default",TRUE,TRUE,2.64272981503802,6.46741882689003,-3.82468901185985,2.80999999999767,2.64272981503802,6.46741882689003,-3.82468901185985,-0.0031958693621111,0.0006409220161573,-0.000618303377715956,-0.000750055761752966,-10.6849355362301,-0.00356164517874991,-9.97454803000028,-0.710387506229836,0.2566800374948,1.837789103548,-0.0031958693621111,0.00356164517874991,0.2566800374948,1.837789103548,-0.000750055761752966
"JVS04","fewer_time_points_same_rows_ga",82,"GA","N","seven_case",150,20,150,20,3000,0,0.375,3.5,"sigmoid","case_specific","none","default",TRUE,TRUE,10.191471659169,20.8165557937002,-10.62508413453,4.81999999997788,10.191471659169,20.8165557937002,-10.62508413453,0.0015629272436013,0.0010792074238915,0.00697329511488598,0.00518072926410401,-244.74996474001,-0.0815833215799997,4.02185010308995,-248.7718148431,0.0464024800229978,0.223671207671998,0.0015629272436013,0.0815833215799997,0.0464024800229978,0.223671207671998,0.00518072926410401
"JVS04","fewer_time_points_same_rows_ga",83,"GA","N","seven_case",150,20,150,20,3000,0,0.375,3.5,"sigmoid","case_specific","none","default",TRUE,TRUE,4.87630766858899,12.4052093556299,-7.52890168703016,2.10999999998603,4.87630766858899,12.4052093556299,-7.52890168703016,-0.003202064696506,-0.000177694883734401,0.00180906410706005,0.00140694457315399,-133.14311523562,-0.0443810384118799,2.73503742889989,-135.87815266453,0.2391028520208,1.07041716344099,-0.003202064696506,0.0443810384118799,0.2391028520208,1.07041716344099,0.00140694457315399
"JVS04","fewer_time_points_same_rows_ga",84,"GA","N","seven_case",150,20,150,20,3000,0,0.375,3.5,"sigmoid","case_specific","none","default",TRUE,TRUE,0.473844679466993,1.25991980228014,-0.786075122819966,1.39999999999418,0.473844679466993,1.25991980228014,-0.786075122819966,-0.0013075379201067,0.0004835047327011,0.000873232830460036,0.000790056263467953,-11.2120803763801,-0.00373736012545978,-4.20074676307013,-7.01133361329994,0.1461523420068,-0.000991583206996438,-0.0013075379201067,0.00373736012545978,0.1461523420068,-0.000991583206996438,0.000790056263467953
"JVS04","fewer_time_points_same_rows_ga",85,"GA","N","seven_case",150,20,150,20,3000,0,0.375,3.5,"sigmoid","case_specific","none","default",TRUE,TRUE,30.997407144009,47.1390898985101,-16.1416827544999,23.6199999999954,30.997407144009,47.1390898985101,-16.1416827544999,-0.0298932367403449,0.0015367968846849,0.017353186356848,0.0141244081245351,-787.3271637743,-0.26244238792475,-3.05352815813012,-784.273635616129,-0.0422042547460997,0.402319440835001,-0.0298932367403449,0.26244238792475,-0.0422042547460997,0.402319440835001,0.0141244081245351
"JVS04","fewer_time_points_same_rows_ga",86,"GA","N","seven_case",150,20,150,20,3000,0,0.375,3.5,"sigmoid","case_specific","none","default",TRUE,TRUE,19.814479214601,36.67674469344,-16.8622654788401,15.5499999999883,19.814479214601,36.67674469344,-16.8622654788401,-0.043669622862219,-0.0024678966575058,0.00434696804814605,0.00437697761286493,-97.5519754117995,-0.0325173251372797,18.3832322913499,-115.93520770318,-0.000693784584598234,0.215450503891987,-0.043669622862219,0.0325173251372797,-0.000693784584598234,0.215450503891987,0.00437697761286493
"JVS04","fewer_time_points_same_rows_ga",87,"GA","N","seven_case",150,20,150,20,3000,0,0.375,3.5,"sigmoid","case_specific","none","default",TRUE,TRUE,11.538459748645,24.3919385240101,-12.8534787753701,6.25,11.538459748645,24.3919385240101,-12.8534787753701,-0.0130429462443143,0.0014471433416503,0.00396566384790498,0.00275138849652901,-186.13507235382,-0.06204502411794,-21.9169990888299,-164.21807326499,0.0618961928759987,1.003851083143,-0.0130429462443143,0.06204502411794,0.0618961928759987,1.003851083143,0.00275138849652901
"JVS04","fewer_time_points_same_rows_ga",88,"GA","N","seven_case",150,20,150,20,3000,0,0.375,3.5,"sigmoid","case_specific","none","default",TRUE,TRUE,6.25035056290199,15.4355542001499,-9.1852036372502,9.9400000000314,6.25035056290199,15.4355542001499,-9.1852036372502,-0.00434604906832331,0.000746252510195899,0.00563869008457307,0.0046242195399,120.61467111774,0.0402048903725802,-2.95342697197975,123.56809808972,0.00874958844080354,0.817543694617001,-0.00434604906832331,-0.0402048903725802,0.00874958844080354,0.817543694617001,0.0046242195399
"JVS04","fewer_time_points_same_rows_ga",89,"GA","N","seven_case",150,20,150,20,3000,0,0.375,3.5,"sigmoid","case_specific","none","default",TRUE,TRUE,3.24627182584402,11.6671247278798,-8.42085290202976,10.929999999993,3.24627182584402,11.6671247278798,-8.42085290202976,0.0173223363619715,0.000112737736072802,0.00114871670257,0.00138773950102089,9.55251936730019,0.00318417312243024,-12.58066666062,22.1331860279197,0.103086042387901,0.294293291426996,0.0173223363619715,-0.00318417312243024,0.103086042387901,0.294293291426996,0.00138773950102089
"JVS04","fewer_time_points_same_rows_ga",90,"GA","N","seven_case",150,20,150,20,3000,0,0.375,3.5,"sigmoid","case_specific","none","default",TRUE,TRUE,1.81723341846498,4.26178822408019,-2.4445548056201,5.01999999998953,1.81723341846498,4.26178822408019,-2.4445548056201,-0.0012208054789175,0.000238091653699403,0.000579395207165101,0.000660019482225938,6.95554615100991,0.00231851538367001,-7.91578497769024,14.8713311286897,0.114392083020402,0.22033179873759,-0.0012208054789175,-0.00231851538367001,0.114392083020402,0.22033179873759,0.000660019482225938
"JVS04","fewer_time_points_same_rows_ga",91,"GA","N","seven_case",150,20,150,20,3000,0,0.375,3.5,"sigmoid","case_specific","none","default",TRUE,TRUE,8.94306062449607,22.9983594192001,-14.0552987947199,10.5900000000256,8.94306062449607,22.9983594192001,-14.0552987947199,-0.002094031547637,0.0013369910404459,0.00944209894205605,0.008739172738079,55.7047651539606,0.01856825505132,16.96279191336,38.7419732406001,0.0501515478426988,0.264559005633004,-0.002094031547637,-0.01856825505132,0.0501515478426988,0.264559005633004,0.008739172738079
"JVS04","fewer_time_points_same_rows_ga",92,"GA","N","seven_case",150,20,150,20,3000,0,0.375,3.5,"sigmoid","case_specific","none","default",TRUE,TRUE,9.13565199361898,18.4386827127998,-9.30303071917979,4.61999999999534,9.13565199361898,18.4386827127998,-9.30303071917979,0.0067597088445853,-8.33613181900998e-05,0.00316555602774404,0.00199346686610397,-171.7373472582,-0.0572457824193999,-0.564659720590043,-171.17268753762,-0.00178644013490015,0.557787276229007,0.0067597088445853,0.0572457824193999,-0.00178644013490015,0.557787276229007,0.00199346686610397
"JVS04","fewer_time_points_same_rows_ga",93,"GA","N","seven_case",150,20,150,20,3000,0,0.375,3.5,"sigmoid","case_specific","none","default",TRUE,TRUE,11.955661999757,23.25055609335,-11.2948940935999,10.0300000000279,11.955661999757,23.25055609335,-11.2948940935999,-0.0210775127050699,0.0026685549272883,0.00203689533999396,0.00193897086699402,-80.1599671505096,-0.0267199890501699,6.99766132204013,-87.1576284725502,-0.121786649181001,-0.307022294045993,-0.0210775127050699,0.0267199890501699,-0.121786649181001,-0.307022294045993,0.00193897086699402
"JVS04","fewer_time_points_same_rows_ga",94,"GA","N","seven_case",150,20,150,20,3000,0,0.375,3.5,"sigmoid","case_specific","none","default",TRUE,TRUE,3.66010106520099,7.36720013315994,-3.70709906795037,8.84999999997676,3.66010106520099,7.36720013315994,-3.70709906795037,-0.0087659192499237,-0.000715838469587601,0.00106109547517497,0.000607170370382049,-162.55198072073,-0.0541839935735702,1.65490087113994,-164.206881591869,-0.0656753301057016,0.309942924595006,-0.0087659192499237,0.0541839935735702,-0.0656753301057016,0.309942924595006,0.000607170370382049
"JVS04","fewer_time_points_same_rows_ga",95,"GA","N","seven_case",150,20,150,20,3000,0,0.375,3.5,"sigmoid","case_specific","none","default",TRUE,TRUE,10.170744705623,23.0578812803999,-12.88713657478,8.03000000002792,10.170744705623,23.0578812803999,-12.88713657478,-0.0190803334761026,0.0032831965995227,0.00377616370862099,0.00321674679485501,-98.65755970596,-0.03288585323531,-24.3682329232402,-74.2893267827299,-0.2486552673011,-0.891141804686001,-0.0190803334761026,0.03288585323531,-0.2486552673011,-0.891141804686001,0.00321674679485501
"JVS04","fewer_time_points_same_rows_ga",96,"GA","N","seven_case",150,20,150,20,3000,0,0.375,3.5,"sigmoid","case_specific","none","default",TRUE,TRUE,4.62493069423698,11.8157721131402,-7.19084141890016,3.25000000005821,4.62493069423698,11.8157721131402,-7.19084141890016,-0.0313240112613111,-0.0007239709912466,0.00158152240052201,0.00105488237094098,0.455696305619313,0.000151898768539827,30.39560860345,-29.9399122978402,0.134424080602997,0.885326563739,-0.0313240112613111,-0.000151898768539827,0.134424080602997,0.885326563739,0.00105488237094098
"JVS04","fewer_time_points_same_rows_ga",97,"GA","N","seven_case",150,20,150,20,3000,0,0.375,3.5,"sigmoid","case_specific","none","default",TRUE,TRUE,7.21839969565201,21.7907533103401,-14.5723536146897,8.75,7.21839969565201,21.7907533103401,-14.5723536146897,-0.0225104357193335,-0.000511000846035298,0.00327163466776492,0.00264751868541302,12.0667596174799,0.00402225320582006,19.2503512267303,-7.18359160925002,-0.0175365639313014,-0.736726871645999,-0.0225104357193335,-0.00402225320582006,-0.0175365639313014,-0.736726871645999,0.00264751868541302
"JVS04","fewer_time_points_same_rows_ga",98,"GA","N","seven_case",150,20,150,20,3000,0,0.375,3.5,"sigmoid","case_specific","none","default",TRUE,TRUE,13.608337594412,35.2244151800901,-21.6160775856802,17.7999999999884,13.608337594412,35.2244151800901,-21.6160775856802,-0.0300795998680565,0.0041368510509651,0.0111895259666179,0.00996462658640201,194.44155365196,0.0648138512173202,-4.37033366413016,198.8118873161,0.211974482417798,1.42377788379599,-0.0300795998680565,-0.0648138512173202,0.211974482417798,1.42377788379599,0.00996462658640201
"JVS04","fewer_time_points_same_rows_ga",99,"GA","N","seven_case",150,20,150,20,3000,0,0.375,3.5,"sigmoid","case_specific","none","default",TRUE,TRUE,8.14630831858699,24.32423181134,-16.1779234927499,8.17000000004194,8.14630831858699,24.32423181134,-16.1779234927499,-0.0172766052867329,-0.0020859112581469,-0.00171057112516404,-0.00167338494967301,557.96973385401,0.18598991128467,37.5967054566499,520.37302839735,-0.101280262861103,-0.537249227721986,-0.0172766052867329,-0.18598991128467,-0.101280262861103,-0.537249227721986,-0.00167338494967301
"JVS04","fewer_time_points_same_rows_ga",100,"GA","N","seven_case",150,20,150,20,3000,0,0.375,3.5,"sigmoid","case_specific","none","default",TRUE,TRUE,0.689798908310991,1.28621307781009,-0.596414169500349,2.11000000004424,0.689798908310991,1.28621307781009,-0.596414169500349,0.0019532500483635,0.0002500148517313,0.000991267854629996,0.000704498413501009,37.0658552520599,0.0123552850840201,-2.40482823038974,39.4706834824601,0.0797601924500988,-0.157218218804999,0.0019532500483635,-0.0123552850840201,0.0797601924500988,-0.157218218804999,0.000704498413501009
"JVS05","weaker_shared_shape_ga",1,"GA","N","seven_case",40,75,40,75,3000,0,0.125,3.5,"sigmoid","case_specific","none","default",TRUE,TRUE,4.24662298912301,11.49297480667,-7.24635181755002,4.21999999997206,4.24662298912301,11.49297480667,-7.24635181755002,0.000743575385179496,-0.0023576983990248,-0.000210376116792976,0.000528047448903002,-66.23535766033,-0.0220784525534401,19.1966127569499,-85.4319704172899,0.117854324983,-6.86479332550016,0.000743575385179496,0.0220784525534401,0.117854324983,-6.86479332550016,0.000528047448903002
"JVS05","weaker_shared_shape_ga",2,"GA","N","seven_case",40,75,40,75,3000,0,0.125,3.5,"sigmoid","case_specific","none","default",TRUE,TRUE,5.03239226356601,10.7508585993201,-5.71846633574023,4.32000000000698,5.03239226356601,10.7508585993201,-5.71846633574023,0.0023924807198542,0.00217297142002034,0.00107322929926301,0.001190914454341,50.6603683661197,0.0168867894553799,-0.176261405979858,50.83662977211,4.50843808916301,29.29772040441,0.0023924807198542,-0.0168867894553799,4.50843808916301,29.29772040441,0.001190914454341
"JVS05","weaker_shared_shape_ga",3,"GA","N","seven_case",40,75,40,75,3000,0,0.125,3.5,"sigmoid","case_specific","none","default",TRUE,TRUE,10.936500417602,32.29864416072,-21.3621437431198,10.109999999986,10.936500417602,32.29864416072,-21.3621437431198,0.0114660063571071,-0.0047181898162778,0.00470249694727898,0.00536123154193802,-56.5461496830503,-0.0188487165610201,19.7469436328597,-76.29309331592,-4.94661251151996,-31.6132395209697,0.0114660063571071,0.0188487165610201,-4.94661251151996,-31.6132395209697,0.00536123154193802
"JVS05","weaker_shared_shape_ga",4,"GA","N","seven_case",40,75,40,75,3000,0,0.125,3.5,"sigmoid","case_specific","none","default",TRUE,TRUE,9.09250876864502,38.2813144637801,-29.1888056951402,22.2700000000186,9.09250876864502,38.2813144637801,-29.1888056951402,-0.0321373049939321,-0.00259485636245358,-0.00134760775306098,0.000364840082808016,82.0161831687001,0.0273387277229,59.2046364832199,22.8115466854997,-0.140948455237037,-25.3541804848701,-0.0321373049939321,-0.0273387277229,-0.140948455237037,-25.3541804848701,0.000364840082808016
"JVS05","weaker_shared_shape_ga",5,"GA","N","seven_case",40,75,40,75,3000,0,0.125,3.5,"sigmoid","case_specific","none","default",TRUE,TRUE,20.9230497003148,60.4517146093399,-39.5286649090301,31.289999999979,20.9230497003148,60.4517146093399,-39.5286649090301,0.0015414394919388,-0.001968359028318,0.00871950956203504,0.00894089780861301,102.460930605801,0.0341536435352401,-10.8607672196299,113.32169782536,0.419144882724027,2.83210397830999,0.0015414394919388,-0.0341536435352401,0.419144882724027,2.83210397830999,0.00894089780861301
"JVS05","weaker_shared_shape_ga",6,"GA","N","seven_case",40,75,40,75,3000,0,0.125,3.5,"sigmoid","case_specific","none","default",TRUE,TRUE,63.317643267359,101.28194714538,-37.96430387803,54.2699999999604,63.317643267359,101.28194714538,-37.96430387803,-0.0650388926749549,0.00044703961521578,0.016519701767583,0.013593330422867,-1149.36258075703,-0.38312086025235,17.9398555529501,-1167.30243630999,2.14273253327201,13.8368514730996,-0.0650388926749549,0.38312086025235,2.14273253327201,13.8368514730996,0.013593330422867
"JVS05","weaker_shared_shape_ga",7,"GA","N","seven_case",40,75,40,75,3000,0,0.125,3.5,"sigmoid","case_specific","none","default",TRUE,TRUE,29.4113629928694,64.4452573040599,-35.0338943111901,9.21999999997204,29.4113629928694,64.4452573040599,-35.0338943111901,-0.064717546781866,-0.0038490663191172,0.008439889648378,0.006034876578008,-146.819306819781,-0.04893976893992,110.89536365737,-257.71467047713,-8.13682879978501,-62.58199612474,-0.064717546781866,0.04893976893992,-8.13682879978501,-62.58199612474,0.006034876578008
"JVS05","weaker_shared_shape_ga",8,"GA","N","seven_case",40,75,40,75,3000,0,0.125,3.5,"sigmoid","case_specific","none","default",TRUE,TRUE,8.402451519046,26.50620340916,-18.1037518901198,11.2399999999325,8.402451519046,26.50620340916,-18.1037518901198,-0.0107746619321416,-0.00212025633537718,0.00479999875159398,0.00435454472820601,-44.3996336189202,-0.0147998778729799,16.96081210487,-61.3604457237898,-3.34448260729397,-33.5789288928099,-0.0107746619321416,0.0147998778729799,-3.34448260729397,-33.5789288928099,0.00435454472820601
"JVS05","weaker_shared_shape_ga",9,"GA","N","seven_case",40,75,40,75,3000,0,0.125,3.5,"sigmoid","case_specific","none","default",TRUE,TRUE,16.38702610971,46.9152245550499,-30.52819844534,31.7299999999814,16.38702610971,46.9152245550499,-30.52819844534,-0.000954028293469605,-0.0057140156145362,0.018867706486747,0.015801909864106,690.949097028401,0.23031636567616,107.57768598481,583.371411043701,-8.28694025637401,-96.6906413147503,-0.000954028293469605,-0.23031636567616,-8.28694025637401,-96.6906413147503,0.015801909864106
"JVS05","weaker_shared_shape_ga",10,"GA","N","seven_case",40,75,40,75,3000,0,0.125,3.5,"sigmoid","case_specific","none","default",TRUE,TRUE,13.274103322067,33.79177181762,-20.51766849556,10.9400000000023,13.274103322067,33.79177181762,-20.51766849556,-0.0193771128187085,-0.00348831281582551,0.00261342747133697,0.00222792567671004,-190.27518701482,-0.0634250623382799,40.46239113515,-230.73757814997,-1.87102567046196,-16.6865537497201,-0.0193771128187085,0.0634250623382799,-1.87102567046196,-16.6865537497201,0.00222792567671004
"JVS05","weaker_shared_shape_ga",11,"GA","N","seven_case",40,75,40,75,3000,0,0.125,3.5,"sigmoid","case_specific","none","default",TRUE,TRUE,13.981247125526,37.24622290611,-23.26497578058,16.2600000000093,13.981247125526,37.24622290611,-23.26497578058,-0.0255753748041005,-0.005321779116388,0.00100419181382505,0.00149630825811498,-34.6779982745197,-0.01155933275818,107.40350662722,-142.08150490173,-7.24288169262098,-39.5636444883401,-0.0255753748041005,0.01155933275818,-7.24288169262098,-39.5636444883401,0.00149630825811498
"JVS05","weaker_shared_shape_ga",12,"GA","N","seven_case",40,75,40,75,3000,0,0.125,3.5,"sigmoid","case_specific","none","default",TRUE,TRUE,9.29210626838801,36.8505745595301,-27.5584682911503,14.9799999999814,9.29210626838801,36.8505745595301,-27.5584682911503,-0.0519165871585904,0.00109353343211238,0.003702608231403,0.00239282936132501,59.0097760049994,0.0196699253350299,17.9103507521304,41.0994252529508,-1.32527962048096,-10.4503302879598,-0.0519165871585904,-0.0196699253350299,-1.32527962048096,-10.4503302879598,0.00239282936132501
"JVS05","weaker_shared_shape_ga",13,"GA","N","seven_case",40,75,40,75,3000,0,0.125,3.5,"sigmoid","case_specific","none","default",TRUE,TRUE,1.09499908491301,2.67273127209,-1.57773218716966,5.24000000004889,1.09499908491301,2.67273127209,-1.57773218716966,-0.0035780052440699,2.96358703040494e-05,-0.000176521526555007,-0.000214527420948962,42.3889802813092,0.0141296600937704,4.35059306834,38.0383872129601,0.148798286681028,-9.8268257403497,-0.0035780052440699,-0.0141296600937704,0.148798286681028,-9.8268257403497,-0.000214527420948962
"JVS05","weaker_shared_shape_ga",14,"GA","N","seven_case",40,75,40,75,3000,0,0.125,3.5,"sigmoid","case_specific","none","default",TRUE,TRUE,8.41711841573901,23.99881397898,-15.5816955632399,16.539999999979,8.41711841573901,23.99881397898,-15.5816955632399,0.000709934140777198,-0.0050545324633112,0.00402183589677607,0.00266886482476703,13.9843667770501,0.00466145559235009,-17.11401386139,31.0983806384497,-0.889320985617019,1.75335902105007,0.000709934140777198,-0.00466145559235009,-0.889320985617019,1.75335902105007,0.00266886482476703
"JVS05","weaker_shared_shape_ga",15,"GA","N","seven_case",40,75,40,75,3000,0,0.125,3.5,"sigmoid","case_specific","none","default",TRUE,TRUE,2.20287502003203,5.88798707083015,-3.68511205078994,5.53999999997905,2.20287502003203,5.88798707083015,-3.68511205078994,-0.0134627507749478,-0.000296351426128331,0.000767565273965043,2.57637164450264e-05,43.6884217721199,0.01456280725737,8.42301929744986,35.2654024746698,2.15619538349699,4.63868492865004,-0.0134627507749478,-0.01456280725737,2.15619538349699,4.63868492865004,2.57637164450264e-05
"JVS05","weaker_shared_shape_ga",16,"GA","N","seven_case",40,75,40,75,3000,0,0.125,3.5,"sigmoid","case_specific","none","default",TRUE,TRUE,8.78511716820799,30.0415566807899,-21.2564395125801,17.600000000035,8.78511716820799,30.0415566807899,-21.2564395125801,-0.0148730505181809,-0.00443139906947737,0.008234427409615,0.010141141910698,136.3392959671,0.04544643198903,28.8448429384898,107.49445302861,0.109607960660014,-4.70109578574966,-0.0148730505181809,-0.04544643198903,0.109607960660014,-4.70109578574966,0.010141141910698
"JVS05","weaker_shared_shape_ga",17,"GA","N","seven_case",40,75,40,75,3000,0,0.125,3.5,"sigmoid","case_specific","none","default",TRUE,TRUE,2.15728264797701,6.70810771493007,-4.55082506694998,4.01999999996042,2.15728264797701,6.70810771493007,-4.55082506694998,0.00921653975844752,-0.0003696056346931,0.00101703272568598,0.000436799843851032,57.5272936772308,0.01917576455908,8.98696474788039,48.5403289293599,2.10049169199101,14.1046844488101,0.00921653975844752,-0.01917576455908,2.10049169199101,14.1046844488101,0.000436799843851032
"JVS05","weaker_shared_shape_ga",18,"GA","N","seven_case",40,75,40,75,3000,0,0.125,3.5,"sigmoid","case_specific","none","default",TRUE,TRUE,6.35533025192399,24.44528812151,-18.0899578695698,19.5800000000163,6.35533025192399,24.44528812151,-18.0899578695698,-0.0116672176293015,0.00253093202725501,0.005096597874368,0.00513112166643304,-6.4423646002997,-0.0021474548667797,-20.7686105705402,14.3262459701891,0.272998548269015,7.78249483963964,-0.0116672176293015,0.0021474548667797,0.272998548269015,7.78249483963964,0.00513112166643304
"JVS05","weaker_shared_shape_ga",19,"GA","N","seven_case",40,75,40,75,3000,0,0.125,3.5,"sigmoid","case_specific","none","default",TRUE,TRUE,8.92227917619698,27.9765724485001,-19.0542932723001,16.5500000000466,8.92227917619698,27.9765724485001,-19.0542932723001,-0.0253150723088703,-0.00706321441742855,0.011006457050744,0.010466165977709,60.5953112835905,0.0201984370945298,14.79156082589,45.8037504577001,-3.90022121100196,-55.6966294348299,-0.0253150723088703,-0.0201984370945298,-3.90022121100196,-55.6966294348299,0.010466165977709
"JVS05","weaker_shared_shape_ga",20,"GA","N","seven_case",40,75,40,75,3000,0,0.125,3.5,"sigmoid","case_specific","none","default",TRUE,TRUE,5.315349370449,10.8159983043297,-5.50064893388981,6.0800000000163,5.315349370449,10.8159983043297,-5.50064893388981,-0.0121507414064255,-0.00036368047487869,0.000516849559214938,0.000376673439909991,72.6002837242099,0.02420009457473,6.92782513184966,65.6724585923598,-7.92969128235899,-40.7752911768901,-0.0121507414064255,-0.02420009457473,-7.92969128235899,-40.7752911768901,0.000376673439909991
"JVS05","weaker_shared_shape_ga",21,"GA","N","seven_case",40,75,40,75,3000,0,0.125,3.5,"sigmoid","case_specific","none","default",TRUE,TRUE,22.336908174707,55.8112448233801,-33.47433664867,36.890000000014,22.336908174707,55.8112448233801,-33.47433664867,-0.0310523230605278,-0.00567669364733947,0.014797229208225,0.012032230861254,-6.88078822119041,-0.00229359607373003,0.555530214269766,-7.43631843545973,-2.06128482037803,-19.2477640340499,-0.0310523230605278,0.00229359607373003,-2.06128482037803,-19.2477640340499,0.012032230861254
"JVS05","weaker_shared_shape_ga",22,"GA","N","seven_case",40,75,40,75,3000,0,0.125,3.5,"sigmoid","case_specific","none","default",TRUE,TRUE,13.156276069614,31.61914360836,-18.4628675387503,14.5900000000256,13.156276069614,31.61914360836,-18.4628675387503,-0.0180177329094771,0.000802821984028811,0.00309288076277903,0.00269018457921599,-57.6978740340401,-0.0192326246780099,-3.27656590267998,-54.4213081313701,3.506550363477,20.0006256860199,-0.0180177329094771,0.0192326246780099,3.506550363477,20.0006256860199,0.00269018457921599
"JVS05","weaker_shared_shape_ga",23,"GA","N","seven_case",40,75,40,75,3000,0,0.125,3.5,"sigmoid","case_specific","none","default",TRUE,TRUE,18.703574750798,42.20203443325,-23.4984596824397,48.1499999999651,18.703574750798,42.20203443325,-23.4984596824397,-0.0073055366646421,-0.001718916249208,0.00950741403898903,0.00755108668006599,388.5176676508,0.12950588921696,-1.91623381227009,390.43390146316,-1.70179473115797,-11.5579774673399,-0.0073055366646421,-0.12950588921696,-1.70179473115797,-11.5579774673399,0.00755108668006599
"JVS05","weaker_shared_shape_ga",24,"GA","N","seven_case",40,75,40,75,3000,0,0.125,3.5,"sigmoid","case_specific","none","default",TRUE,TRUE,12.576395392333,25.42747195831,-12.8510765659798,14.3499999999767,12.576395392333,25.42747195831,-12.8510765659798,-0.0235692669034557,-0.00102235481352031,0.00389707609491508,0.00268957054281899,8.25381884147009,0.00275127294715993,-4.3133674436699,12.56718628515,-2.18375531215003,-10.61960245,-0.0235692669034557,-0.00275127294715993,-2.18375531215003,-10.61960245,0.00268957054281899
"JVS05","weaker_shared_shape_ga",25,"GA","N","seven_case",40,75,40,75,3000,0,0.125,3.5,"sigmoid","case_specific","none","default",TRUE,TRUE,126.300540913267,169.04966353779,-42.7491226245302,17.7600000000093,126.300540913267,169.04966353779,-42.7491226245302,-0.0638734157004522,-0.0021591892558091,0.043788000756296,0.037842025063955,-1324.926178447,-0.44164205948233,27.72991919886,-1352.65609764586,-5.208717669517,-54.8440100039202,-0.0638734157004522,0.44164205948233,-5.208717669517,-54.8440100039202,0.037842025063955
"JVS05","weaker_shared_shape_ga",26,"GA","N","seven_case",40,75,40,75,3000,0,0.125,3.5,"sigmoid","case_specific","none","default",TRUE,TRUE,7.157958428603,8.10396844281013,-0.946010014200056,22.7600000000093,7.157958428603,8.10396844281013,-0.946010014200056,0.0387118982279767,-0.00336523466413546,0.00681205671141399,0.005117228378125,586.95626954028,0.19565208984676,-11.0768395088403,598.03310904912,-4.641129465988,-53.5723607099599,0.0387118982279767,-0.19565208984676,-4.641129465988,-53.5723607099599,0.005117228378125
"JVS05","weaker_shared_shape_ga",27,"GA","N","seven_case",40,75,40,75,3000,0,0.125,3.5,"sigmoid","case_specific","none","default",TRUE,TRUE,4.37637302208805,12.48034453579,-8.10397151369989,14.2799999999697,4.37637302208805,12.48034453579,-8.10397151369989,-0.0159540424192103,0.000556890473761569,0.00208178244502299,0.00140241569066302,-13.29973198786,-0.00443324399595002,-12.1564088358,-1.14332315206002,0.842361094093008,14.0790994333101,-0.0159540424192103,0.00443324399595002,0.842361094093008,14.0790994333101,0.00140241569066302
"JVS05","weaker_shared_shape_ga",28,"GA","N","seven_case",40,75,40,75,3000,0,0.125,3.5,"sigmoid","case_specific","none","default",TRUE,TRUE,3.6420309323985,10.4370657066802,-6.79503477427988,23.9199999999837,3.6420309323985,10.4370657066802,-6.79503477427988,0.0113667863940313,-0.00030403975124753,0.00324345155526007,0.00233976387016899,144.845420765101,0.0482818069217101,-2.21839541916006,147.0638161843,-2.536238807556,-13.65058628098,0.0113667863940313,-0.0482818069217101,-2.536238807556,-13.65058628098,0.00233976387016899
"JVS05","weaker_shared_shape_ga",29,"GA","N","seven_case",40,75,40,75,3000,0,0.125,3.5,"sigmoid","case_specific","none","default",TRUE,TRUE,9.61802937961704,31.4016635785599,-21.78363419894,31.5099999999511,9.61802937961704,31.4016635785599,-21.78363419894,0.000801463189825099,-0.008111904505151,0.006195245990814,0.00676015843963806,184.35779521651,0.0614525984054999,43.61449538326,140.74329983326,-4.31827318482999,-23.48012728702,0.000801463189825099,-0.0614525984054999,-4.31827318482999,-23.48012728702,0.00676015843963806
"JVS05","weaker_shared_shape_ga",30,"GA","N","seven_case",40,75,40,75,3000,0,0.125,3.5,"sigmoid","case_specific","none","default",TRUE,TRUE,25.089414972863,55.7509653617501,-30.6615503888797,54.2000000000699,25.089414972863,55.7509653617501,-30.6615503888797,-0.0660652883237031,0.00135982627107616,0.00955461212513398,0.00729498554993507,-98.0839879200503,-0.03269466264002,51.1749778225999,-149.25896574264,4.32067324731401,31.9343074190001,-0.0660652883237031,0.03269466264002,4.32067324731401,31.9343074190001,0.00729498554993507
"JVS05","weaker_shared_shape_ga",31,"GA","N","seven_case",40,75,40,75,3000,0,0.125,3.5,"sigmoid","case_specific","none","default",TRUE,TRUE,7.04401513763401,15.2306843031001,-8.18666916546999,7.15999999997437,7.04401513763401,15.2306843031001,-8.18666916546999,-0.0090862363575725,-0.0015385664990615,0.00100947303894594,0.000520333552052055,115.083197290191,0.0383610657633899,-14.4575926001198,129.54078989032,0.0961731848290128,0.205910080870126,-0.0090862363575725,-0.0383610657633899,0.0961731848290128,0.205910080870126,0.000520333552052055
"JVS05","weaker_shared_shape_ga",32,"GA","N","seven_case",40,75,40,75,3000,0,0.125,3.5,"sigmoid","case_specific","none","default",TRUE,TRUE,8.61386462096499,28.7981559839,-20.1842913629403,58.6699999999837,8.61386462096499,28.7981559839,-20.1842913629403,0.01444253702214,0.00360740950154242,0.013771120284273,0.01414320362722,97.7326533141004,0.0325775511047,-23.5081394159301,121.24079273004,-2.205952398487,3.54510955838987,0.01444253702214,-0.0325775511047,-2.205952398487,3.54510955838987,0.01414320362722
"JVS05","weaker_shared_shape_ga",33,"GA","N","seven_case",40,75,40,75,3000,0,0.125,3.5,"sigmoid","case_specific","none","default",TRUE,TRUE,5.07320757475003,15.3852514723299,-10.3120438975798,7.8899999999558,5.07320757475003,15.3852514723299,-10.3120438975798,-0.0120764270786712,-0.00032185642493791,0.000343819060654948,-0.000122263655149002,-13.4159696334,-0.00447198987780029,4.55161302590977,-17.9675826593098,-0.625423110430006,-5.15199903045959,-0.0120764270786712,0.00447198987780029,-0.625423110430006,-5.15199903045959,-0.000122263655149002
"JVS05","weaker_shared_shape_ga",34,"GA","N","seven_case",40,75,40,75,3000,0,0.125,3.5,"sigmoid","case_specific","none","default",TRUE,TRUE,3.41541061308101,20.5385627473099,-17.1231521342302,21.7300000000396,3.41541061308101,20.5385627473099,-17.1231521342302,-0.0216817374966388,-9.50925376232e-05,0.000599940269110033,0.000417430477277048,-1.83386663342981,-0.000611288877808036,18.2033721077796,-20.0372387411981,-1.90545054898297,-19.85193034387,-0.0216817374966388,0.000611288877808036,-1.90545054898297,-19.85193034387,0.000417430477277048
"JVS05","weaker_shared_shape_ga",35,"GA","N","seven_case",40,75,40,75,3000,0,0.125,3.5,"sigmoid","case_specific","none","default",TRUE,TRUE,16.7429395124425,42.7440010102302,-26.00106149778,55.320000000007,16.7429395124425,42.7440010102302,-26.00106149778,-0.0046205269392938,-0.0030667211629976,0.00968274673175806,0.00874896715989698,120.34341800991,0.04011447266997,-9.87967889405991,130.22309690397,-0.396052118643979,-32.8316019879799,-0.0046205269392938,-0.04011447266997,-0.396052118643979,-32.8316019879799,0.00874896715989698
"JVS05","weaker_shared_shape_ga",36,"GA","N","seven_case",40,75,40,75,3000,0,0.125,3.5,"sigmoid","case_specific","none","default",TRUE,TRUE,54.3574537559996,166.21544013609,-111.8579863801,157.299999999989,54.3574537559996,166.21544013609,-111.8579863801,-0.095078044076629,-0.007078727642921,0.024509755613589,0.019721489541127,-190.06099683065,-0.0633536656102101,399.67841395356,-589.73941078421,-5.39492572269899,-50.3336969488601,-0.095078044076629,0.0633536656102101,-5.39492572269899,-50.3336969488601,0.019721489541127
"JVS05","weaker_shared_shape_ga",37,"GA","N","seven_case",40,75,40,75,3000,0,0.125,3.5,"sigmoid","case_specific","none","default",TRUE,TRUE,25.443959682107,64.77599462747,-39.3320349453697,30.9000000000232,25.443959682107,64.77599462747,-39.3320349453697,-0.0744527294714766,-0.000161353844567109,0.00689406729837105,0.00585344668696303,-89.0597694733597,-0.0296865898244598,117.17112376607,-206.23089323943,-4.28062277318799,-30.6019683631703,-0.0744527294714766,0.0296865898244598,-4.28062277318799,-30.6019683631703,0.00585344668696303
"JVS05","weaker_shared_shape_ga",38,"GA","N","seven_case",40,75,40,75,3000,0,0.125,3.5,"sigmoid","case_specific","none","default",TRUE,TRUE,26.193076250996,56.4675252341999,-30.2744489832003,54.960000000021,26.193076250996,56.4675252341999,-30.2744489832003,-0.0364592242068361,-0.0014750780594475,0.011571409705492,0.00947999006078892,-241.2788355054,-0.0804262785018199,7.46726286845023,-248.7460983739,-5.66060562613995,-38.1760911108902,-0.0364592242068361,0.0804262785018199,-5.66060562613995,-38.1760911108902,0.00947999006078892
"JVS05","weaker_shared_shape_ga",39,"GA","N","seven_case",40,75,40,75,3000,0,0.125,3.5,"sigmoid","case_specific","none","default",TRUE,TRUE,19.553444288201,58.0467367926299,-38.4932925044302,39.039999999979,19.553444288201,58.0467367926299,-38.4932925044302,0.0036116669615874,-0.00963307922749964,0.00874338707828104,0.00950070197547603,15.2695248156006,0.0050898416052001,31.8723558460997,-16.6028310305001,-7.103237243823,-49.25642623161,0.0036116669615874,-0.0050898416052001,-7.103237243823,-49.25642623161,0.00950070197547603
"JVS05","weaker_shared_shape_ga",40,"GA","N","seven_case",40,75,40,75,3000,0,0.125,3.5,"sigmoid","case_specific","none","default",TRUE,TRUE,7.873211466258,17.86902789534,-9.99581642907992,32.2499999999418,7.873211466258,17.86902789534,-9.99581642907992,0.0039876456708341,-0.0022848033117078,0.00295114845261202,0.00382574654482404,-41.7685690103199,-0.0139228563367699,14.6680196718899,-56.4365886822097,-0.0367209745919581,-23.2304691548202,0.0039876456708341,0.0139228563367699,-0.0367209745919581,-23.2304691548202,0.00382574654482404
"JVS05","weaker_shared_shape_ga",41,"GA","N","seven_case",40,75,40,75,3000,0,0.125,3.5,"sigmoid","case_specific","none","default",TRUE,TRUE,13.19597338708,31.3517309143699,-18.1557575272898,25.1099999999861,13.19597338708,31.3517309143699,-18.1557575272898,0.0034569090687294,-0.00759667736824491,-0.00192887948864695,-0.00126294026807594,324.598532545,0.10819951084835,18.2892306531403,306.30930189191,-1.411910648728,-12.14628787642,0.0034569090687294,-0.10819951084835,-1.411910648728,-12.14628787642,-0.00126294026807594
"JVS05","weaker_shared_shape_ga",42,"GA","N","seven_case",40,75,40,75,3000,0,0.125,3.5,"sigmoid","case_specific","none","default",TRUE,TRUE,90.1789349091005,118.08800132998,-27.9090664208697,82.9299999999348,90.1789349091005,118.08800132998,-27.9090664208697,-0.0447433044289099,-0.00143371522527565,0.031193030656148,0.027808838942017,-4485.3899434048,-1.49512998113492,23.9405192532399,-4509.330462658,-0.973383165526002,-5.82792923432999,-0.0447433044289099,1.49512998113492,-0.973383165526002,-5.82792923432999,0.027808838942017
"JVS05","weaker_shared_shape_ga",43,"GA","N","seven_case",40,75,40,75,3000,0,0.125,3.5,"sigmoid","case_specific","none","default",TRUE,TRUE,3.18917989008901,9.91788760052009,-6.72870771043017,11.9900000000489,3.18917989008901,9.91788760052009,-6.72870771043017,0.0078814978388973,0.00027160378073114,9.04967156419856e-05,0.00010237338209107,12.9309883466294,0.00431032944887999,1.34615525604977,11.5848330905801,-1.46642706095002,-13.73820683947,0.0078814978388973,-0.00431032944887999,-1.46642706095002,-13.73820683947,0.00010237338209107
"JVS05","weaker_shared_shape_ga",44,"GA","N","seven_case",40,75,40,75,3000,0,0.125,3.5,"sigmoid","case_specific","none","default",TRUE,TRUE,9.62423038825295,26.13921551007,-16.5149851218098,24.0100000000675,9.62423038825295,26.13921551007,-16.5149851218098,-0.0188594680597663,0.00024281956079202,0.000584198191917018,0.00189062140669499,28.0783019392102,0.00935943397973005,16.7122218989898,11.3660800402199,-0.0449860131529931,-4.42238788378017,-0.0188594680597663,-0.00935943397973005,-0.0449860131529931,-4.42238788378017,0.00189062140669499
"JVS05","weaker_shared_shape_ga",45,"GA","N","seven_case",40,75,40,75,3000,0,0.125,3.5,"sigmoid","case_specific","none","default",TRUE,TRUE,9.83624865988503,19.3502778434399,-9.51402918356007,18.9300000000512,9.83624865988503,19.3502778434399,-9.51402918356007,-0.017790630388248,0.000252020060622341,0.002718608825655,0.00212380549664698,-20.49627639149,-0.00683209213050029,43.0550853640498,-63.5513617555398,1.45660536780298,8.6518434671998,-0.017790630388248,0.00683209213050029,1.45660536780298,8.6518434671998,0.00212380549664698
"JVS05","weaker_shared_shape_ga",46,"GA","N","seven_case",40,75,40,75,3000,0,0.125,3.5,"sigmoid","case_specific","none","default",TRUE,TRUE,5.84866897083401,13.61051399811,-7.76184502726983,20.4300000000512,5.84866897083401,13.61051399811,-7.76184502726983,-0.0058777664389049,0.00101086777164376,0.00370580978747403,0.00401341821782797,-7.66825745042979,-0.00255608581681011,10.2686623950699,-17.9369198454921,-1.06435111876499,-5.47777506935972,-0.0058777664389049,0.00255608581681011,-1.06435111876499,-5.47777506935972,0.00401341821782797
"JVS05","weaker_shared_shape_ga",47,"GA","N","seven_case",40,75,40,75,3000,0,0.125,3.5,"sigmoid","case_specific","none","default",TRUE,TRUE,23.8212478801068,63.3395162772499,-39.51826839714,10.7400000000489,23.8212478801068,63.3395162772499,-39.51826839714,-0.0010071262331726,-0.0036081572101332,0.006629793649714,0.00834303475210801,41.6447865727305,0.01388159552424,6.28640397882987,35.3583825938999,-5.02621195518799,-40.9185157018401,-0.0010071262331726,-0.01388159552424,-5.02621195518799,-40.9185157018401,0.00834303475210801
"JVS05","weaker_shared_shape_ga",48,"GA","N","seven_case",40,75,40,75,3000,0,0.125,3.5,"sigmoid","case_specific","none","default",TRUE,TRUE,9.3532993805843,22.4755936816,-13.1222943010202,18.9299999999348,9.3532993805843,22.4755936816,-13.1222943010202,-0.0206722741405941,-0.00515055514177874,0.010514688247488,0.00833469228518202,246.817661590009,0.08227255386333,29.24511357949,217.57254801052,-2.33888279302897,-43.18268388705,-0.0206722741405941,-0.08227255386333,-2.33888279302897,-43.18268388705,0.00833469228518202
"JVS05","weaker_shared_shape_ga",49,"GA","N","seven_case",40,75,40,75,3000,0,0.125,3.5,"sigmoid","case_specific","none","default",TRUE,TRUE,7.62013851379299,18.9905773375599,-11.3704388237597,6.859999999986,7.62013851379299,18.9905773375599,-11.3704388237597,-0.0099413548198654,-0.0012949644934097,0.001530436891791,0.00129910631446095,-370.679263439401,-0.12355975447981,14.29233852074,-384.971601960191,-4.64083953949699,-26.13380812944,-0.0099413548198654,0.12355975447981,-4.64083953949699,-26.13380812944,0.00129910631446095
"JVS05","weaker_shared_shape_ga",50,"GA","N","seven_case",40,75,40,75,3000,0,0.125,3.5,"sigmoid","case_specific","none","default",TRUE,TRUE,10.473483337553,26.93084060361,-16.4573572660599,9.30999999999771,10.473483337553,26.93084060361,-16.4573572660599,-0.0184676523415111,-0.0033249121260193,0.00540779734683805,0.0048262199628889,-128.224390521809,-0.0427414635072698,23.4083441070402,-151.63273462886,-2.13481196195596,-9.34805475781991,-0.0184676523415111,0.0427414635072698,-2.13481196195596,-9.34805475781991,0.0048262199628889
"JVS05","weaker_shared_shape_ga",51,"GA","N","seven_case",40,75,40,75,3000,0,0.125,3.5,"sigmoid","case_specific","none","default",TRUE,TRUE,9.8233290747591,33.74883563715,-23.9255065623797,14.1199999999371,9.8233290747591,33.74883563715,-23.9255065623797,-0.000215830543214099,-0.007875370456692,0.00299274107143099,0.002494657186081,13.7519915186604,0.00458399717288982,35.6187723835901,-21.8667808649107,-7.35961166010503,-49.69293549596,-0.000215830543214099,-0.00458399717288982,-7.35961166010503,-49.69293549596,0.002494657186081
"JVS05","weaker_shared_shape_ga",52,"GA","N","seven_case",40,75,40,75,3000,0,0.125,3.5,"sigmoid","case_specific","none","default",TRUE,TRUE,4.793443419851,12.1285768072901,-7.33513338744024,9.72999999998138,4.793443419851,12.1285768072901,-7.33513338744024,0.0039749341827993,0.00066209044259634,0.00125892793941207,0.000621803564036016,-5.4755135764708,-0.00182517119215975,-2.15968521247987,-3.31582836398957,-0.150584242413004,6.53671470485006,0.0039749341827993,0.00182517119215975,-0.150584242413004,6.53671470485006,0.000621803564036016
"JVS05","weaker_shared_shape_ga",53,"GA","N","seven_case",40,75,40,75,3000,0,0.125,3.5,"sigmoid","case_specific","none","default",TRUE,TRUE,6.73142728976899,24.6040397694201,-17.8726124796503,14.6699999999837,6.73142728976899,24.6040397694201,-17.8726124796503,-0.0138021546515228,0.00175817349285451,0.00366084182857396,0.00265904079500701,33.2252282807594,0.01107507609359,5.94866350582015,27.2765647749393,-0.448305044934045,-15.3955912971301,-0.0138021546515228,-0.01107507609359,-0.448305044934045,-15.3955912971301,0.00265904079500701
"JVS05","weaker_shared_shape_ga",54,"GA","N","seven_case",40,75,40,75,3000,0,0.125,3.5,"sigmoid","case_specific","none","default",TRUE,TRUE,3.1600579417377,13.67642062408,-10.5163626823401,18.2199999999721,3.1600579417377,13.67642062408,-10.5163626823401,-0.00783746967574121,-0.00163006532397081,0.00324089347330103,0.002328635905748,156.9766889972,0.05232556299906,4.97775677977006,151.998932217381,-0.639443868736976,-23.9698233727399,-0.00783746967574121,-0.05232556299906,-0.639443868736976,-23.9698233727399,0.002328635905748
"JVS05","weaker_shared_shape_ga",55,"GA","N","seven_case",40,75,40,75,3000,0,0.125,3.5,"sigmoid","case_specific","none","default",TRUE,TRUE,42.172712582307,107.70810914554,-65.5353965632298,89.640000000014,42.172712582307,107.70810914554,-65.5353965632298,-0.085998697438213,-1.48412761236697e-05,0.01477371391896,0.009891591857418,-425.917292391099,-0.14197243079704,69.8849920213702,-495.802284412481,0.517411372132017,-5.06362450764027,-0.085998697438213,0.14197243079704,0.517411372132017,-5.06362450764027,0.009891591857418
"JVS05","weaker_shared_shape_ga",56,"GA","N","seven_case",40,75,40,75,3000,0,0.125,3.5,"sigmoid","case_specific","none","default",TRUE,TRUE,5.632384196602,24.82239278108,-19.19000858448,10.8100000000558,5.632384196602,24.82239278108,-19.19000858448,-0.0034691622424627,-0.000667226862615911,0.00601888997094691,0.00513009973482798,-32.7393979468698,-0.010913132648954,3.04097955887028,-35.7803775057321,-1.90078530928798,-7.82508093694014,-0.0034691622424627,0.010913132648954,-1.90078530928798,-7.82508093694014,0.00513009973482798
"JVS05","weaker_shared_shape_ga",57,"GA","N","seven_case",40,75,40,75,3000,0,0.125,3.5,"sigmoid","case_specific","none","default",TRUE,TRUE,8.891441546517,16.2057000571001,-7.3142585105802,8.92999999993482,8.891441546517,16.2057000571001,-7.3142585105802,0.0079692796833223,0.000651960359094199,0.00262317892976094,0.00185005281657202,-84.23659117022,-0.02807886372341,-8.49558020810014,-75.7410109621105,-2.382091410106,-4.77526903542002,0.0079692796833223,0.02807886372341,-2.382091410106,-4.77526903542002,0.00185005281657202
"JVS05","weaker_shared_shape_ga",58,"GA","N","seven_case",40,75,40,75,3000,0,0.125,3.5,"sigmoid","case_specific","none","default",TRUE,TRUE,1.0967696542279,-0.904607052279971,2.00137670649974,6.4400000000023,1.0967696542279,-0.904607052279971,2.00137670649974,0.0012655403953304,-3.62022269733897e-05,-0.000513414391823952,-0.000589944667178988,-4.00685689383999,-0.00133561896462009,-0.615663727479841,-3.39119316635993,0.558873414242044,-2.75348255453991,0.0012655403953304,0.00133561896462009,0.558873414242044,-2.75348255453991,-0.000589944667178988
"JVS05","weaker_shared_shape_ga",59,"GA","N","seven_case",40,75,40,75,3000,0,0.125,3.5,"sigmoid","case_specific","none","default",TRUE,TRUE,4.6483656934119,12.0082664336996,-7.35990074028996,8.26000000000934,4.6483656934119,12.0082664336996,-7.35990074028996,0.00147948019532849,0.00111570037038594,0.00332997788425204,0.00228027493174299,54.8909638155701,0.01829698793853,-25.2064353935102,80.0973992090899,-1.67468641058701,-21.89789904179,0.00147948019532849,-0.01829698793853,-1.67468641058701,-21.89789904179,0.00228027493174299
"JVS05","weaker_shared_shape_ga",60,"GA","N","seven_case",40,75,40,75,3000,0,0.125,3.5,"sigmoid","case_specific","none","default",TRUE,TRUE,38.478061050835,51.41093466149,-12.9328736106499,33.8300000000162,38.478061050835,51.41093466149,-12.9328736106499,-0.0379947768079402,0.00131956604374219,0.0116778707330519,0.0103434178509341,484.4363003785,0.161478766792841,12.19675591123,472.2395444673,-1.62285385566901,-19.9974159717499,-0.0379947768079402,-0.161478766792841,-1.62285385566901,-19.9974159717499,0.0103434178509341
"JVS05","weaker_shared_shape_ga",61,"GA","N","seven_case",40,75,40,75,3000,0,0.125,3.5,"sigmoid","case_specific","none","default",TRUE,TRUE,63.590861704067,88.5731412584,-24.98227955434,24.4799999999813,63.590861704067,88.5731412584,-24.98227955434,-0.0574792014869351,0.00403298981014039,0.0266128990874049,0.022819967317054,-1366.26216766134,-0.45542072255378,33.3447892180598,-1399.60695687939,2.118308254368,13.1594040330901,-0.0574792014869351,0.45542072255378,2.118308254368,13.1594040330901,0.022819967317054
"JVS05","weaker_shared_shape_ga",62,"GA","N","seven_case",40,75,40,75,3000,0,0.125,3.5,"sigmoid","case_specific","none","default",TRUE,TRUE,7.80231896126099,22.21609926317,-14.4137803019,15.539999999979,7.80231896126099,22.21609926317,-14.4137803019,-0.0065568679475413,-0.005647463668076,0.00913746591627096,0.008187308784041,217.91920669412,0.0726397355647102,28.65869119226,189.26051550187,-1.54968006597699,-16.40794458768,-0.0065568679475413,-0.0726397355647102,-1.54968006597699,-16.40794458768,0.008187308784041
"JVS05","weaker_shared_shape_ga",63,"GA","N","seven_case",40,75,40,75,3000,0,0.125,3.5,"sigmoid","case_specific","none","default",TRUE,TRUE,6.356637955613,14.27879316799,-7.92215521237995,10.7800000000861,6.356637955613,14.27879316799,-7.92215521237995,0.006681085031626,-0.00015640053948332,-0.000958730334261082,0.000128204578184965,-103.4319438083,-0.0344773146027797,-13.5559214114101,-89.8760223969293,-0.470298732098001,-7.38990851645985,0.006681085031626,0.0344773146027797,-0.470298732098001,-7.38990851645985,0.000128204578184965
"JVS05","weaker_shared_shape_ga",64,"GA","N","seven_case",40,75,40,75,3000,0,0.125,3.5,"sigmoid","case_specific","none","default",TRUE,TRUE,19.032314886363,34.3212776585099,-15.2889627721502,30.1900000000023,19.032314886363,34.3212776585099,-15.2889627721502,-0.012146810470976,0.0067688485883031,0.00595914371385997,0.00683852767035797,-3.97447886093869,-0.00132482628698005,-7.51386795861981,3.5393890976793,0.217464702218024,2.07824539527019,-0.012146810470976,0.00132482628698005,0.217464702218024,2.07824539527019,0.00683852767035797
"JVS05","weaker_shared_shape_ga",65,"GA","N","seven_case",40,75,40,75,3000,0,0.125,3.5,"sigmoid","case_specific","none","default",TRUE,TRUE,5.32705181064699,10.42295985585,-5.09590804520985,11.5699999999488,5.32705181064699,10.42295985585,-5.09590804520985,-0.0104405445963354,0.00015357585120295,0.00325488442976896,0.00213744656290399,-195.95168686938,-0.0653172289564603,-3.01432969535017,-192.93735717404,-0.749622813221038,-9.33644476431982,-0.0104405445963354,0.0653172289564603,-0.749622813221038,-9.33644476431982,0.00213744656290399
"JVS05","weaker_shared_shape_ga",66,"GA","N","seven_case",40,75,40,75,3000,0,0.125,3.5,"sigmoid","case_specific","none","default",TRUE,TRUE,5.22538867840329,13.92315205666,-8.69776337826033,21.3299999999581,5.22538867840329,13.92315205666,-8.69776337826033,-0.0052885631043707,-0.00227365888863665,0.00806125205406,0.00637682696207903,18.60715327667,0.0062023844255501,6.03384642950004,12.57330684718,0.966526910760024,6.03314020516973,-0.0052885631043707,-0.0062023844255501,0.966526910760024,6.03314020516973,0.00637682696207903
"JVS05","weaker_shared_shape_ga",67,"GA","N","seven_case",40,75,40,75,3000,0,0.125,3.5,"sigmoid","case_specific","none","default",TRUE,TRUE,2.130674836222,5.70518812067985,-3.57451328446041,2.96000000002095,2.130674836222,5.70518812067985,-3.57451328446041,8.53500230090995e-05,0.000179212093385579,-0.000164632359765993,3.85411032999827e-05,28.37108148518,0.00945702716172603,-1.1664846287099,29.5375661138913,-4.33398414444497,-35.08558401813,8.53500230090995e-05,-0.00945702716172603,-4.33398414444497,-35.08558401813,3.85411032999827e-05
"JVS05","weaker_shared_shape_ga",68,"GA","N","seven_case",40,75,40,75,3000,0,0.125,3.5,"sigmoid","case_specific","none","default",TRUE,TRUE,22.599539259628,44.9624941127399,-22.3629548531198,8.57000000000697,22.599539259628,44.9624941127399,-22.3629548531198,-0.0292295869098649,-0.0012904082693653,0.00720490366253301,0.00496981242041994,-95.7699320280099,-0.0319233106760002,30.8661435617596,-126.63607558978,-2.94077582125999,-31.9621296058099,-0.0292295869098649,0.0319233106760002,-2.94077582125999,-31.9621296058099,0.00496981242041994
"JVS05","weaker_shared_shape_ga",69,"GA","N","seven_case",40,75,40,75,3000,0,0.125,3.5,"sigmoid","case_specific","none","default",TRUE,TRUE,10.149704971181,35.3512376322301,-25.2015326610499,10.969999999972,10.149704971181,35.3512376322301,-25.2015326610499,0.0079888457143274,-0.0063173794041242,0.00859168315734604,0.006501699516895,341.8771635592,0.11395905451974,66.3204349689404,275.5567285903,-9.49030219182896,-49.6497439078698,0.0079888457143274,-0.11395905451974,-9.49030219182896,-49.6497439078698,0.006501699516895
"JVS05","weaker_shared_shape_ga",70,"GA","N","seven_case",40,75,40,75,3000,0,0.125,3.5,"sigmoid","case_specific","none","default",TRUE,TRUE,13.257297010511,33.5768818250001,-20.3195848144901,33.6999999999535,13.257297010511,33.5768818250001,-20.3195848144901,-0.0310196793678293,-0.00438343629205713,0.00188470785875106,0.00269364007691009,-309.4225700725,-0.10314085669083,68.3307526434996,-377.753322716,-2.19697313695701,-24.7603442357199,-0.0310196793678293,0.10314085669083,-2.19697313695701,-24.7603442357199,0.00269364007691009
"JVS05","weaker_shared_shape_ga",71,"GA","N","seven_case",40,75,40,75,3000,0,0.125,3.5,"sigmoid","case_specific","none","default",TRUE,TRUE,0.821934257164003,1.79846810409026,-0.97653384692012,3.82000000006519,0.821934257164003,1.79846810409026,-0.97653384692012,-0.0023788132993982,0.00051793497999646,0.00224329285365199,0.00146445723709204,11.8535556050601,0.00395118520169002,-0.622187373060115,12.4757429781203,5.56386255835798,19.7027876889799,-0.0023788132993982,-0.00395118520169002,5.56386255835798,19.7027876889799,0.00146445723709204
"JVS05","weaker_shared_shape_ga",72,"GA","N","seven_case",40,75,40,75,3000,0,0.125,3.5,"sigmoid","case_specific","none","default",TRUE,TRUE,22.577972198353,48.90198540133,-26.32401320297,28.109999999986,22.577972198353,48.90198540133,-26.32401320297,-0.0609607161284189,-0.00132235480381686,0.00577022926495097,0.00382303904292003,19.3406509583601,0.00644688365279,94.5053444138202,-75.1646934554492,-1.02490198728003,-2.03114128877996,-0.0609607161284189,-0.00644688365279,-1.02490198728003,-2.03114128877996,0.00382303904292003
"JVS05","weaker_shared_shape_ga",73,"GA","N","seven_case",40,75,40,75,3000,0,0.125,3.5,"sigmoid","case_specific","none","default",TRUE,TRUE,5.73851920507201,12.25372243626,-6.51520323118007,7.04999999993013,5.73851920507201,12.25372243626,-6.51520323118007,-0.0245080010344763,-0.00058103084982774,-0.000249202202656007,-0.000584946973456013,-47.8754979616997,-0.0159584993205604,10.2569608119602,-58.1324587736499,-4.88174324923699,-40.33640277731,-0.0245080010344763,0.0159584993205604,-4.88174324923699,-40.33640277731,-0.000584946973456013
"JVS05","weaker_shared_shape_ga",74,"GA","N","seven_case",40,75,40,75,3000,0,0.125,3.5,"sigmoid","case_specific","none","default",TRUE,TRUE,13.772731895866,36.4839345961,-22.7112027002299,12.7199999999721,13.772731895866,36.4839345961,-22.7112027002299,-0.024567501840285,0.00201293912528652,0.011086872198503,0.00797109858116302,-17.4084683519395,-0.00580282278398014,-2.58435399741984,-14.8241143545301,-1.316957035575,-2.84216928102001,-0.024567501840285,0.00580282278398014,-1.316957035575,-2.84216928102001,0.00797109858116302
"JVS05","weaker_shared_shape_ga",75,"GA","N","seven_case",40,75,40,75,3000,0,0.125,3.5,"sigmoid","case_specific","none","default",TRUE,TRUE,9.32071458433603,24.3740846401799,-15.0533700558399,16.2799999999697,9.32071458433603,24.3740846401799,-15.0533700558399,0.0190436836228166,-0.00618884429629944,0.00827571942902694,0.00690632191618101,19.9539545706002,0.00665131819019993,18.1375090916299,1.81644547897031,-1.90158790896999,-15.7600814359998,0.0190436836228166,-0.00665131819019993,-1.90158790896999,-15.7600814359998,0.00690632191618101
"JVS05","weaker_shared_shape_ga",76,"GA","N","seven_case",40,75,40,75,3000,0,0.125,3.5,"sigmoid","case_specific","none","default",TRUE,TRUE,9.93746259771603,12.3556025183198,-2.41813992059997,6.77999999996973,9.93746259771603,12.3556025183198,-2.41813992059997,0.00221926808069,0.00013660838569334,-0.000984753621744994,-0.000627346652006033,83.8146185013502,0.0279382061671201,11.1484138218002,72.6662046795409,-3.38502648153803,-14.60051775592,0.00221926808069,-0.0279382061671201,-3.38502648153803,-14.60051775592,-0.000627346652006033
"JVS05","weaker_shared_shape_ga",77,"GA","N","seven_case",40,75,40,75,3000,0,0.125,3.5,"sigmoid","case_specific","none","default",TRUE,TRUE,26.804594441495,50.4325744749801,-23.6279800334796,12.4699999999721,26.804594441495,50.4325744749801,-23.6279800334796,-0.0117035639660885,-0.00183061151534673,0.00782345647800808,0.00763353985633197,-261.506961659689,-0.08716898721989,20.1576233186597,-281.664584978361,-7.737699440217,-58.2634143862201,-0.0117035639660885,0.08716898721989,-7.737699440217,-58.2634143862201,0.00763353985633197
"JVS05","weaker_shared_shape_ga",78,"GA","N","seven_case",40,75,40,75,3000,0,0.125,3.5,"sigmoid","case_specific","none","default",TRUE,TRUE,4.43861273131898,11.4784940240199,-7.03988129268987,6.59999999997672,4.43861273131898,11.4784940240199,-7.03988129268987,0.00459877188838,-0.0034171239297536,0.000203910272339958,0.000296112799717974,73.96328787536,0.0246544292917901,-11.0251702606301,84.9884581359902,-3.82474328467197,-14.1680665010701,0.00459877188838,-0.0246544292917901,-3.82474328467197,-14.1680665010701,0.000296112799717974
"JVS05","weaker_shared_shape_ga",79,"GA","N","seven_case",40,75,40,75,3000,0,0.125,3.5,"sigmoid","case_specific","none","default",TRUE,TRUE,2.237088698051,8.21503831896985,-5.97794962090984,7.35999999998604,2.237088698051,8.21503831896985,-5.97794962090984,0.00604794955861,0.00096848791296842,0.00270224650401607,0.00216272568945403,12.0469885577904,0.00401566285260024,-5.98632235352989,18.0333109113199,-1.30453501346597,-11.55513811938,0.00604794955861,-0.00401566285260024,-1.30453501346597,-11.55513811938,0.00216272568945403
"JVS05","weaker_shared_shape_ga",80,"GA","N","seven_case",40,75,40,75,3000,0,0.125,3.5,"sigmoid","case_specific","none","default",TRUE,TRUE,6.55017365114895,38.0228041708599,-31.4726305197096,30.6400000000139,6.55017365114895,38.0228041708599,-31.4726305197096,-0.0171456370361933,-0.00332332704055387,0.00449141012556997,0.00403739175123802,10.5843574290093,0.00352811914300011,47.5987545053999,-37.0143970763802,0.128168996840031,4.84200944999975,-0.0171456370361933,-0.00352811914300011,0.128168996840031,4.84200944999975,0.00403739175123802
"JVS05","weaker_shared_shape_ga",81,"GA","N","seven_case",40,75,40,75,3000,0,0.125,3.5,"sigmoid","case_specific","none","default",TRUE,TRUE,10.524129589733,33.7907046779201,-23.2665750881802,11.9000000000233,10.524129589733,33.7907046779201,-23.2665750881802,-0.0244748219061758,-0.0052317873836428,0.00247986276344003,0.00324252417497295,164.81810061241,0.0549393668708,39.99852759433,124.81957301808,-3.64446900645595,-25.4388012798499,-0.0244748219061758,-0.0549393668708,-3.64446900645595,-25.4388012798499,0.00324252417497295
"JVS05","weaker_shared_shape_ga",82,"GA","N","seven_case",40,75,40,75,3000,0,0.125,3.5,"sigmoid","case_specific","none","default",TRUE,TRUE,15.1570093011969,49.8439060977703,-34.6868967965802,18.4099999999744,15.1570093011969,49.8439060977703,-34.6868967965802,-0.0517398594100661,-0.00108762020731693,0.00326582598082603,0.00208572655506101,-6.36226096000973,-0.00212075365334008,6.68958619712998,-13.0518471571397,1.15611613133404,11.09936498056,-0.0517398594100661,0.00212075365334008,1.15611613133404,11.09936498056,0.00208572655506101
"JVS05","weaker_shared_shape_ga",83,"GA","N","seven_case",40,75,40,75,3000,0,0.125,3.5,"sigmoid","case_specific","none","default",TRUE,TRUE,11.085526171376,19.69602866576,-8.61050249437994,5.19000000000233,11.085526171376,19.69602866576,-8.61050249437994,-0.00559891432955779,0.000114125062089911,0.00705042310770998,0.00502588765284201,-58.8108058445996,-0.0196036019482,4.47815710982013,-63.2889629544102,-2.05473184066,-11.8820722124597,-0.00559891432955779,0.0196036019482,-2.05473184066,-11.8820722124597,0.00502588765284201
"JVS05","weaker_shared_shape_ga",84,"GA","N","seven_case",40,75,40,75,3000,0,0.125,3.5,"sigmoid","case_specific","none","default",TRUE,TRUE,32.287404655513,65.5762556015,-33.2888509459904,12.4899999999906,32.287404655513,65.5762556015,-33.2888509459904,-0.0533606674481423,-0.00042980455051001,0.011448342700475,0.00868090818877498,-367.12613578651,-0.1223753785955,68.8177027961099,-435.94383858261,-2.260797881565,-17.7623357852099,-0.0533606674481423,0.1223753785955,-2.260797881565,-17.7623357852099,0.00868090818877498
"JVS05","weaker_shared_shape_ga",85,"GA","N","seven_case",40,75,40,75,3000,0,0.125,3.5,"sigmoid","case_specific","none","default",TRUE,TRUE,8.692435325899,26.8031793391199,-18.11074401322,26.6799999999931,8.692435325899,26.8031793391199,-18.11074401322,-0.0271485427411826,-0.0006823606359758,0.00400248766004696,0.00346932840387598,-2.96267420054983,-0.000987558066849914,22.18419356922,-25.1468677697799,2.591884685119,16.7704961529598,-0.0271485427411826,0.000987558066849914,2.591884685119,16.7704961529598,0.00346932840387598
"JVS05","weaker_shared_shape_ga",86,"GA","N","seven_case",40,75,40,75,3000,0,0.125,3.5,"sigmoid","case_specific","none","default",TRUE,TRUE,13.511586171712,17.7295294550499,-4.21794328333999,11.9500000000117,13.511586171712,17.7295294550499,-4.21794328333999,-0.015033925020614,0.00043314445429817,0.00624921519936694,0.00494269605679798,-173.10681382254,-0.0577022712741799,35.7230778153803,-208.82989163791,0.0398703826540441,2.82824735121994,-0.015033925020614,0.0577022712741799,0.0398703826540441,2.82824735121994,0.00494269605679798
"JVS05","weaker_shared_shape_ga",87,"GA","N","seven_case",40,75,40,75,3000,0,0.125,3.5,"sigmoid","case_specific","none","default",TRUE,TRUE,10.441522655457,28.1927772664001,-17.7512546109401,15.9199999999837,10.441522655457,28.1927772664001,-17.7512546109401,-0.000596868961730099,-0.0076523517273339,0.000534677412262985,0.00178917542645401,77.76652968506,0.0259221765616799,30.2586967297602,47.5078329553003,1.23815281332003,20.5970096359301,-0.000596868961730099,-0.0259221765616799,1.23815281332003,20.5970096359301,0.00178917542645401
"JVS05","weaker_shared_shape_ga",88,"GA","N","seven_case",40,75,40,75,3000,0,0.125,3.5,"sigmoid","case_specific","none","default",TRUE,TRUE,3.32780237160802,6.17189212834001,-2.84408975672977,2.81000000005588,3.32780237160802,6.17189212834001,-2.84408975672977,-0.000294624090444,6.21651734838795e-05,0.000149210280495971,9.51503775740159e-05,-69.8663128418102,-0.02328877094727,7.23654388797991,-77.1028567297899,1.10757310263398,-6.17100683445005,-0.000294624090444,0.02328877094727,1.10757310263398,-6.17100683445005,9.51503775740159e-05
"JVS05","weaker_shared_shape_ga",89,"GA","N","seven_case",40,75,40,75,3000,0,0.125,3.5,"sigmoid","case_specific","none","default",TRUE,TRUE,6.69591859801898,20.03580814116,-13.3398895431401,7.02000000001862,6.69591859801898,20.03580814116,-13.3398895431401,0.000814866102559202,0.000142200975027909,0.00441070943969402,0.00271322644306099,36.0029121280404,0.01200097070935,-10.4410423659101,46.4439544939601,0.608879448753044,14.4398055358697,0.000814866102559202,-0.01200097070935,0.608879448753044,14.4398055358697,0.00271322644306099
"JVS05","weaker_shared_shape_ga",90,"GA","N","seven_case",40,75,40,75,3000,0,0.125,3.5,"sigmoid","case_specific","none","default",TRUE,TRUE,6.76567057851696,25.111913791,-18.3462432124898,13.5899999999674,6.76567057851696,25.111913791,-18.3462432124898,-0.00535035593685131,0.0022339647589805,0.00518044475177498,0.00415800754852197,-5.18079215545004,-0.00172693071848995,-12.4071993647199,7.22640720926984,-2.57661884296601,-11.5722098410597,-0.00535035593685131,0.00172693071848995,-2.57661884296601,-11.5722098410597,0.00415800754852197
"JVS05","weaker_shared_shape_ga",91,"GA","N","seven_case",40,75,40,75,3000,0,0.125,3.5,"sigmoid","case_specific","none","default",TRUE,TRUE,11.229137085481,41.83235541004,-30.6032183245602,13.2100000000209,11.229137085481,41.83235541004,-30.6032183245602,-0.0039147705043443,-0.0020737868670188,0.00948554321031392,0.008639289014717,-13.8425673328102,-0.00461418911094014,21.4632416178702,-35.3058089506799,-4.903304311488,-19.2559524332701,-0.0039147705043443,0.00461418911094014,-4.903304311488,-19.2559524332701,0.008639289014717
"JVS05","weaker_shared_shape_ga",92,"GA","N","seven_case",40,75,40,75,3000,0,0.125,3.5,"sigmoid","case_specific","none","default",TRUE,TRUE,0.555966001385997,3.69023821671999,-3.13427221533038,5.79999999998836,0.555966001385997,3.69023821671999,-3.13427221533038,-6.78006622287022e-05,-0.00088887579604194,-0.00147980848904006,-0.00175997210260403,-7.1447654563699,-0.00238158848545011,1.6830186008101,-8.82778405716908,3.94824645933898,33.75703092922,-6.78006622287022e-05,0.00238158848545011,3.94824645933898,33.75703092922,-0.00175997210260403
"JVS05","weaker_shared_shape_ga",93,"GA","N","seven_case",40,75,40,75,3000,0,0.125,3.5,"sigmoid","case_specific","none","default",TRUE,TRUE,30.988567966026,72.7538902230901,-41.76532225706,30.2399999999907,30.988567966026,72.7538902230901,-41.76532225706,-0.0403443894160779,-0.0035778230849704,0.011475160215131,0.010032164514173,401.8767136691,0.13395890455637,83.3494472151601,318.52726645393,-1.81529955315398,-6.16910781224988,-0.0403443894160779,-0.13395890455637,-1.81529955315398,-6.16910781224988,0.010032164514173
"JVS05","weaker_shared_shape_ga",94,"GA","N","seven_case",40,75,40,75,3000,0,0.125,3.5,"sigmoid","case_specific","none","default",TRUE,TRUE,2.48640101047698,6.95313080340998,-4.46672979292998,7.99000000004893,2.48640101047698,6.95313080340998,-4.46672979292998,-0.00792457689599541,0.000621455701244712,0.000876556124263073,0.000470154156991032,159.11614536378,0.0530387151212599,9.71446025446994,149.40168510931,-2.22422853316897,-11.65744722364,-0.00792457689599541,-0.0530387151212599,-2.22422853316897,-11.65744722364,0.000470154156991032
"JVS05","weaker_shared_shape_ga",95,"GA","N","seven_case",40,75,40,75,3000,0,0.125,3.5,"sigmoid","case_specific","none","default",TRUE,TRUE,7.042157345791,21.4122340682202,-14.37007672243,7.90000000002327,7.042157345791,21.4122340682202,-14.37007672243,-0.0298577132852353,0.00243366173862076,0.00796600714346596,0.00597797398220101,-48.3653060378701,-0.0161217686792891,-1.42814281410006,-46.937163223763,1.34444819017801,3.5068979546902,-0.0298577132852353,0.0161217686792891,1.34444819017801,3.5068979546902,0.00597797398220101
"JVS05","weaker_shared_shape_ga",96,"GA","N","seven_case",40,75,40,75,3000,0,0.125,3.5,"sigmoid","case_specific","none","default",TRUE,TRUE,12.477430275254,28.60735478776,-16.1299245125101,10.0700000000652,12.477430275254,28.60735478776,-16.1299245125101,-0.0204764565705398,-0.00336677026577958,0.00498831268006195,0.00556010487381298,20.3199371785904,0.00677331239286993,3.01043188447011,17.3095052941298,-3.594634446876,-28.9423588930999,-0.0204764565705398,-0.00677331239286993,-3.594634446876,-28.9423588930999,0.00556010487381298
"JVS05","weaker_shared_shape_ga",97,"GA","N","seven_case",40,75,40,75,3000,0,0.125,3.5,"sigmoid","case_specific","none","default",TRUE,TRUE,3.63678260716701,7.94056122895995,-4.30377862179012,4.99999999994179,3.63678260716701,7.94056122895995,-4.30377862179012,-0.0005289720046825,-0.00216712611692169,0.00282017572045801,0.001980538340769,-17.1562529448793,-0.00571875098163011,18.9526405015699,-36.1088934464597,-6.878683591477,-41.2972415907498,-0.0005289720046825,0.00571875098163011,-6.878683591477,-41.2972415907498,0.001980538340769
"JVS05","weaker_shared_shape_ga",98,"GA","N","seven_case",40,75,40,75,3000,0,0.125,3.5,"sigmoid","case_specific","none","default",TRUE,TRUE,3.84316584390899,10.4148592728702,-6.57169342896032,11.3599999999278,3.84316584390899,10.4148592728702,-6.57169342896032,0.0031464433221878,-0.00139024725739108,0.000276083418562001,0.000342222619074017,-270.206406263202,-0.0900688020877398,1.94437335117027,-272.1507796144,2.63859484572504,9.51505166392008,0.0031464433221878,0.0900688020877398,2.63859484572504,9.51505166392008,0.000342222619074017
"JVS05","weaker_shared_shape_ga",99,"GA","N","seven_case",40,75,40,75,3000,0,0.125,3.5,"sigmoid","case_specific","none","default",TRUE,TRUE,2.7803933841454,6.04918005600007,-3.2687866718602,5.48999999999069,2.7803933841454,6.04918005600007,-3.2687866718602,-0.008653941120617,-0.00028125539220534,0.00216282293056702,0.00228411390335198,59.6228037459496,0.0198742679153199,3.37347518364004,56.24932856231,-4.784458745086,-27.8931330374398,-0.008653941120617,-0.0198742679153199,-4.784458745086,-27.8931330374398,0.00228411390335198
"JVS05","weaker_shared_shape_ga",100,"GA","N","seven_case",40,75,40,75,3000,0,0.125,3.5,"sigmoid","case_specific","none","default",TRUE,TRUE,2.05362291185799,3.85309559251027,-1.79947268066007,6.570000000007,2.05362291185799,3.85309559251027,-1.79947268066007,0.001834717521835,-0.000585141161987201,0.001012002621466,0.00059486860397101,-5.52340651757004,-0.00184113550585496,-7.06516870276982,1.54176218520593,0.937353430225983,-14.2357301142897,0.001834717521835,0.00184113550585496,0.937353430225983,-14.2357301142897,0.00059486860397101
"JVS01","theta_off_control_ga",13,"GA","N","seven_case",40,75,40,75,3000,0,0.375,0,"sigmoid","case_specific","none","default",TRUE,TRUE,0.00217804341991723,0.00327611889829882,-0.00109807548005847,0.25,0.00217804341991723,0.00327611889829882,-0.00109807548005847,0.000174394590563402,1.62556558640017e-05,0.000114566521201599,7.43157959965969e-05,-0.108309913239736,-3.6103304413948e-05,-0.127929395010142,0.0196194817762034,-0.809426650092007,-12.2633067132101,0.000174394590563402,3.6103304413948e-05,-0.809426650092007,-12.2633067132101,7.43157959965969e-05
"JVS01","theta_off_control_ga",14,"GA","N","seven_case",40,75,40,75,3000,0,0.375,0,"sigmoid","case_specific","none","default",TRUE,TRUE,0.00190512625022166,0.00210923976399613,-0.000204113509880699,0.130000000062865,0.00190512625022166,0.00210923976399613,-0.000204113509880699,-8.50196400708995e-05,4.24182488320997e-05,8.67634930769995e-06,5.5881208252985e-06,-0.121065209009885,-4.03550696710386e-05,-0.113103542229965,-0.00796166679040056,1.0852967861,16.6230235173598,-8.50196400708995e-05,4.03550696710386e-05,1.0852967861,16.6230235173598,5.5881208252985e-06
"JVS01","theta_off_control_ga",15,"GA","N","seven_case",40,75,40,75,3000,0,0.375,0,"sigmoid","case_specific","none","default",TRUE,TRUE,0.0224904876999972,0.0449724719843942,-0.022481984280148,0.62000000005355,0.0224904876999972,0.0449724719843942,-0.022481984280148,-0.000768717436544501,-6.33729449999003e-05,0.000175962607378906,0.000114565776782399,0.296806343360004,9.89354477879401e-05,0.339693950969831,-0.0428876076096998,1.39975537241799,14.55996980598,-0.000768717436544501,-9.89354477879401e-05,1.39975537241799,14.55996980598,0.000114565776782399
"JVS01","theta_off_control_ga",16,"GA","N","seven_case",40,75,40,75,3000,0,0.375,0,"sigmoid","case_specific","none","default",TRUE,TRUE,0.0170996271999684,0.0310478061689992,-0.0139481789697129,0.57000000006519,0.0170996271999684,0.0310478061689992,-0.0139481789697129,0.000735948146506401,0.000126803960645499,0.000178010135151202,0.000115176657814301,-0.97051068717974,-0.000323503562393967,-1.07305916332007,0.102548476142296,0.814329401870964,-6.78908116376988,0.000735948146506401,0.000323503562393967,0.814329401870964,-6.78908116376988,0.000115176657814301
"JVS01","theta_off_control_ga",17,"GA","N","seven_case",40,75,40,75,3000,0,0.375,0,"sigmoid","case_specific","none","default",TRUE,TRUE,0.00140939150014674,0.00146673260729813,-5.73411102777754e-05,0.13000000000466,0.00140939150014674,0.00146673260729813,-5.73411102777754e-05,0.000100751566022302,9.30922529802231e-07,9.78696908807974e-05,6.4166456508797e-05,0.0126996218300519,4.23320727693799e-06,-0.0105781314400701,0.0232777532736961,-1.263203652176,-10.1413731880998,0.000100751566022302,-4.23320727693799e-06,-1.263203652176,-10.1413731880998,6.4166456508797e-05
"JVS01","theta_off_control_ga",18,"GA","N","seven_case",40,75,40,75,3000,0,0.375,0,"sigmoid","case_specific","none","default",TRUE,TRUE,0.00574109635999775,0.00975696823459771,-0.00401587187980113,0.00999999995111001,0.00574109635999775,0.00975696823459771,-0.00401587187980113,-9.55189413987985e-05,-2.48550271212001e-05,-4.16230964103009e-05,-2.7076995830301e-05,0.23481135162001,7.82704505409848e-05,0.239693543720023,-0.00488219210210161,0.367946354088019,13.45300074755,-9.55189413987985e-05,-7.82704505409848e-05,0.367946354088019,13.45300074755,-2.7076995830301e-05
"JVS01","theta_off_control_ga",19,"GA","N","seven_case",40,75,40,75,3000,0,0.375,0,"sigmoid","case_specific","none","default",TRUE,TRUE,0.00903196175977428,0.0146841941117017,-0.00565223234980294,0.14000000001397,0.00903196175977428,0.0146841941117017,-0.00565223234980294,-0.000620561484125502,-1.37842726487016e-05,4.52497967226018e-05,2.92564113841022e-05,0.204011513089881,6.8003837697006e-05,0.26514453612981,-0.0611330230365965,1.05054223479897,7.0253191360498,-0.000620561484125502,-6.8003837697006e-05,1.05054223479897,7.0253191360498,2.92564113841022e-05
"JVS01","theta_off_control_ga",20,"GA","N","seven_case",40,75,40,75,3000,0,0.375,0,"sigmoid","case_specific","none","default",TRUE,TRUE,0.000619993800228258,0.000835898146000602,-0.000215904340166162,0.22999999998138,0.000619993800228258,0.000835898146000602,-0.000215904340166162,-7.89645206999978e-06,-1.46082803639813e-06,2.96538678461987e-05,1.93290822410996e-05,0.0382123825302187,1.27374608419606e-05,0.0342851191298905,0.00392726339379834,0.525615415209984,4.57165183604002,-7.89645206999978e-06,-1.27374608419606e-05,0.525615415209984,4.57165183604002,1.93290822410996e-05
"JVS01","theta_off_control_ga",21,"GA","N","seven_case",40,75,40,75,3000,0,0.375,0,"sigmoid","case_specific","none","default",TRUE,TRUE,0.00967645801983963,0.0181824622689959,-0.00850600425019366,-0.0199999999604201,0.00967645801983963,0.0181824622689959,-0.00850600425019366,-0.000238363600212801,1.96139805385999e-05,5.41171871491011e-05,3.51367483093015e-05,-0.127076004200262,-4.23586680660115e-05,-0.134797655809962,0.00772165161340155,0.231068322612998,-0.758730889900107,-0.000238363600212801,4.23586680660115e-05,0.231068322612998,-0.758730889900107,3.51367483093015e-05
"JVS01","theta_off_control_ga",22,"GA","N","seven_case",40,75,40,75,3000,0,0.375,0,"sigmoid","case_specific","none","default",TRUE,TRUE,0.0668837703001373,0.140432738701705,-0.0735489684102504,0.21000000002096,0.0668837703001373,0.140432738701705,-0.0735489684102504,-0.00178776641622579,1.47091249147017e-05,0.000515310180020899,0.000335247200088901,0.00729707950995362,2.43235983599099e-06,0.0902720162898731,-0.0829749367797987,-0.909222431119019,-6.44256315169014,-0.00178776641622579,-2.43235983599099e-06,-0.909222431119019,-6.44256315169014,0.000335247200088901
"JVS01","theta_off_control_ga",23,"GA","N","seven_case",40,75,40,75,3000,0,0.375,0,"sigmoid","case_specific","none","default",TRUE,TRUE,0.00409336498978519,0.00598284480529543,-0.00188947981996535,0.0100000000093099,0.00409336498978519,0.00598284480529543,-0.00188947981996535,-0.000101830732309696,-1.63387853384985e-05,-2.27202584415984e-05,-1.49622055025007e-05,0.0216124891899199,7.20416306598803e-06,0.050991339419852,-0.0293788502217041,-0.737616029443984,-7.35168809801962,-0.000101830732309696,-7.20416306598803e-06,-0.737616029443984,-7.35168809801962,-1.49622055025007e-05
"JVS01","theta_off_control_ga",24,"GA","N","seven_case",40,75,40,75,3000,0,0.375,0,"sigmoid","case_specific","none","default",TRUE,TRUE,0.0132140963401071,0.023032406284301,-0.00981830994032862,0.3300000000163,0.0132140963401071,0.023032406284301,-0.00981830994032862,0.000726164002703299,-8.073667052029e-07,0.000346786660654901,0.000225004571249399,0.0688479973198355,2.29493324389596e-05,0.0511410644298849,0.0177069328898014,-1.10114559507099,-15.8695097748,0.000726164002703299,-2.29493324389596e-05,-1.10114559507099,-15.8695097748,0.000225004571249399
"JVS01","theta_off_control_ga",25,"GA","N","seven_case",40,75,40,75,3000,0,0.375,0,"sigmoid","case_specific","none","default",TRUE,TRUE,0.00229160978005893,0.00273678190340121,-0.000445172120180359,0.27999999996973,0.00229160978005893,0.00273678190340121,-0.000445172120180359,8.1910383027e-05,1.42734471808015e-05,-5.49028288429967e-06,-3.5639152182014e-06,-0.126018353600102,-4.20061178650899e-05,-0.161343256709642,0.0353249031154022,0.246031362528981,-5.5196719185501,8.1910383027e-05,4.20061178650899e-05,0.246031362528981,-5.5196719185501,-3.5639152182014e-06
"JVS01","theta_off_control_ga",26,"GA","N","seven_case",40,75,40,75,3000,0,0.375,0,"sigmoid","case_specific","none","default",TRUE,TRUE,0.00529073570987748,0.00762197273090237,-0.00233123702992089,0.07999999995809,0.00529073570987748,0.00762197273090237,-0.00233123702992089,0.000448365503817306,1.18659866120072e-06,0.000102006570643895,6.5802624388097e-05,-0.280084872360021,-9.33616241189927e-05,-0.357681805649918,0.0775969332887954,-0.412505459891008,11.8323353072001,0.000448365503817306,9.33616241189927e-05,-0.412505459891008,11.8323353072001,6.5802624388097e-05
"JVS01","theta_off_control_ga",27,"GA","N","seven_case",40,75,40,75,3000,0,0.375,0,"sigmoid","case_specific","none","default",TRUE,TRUE,0.00112168620989905,0.000885916294102174,0.000235769909977535,-0.04999999993015,0.00112168620989905,0.000885916294102174,0.000235769909977535,-0.0001830140594704,-5.83555207200014e-06,0.000103301705652301,6.69839923678993e-05,0.0353935390999141,1.17978463659574e-05,0.048543241849984,-0.0131497027511998,1.98040271200904,11.0662781798001,-0.0001830140594704,-1.17978463659574e-05,1.98040271200904,11.0662781798001,6.69839923678993e-05
"JVS01","theta_off_control_ga",28,"GA","N","seven_case",40,75,40,75,3000,0,0.375,0,"sigmoid","case_specific","none","default",TRUE,TRUE,0.0110411292600929,0.0188964968301946,-0.0078553675598414,0.14000000001397,0.0110411292600929,0.0188964968301946,-0.0078553675598414,-0.000147028141105902,-0.000139300162423001,0.000109028030298497,7.34205945297009e-05,0.77667284160998,0.000258890947203994,0.885356297109865,-0.108683455502202,1.82131113217599,22.8406724691699,-0.000147028141105902,-0.000258890947203994,1.82131113217599,22.8406724691699,7.34205945297009e-05
"JVS01","theta_off_control_ga",29,"GA","N","seven_case",40,75,40,75,3000,0,0.375,0,"sigmoid","case_specific","none","default",TRUE,TRUE,0.0188819810900895,0.0306026644888036,-0.0117206833997443,0.1699999999837,0.0188819810900895,0.0306026644888036,-0.0117206833997443,-0.0006755020621373,0.0001438167027101,0.000777287353858402,0.0005074968004447,-0.747323887920174,-0.000249107962637996,-0.739609550700152,-0.00771433721740067,-0.883223053770053,-4.72901895020004,-0.0006755020621373,0.000249107962637996,-0.883223053770053,-4.72901895020004,0.0005074968004447
"JVS01","theta_off_control_ga",30,"GA","N","seven_case",40,75,40,75,3000,0,0.375,0,"sigmoid","case_specific","none","default",TRUE,TRUE,0.00815146870991157,0.0142087566851004,-0.00605728797972915,0.04000000003725,0.00815146870991157,0.0142087566851004,-0.00605728797972915,0.000112234966414101,-6.91710151762004e-05,0.000142919424929798,9.29442587337022e-05,0.191777869569933,6.39259565229366e-05,0.16898681315979,0.0227910564083942,1.28964521769797,9.73686029875989,0.000112234966414101,-6.39259565229366e-05,1.28964521769797,9.73686029875989,9.29442587337022e-05
"JVS01","theta_off_control_ga",31,"GA","N","seven_case",40,75,40,75,3000,0,0.375,0,"sigmoid","case_specific","none","default",TRUE,TRUE,0.00184691476988519,0.00368127238199634,-0.00183435761027795,-0.0599999999976699,0.00184691476988519,0.00368127238199634,-0.00183435761027795,-0.00016975448496229,-2.56034291559737e-06,3.23958292679991e-05,2.12936029895996e-05,-0.0104654468200351,-3.48848227105236e-06,-0.0222653110499778,0.0117998642354991,0.801557077180973,13.8786642402597,-0.00016975448496229,3.48848227105236e-06,0.801557077180973,13.8786642402597,2.12936029895996e-05
"JVS01","theta_off_control_ga",32,"GA","N","seven_case",40,75,40,75,3000,0,0.375,0,"sigmoid","case_specific","none","default",TRUE,TRUE,0.00155797147999692,0.00186482360199847,-0.000306852120047552,0.070000000006985,0.00155797147999692,0.00186482360199847,-0.000306852120047552,-0.0001953282653663,1.05590246044021e-05,3.98519910137993e-05,2.55600879898003e-05,0.00833897301981779,2.77965767203625e-06,0.0225185316303396,-0.0141795586146003,-1.12125593512098,-10.9157195530902,-0.0001953282653663,-2.77965767203625e-06,-1.12125593512098,-10.9157195530902,2.55600879898003e-05
"JVS01","theta_off_control_ga",33,"GA","N","seven_case",40,75,40,75,3000,0,0.375,0,"sigmoid","case_specific","none","default",TRUE,TRUE,0.00267658800021309,0.00286174230510028,-0.00018515430019761,-0.150000000023283,0.00267658800021309,0.00286174230510028,-0.00018515430019761,-9.03741458545011e-05,2.03611856899009e-05,4.36705793743202e-05,2.82710089417795e-05,-0.153067162959815,-5.1022387652977e-05,-0.182159928160218,0.0290927652018098,0.0601498715139996,2.11359511463024,-9.03741458545011e-05,5.1022387652977e-05,0.0601498715139996,2.11359511463024,2.82710089417795e-05
"JVS01","theta_off_control_ga",34,"GA","N","seven_case",40,75,40,75,3000,0,0.375,0,"sigmoid","case_specific","none","default",TRUE,TRUE,0.00581097012991449,0.00841725214149847,-0.00260628201021973,0.029999999969732,0.00581097012991449,0.00841725214149847,-0.00260628201021973,3.79635785076014e-05,7.15038931312015e-05,0.000236074954712999,0.000153563821070898,-0.266270660759801,-8.87568869190059e-05,-0.283482131560049,0.0172114707954023,0.00460124129898531,3.73569180367986,3.79635785076014e-05,8.87568869190059e-05,0.00460124129898531,3.73569180367986,0.000153563821070898
"JVS01","theta_off_control_ga",35,"GA","N","seven_case",40,75,40,75,3000,0,0.375,0,"sigmoid","case_specific","none","default",TRUE,TRUE,0.000615956370438653,0.000782197255901451,-0.000166240879934776,-0.0599999999976699,0.000615956370438653,0.000782197255901451,-0.000166240879934776,7.60016040670004e-06,1.08529285697267e-07,5.19291424990985e-05,3.34828217169007e-05,-0.00956147937995411,-3.18715979297224e-06,-0.0165814935703565,0.00702001418810028,1.025349769662,10.99002465287,7.60016040670004e-06,3.18715979297224e-06,1.025349769662,10.99002465287,3.34828217169007e-05
"JVS01","theta_off_control_ga",36,"GA","N","seven_case",40,75,40,75,3000,0,0.375,0,"sigmoid","case_specific","none","default",TRUE,TRUE,0.0133579638600168,0.0224940918816046,-0.00913612802014541,0.19999999995343,0.0133579638600168,0.0224940918816046,-0.00913612802014541,-0.0003479129490561,4.75697908800983e-05,0.0002864442631542,0.000185516826904097,-0.142402211489753,-4.74674038299927e-05,-0.11365308025961,-0.0287491312366086,0.720181412151021,8.69558874659015,-0.0003479129490561,4.74674038299927e-05,0.720181412151021,8.69558874659015,0.000185516826904097
"JVS01","theta_off_control_ga",37,"GA","N","seven_case",40,75,40,75,3000,0,0.375,0,"sigmoid","case_specific","none","default",TRUE,TRUE,0.00488648803002434,0.00703661822339541,-0.0021501301898752,-0.010000000009313,0.00488648803002434,0.00703661822339541,-0.0021501301898752,0.000417467293994701,-1.52182923607996e-05,9.35891409362018e-05,6.02018440351015e-05,-0.0227755414198327,-7.59184714005379e-06,-0.0567547027299042,0.0339791613131979,-0.0587391033320159,0.346533813039969,0.000417467293994701,7.59184714005379e-06,-0.0587391033320159,0.346533813039969,6.02018440351015e-05
"JVS01","theta_off_control_ga",38,"GA","N","seven_case",40,75,40,75,3000,0,0.375,0,"sigmoid","case_specific","none","default",TRUE,TRUE,0.00681238687002406,0.0101739465868036,-0.00336155970990148,0.179999999934805,0.00681238687002406,0.0101739465868036,-0.00336155970990148,0.0005205810197142,-4.67121471233005e-05,8.72930016815945e-05,5.74864120864021e-05,0.262026455849991,8.73421519470563e-05,0.292417709669735,-0.0303912538281992,0.537791487877996,8.84639985990998,0.0005205810197142,-8.73421519470563e-05,0.537791487877996,8.84639985990998,5.74864120864021e-05
"JVS01","theta_off_control_ga",39,"GA","N","seven_case",40,75,40,75,3000,0,0.375,0,"sigmoid","case_specific","none","default",TRUE,TRUE,0.00124676612995245,0.00155421901499864,-0.000307452879951597,0,0.00124676612995245,0.00155421901499864,-0.000307452879951597,-2.67576883090231e-06,3.19273176713e-05,1.79790008275997e-05,1.16312553383978e-05,-0.157147031749901,-5.23823439160243e-05,-0.171901862970117,0.0147548312159955,1.40203526530598,3.20393999008002,-2.67576883090231e-06,5.23823439160243e-05,1.40203526530598,3.20393999008002,1.16312553383978e-05
"JVS01","theta_off_control_ga",40,"GA","N","seven_case",40,75,40,75,3000,0,0.375,0,"sigmoid","case_specific","none","default",TRUE,TRUE,0.000894511199931003,0.000862685077699155,3.18261199936387e-05,5.82098813595167e-11,0.000894511199931003,0.000862685077699155,3.18261199936387e-05,-5.81014202321994e-05,8.24159639739933e-06,6.83431339318996e-05,4.42220232028099e-05,-0.046688190540408,-1.55627301789973e-05,-0.0564855854599955,0.00979739492260023,0.64801321886398,7.23981517484981,-5.81014202321994e-05,1.55627301789973e-05,0.64801321886398,7.23981517484981,4.42220232028099e-05
"JVS01","theta_off_control_ga",41,"GA","N","seven_case",40,75,40,75,3000,0,0.375,0,"sigmoid","case_specific","none","default",TRUE,TRUE,0.0162812602102349,0.0290829435823028,-0.0128016833700713,0.35999999998603,0.0162812602102349,0.0290829435823028,-0.0128016833700713,-2.33044673920296e-06,-9.24430166453008e-05,0.00041816013791339,0.000268815486930002,0.601606126190291,0.000200535375395994,0.742578373349716,-0.140972247162296,-2.17143233172902,-24.3371734643001,-2.33044673920296e-06,-0.000200535375395994,-2.17143233172902,-24.3371734643001,0.000268815486930002
"JVS01","theta_off_control_ga",42,"GA","N","seven_case",40,75,40,75,3000,0,0.375,0,"sigmoid","case_specific","none","default",TRUE,TRUE,0.0179750171600972,0.0312000413602007,-0.0132250241899783,0.07000000000699,0.0179750171600972,0.0312000413602007,-0.0132250241899783,0.0007890968721984,5.48117051041991e-05,0.000234031568524806,0.000151716396936803,-0.451456316139684,-0.00015048543871099,-0.514386000030299,0.0629296839019986,1.81324691202798,18.1627288599598,0.0007890968721984,0.00015048543871099,1.81324691202798,18.1627288599598,0.000151716396936803
"JVS01","theta_off_control_ga",43,"GA","N","seven_case",40,75,40,75,3000,0,0.375,0,"sigmoid","case_specific","none","default",TRUE,TRUE,0.00474703183999736,0.00667232559520414,-0.00192529375999584,-0.0500000000465601,0.00474703183999736,0.00667232559520414,-0.00192529375999584,0.000245148325289598,-5.33328403930222e-06,0.000105811776493998,6.83830284687013e-05,-0.0195946963999631,-6.53156546803757e-06,-0.0403032889698807,0.020708592573996,-0.659962289771954,-5.03565173446032,0.000245148325289598,6.53156546803757e-06,-0.659962289771954,-5.03565173446032,6.83830284687013e-05
"JVS01","theta_off_control_ga",44,"GA","N","seven_case",40,75,40,75,3000,0,0.375,0,"sigmoid","case_specific","none","default",TRUE,TRUE,0.00214279968031406,0.00247532964099406,-0.000332529959905514,0.07000000000699,0.00214279968031406,0.00247532964099406,-0.000332529959905514,-2.59110427131976e-05,1.84815272395999e-05,2.31650392604962e-05,1.5403786439501e-05,-0.0732387389798532,-2.44129129940429e-05,-0.0674412289699831,-0.0057975100158032,1.50166372277999,24.0946832252798,-2.59110427131976e-05,2.44129129940429e-05,1.50166372277999,24.0946832252798,1.5403786439501e-05
"JVS01","theta_off_control_ga",45,"GA","N","seven_case",40,75,40,75,3000,0,0.375,0,"sigmoid","case_specific","none","default",TRUE,TRUE,0.0208326231299907,0.0452092940601005,-0.0243766709299962,0.0899999999673999,0.0208326231299907,0.0452092940601005,-0.0243766709299962,-0.0012833996466577,8.1765854134299e-05,0.000255884425947706,0.000165153056169903,0.0239419319700573,7.98064399099019e-06,0.255257892999907,-0.231315961035293,1.683066753616,13.5049545380402,-0.0012833996466577,-7.98064399099019e-06,1.683066753616,13.5049545380402,0.000165153056169903
"JVS01","theta_off_control_ga",46,"GA","N","seven_case",40,75,40,75,3000,0,0.375,0,"sigmoid","case_specific","none","default",TRUE,TRUE,0.00846565803021804,0.0142462992013037,-0.00578064117007671,-0.17000000004191,0.00846565803021804,0.0142462992013037,-0.00578064117007671,0.000252481994605501,2.08820291346008e-05,2.54125031216995e-05,1.6155980015e-05,-0.241245631899801,-8.04152106340661e-05,-0.274535724210182,0.0332900923082988,-0.792585513310996,-10.2365978170701,0.000252481994605501,8.04152106340661e-05,-0.792585513310996,-10.2365978170701,1.6155980015e-05
"JVS01","theta_off_control_ga",47,"GA","N","seven_case",40,75,40,75,3000,0,0.375,0,"sigmoid","case_specific","none","default",TRUE,TRUE,0.00156000079005025,0.00185720313960047,-0.000297202349884174,0.00999999995110501,0.00156000079005025,0.00185720313960047,-0.000297202349884174,-6.88785945853997e-05,-7.43247367599939e-06,-7.40848891890994e-05,-4.77623952630998e-05,0.15230344533984,5.07678151129287e-05,0.141264003840206,0.0110394414977009,-0.85964137829302,-5.84817388808005,-6.88785945853997e-05,-5.07678151129287e-05,-0.85964137829302,-5.84817388808005,-4.77623952630998e-05
"JVS01","theta_off_control_ga",48,"GA","N","seven_case",40,75,40,75,3000,0,0.375,0,"sigmoid","case_specific","none","default",TRUE,TRUE,0.0143286223801624,0.0256690312854033,-0.0113404089102005,0.19000000000233,0.0143286223801624,0.0256690312854033,-0.0113404089102005,0.0005901519799619,-5.84176420990994e-05,0.000320729172521704,0.000211074455924394,-0.0749727995298599,-2.4990933178981e-05,-0.240551388029871,0.165578588486106,1.92952749057901,14.93260901142,0.0005901519799619,2.4990933178981e-05,1.92952749057901,14.93260901142,0.000211074455924394
"JVS01","theta_off_control_ga",49,"GA","N","seven_case",40,75,40,75,3000,0,0.375,0,"sigmoid","case_specific","none","default",TRUE,TRUE,0.000764972719935031,0.00104058704869914,-0.00027561432989387,-0.20000000001164,0.000764972719935031,0.00104058704869914,-0.00027561432989387,-3.67061161870089e-06,2.11007735456993e-05,0.00011127430680145,7.21484493250296e-05,-0.091185131740076,-3.03950439120015e-05,-0.102441740929862,0.0112566091925999,1.58962636814806,23.8423993411598,-3.67061161870089e-06,3.03950439120015e-05,1.58962636814806,23.8423993411598,7.21484493250296e-05
"JVS01","theta_off_control_ga",50,"GA","N","seven_case",40,75,40,75,3000,0,0.375,0,"sigmoid","case_specific","none","default",TRUE,TRUE,0.00183339582008557,0.00230980466380259,-0.000476408839858777,-0.010000000009313,0.00183339582008557,0.00230980466380259,-0.000476408839858777,7.59712587507996e-05,-8.96151623509811e-06,0.0001609837825375,0.000104863452339399,0.0134402377598235,4.48007925191174e-06,0.0122047215199927,0.00123551624489693,0.0950050568670235,-6.23010982449023,7.59712587507996e-05,-4.48007925191174e-06,0.0950050568670235,-6.23010982449023,0.000104863452339399
"JVS01","theta_off_control_ga",51,"GA","N","seven_case",40,75,40,75,3000,0,0.375,0,"sigmoid","case_specific","none","default",TRUE,TRUE,0.00329664112996397,0.00449218520849826,-0.00119554408001932,0.0399999999790499,0.00329664112996397,0.00449218520849826,-0.00119554408001932,-0.000138414138092097,-8.12719975569823e-06,0.000152686765522499,9.89217871326994e-05,0.0140952658398419,4.69842194794623e-06,0.0195874878700124,-0.00549222202839417,0.717056329856007,-0.55858613340024,-0.000138414138092097,-4.69842194794623e-06,0.717056329856007,-0.55858613340024,9.89217871326994e-05
"JVS01","theta_off_control_ga",52,"GA","N","seven_case",40,75,40,75,3000,0,0.375,0,"sigmoid","case_specific","none","default",TRUE,TRUE,0.0213074551299997,0.0424673102464013,-0.0211598551200041,0.3300000000163,0.0213074551299997,0.0424673102464013,-0.0211598551200041,0.0010023152062996,3.92528830804977e-05,0.000192990023605205,0.000125782512858399,-0.559867313570066,-0.000186622437855055,-0.725068261999695,0.165200948440898,-0.814993408878024,-8.88062013215995,0.0010023152062996,0.000186622437855055,-0.814993408878024,-8.88062013215995,0.000125782512858399
"JVS01","theta_off_control_ga",53,"GA","N","seven_case",40,75,40,75,3000,0,0.375,0,"sigmoid","case_specific","none","default",TRUE,TRUE,0.0033525406802255,0.00474716125840047,-0.00139462058996287,0.0300000000279399,0.0033525406802255,0.00474716125840047,-0.00139462058996287,-4.89100658422996e-05,1.29953552779893e-06,-1.63433301295004e-05,-1.06775757861503e-05,0.0535528812602024,1.78509604229493e-05,0.0541294127001493,-0.000576531430802163,0.623156782471995,3.35973945870001,-4.89100658422996e-05,-1.78509604229493e-05,0.623156782471995,3.35973945870001,-1.06775757861503e-05
"JVS01","theta_off_control_ga",54,"GA","N","seven_case",40,75,40,75,3000,0,0.375,0,"sigmoid","case_specific","none","default",TRUE,TRUE,0.00142346327993437,0.00188545464929746,-0.000461991359770764,0.0399999999790499,0.00142346327993437,0.00188545464929746,-0.000461991359770764,-7.08113989351979e-05,-1.31367683898972e-05,-2.48153470198999e-05,-1.59886461544023e-05,0.104490678119873,3.48302260420041e-05,0.127736681400165,-0.0232460032691009,-0.501380423705996,-9.49806027372961,-7.08113989351979e-05,-3.48302260420041e-05,-0.501380423705996,-9.49806027372961,-1.59886461544023e-05
"JVS01","theta_off_control_ga",55,"GA","N","seven_case",40,75,40,75,3000,0,0.375,0,"sigmoid","case_specific","none","default",TRUE,TRUE,0.00205406727991431,0.0027235046754015,-0.000669437389660743,0.02000000001863,0.00205406727991431,0.0027235046754015,-0.000669437389660743,-6.56604541570197e-06,-1.61897787375985e-05,0.000104430590572999,6.81402599125996e-05,0.069204819499646,2.30682731680032e-05,0.0566298392700446,0.0125749802330049,-1.88277359815402,-17.5859704590302,-6.56604541570197e-06,-2.30682731680032e-05,-1.88277359815402,-17.5859704590302,6.81402599125996e-05
"JVS01","theta_off_control_ga",56,"GA","N","seven_case",40,75,40,75,3000,0,0.375,0,"sigmoid","case_specific","none","default",TRUE,TRUE,0.0169511231601973,0.0312922784031002,-0.014341155240345,0.18999999994412,0.0169511231601973,0.0312922784031002,-0.014341155240345,0.000376146492523301,0.0001420129431139,-0.000165600416974002,-0.000108083956308801,-0.617529768119766,-0.000205843256040006,-0.510040273409686,-0.107489494706499,-0.133182504881006,2.17704230991012,0.000376146492523301,0.000205843256040006,-0.133182504881006,2.17704230991012,-0.000108083956308801
"JVS01","theta_off_control_ga",57,"GA","N","seven_case",40,75,40,75,3000,0,0.375,0,"sigmoid","case_specific","none","default",TRUE,TRUE,0.00372334889016201,0.00629035825760127,-0.00256700937006826,0.2500000000582,0.00372334889016201,0.00629035825760127,-0.00256700937006826,-0.000194280415275801,-1.33028937722018e-05,7.29699225153965e-05,4.78357734569022e-05,0.157965745780075,5.26552485939913e-05,0.211016956930052,-0.0530512111534023,0.136952772223026,3.93899149239996,-0.000194280415275801,-5.26552485939913e-05,0.136952772223026,3.93899149239996,4.78357734569022e-05
"JVS01","theta_off_control_ga",58,"GA","N","seven_case",40,75,40,75,3000,0,0.375,0,"sigmoid","case_specific","none","default",TRUE,TRUE,0.00734647410990874,0.00980954741250173,-0.00246307330007767,0.11999999999534,0.00734647410990874,0.00980954741250173,-0.00246307330007767,0.000416540256814101,6.64660493570127e-06,0.000115295218900302,7.40678132846971e-05,-0.114535699120097,-3.81785663730039e-05,-0.183206873909967,0.0686711747973021,1.04683304293206,14.35075627284,0.000416540256814101,3.81785663730039e-05,1.04683304293206,14.35075627284,7.40678132846971e-05
"JVS01","theta_off_control_ga",59,"GA","N","seven_case",40,75,40,75,3000,0,0.375,0,"sigmoid","case_specific","none","default",TRUE,TRUE,0.00545525874986197,0.00728538093440534,-0.00183012218985823,0.14999999996508,0.00545525874986197,0.00728538093440534,-0.00183012218985823,0.0004236378354463,-6.09918794849951e-06,0.000116875602464102,7.57880535894994e-05,-0.176083452819967,-5.86944842739801e-05,-0.288292951280255,0.1122094984566,-0.675378987771978,-10.7299158441101,0.0004236378354463,5.86944842739801e-05,-0.675378987771978,-10.7299158441101,7.57880535894994e-05
"JVS01","theta_off_control_ga",60,"GA","N","seven_case",40,75,40,75,3000,0,0.375,0,"sigmoid","case_specific","none","default",TRUE,TRUE,0.00190922990987019,0.00237975082540487,-0.000470520909857441,0.040000000037253,0.00190922990987019,0.00237975082540487,-0.000470520909857441,0.0002414054471595,5.86022513800188e-06,9.91529291761994e-05,6.43278339195023e-05,-0.05912935303013,-1.97097843420702e-05,-0.0674752318400351,0.00834587880549975,1.22985924430799,12.4806451151599,0.0002414054471595,1.97097843420702e-05,1.22985924430799,12.4806451151599,6.43278339195023e-05
"JVS01","theta_off_control_ga",61,"GA","N","seven_case",40,75,40,75,3000,0,0.375,0,"sigmoid","case_specific","none","default",TRUE,TRUE,0.00208762317970468,0.00282468805779956,-0.000737064880013349,0.0599999999976699,0.00208762317970468,0.00282468805779956,-0.000737064880013349,4.35756717365003e-05,2.79638854453999e-05,4.53144448797002e-05,2.95350704580984e-05,-0.107050296360285,-3.56834321220134e-05,-0.0887715289800326,-0.0182787673859011,-0.235408066311948,0.595954823179909,4.35756717365003e-05,3.56834321220134e-05,-0.235408066311948,0.595954823179909,2.95350704580984e-05
"JVS01","theta_off_control_ga",62,"GA","N","seven_case",40,75,40,75,3000,0,0.375,0,"sigmoid","case_specific","none","default",TRUE,TRUE,0.00257215805004307,0.00290016135750193,-0.0003280033001829,0.019999999960418,0.00257215805004307,0.00290016135750193,-0.0003280033001829,-0.0001790325958127,3.23196490672022e-05,0.000121335028264499,7.80057552440018e-05,-0.198572067220084,-6.61906890719877e-05,-0.205572139600008,0.00700007238189926,-0.452308023076966,2.14458577928008,-0.0001790325958127,6.61906890719877e-05,-0.452308023076966,2.14458577928008,7.80057552440018e-05
"JVS01","theta_off_control_ga",63,"GA","N","seven_case",40,75,40,75,3000,0,0.375,0,"sigmoid","case_specific","none","default",TRUE,TRUE,0.00500911644985536,0.0073092080438073,-0.00230009158985922,0,0.00500911644985536,0.0073092080438073,-0.00230009158985922,-0.000165482994203898,-1.5015499899497e-05,6.76429402825043e-05,4.44169040551001e-05,-0.0488094363599885,-1.62698121199956e-05,-0.141501282189893,0.0926918458301955,-0.478207411247013,-7.63812695370007,-0.000165482994203898,1.62698121199956e-05,-0.478207411247013,-7.63812695370007,4.44169040551001e-05
"JVS01","theta_off_control_ga",64,"GA","N","seven_case",40,75,40,75,3000,0,0.375,0,"sigmoid","case_specific","none","default",TRUE,TRUE,0.00417014271988592,0.00649558667579697,-0.00232544394975776,0.049999999988358,0.00417014271988592,0.00649558667579697,-0.00232544394975776,4.62416951475045e-05,9.30080595853977e-05,0.000181261223698201,0.000119265264906999,-0.647796101370204,-0.000215932033790001,-0.72112604924996,0.0733299478794009,-1.05282469528697,-8.82754077637992,4.62416951475045e-05,0.000215932033790001,-1.05282469528697,-8.82754077637992,0.000119265264906999
"JVS01","theta_off_control_ga",65,"GA","N","seven_case",40,75,40,75,3000,0,0.375,0,"sigmoid","case_specific","none","default",TRUE,TRUE,0.00355780178006171,0.00423039401770353,-0.000672592239880032,0.270000000018628,0.00355780178006171,0.00423039401770353,-0.000672592239880032,-0.0001459174929499,-2.91462796178019e-05,6.37816727151012e-05,4.12251276969977e-05,0.219256770590164,7.30855901960314e-05,0.228463682889924,-0.00920691229590176,-0.06335990369098,9.24818694850001,-0.0001459174929499,-7.30855901960314e-05,-0.06335990369098,9.24818694850001,4.12251276969977e-05
"JVS01","theta_off_control_ga",66,"GA","N","seven_case",40,75,40,75,3000,0,0.375,0,"sigmoid","case_specific","none","default",TRUE,TRUE,0.00458415903995046,0.00675757299219981,-0.00217341395000403,0.170000000041908,0.00458415903995046,0.00675757299219981,-0.00217341395000403,-0.000105299773426899,2.18653145576987e-05,6.35875887219015e-05,4.09936254500004e-05,-0.0680166978900161,-2.26722326299722e-05,-0.0747793196301245,0.0067626217342962,-0.868429726642944,-0.871279435290035,-0.000105299773426899,2.26722326299722e-05,-0.868429726642944,-0.871279435290035,4.09936254500004e-05
"JVS01","theta_off_control_ga",67,"GA","N","seven_case",40,75,40,75,3000,0,0.375,0,"sigmoid","case_specific","none","default",TRUE,TRUE,0.0116049156199551,0.0205497405658051,-0.00894482494959448,0.300000000046561,0.0116049156199551,0.0205497405658051,-0.00894482494959448,-0.001137120117094,4.58994033056999e-05,0.000218408494025098,0.000141178845837,-0.122615117750229,-4.08717059170449e-05,-0.112830128040059,-0.00978498970420105,0.149854911645036,1.29625331622037,-0.001137120117094,4.08717059170449e-05,0.149854911645036,1.29625331622037,0.000141178845837
"JVS01","theta_off_control_ga",68,"GA","N","seven_case",40,75,40,75,3000,0,0.375,0,"sigmoid","case_specific","none","default",TRUE,TRUE,0.00845401409969782,0.013372542495901,-0.00491852839968487,0.15999999997439,0.00845401409969782,0.013372542495901,-0.00491852839968487,0.000100928041021003,1.53287669905008e-05,0.000183361720187101,0.0001189382146009,-0.130908932930197,-4.36363109770355e-05,-0.189646309300315,0.0587373763699972,-0.262139453934992,-5.3692342003601,0.000100928041021003,4.36363109770355e-05,-0.262139453934992,-5.3692342003601,0.0001189382146009
"JVS01","theta_off_control_ga",69,"GA","N","seven_case",40,75,40,75,3000,0,0.375,0,"sigmoid","case_specific","none","default",TRUE,TRUE,0.0203736094599662,0.0359621763377973,-0.0155885668900737,0.20000000001164,0.0203736094599662,0.0359621763377973,-0.0155885668900737,-0.000406207947312599,2.01957572233992e-05,0.000421945627318301,0.000272826000463099,0.149783539930013,4.99278466440378e-05,0.232628390750051,-0.0828448508231006,-0.237744913196991,-8.89952685950993,-0.000406207947312599,-4.99278466440378e-05,-0.237744913196991,-8.89952685950993,0.000272826000463099
"JVS01","theta_off_control_ga",70,"GA","N","seven_case",40,75,40,75,3000,0,0.375,0,"sigmoid","case_specific","none","default",TRUE,TRUE,0.00338310778988671,0.00448582824199661,-0.00110272044958037,0.17999999999302,0.00338310778988671,0.00448582824199661,-0.00110272044958037,2.5313808553501e-05,1.05930995965009e-05,5.14080437050146e-06,3.3103233384995e-06,-0.0925876327100923,-3.086254423601e-05,-0.136072181340296,0.043484548631902,0.504870017973019,7.44166814247001,2.5313808553501e-05,3.086254423601e-05,0.504870017973019,7.44166814247001,3.3103233384995e-06
"JVS01","theta_off_control_ga",71,"GA","N","seven_case",40,75,40,75,3000,0,0.375,0,"sigmoid","case_specific","none","default",TRUE,TRUE,0.00405492611025693,0.00579376728910574,-0.00173884118021306,0.0399999999790399,0.00405492611025693,0.00579376728910574,-0.00173884118021306,4.92121385421013e-05,6.54410077527996e-05,4.63346991450009e-05,3.05588052356975e-05,-0.241687552460007,-8.05625174860047e-05,-0.199467249859936,-0.0422203026059016,-0.129663413962987,0.243075439779659,4.92121385421013e-05,8.05625174860047e-05,-0.129663413962987,0.243075439779659,3.05588052356975e-05
"JVS01","theta_off_control_ga",72,"GA","N","seven_case",40,75,40,75,3000,0,0.375,0,"sigmoid","case_specific","none","default",TRUE,TRUE,0.00601699836988701,0.00999384347080223,-0.00397684509016472,0.17999999993481,0.00601699836988701,0.00999384347080223,-0.00397684509016472,-0.00016844373863557,-9.83444375647e-05,0.000199453258694901,0.000128787956755,0.39498588601009,0.000131661962001983,0.410194717190279,-0.0152088311862997,-1.24739210967698,-4.79242705509978,-0.00016844373863557,-0.000131661962001983,-1.24739210967698,-4.79242705509978,0.000128787956755
"JVS01","theta_off_control_ga",73,"GA","N","seven_case",40,75,40,75,3000,0,0.375,0,"sigmoid","case_specific","none","default",TRUE,TRUE,0.00188739893019374,0.00237084672829724,-0.000483447799979331,0.02000000001863,0.00188739893019374,0.00237084672829724,-0.000483447799979331,8.43297685041988e-05,1.98132366548004e-05,4.9938977244899e-05,3.26433576380014e-05,-0.160283690440338,-5.34278968149504e-05,-0.169467285079918,0.00918359462709972,-1.97664553210399,-15.2463607172799,8.43297685041988e-05,5.34278968149504e-05,-1.97664553210399,-15.2463607172799,3.26433576380014e-05
"JVS01","theta_off_control_ga",74,"GA","N","seven_case",40,75,40,75,3000,0,0.375,0,"sigmoid","case_specific","none","default",TRUE,TRUE,0.00165964967982291,0.00177410009379741,-0.000114450419914647,0.020000000018626,0.00165964967982291,0.00177410009379741,-0.000114450419914647,0.0001147126830057,1.6357779258e-06,6.04213051963991e-05,3.92880221294096e-05,-0.00456604328019239,-1.52201442404909e-06,-0.0281634753296203,0.0235974320541033,0.407720819044982,0.20531213753975,0.0001147126830057,1.52201442404909e-06,0.407720819044982,0.20531213753975,3.92880221294096e-05
"JVS01","theta_off_control_ga",75,"GA","N","seven_case",40,75,40,75,3000,0,0.375,0,"sigmoid","case_specific","none","default",TRUE,TRUE,0.020569236080064,0.0376516463907137,-0.017082410310195,0.35999999998603,0.020569236080064,0.0376516463907137,-0.017082410310195,0.000200698642295619,-5.50953241994986e-05,0.000506094120092698,0.000330348099143001,0.0810878068800776,2.70292689620311e-05,0.114560798599996,-0.0334729917200036,-1.97858742067098,-9.82350491999023,0.000200698642295619,-2.70292689620311e-05,-1.97858742067098,-9.82350491999023,0.000330348099143001
"JVS01","theta_off_control_ga",76,"GA","N","seven_case",40,75,40,75,3000,0,0.375,0,"sigmoid","case_specific","none","default",TRUE,TRUE,0.0148724769101136,0.0296739363051017,-0.0148014593896733,0.15000000002328,0.0148724769101136,0.0296739363051017,-0.0148014593896733,0.0001667371309838,-0.000135752465496301,0.000611677145754802,0.000397076253894599,1.11247794687006,0.000370825982291989,1.19796554011964,-0.0854875932428989,-1.41797470701198,-11.80333368526,0.0001667371309838,-0.000370825982291989,-1.41797470701198,-11.80333368526,0.000397076253894599
"JVS01","theta_off_control_ga",77,"GA","N","seven_case",40,75,40,75,3000,0,0.375,0,"sigmoid","case_specific","none","default",TRUE,TRUE,0.0444233058897225,0.086851308768999,-0.0424280028796602,0.17999999999302,0.0444233058897225,0.086851308768999,-0.0424280028796602,-0.0018655604404568,0.0001212971849778,0.0005509803191159,0.000355421555918903,-0.538822964499559,-0.000179607654834046,-0.348258252469805,-0.190564712032099,0.246939760076998,11.5408992917996,-0.0018655604404568,0.000179607654834046,0.246939760076998,11.5408992917996,0.000355421555918903
"JVS01","theta_off_control_ga",78,"GA","N","seven_case",40,75,40,75,3000,0,0.375,0,"sigmoid","case_specific","none","default",TRUE,TRUE,0.000666487640046398,0.000677765145994158,-1.12775101115403e-05,0.239999999990686,0.000666487640046398,0.000677765145994158,-1.12775101115403e-05,-8.55388783340995e-05,-4.72500153149771e-06,9.67301507461028e-05,6.25969589785995e-05,0.0210121630402682,7.00405434705953e-06,0.0419664840001133,-0.0209543209638028,1.48708123516002,11.2284760469197,-8.55388783340995e-05,-7.00405434705953e-06,1.48708123516002,11.2284760469197,6.25969589785995e-05
"JVS01","theta_off_control_ga",79,"GA","N","seven_case",40,75,40,75,3000,0,0.375,0,"sigmoid","case_specific","none","default",TRUE,TRUE,0.00200738822013591,0.0026275500466042,-0.000620161830283905,0.159999999974388,0.00200738822013591,0.0026275500466042,-0.000620161830283905,3.1273468187102e-05,1.43617482550006e-05,0.000124691437665001,8.07355878009001e-05,-0.0503297176501292,-1.6776572550059e-05,-0.0449954518103368,-0.00533426583519514,-0.960450020512042,-5.99011183063021,3.1273468187102e-05,1.6776572550059e-05,-0.960450020512042,-5.99011183063021,8.07355878009001e-05
"JVS01","theta_off_control_ga",80,"GA","N","seven_case",40,75,40,75,3000,0,0.375,0,"sigmoid","case_specific","none","default",TRUE,TRUE,0.00175124095994761,0.00235713821360406,-0.000605897269906563,0.11000000004424,0.00175124095994761,0.00235713821360406,-0.000605897269906563,-7.73367059347004e-05,-2.00339475521991e-05,0.0001005100076426,6.48832113319016e-05,0.220332333879924,7.34441112960615e-05,0.237775330129807,-0.0174429962494003,-2.79121497566604,-24.1581480907903,-7.73367059347004e-05,-7.34441112960615e-05,-2.79121497566604,-24.1581480907903,6.48832113319016e-05
"JVS01","theta_off_control_ga",81,"GA","N","seven_case",40,75,40,75,3000,0,0.375,0,"sigmoid","case_specific","none","default",TRUE,TRUE,0.00127765675006231,0.00155817512529666,-0.000280518379895511,0.0800000000163001,0.00127765675006231,0.00155817512529666,-0.000280518379895511,0.0001971883222989,1.82249261717997e-05,-4.77124823766994e-05,-3.12307798237023e-05,-0.130287823859817,-4.34292746209763e-05,-0.179698290389751,0.0494104665287978,1.63584587502498,16.26527359175,0.0001971883222989,4.34292746209763e-05,1.63584587502498,16.26527359175,-3.12307798237023e-05
"JVS01","theta_off_control_ga",82,"GA","N","seven_case",40,75,40,75,3000,0,0.375,0,"sigmoid","case_specific","none","default",TRUE,TRUE,0.00305376528012857,0.00399699938429876,-0.000943234109854529,-0.0899999999673999,0.00305376528012857,0.00399699938429876,-0.000943234109854529,0.000158249608540599,-3.29129220979982e-05,2.61786644445011e-05,1.6728872421299e-05,0.119477367510171,3.98257891720544e-05,0.128551059030087,-0.00907369151600079,-0.383371860532975,-5.48123108426989,0.000158249608540599,-3.98257891720544e-05,-0.383371860532975,-5.48123108426989,1.6728872421299e-05
"JVS01","theta_off_control_ga",83,"GA","N","seven_case",40,75,40,75,3000,0,0.375,0,"sigmoid","case_specific","none","default",TRUE,TRUE,0.00428720175023045,0.00825037234309889,-0.00396317059994544,0.0599999999976799,0.00428720175023045,0.00825037234309889,-0.00396317059994544,3.40975532337993e-05,-0.000100028201941899,0.0001702077695853,0.000109746287320297,0.504142203739775,0.000168047401246985,0.511139064369672,-0.00699686063180138,-0.029934100462981,3.86506449931994,3.40975532337993e-05,-0.000168047401246985,-0.029934100462981,3.86506449931994,0.000109746287320297
"JVS01","theta_off_control_ga",84,"GA","N","seven_case",40,75,40,75,3000,0,0.375,0,"sigmoid","case_specific","none","default",TRUE,TRUE,0.00203041191980446,0.00242846010389997,-0.000398048180159094,0.52999999996973,0.00203041191980446,0.00242846010389997,-0.000398048180159094,-6.34913231531004e-05,-2.30430896391021e-05,8.37337941475974e-05,5.39688074633997e-05,0.104994923470258,3.49983078209437e-05,0.106977353249931,-0.00198242978409979,0.67733269423502,8.78165128422006,-6.34913231531004e-05,-3.49983078209437e-05,0.67733269423502,8.78165128422006,5.39688074633997e-05
"JVS01","theta_off_control_ga",85,"GA","N","seven_case",40,75,40,75,3000,0,0.375,0,"sigmoid","case_specific","none","default",TRUE,TRUE,0.013594176999959,0.0233852075961991,-0.00979103059989939,0.190000000002332,0.013594176999959,0.0233852075961991,-0.00979103059989939,0.0004917976862156,5.99033634078976e-05,0.000422371300130502,0.0002721265860379,-0.403952536759789,-0.000134650845585949,-0.488000466359608,0.0840479296070953,0.575348769029972,9.39238087075,0.0004917976862156,0.000134650845585949,0.575348769029972,9.39238087075,0.0002721265860379
"JVS01","theta_off_control_ga",86,"GA","N","seven_case",40,75,40,75,3000,0,0.375,0,"sigmoid","case_specific","none","default",TRUE,TRUE,0.0292966288102434,0.0547239773299992,-0.02542734851977,0.23000000003958,0.0292966288102434,0.0547239773299992,-0.02542734851977,3.63221464430227e-06,0.000173154588171999,-0.000239812653154599,-0.0001563811552747,-0.561736352959997,-0.000187245450988027,-0.565519000670065,0.00378264770370151,2.28374187261898,25.0944155903098,3.63221464430227e-06,0.000187245450988027,2.28374187261898,25.0944155903098,-0.0001563811552747
"JVS01","theta_off_control_ga",87,"GA","N","seven_case",40,75,40,75,3000,0,0.375,0,"sigmoid","case_specific","none","default",TRUE,TRUE,0.0542242308001732,0.106771682070701,-0.0525474512801338,0.12999999994645,0.0542242308001732,0.106771682070701,-0.0525474512801338,0.000634518623532601,0.0001027901992957,0.000944495186241297,0.0006123165986015,-0.523653074709728,-0.000174551024901048,-0.663610265589796,0.139957190885099,-0.0136469293329924,-11.3212541011098,0.000634518623532601,0.000174551024901048,-0.0136469293329924,-11.3212541011098,0.0006123165986015
"JVS01","theta_off_control_ga",88,"GA","N","seven_case",40,75,40,75,3000,0,0.375,0,"sigmoid","case_specific","none","default",TRUE,TRUE,0.000800933250047819,0.000742062040899327,5.88712000535452e-05,0.040000000037253,0.000800933250047819,0.000742062040899327,5.88712000535452e-05,0.0001430888605717,-5.24037538099376e-07,-1.6034507172101e-05,-1.04557084649945e-05,-0.0689267602301697,-2.29755867439119e-05,-0.0870483265402981,0.0181215663128,-0.777820951756041,4.83244516125023,0.0001430888605717,2.29755867439119e-05,-0.777820951756041,4.83244516125023,-1.04557084649945e-05
"JVS01","theta_off_control_ga",89,"GA","N","seven_case",40,75,40,75,3000,0,0.375,0,"sigmoid","case_specific","none","default",TRUE,TRUE,0.00328749243999482,0.0071110034600963,-0.00382351102007306,0.119999999995346,0.00328749243999482,0.0071110034600963,-0.00382351102007306,-9.16516144915999e-05,4.53156942747009e-05,-1.9387541133703e-05,-1.29073693427989e-05,-0.321218628910174,-0.000107072876300962,-0.264076618290346,-0.0571420106177989,-0.335372735551005,-6.82963676416011,-9.16516144915999e-05,0.000107072876300962,-0.335372735551005,-6.82963676416011,-1.29073693427989e-05
"JVS01","theta_off_control_ga",90,"GA","N","seven_case",40,75,40,75,3000,0,0.375,0,"sigmoid","case_specific","none","default",TRUE,TRUE,0.0116754282798865,0.0201861392194047,-0.00851071093984501,0.17999999999302,0.0116754282798865,0.0201861392194047,-0.00851071093984501,-0.000178716791765503,-1.50017894920071e-06,0.000420019231607997,0.000272895626640901,-0.042886200420071,-1.42954001399742e-05,-0.0203332583801057,-0.0225529420401003,0.938041299720055,7.82280399500996,-0.000178716791765503,1.42954001399742e-05,0.938041299720055,7.82280399500996,0.000272895626640901
"JVS01","theta_off_control_ga",91,"GA","N","seven_case",40,75,40,75,3000,0,0.375,0,"sigmoid","case_specific","none","default",TRUE,TRUE,0.00231977338989964,0.0028609812298015,-0.000541207850346836,0.11999999999534,0.00231977338989964,0.0028609812298015,-0.000541207850346836,3.29714240485009e-05,1.40833965751007e-05,4.54869391313985e-05,2.95926495883e-05,-0.104072118840122,-3.46907062810375e-05,-0.109560430159945,0.00548831132049798,-0.40811908684401,-11.9522781112901,3.29714240485009e-05,3.46907062810375e-05,-0.40811908684401,-11.9522781112901,2.95926495883e-05
"JVS01","theta_off_control_ga",92,"GA","N","seven_case",40,75,40,75,3000,0,0.375,0,"sigmoid","case_specific","none","default",TRUE,TRUE,0.00208053448022838,0.00272212416459894,-0.000641589679617027,0.0699999999487801,0.00208053448022838,0.00272212416459894,-0.000641589679617027,0.000254002072675001,-1.09011503160103e-06,8.61720072906982e-05,5.56948803822968e-05,-0.0583810606199222,-1.94603535399462e-05,-0.0898968455603608,0.0315157849383993,-0.809084991213012,-10.4864904500901,0.000254002072675001,1.94603535399462e-05,-0.809084991213012,-10.4864904500901,5.56948803822968e-05
"JVS01","theta_off_control_ga",93,"GA","N","seven_case",40,75,40,75,3000,0,0.375,0,"sigmoid","case_specific","none","default",TRUE,TRUE,0.00240196977983942,0.00263798976549623,-0.000236019980093261,0.07000000000699,0.00240196977983942,0.00263798976549623,-0.000236019980093261,-0.0001207688608253,1.3895816209402e-05,1.64447516815009e-05,1.05795377640296e-05,-0.142106936580149,-4.73689788599296e-05,-0.148043235670229,0.00593629909830895,0.580767016788002,3.10333629905017,-0.0001207688608253,4.73689788599296e-05,0.580767016788002,3.10333629905017,1.05795377640296e-05
"JVS01","theta_off_control_ga",94,"GA","N","seven_case",40,75,40,75,3000,0,0.375,0,"sigmoid","case_specific","none","default",TRUE,TRUE,0.00146054082006231,0.00260891291260634,-0.00114837209002872,0.44000000000233,0.00146054082006231,0.00260891291260634,-0.00114837209002872,-0.000109683774755998,-4.09268411177e-05,6.41609645695013e-05,4.21696237244973e-05,0.239534028190064,7.98446760640337e-05,0.25765506352991,-0.0181210353388011,0.409177536198001,4.71321871683995,-0.000109683774755998,-7.98446760640337e-05,0.409177536198001,4.71321871683995,4.21696237244973e-05
"JVS01","theta_off_control_ga",95,"GA","N","seven_case",40,75,40,75,3000,0,0.375,0,"sigmoid","case_specific","none","default",TRUE,TRUE,0.00170627791021616,0.00207516390900508,-0.000368886000160273,0.049999999988362,0.00170627791021616,0.00207516390900508,-0.000368886000160273,-5.17665645842005e-05,2.95530357269022e-05,3.3634510600504e-05,2.17262525945977e-05,-0.13903470050991,-4.63449001720795e-05,-0.157053624549917,0.0180189240332993,1.49519140939799,8.59443530283988,-5.17665645842005e-05,4.63449001720795e-05,1.49519140939799,8.59443530283988,2.17262525945977e-05
"JVS01","theta_off_control_ga",96,"GA","N","seven_case",40,75,40,75,3000,0,0.375,0,"sigmoid","case_specific","none","default",TRUE,TRUE,0.00934668791978766,0.0130176466075014,-0.0036709586897814,0.10999999998603,0.00934668791978766,0.0130176466075014,-0.0036709586897814,-0.000282927697215201,7.29838114123006e-05,0.000163771702774998,0.0001060422607706,-0.255642134180107,-8.52140447260563e-05,-0.257594770389915,0.00195263620639707,0.53701523632202,7.66983744356003,-0.000282927697215201,8.52140447260563e-05,0.53701523632202,7.66983744356003,0.0001060422607706
"JVS01","theta_off_control_ga",97,"GA","N","seven_case",40,75,40,75,3000,0,0.375,0,"sigmoid","case_specific","none","default",TRUE,TRUE,0.00208225488995595,0.00224072458599522,-0.000158469689949925,0.13000000000466,0.00208225488995595,0.00224072458599522,-0.000158469689949925,4.02642144203998e-05,-3.86343421004964e-08,0.0001220272762426,7.88625597053592e-05,0.000190174320323422,6.33914369885247e-08,-0.0328261324998493,0.0330163068100973,-1.23639792812298,-13.8501605343399,4.02642144203998e-05,-6.33914369885247e-08,-1.23639792812298,-13.8501605343399,7.88625597053592e-05
"JVS01","theta_off_control_ga",98,"GA","N","seven_case",40,75,40,75,3000,0,0.375,0,"sigmoid","case_specific","none","default",TRUE,TRUE,0.00211077380754432,0.00218191149374292,-7.11376874278358e-05,2.08000000002334,0.00211077380754432,0.00218191149374292,-7.11376874278358e-05,3.90874734219789e-05,2.25107034952342e-05,0.000122691381084675,7.95253428426887e-05,-0.118754709052155,-3.95849030156992e-05,-0.128110029143045,0.00935532009989259,-0.00292782214796716,-0.0011028681251446,3.90874734219789e-05,3.95849030156992e-05,-0.00292782214796716,-0.0011028681251446,7.95253428426887e-05
"JVS01","theta_off_control_ga",99,"GA","N","seven_case",40,75,40,75,3000,0,0.375,0,"sigmoid","case_specific","none","default",TRUE,TRUE,0.00490931216563695,0.00770482570712261,-0.00279551354151408,0.399999999999977,0.00490931216563695,0.00770482570712261,-0.00279551354151408,0.000652971746315088,1.01622414736546e-05,-1.6632715400474e-05,-1.07317995010261e-05,-0.154972155885844,-5.16573852952229e-05,-0.191238253945357,0.0362660980594569,0.00234610476724129,0.0107924355384057,0.000652971746315088,5.16573852952229e-05,0.00234610476724129,0.0107924355384057,-1.07317995010261e-05
"JVS01","theta_off_control_ga",100,"GA","N","seven_case",40,75,40,75,3000,0,0.375,0,"sigmoid","case_specific","none","default",TRUE,TRUE,0.00250646977929136,0.00312270771953393,-0.000616237940448627,0.179999999999836,0.00250646977929136,0.00312270771953393,-0.000616237940448627,-2.52026098519764e-05,2.17970572214191e-05,0.000111984192035397,7.26853240873501e-05,-0.0904728632640399,-3.0157621088045e-05,-0.0802710261305037,-0.0102018371336854,0.0147720520909616,0.131908213870247,-2.52026098519764e-05,3.0157621088045e-05,0.0147720520909616,0.131908213870247,7.26853240873501e-05
