"scenario_id","attempt_id","execution_order","seed","model_class","family","copula","changed_factor","n_subjects","n_visits","smooth_k","n_observations","attempted","warmup","fit_returned","converged","retained","elapsed_sec","fit_elapsed_sec","simulation_elapsed_sec","setup_elapsed_sec","total_elapsed_sec","timing_scope","exclusion_reason","failure_reason","warning_count","warning_messages","error_message","checkpoint_schema_version","design_fingerprint","configuration_fingerprint","code_fingerprint","package_fingerprint","timing_environment_fingerprint","seed_scheme_version","base_seed","checkpoint_fingerprint","timing_git_sha","timing_git_dirty","timing_r_version","timing_platform","timing_os","timing_cpu_model","timing_execution_context","timing_dependency_versions"
"continuous-subjects",0,1,13040884,"continuous","NO","N","n_subjects",250,4,5,1000,TRUE,TRUE,TRUE,TRUE,FALSE,2.47,2.47,0.97,0,3.44,"fit_only","warmup","none",0,"",,3,"3d9dbdbc9e18eed28d48bff56e934da9ad275c0721b3a34da978270ed9d6078a","66c45aca4c6364aa9f4aef2ff55620d81066a6e52c6244ce9c79080a3c702ccd","83d3ba28f026f0da30222a6eaaf2e4ebff3c34671fc223f6b548bc2258f15f05","f526e1de16f5ea19e66cbae9174dc234f9abac79e7336c0bf327852e4e4b6035","d1d25888250d2abea0ebd9f495f7ff7775a959400ee52189bc87ffcf003eb797","scenario-key-v1",20260528,"94ad1cdabf4ca3f8ab36f997b8497ca632f225a35a4cf2f154dbd9915d1f66f0","652ed1b3e77dee5925b0a015f16b96dcc25f2d77","dirty","R version 4.4.1 (2024-06-14 ucrt)","x86_64-w64-mingw32","Windows 10 x64 x86-64","AMD64 Family 25 Model 116 Stepping 1, AuthenticAMD","standalone_or_unverified","gamlss.longitudinal=0.1.0;gamlss=5.4.22;gamlss.dist=6.1.1;mgcv=1.9.1;digest=0.6.36"
"continuous-base",0,2,1638171116,"continuous","NO","N","none",100,4,5,400,TRUE,TRUE,TRUE,TRUE,FALSE,0.889999999999999,0.889999999999999,0.41,0,1.3,"fit_only","warmup","none",0,"",,3,"3d9dbdbc9e18eed28d48bff56e934da9ad275c0721b3a34da978270ed9d6078a","66c45aca4c6364aa9f4aef2ff55620d81066a6e52c6244ce9c79080a3c702ccd","83d3ba28f026f0da30222a6eaaf2e4ebff3c34671fc223f6b548bc2258f15f05","f526e1de16f5ea19e66cbae9174dc234f9abac79e7336c0bf327852e4e4b6035","d1d25888250d2abea0ebd9f495f7ff7775a959400ee52189bc87ffcf003eb797","scenario-key-v1",20260528,"94ad1cdabf4ca3f8ab36f997b8497ca632f225a35a4cf2f154dbd9915d1f66f0","652ed1b3e77dee5925b0a015f16b96dcc25f2d77","dirty","R version 4.4.1 (2024-06-14 ucrt)","x86_64-w64-mingw32","Windows 10 x64 x86-64","AMD64 Family 25 Model 116 Stepping 1, AuthenticAMD","standalone_or_unverified","gamlss.longitudinal=0.1.0;gamlss=5.4.22;gamlss.dist=6.1.1;mgcv=1.9.1;digest=0.6.36"
"discrete-smooth_basis",0,3,1743393778,"discrete","NBI","C","smooth_k",100,4,10,400,TRUE,TRUE,TRUE,TRUE,FALSE,4.23,4.23,0.479999999999999,0,4.71,"fit_only","warmup","none",0,"",,3,"3d9dbdbc9e18eed28d48bff56e934da9ad275c0721b3a34da978270ed9d6078a","66c45aca4c6364aa9f4aef2ff55620d81066a6e52c6244ce9c79080a3c702ccd","83d3ba28f026f0da30222a6eaaf2e4ebff3c34671fc223f6b548bc2258f15f05","f526e1de16f5ea19e66cbae9174dc234f9abac79e7336c0bf327852e4e4b6035","d1d25888250d2abea0ebd9f495f7ff7775a959400ee52189bc87ffcf003eb797","scenario-key-v1",20260528,"94ad1cdabf4ca3f8ab36f997b8497ca632f225a35a4cf2f154dbd9915d1f66f0","652ed1b3e77dee5925b0a015f16b96dcc25f2d77","dirty","R version 4.4.1 (2024-06-14 ucrt)","x86_64-w64-mingw32","Windows 10 x64 x86-64","AMD64 Family 25 Model 116 Stepping 1, AuthenticAMD","standalone_or_unverified","gamlss.longitudinal=0.1.0;gamlss=5.4.22;gamlss.dist=6.1.1;mgcv=1.9.1;digest=0.6.36"
"continuous-visits",0,4,1872435287,"continuous","NO","N","n_visits",100,8,5,800,TRUE,TRUE,TRUE,TRUE,FALSE,1.46,1.46,1.25,0,2.71,"fit_only","warmup","none",0,"",,3,"3d9dbdbc9e18eed28d48bff56e934da9ad275c0721b3a34da978270ed9d6078a","66c45aca4c6364aa9f4aef2ff55620d81066a6e52c6244ce9c79080a3c702ccd","83d3ba28f026f0da30222a6eaaf2e4ebff3c34671fc223f6b548bc2258f15f05","f526e1de16f5ea19e66cbae9174dc234f9abac79e7336c0bf327852e4e4b6035","d1d25888250d2abea0ebd9f495f7ff7775a959400ee52189bc87ffcf003eb797","scenario-key-v1",20260528,"94ad1cdabf4ca3f8ab36f997b8497ca632f225a35a4cf2f154dbd9915d1f66f0","652ed1b3e77dee5925b0a015f16b96dcc25f2d77","dirty","R version 4.4.1 (2024-06-14 ucrt)","x86_64-w64-mingw32","Windows 10 x64 x86-64","AMD64 Family 25 Model 116 Stepping 1, AuthenticAMD","standalone_or_unverified","gamlss.longitudinal=0.1.0;gamlss=5.4.22;gamlss.dist=6.1.1;mgcv=1.9.1;digest=0.6.36"
"discrete-base",0,5,1901836574,"discrete","NBI","C","none",100,4,5,400,TRUE,TRUE,TRUE,TRUE,FALSE,2.22,2.22,0.5,0.00999999999999801,2.73,"fit_only","warmup","none",0,"",,3,"3d9dbdbc9e18eed28d48bff56e934da9ad275c0721b3a34da978270ed9d6078a","66c45aca4c6364aa9f4aef2ff55620d81066a6e52c6244ce9c79080a3c702ccd","83d3ba28f026f0da30222a6eaaf2e4ebff3c34671fc223f6b548bc2258f15f05","f526e1de16f5ea19e66cbae9174dc234f9abac79e7336c0bf327852e4e4b6035","d1d25888250d2abea0ebd9f495f7ff7775a959400ee52189bc87ffcf003eb797","scenario-key-v1",20260528,"94ad1cdabf4ca3f8ab36f997b8497ca632f225a35a4cf2f154dbd9915d1f66f0","652ed1b3e77dee5925b0a015f16b96dcc25f2d77","dirty","R version 4.4.1 (2024-06-14 ucrt)","x86_64-w64-mingw32","Windows 10 x64 x86-64","AMD64 Family 25 Model 116 Stepping 1, AuthenticAMD","standalone_or_unverified","gamlss.longitudinal=0.1.0;gamlss=5.4.22;gamlss.dist=6.1.1;mgcv=1.9.1;digest=0.6.36"
"discrete-visits",0,6,1887317903,"discrete","NBI","C","n_visits",100,8,5,800,TRUE,TRUE,TRUE,TRUE,FALSE,10.75,10.75,1.4,0,12.15,"fit_only","warmup","none",0,"",,3,"3d9dbdbc9e18eed28d48bff56e934da9ad275c0721b3a34da978270ed9d6078a","66c45aca4c6364aa9f4aef2ff55620d81066a6e52c6244ce9c79080a3c702ccd","83d3ba28f026f0da30222a6eaaf2e4ebff3c34671fc223f6b548bc2258f15f05","f526e1de16f5ea19e66cbae9174dc234f9abac79e7336c0bf327852e4e4b6035","d1d25888250d2abea0ebd9f495f7ff7775a959400ee52189bc87ffcf003eb797","scenario-key-v1",20260528,"94ad1cdabf4ca3f8ab36f997b8497ca632f225a35a4cf2f154dbd9915d1f66f0","652ed1b3e77dee5925b0a015f16b96dcc25f2d77","dirty","R version 4.4.1 (2024-06-14 ucrt)","x86_64-w64-mingw32","Windows 10 x64 x86-64","AMD64 Family 25 Model 116 Stepping 1, AuthenticAMD","standalone_or_unverified","gamlss.longitudinal=0.1.0;gamlss=5.4.22;gamlss.dist=6.1.1;mgcv=1.9.1;digest=0.6.36"
"discrete-subjects",0,7,2010543832,"discrete","NBI","C","n_subjects",250,4,5,1000,TRUE,TRUE,TRUE,TRUE,FALSE,8.36,8.36,1.33,0,9.69,"fit_only","warmup","none",0,"",,3,"3d9dbdbc9e18eed28d48bff56e934da9ad275c0721b3a34da978270ed9d6078a","66c45aca4c6364aa9f4aef2ff55620d81066a6e52c6244ce9c79080a3c702ccd","83d3ba28f026f0da30222a6eaaf2e4ebff3c34671fc223f6b548bc2258f15f05","f526e1de16f5ea19e66cbae9174dc234f9abac79e7336c0bf327852e4e4b6035","d1d25888250d2abea0ebd9f495f7ff7775a959400ee52189bc87ffcf003eb797","scenario-key-v1",20260528,"94ad1cdabf4ca3f8ab36f997b8497ca632f225a35a4cf2f154dbd9915d1f66f0","652ed1b3e77dee5925b0a015f16b96dcc25f2d77","dirty","R version 4.4.1 (2024-06-14 ucrt)","x86_64-w64-mingw32","Windows 10 x64 x86-64","AMD64 Family 25 Model 116 Stepping 1, AuthenticAMD","standalone_or_unverified","gamlss.longitudinal=0.1.0;gamlss=5.4.22;gamlss.dist=6.1.1;mgcv=1.9.1;digest=0.6.36"
"continuous-smooth_basis",0,8,1411427626,"continuous","NO","N","smooth_k",100,4,10,400,TRUE,TRUE,TRUE,TRUE,FALSE,1.24,1.24,0.420000000000002,0,1.66,"fit_only","warmup","none",0,"",,3,"3d9dbdbc9e18eed28d48bff56e934da9ad275c0721b3a34da978270ed9d6078a","66c45aca4c6364aa9f4aef2ff55620d81066a6e52c6244ce9c79080a3c702ccd","83d3ba28f026f0da30222a6eaaf2e4ebff3c34671fc223f6b548bc2258f15f05","f526e1de16f5ea19e66cbae9174dc234f9abac79e7336c0bf327852e4e4b6035","d1d25888250d2abea0ebd9f495f7ff7775a959400ee52189bc87ffcf003eb797","scenario-key-v1",20260528,"94ad1cdabf4ca3f8ab36f997b8497ca632f225a35a4cf2f154dbd9915d1f66f0","652ed1b3e77dee5925b0a015f16b96dcc25f2d77","dirty","R version 4.4.1 (2024-06-14 ucrt)","x86_64-w64-mingw32","Windows 10 x64 x86-64","AMD64 Family 25 Model 116 Stepping 1, AuthenticAMD","standalone_or_unverified","gamlss.longitudinal=0.1.0;gamlss=5.4.22;gamlss.dist=6.1.1;mgcv=1.9.1;digest=0.6.36"
"discrete-base",1,9,1080095188,"discrete","NBI","C","none",100,4,5,400,TRUE,FALSE,TRUE,TRUE,TRUE,4.36,4.36,0.520000000000003,0,4.88,"fit_only","none","none",0,"",,3,"3d9dbdbc9e18eed28d48bff56e934da9ad275c0721b3a34da978270ed9d6078a","66c45aca4c6364aa9f4aef2ff55620d81066a6e52c6244ce9c79080a3c702ccd","83d3ba28f026f0da30222a6eaaf2e4ebff3c34671fc223f6b548bc2258f15f05","f526e1de16f5ea19e66cbae9174dc234f9abac79e7336c0bf327852e4e4b6035","d1d25888250d2abea0ebd9f495f7ff7775a959400ee52189bc87ffcf003eb797","scenario-key-v1",20260528,"94ad1cdabf4ca3f8ab36f997b8497ca632f225a35a4cf2f154dbd9915d1f66f0","652ed1b3e77dee5925b0a015f16b96dcc25f2d77","dirty","R version 4.4.1 (2024-06-14 ucrt)","x86_64-w64-mingw32","Windows 10 x64 x86-64","AMD64 Family 25 Model 116 Stepping 1, AuthenticAMD","standalone_or_unverified","gamlss.longitudinal=0.1.0;gamlss=5.4.22;gamlss.dist=6.1.1;mgcv=1.9.1;digest=0.6.36"
"continuous-visits",1,10,428611501,"continuous","NO","N","n_visits",100,8,5,800,TRUE,FALSE,TRUE,TRUE,TRUE,3.21,3.21,1.05,0,4.26000000000001,"fit_only","none","none",0,"",,3,"3d9dbdbc9e18eed28d48bff56e934da9ad275c0721b3a34da978270ed9d6078a","66c45aca4c6364aa9f4aef2ff55620d81066a6e52c6244ce9c79080a3c702ccd","83d3ba28f026f0da30222a6eaaf2e4ebff3c34671fc223f6b548bc2258f15f05","f526e1de16f5ea19e66cbae9174dc234f9abac79e7336c0bf327852e4e4b6035","d1d25888250d2abea0ebd9f495f7ff7775a959400ee52189bc87ffcf003eb797","scenario-key-v1",20260528,"94ad1cdabf4ca3f8ab36f997b8497ca632f225a35a4cf2f154dbd9915d1f66f0","652ed1b3e77dee5925b0a015f16b96dcc25f2d77","dirty","R version 4.4.1 (2024-06-14 ucrt)","x86_64-w64-mingw32","Windows 10 x64 x86-64","AMD64 Family 25 Model 116 Stepping 1, AuthenticAMD","standalone_or_unverified","gamlss.longitudinal=0.1.0;gamlss=5.4.22;gamlss.dist=6.1.1;mgcv=1.9.1;digest=0.6.36"
"continuous-smooth_basis",1,11,874608782,"continuous","NO","N","smooth_k",100,4,10,400,TRUE,FALSE,TRUE,TRUE,TRUE,0.890000000000001,0.890000000000001,0.450000000000003,0,1.34,"fit_only","none","none",0,"",,3,"3d9dbdbc9e18eed28d48bff56e934da9ad275c0721b3a34da978270ed9d6078a","66c45aca4c6364aa9f4aef2ff55620d81066a6e52c6244ce9c79080a3c702ccd","83d3ba28f026f0da30222a6eaaf2e4ebff3c34671fc223f6b548bc2258f15f05","f526e1de16f5ea19e66cbae9174dc234f9abac79e7336c0bf327852e4e4b6035","d1d25888250d2abea0ebd9f495f7ff7775a959400ee52189bc87ffcf003eb797","scenario-key-v1",20260528,"94ad1cdabf4ca3f8ab36f997b8497ca632f225a35a4cf2f154dbd9915d1f66f0","652ed1b3e77dee5925b0a015f16b96dcc25f2d77","dirty","R version 4.4.1 (2024-06-14 ucrt)","x86_64-w64-mingw32","Windows 10 x64 x86-64","AMD64 Family 25 Model 116 Stepping 1, AuthenticAMD","standalone_or_unverified","gamlss.longitudinal=0.1.0;gamlss=5.4.22;gamlss.dist=6.1.1;mgcv=1.9.1;digest=0.6.36"
"continuous-base",1,12,433406740,"continuous","NO","N","none",100,4,5,400,TRUE,FALSE,TRUE,TRUE,TRUE,1.56999999999999,1.56999999999999,0.460000000000001,0,2.02999999999999,"fit_only","none","none",0,"",,3,"3d9dbdbc9e18eed28d48bff56e934da9ad275c0721b3a34da978270ed9d6078a","66c45aca4c6364aa9f4aef2ff55620d81066a6e52c6244ce9c79080a3c702ccd","83d3ba28f026f0da30222a6eaaf2e4ebff3c34671fc223f6b548bc2258f15f05","f526e1de16f5ea19e66cbae9174dc234f9abac79e7336c0bf327852e4e4b6035","d1d25888250d2abea0ebd9f495f7ff7775a959400ee52189bc87ffcf003eb797","scenario-key-v1",20260528,"94ad1cdabf4ca3f8ab36f997b8497ca632f225a35a4cf2f154dbd9915d1f66f0","652ed1b3e77dee5925b0a015f16b96dcc25f2d77","dirty","R version 4.4.1 (2024-06-14 ucrt)","x86_64-w64-mingw32","Windows 10 x64 x86-64","AMD64 Family 25 Model 116 Stepping 1, AuthenticAMD","standalone_or_unverified","gamlss.longitudinal=0.1.0;gamlss=5.4.22;gamlss.dist=6.1.1;mgcv=1.9.1;digest=0.6.36"
"discrete-smooth_basis",1,13,554490158,"discrete","NBI","C","smooth_k",100,4,10,400,TRUE,FALSE,TRUE,TRUE,TRUE,2.82000000000001,2.82000000000001,0.530000000000001,0,3.35000000000001,"fit_only","none","none",0,"",,3,"3d9dbdbc9e18eed28d48bff56e934da9ad275c0721b3a34da978270ed9d6078a","66c45aca4c6364aa9f4aef2ff55620d81066a6e52c6244ce9c79080a3c702ccd","83d3ba28f026f0da30222a6eaaf2e4ebff3c34671fc223f6b548bc2258f15f05","f526e1de16f5ea19e66cbae9174dc234f9abac79e7336c0bf327852e4e4b6035","d1d25888250d2abea0ebd9f495f7ff7775a959400ee52189bc87ffcf003eb797","scenario-key-v1",20260528,"94ad1cdabf4ca3f8ab36f997b8497ca632f225a35a4cf2f154dbd9915d1f66f0","652ed1b3e77dee5925b0a015f16b96dcc25f2d77","dirty","R version 4.4.1 (2024-06-14 ucrt)","x86_64-w64-mingw32","Windows 10 x64 x86-64","AMD64 Family 25 Model 116 Stepping 1, AuthenticAMD","standalone_or_unverified","gamlss.longitudinal=0.1.0;gamlss=5.4.22;gamlss.dist=6.1.1;mgcv=1.9.1;digest=0.6.36"
"continuous-subjects",1,14,460487288,"continuous","NO","N","n_subjects",250,4,5,1000,TRUE,FALSE,TRUE,TRUE,TRUE,1.40000000000001,1.40000000000001,1.2,0,2.60000000000001,"fit_only","none","none",0,"",,3,"3d9dbdbc9e18eed28d48bff56e934da9ad275c0721b3a34da978270ed9d6078a","66c45aca4c6364aa9f4aef2ff55620d81066a6e52c6244ce9c79080a3c702ccd","83d3ba28f026f0da30222a6eaaf2e4ebff3c34671fc223f6b548bc2258f15f05","f526e1de16f5ea19e66cbae9174dc234f9abac79e7336c0bf327852e4e4b6035","d1d25888250d2abea0ebd9f495f7ff7775a959400ee52189bc87ffcf003eb797","scenario-key-v1",20260528,"94ad1cdabf4ca3f8ab36f997b8497ca632f225a35a4cf2f154dbd9915d1f66f0","652ed1b3e77dee5925b0a015f16b96dcc25f2d77","dirty","R version 4.4.1 (2024-06-14 ucrt)","x86_64-w64-mingw32","Windows 10 x64 x86-64","AMD64 Family 25 Model 116 Stepping 1, AuthenticAMD","standalone_or_unverified","gamlss.longitudinal=0.1.0;gamlss=5.4.22;gamlss.dist=6.1.1;mgcv=1.9.1;digest=0.6.36"
"discrete-visits",1,15,53585101,"discrete","NBI","C","n_visits",100,8,5,800,TRUE,FALSE,TRUE,TRUE,TRUE,7.05,7.05,1.29000000000001,0,8.34,"fit_only","none","none",0,"",,3,"3d9dbdbc9e18eed28d48bff56e934da9ad275c0721b3a34da978270ed9d6078a","66c45aca4c6364aa9f4aef2ff55620d81066a6e52c6244ce9c79080a3c702ccd","83d3ba28f026f0da30222a6eaaf2e4ebff3c34671fc223f6b548bc2258f15f05","f526e1de16f5ea19e66cbae9174dc234f9abac79e7336c0bf327852e4e4b6035","d1d25888250d2abea0ebd9f495f7ff7775a959400ee52189bc87ffcf003eb797","scenario-key-v1",20260528,"94ad1cdabf4ca3f8ab36f997b8497ca632f225a35a4cf2f154dbd9915d1f66f0","652ed1b3e77dee5925b0a015f16b96dcc25f2d77","dirty","R version 4.4.1 (2024-06-14 ucrt)","x86_64-w64-mingw32","Windows 10 x64 x86-64","AMD64 Family 25 Model 116 Stepping 1, AuthenticAMD","standalone_or_unverified","gamlss.longitudinal=0.1.0;gamlss=5.4.22;gamlss.dist=6.1.1;mgcv=1.9.1;digest=0.6.36"
"discrete-subjects",1,16,640923950,"discrete","NBI","C","n_subjects",250,4,5,1000,TRUE,FALSE,TRUE,TRUE,TRUE,5.3,5.3,1.5,0,6.8,"fit_only","none","none",0,"",,3,"3d9dbdbc9e18eed28d48bff56e934da9ad275c0721b3a34da978270ed9d6078a","66c45aca4c6364aa9f4aef2ff55620d81066a6e52c6244ce9c79080a3c702ccd","83d3ba28f026f0da30222a6eaaf2e4ebff3c34671fc223f6b548bc2258f15f05","f526e1de16f5ea19e66cbae9174dc234f9abac79e7336c0bf327852e4e4b6035","d1d25888250d2abea0ebd9f495f7ff7775a959400ee52189bc87ffcf003eb797","scenario-key-v1",20260528,"94ad1cdabf4ca3f8ab36f997b8497ca632f225a35a4cf2f154dbd9915d1f66f0","652ed1b3e77dee5925b0a015f16b96dcc25f2d77","dirty","R version 4.4.1 (2024-06-14 ucrt)","x86_64-w64-mingw32","Windows 10 x64 x86-64","AMD64 Family 25 Model 116 Stepping 1, AuthenticAMD","standalone_or_unverified","gamlss.longitudinal=0.1.0;gamlss=5.4.22;gamlss.dist=6.1.1;mgcv=1.9.1;digest=0.6.36"
"discrete-smooth_basis",2,17,848990079,"discrete","NBI","C","smooth_k",100,4,10,400,TRUE,FALSE,TRUE,TRUE,TRUE,3.67999999999999,3.67999999999999,0.530000000000001,0,4.20999999999999,"fit_only","none","none",0,"",,3,"3d9dbdbc9e18eed28d48bff56e934da9ad275c0721b3a34da978270ed9d6078a","66c45aca4c6364aa9f4aef2ff55620d81066a6e52c6244ce9c79080a3c702ccd","83d3ba28f026f0da30222a6eaaf2e4ebff3c34671fc223f6b548bc2258f15f05","f526e1de16f5ea19e66cbae9174dc234f9abac79e7336c0bf327852e4e4b6035","d1d25888250d2abea0ebd9f495f7ff7775a959400ee52189bc87ffcf003eb797","scenario-key-v1",20260528,"94ad1cdabf4ca3f8ab36f997b8497ca632f225a35a4cf2f154dbd9915d1f66f0","652ed1b3e77dee5925b0a015f16b96dcc25f2d77","dirty","R version 4.4.1 (2024-06-14 ucrt)","x86_64-w64-mingw32","Windows 10 x64 x86-64","AMD64 Family 25 Model 116 Stepping 1, AuthenticAMD","standalone_or_unverified","gamlss.longitudinal=0.1.0;gamlss=5.4.22;gamlss.dist=6.1.1;mgcv=1.9.1;digest=0.6.36"
"continuous-subjects",2,18,754987209,"continuous","NO","N","n_subjects",250,4,5,1000,TRUE,FALSE,TRUE,TRUE,TRUE,1.76000000000001,1.76000000000001,1.08000000000001,0,2.84000000000002,"fit_only","none","none",0,"",,3,"3d9dbdbc9e18eed28d48bff56e934da9ad275c0721b3a34da978270ed9d6078a","66c45aca4c6364aa9f4aef2ff55620d81066a6e52c6244ce9c79080a3c702ccd","83d3ba28f026f0da30222a6eaaf2e4ebff3c34671fc223f6b548bc2258f15f05","f526e1de16f5ea19e66cbae9174dc234f9abac79e7336c0bf327852e4e4b6035","d1d25888250d2abea0ebd9f495f7ff7775a959400ee52189bc87ffcf003eb797","scenario-key-v1",20260528,"94ad1cdabf4ca3f8ab36f997b8497ca632f225a35a4cf2f154dbd9915d1f66f0","652ed1b3e77dee5925b0a015f16b96dcc25f2d77","dirty","R version 4.4.1 (2024-06-14 ucrt)","x86_64-w64-mingw32","Windows 10 x64 x86-64","AMD64 Family 25 Model 116 Stepping 1, AuthenticAMD","standalone_or_unverified","gamlss.longitudinal=0.1.0;gamlss=5.4.22;gamlss.dist=6.1.1;mgcv=1.9.1;digest=0.6.36"
"discrete-visits",2,19,348085022,"discrete","NBI","C","n_visits",100,8,5,800,TRUE,FALSE,TRUE,TRUE,TRUE,5.63,5.63,1.48,0,7.11,"fit_only","none","none",0,"",,3,"3d9dbdbc9e18eed28d48bff56e934da9ad275c0721b3a34da978270ed9d6078a","66c45aca4c6364aa9f4aef2ff55620d81066a6e52c6244ce9c79080a3c702ccd","83d3ba28f026f0da30222a6eaaf2e4ebff3c34671fc223f6b548bc2258f15f05","f526e1de16f5ea19e66cbae9174dc234f9abac79e7336c0bf327852e4e4b6035","d1d25888250d2abea0ebd9f495f7ff7775a959400ee52189bc87ffcf003eb797","scenario-key-v1",20260528,"94ad1cdabf4ca3f8ab36f997b8497ca632f225a35a4cf2f154dbd9915d1f66f0","652ed1b3e77dee5925b0a015f16b96dcc25f2d77","dirty","R version 4.4.1 (2024-06-14 ucrt)","x86_64-w64-mingw32","Windows 10 x64 x86-64","AMD64 Family 25 Model 116 Stepping 1, AuthenticAMD","standalone_or_unverified","gamlss.longitudinal=0.1.0;gamlss=5.4.22;gamlss.dist=6.1.1;mgcv=1.9.1;digest=0.6.36"
"discrete-subjects",2,20,935423871,"discrete","NBI","C","n_subjects",250,4,5,1000,TRUE,FALSE,TRUE,TRUE,TRUE,7.37,7.37,1.14999999999999,0,8.52,"fit_only","none","none",0,"",,3,"3d9dbdbc9e18eed28d48bff56e934da9ad275c0721b3a34da978270ed9d6078a","66c45aca4c6364aa9f4aef2ff55620d81066a6e52c6244ce9c79080a3c702ccd","83d3ba28f026f0da30222a6eaaf2e4ebff3c34671fc223f6b548bc2258f15f05","f526e1de16f5ea19e66cbae9174dc234f9abac79e7336c0bf327852e4e4b6035","d1d25888250d2abea0ebd9f495f7ff7775a959400ee52189bc87ffcf003eb797","scenario-key-v1",20260528,"94ad1cdabf4ca3f8ab36f997b8497ca632f225a35a4cf2f154dbd9915d1f66f0","652ed1b3e77dee5925b0a015f16b96dcc25f2d77","dirty","R version 4.4.1 (2024-06-14 ucrt)","x86_64-w64-mingw32","Windows 10 x64 x86-64","AMD64 Family 25 Model 116 Stepping 1, AuthenticAMD","standalone_or_unverified","gamlss.longitudinal=0.1.0;gamlss=5.4.22;gamlss.dist=6.1.1;mgcv=1.9.1;digest=0.6.36"
"discrete-base",2,21,1374595109,"discrete","NBI","C","none",100,4,5,400,TRUE,FALSE,TRUE,TRUE,TRUE,3.39,3.39,0.450000000000003,0,3.84,"fit_only","none","none",0,"",,3,"3d9dbdbc9e18eed28d48bff56e934da9ad275c0721b3a34da978270ed9d6078a","66c45aca4c6364aa9f4aef2ff55620d81066a6e52c6244ce9c79080a3c702ccd","83d3ba28f026f0da30222a6eaaf2e4ebff3c34671fc223f6b548bc2258f15f05","f526e1de16f5ea19e66cbae9174dc234f9abac79e7336c0bf327852e4e4b6035","d1d25888250d2abea0ebd9f495f7ff7775a959400ee52189bc87ffcf003eb797","scenario-key-v1",20260528,"94ad1cdabf4ca3f8ab36f997b8497ca632f225a35a4cf2f154dbd9915d1f66f0","652ed1b3e77dee5925b0a015f16b96dcc25f2d77","dirty","R version 4.4.1 (2024-06-14 ucrt)","x86_64-w64-mingw32","Windows 10 x64 x86-64","AMD64 Family 25 Model 116 Stepping 1, AuthenticAMD","standalone_or_unverified","gamlss.longitudinal=0.1.0;gamlss=5.4.22;gamlss.dist=6.1.1;mgcv=1.9.1;digest=0.6.36"
"continuous-visits",2,22,723111422,"continuous","NO","N","n_visits",100,8,5,800,TRUE,FALSE,TRUE,TRUE,TRUE,1.48,1.48,1.08,0,2.56,"fit_only","none","none",0,"",,3,"3d9dbdbc9e18eed28d48bff56e934da9ad275c0721b3a34da978270ed9d6078a","66c45aca4c6364aa9f4aef2ff55620d81066a6e52c6244ce9c79080a3c702ccd","83d3ba28f026f0da30222a6eaaf2e4ebff3c34671fc223f6b548bc2258f15f05","f526e1de16f5ea19e66cbae9174dc234f9abac79e7336c0bf327852e4e4b6035","d1d25888250d2abea0ebd9f495f7ff7775a959400ee52189bc87ffcf003eb797","scenario-key-v1",20260528,"94ad1cdabf4ca3f8ab36f997b8497ca632f225a35a4cf2f154dbd9915d1f66f0","652ed1b3e77dee5925b0a015f16b96dcc25f2d77","dirty","R version 4.4.1 (2024-06-14 ucrt)","x86_64-w64-mingw32","Windows 10 x64 x86-64","AMD64 Family 25 Model 116 Stepping 1, AuthenticAMD","standalone_or_unverified","gamlss.longitudinal=0.1.0;gamlss=5.4.22;gamlss.dist=6.1.1;mgcv=1.9.1;digest=0.6.36"
"continuous-smooth_basis",2,23,1169108703,"continuous","NO","N","smooth_k",100,4,10,400,TRUE,FALSE,TRUE,TRUE,TRUE,1.25000000000001,1.25000000000001,0.640000000000001,0,1.89000000000001,"fit_only","none","none",0,"",,3,"3d9dbdbc9e18eed28d48bff56e934da9ad275c0721b3a34da978270ed9d6078a","66c45aca4c6364aa9f4aef2ff55620d81066a6e52c6244ce9c79080a3c702ccd","83d3ba28f026f0da30222a6eaaf2e4ebff3c34671fc223f6b548bc2258f15f05","f526e1de16f5ea19e66cbae9174dc234f9abac79e7336c0bf327852e4e4b6035","d1d25888250d2abea0ebd9f495f7ff7775a959400ee52189bc87ffcf003eb797","scenario-key-v1",20260528,"94ad1cdabf4ca3f8ab36f997b8497ca632f225a35a4cf2f154dbd9915d1f66f0","652ed1b3e77dee5925b0a015f16b96dcc25f2d77","dirty","R version 4.4.1 (2024-06-14 ucrt)","x86_64-w64-mingw32","Windows 10 x64 x86-64","AMD64 Family 25 Model 116 Stepping 1, AuthenticAMD","standalone_or_unverified","gamlss.longitudinal=0.1.0;gamlss=5.4.22;gamlss.dist=6.1.1;mgcv=1.9.1;digest=0.6.36"
"continuous-base",2,24,727906661,"continuous","NO","N","none",100,4,5,400,TRUE,FALSE,TRUE,TRUE,TRUE,1.06,1.06,0.370000000000005,0,1.43000000000001,"fit_only","none","none",0,"",,3,"3d9dbdbc9e18eed28d48bff56e934da9ad275c0721b3a34da978270ed9d6078a","66c45aca4c6364aa9f4aef2ff55620d81066a6e52c6244ce9c79080a3c702ccd","83d3ba28f026f0da30222a6eaaf2e4ebff3c34671fc223f6b548bc2258f15f05","f526e1de16f5ea19e66cbae9174dc234f9abac79e7336c0bf327852e4e4b6035","d1d25888250d2abea0ebd9f495f7ff7775a959400ee52189bc87ffcf003eb797","scenario-key-v1",20260528,"94ad1cdabf4ca3f8ab36f997b8497ca632f225a35a4cf2f154dbd9915d1f66f0","652ed1b3e77dee5925b0a015f16b96dcc25f2d77","dirty","R version 4.4.1 (2024-06-14 ucrt)","x86_64-w64-mingw32","Windows 10 x64 x86-64","AMD64 Family 25 Model 116 Stepping 1, AuthenticAMD","standalone_or_unverified","gamlss.longitudinal=0.1.0;gamlss=5.4.22;gamlss.dist=6.1.1;mgcv=1.9.1;digest=0.6.36"
"discrete-smooth_basis",3,25,1143490000,"discrete","NBI","C","smooth_k",100,4,10,400,TRUE,FALSE,TRUE,TRUE,TRUE,4.72,4.72,0.469999999999999,0,5.19,"fit_only","none","none",0,"",,3,"3d9dbdbc9e18eed28d48bff56e934da9ad275c0721b3a34da978270ed9d6078a","66c45aca4c6364aa9f4aef2ff55620d81066a6e52c6244ce9c79080a3c702ccd","83d3ba28f026f0da30222a6eaaf2e4ebff3c34671fc223f6b548bc2258f15f05","f526e1de16f5ea19e66cbae9174dc234f9abac79e7336c0bf327852e4e4b6035","d1d25888250d2abea0ebd9f495f7ff7775a959400ee52189bc87ffcf003eb797","scenario-key-v1",20260528,"94ad1cdabf4ca3f8ab36f997b8497ca632f225a35a4cf2f154dbd9915d1f66f0","652ed1b3e77dee5925b0a015f16b96dcc25f2d77","dirty","R version 4.4.1 (2024-06-14 ucrt)","x86_64-w64-mingw32","Windows 10 x64 x86-64","AMD64 Family 25 Model 116 Stepping 1, AuthenticAMD","standalone_or_unverified","gamlss.longitudinal=0.1.0;gamlss=5.4.22;gamlss.dist=6.1.1;mgcv=1.9.1;digest=0.6.36"
"continuous-subjects",3,26,1049487130,"continuous","NO","N","n_subjects",250,4,5,1000,TRUE,FALSE,TRUE,TRUE,TRUE,1.13,1.13,0.929999999999978,0,2.05999999999997,"fit_only","none","none",0,"",,3,"3d9dbdbc9e18eed28d48bff56e934da9ad275c0721b3a34da978270ed9d6078a","66c45aca4c6364aa9f4aef2ff55620d81066a6e52c6244ce9c79080a3c702ccd","83d3ba28f026f0da30222a6eaaf2e4ebff3c34671fc223f6b548bc2258f15f05","f526e1de16f5ea19e66cbae9174dc234f9abac79e7336c0bf327852e4e4b6035","d1d25888250d2abea0ebd9f495f7ff7775a959400ee52189bc87ffcf003eb797","scenario-key-v1",20260528,"94ad1cdabf4ca3f8ab36f997b8497ca632f225a35a4cf2f154dbd9915d1f66f0","652ed1b3e77dee5925b0a015f16b96dcc25f2d77","dirty","R version 4.4.1 (2024-06-14 ucrt)","x86_64-w64-mingw32","Windows 10 x64 x86-64","AMD64 Family 25 Model 116 Stepping 1, AuthenticAMD","standalone_or_unverified","gamlss.longitudinal=0.1.0;gamlss=5.4.22;gamlss.dist=6.1.1;mgcv=1.9.1;digest=0.6.36"
"discrete-visits",3,27,642584943,"discrete","NBI","C","n_visits",100,8,5,800,TRUE,FALSE,TRUE,TRUE,TRUE,7.25,7.25,1.02000000000001,0,8.27000000000001,"fit_only","none","none",0,"",,3,"3d9dbdbc9e18eed28d48bff56e934da9ad275c0721b3a34da978270ed9d6078a","66c45aca4c6364aa9f4aef2ff55620d81066a6e52c6244ce9c79080a3c702ccd","83d3ba28f026f0da30222a6eaaf2e4ebff3c34671fc223f6b548bc2258f15f05","f526e1de16f5ea19e66cbae9174dc234f9abac79e7336c0bf327852e4e4b6035","d1d25888250d2abea0ebd9f495f7ff7775a959400ee52189bc87ffcf003eb797","scenario-key-v1",20260528,"94ad1cdabf4ca3f8ab36f997b8497ca632f225a35a4cf2f154dbd9915d1f66f0","652ed1b3e77dee5925b0a015f16b96dcc25f2d77","dirty","R version 4.4.1 (2024-06-14 ucrt)","x86_64-w64-mingw32","Windows 10 x64 x86-64","AMD64 Family 25 Model 116 Stepping 1, AuthenticAMD","standalone_or_unverified","gamlss.longitudinal=0.1.0;gamlss=5.4.22;gamlss.dist=6.1.1;mgcv=1.9.1;digest=0.6.36"
"discrete-subjects",3,28,1229923792,"discrete","NBI","C","n_subjects",250,4,5,1000,TRUE,FALSE,TRUE,TRUE,TRUE,6.75,6.75,1.08999999999997,0,7.83999999999997,"fit_only","none","none",0,"",,3,"3d9dbdbc9e18eed28d48bff56e934da9ad275c0721b3a34da978270ed9d6078a","66c45aca4c6364aa9f4aef2ff55620d81066a6e52c6244ce9c79080a3c702ccd","83d3ba28f026f0da30222a6eaaf2e4ebff3c34671fc223f6b548bc2258f15f05","f526e1de16f5ea19e66cbae9174dc234f9abac79e7336c0bf327852e4e4b6035","d1d25888250d2abea0ebd9f495f7ff7775a959400ee52189bc87ffcf003eb797","scenario-key-v1",20260528,"94ad1cdabf4ca3f8ab36f997b8497ca632f225a35a4cf2f154dbd9915d1f66f0","652ed1b3e77dee5925b0a015f16b96dcc25f2d77","dirty","R version 4.4.1 (2024-06-14 ucrt)","x86_64-w64-mingw32","Windows 10 x64 x86-64","AMD64 Family 25 Model 116 Stepping 1, AuthenticAMD","standalone_or_unverified","gamlss.longitudinal=0.1.0;gamlss=5.4.22;gamlss.dist=6.1.1;mgcv=1.9.1;digest=0.6.36"
"discrete-base",3,29,1669095030,"discrete","NBI","C","none",100,4,5,400,TRUE,FALSE,TRUE,TRUE,TRUE,2.97,2.97,0.460000000000008,0,3.43000000000001,"fit_only","none","none",0,"",,3,"3d9dbdbc9e18eed28d48bff56e934da9ad275c0721b3a34da978270ed9d6078a","66c45aca4c6364aa9f4aef2ff55620d81066a6e52c6244ce9c79080a3c702ccd","83d3ba28f026f0da30222a6eaaf2e4ebff3c34671fc223f6b548bc2258f15f05","f526e1de16f5ea19e66cbae9174dc234f9abac79e7336c0bf327852e4e4b6035","d1d25888250d2abea0ebd9f495f7ff7775a959400ee52189bc87ffcf003eb797","scenario-key-v1",20260528,"94ad1cdabf4ca3f8ab36f997b8497ca632f225a35a4cf2f154dbd9915d1f66f0","652ed1b3e77dee5925b0a015f16b96dcc25f2d77","dirty","R version 4.4.1 (2024-06-14 ucrt)","x86_64-w64-mingw32","Windows 10 x64 x86-64","AMD64 Family 25 Model 116 Stepping 1, AuthenticAMD","standalone_or_unverified","gamlss.longitudinal=0.1.0;gamlss=5.4.22;gamlss.dist=6.1.1;mgcv=1.9.1;digest=0.6.36"
"continuous-visits",3,30,1017611343,"continuous","NO","N","n_visits",100,8,5,800,TRUE,FALSE,TRUE,TRUE,TRUE,1.51999999999998,1.51999999999998,0.880000000000024,0,2.40000000000001,"fit_only","none","none",0,"",,3,"3d9dbdbc9e18eed28d48bff56e934da9ad275c0721b3a34da978270ed9d6078a","66c45aca4c6364aa9f4aef2ff55620d81066a6e52c6244ce9c79080a3c702ccd","83d3ba28f026f0da30222a6eaaf2e4ebff3c34671fc223f6b548bc2258f15f05","f526e1de16f5ea19e66cbae9174dc234f9abac79e7336c0bf327852e4e4b6035","d1d25888250d2abea0ebd9f495f7ff7775a959400ee52189bc87ffcf003eb797","scenario-key-v1",20260528,"94ad1cdabf4ca3f8ab36f997b8497ca632f225a35a4cf2f154dbd9915d1f66f0","652ed1b3e77dee5925b0a015f16b96dcc25f2d77","dirty","R version 4.4.1 (2024-06-14 ucrt)","x86_64-w64-mingw32","Windows 10 x64 x86-64","AMD64 Family 25 Model 116 Stepping 1, AuthenticAMD","standalone_or_unverified","gamlss.longitudinal=0.1.0;gamlss=5.4.22;gamlss.dist=6.1.1;mgcv=1.9.1;digest=0.6.36"
"continuous-smooth_basis",3,31,1463608624,"continuous","NO","N","smooth_k",100,4,10,400,TRUE,FALSE,TRUE,TRUE,TRUE,0.899999999999977,0.899999999999977,0.379999999999995,0,1.27999999999997,"fit_only","none","none",0,"",,3,"3d9dbdbc9e18eed28d48bff56e934da9ad275c0721b3a34da978270ed9d6078a","66c45aca4c6364aa9f4aef2ff55620d81066a6e52c6244ce9c79080a3c702ccd","83d3ba28f026f0da30222a6eaaf2e4ebff3c34671fc223f6b548bc2258f15f05","f526e1de16f5ea19e66cbae9174dc234f9abac79e7336c0bf327852e4e4b6035","d1d25888250d2abea0ebd9f495f7ff7775a959400ee52189bc87ffcf003eb797","scenario-key-v1",20260528,"94ad1cdabf4ca3f8ab36f997b8497ca632f225a35a4cf2f154dbd9915d1f66f0","652ed1b3e77dee5925b0a015f16b96dcc25f2d77","dirty","R version 4.4.1 (2024-06-14 ucrt)","x86_64-w64-mingw32","Windows 10 x64 x86-64","AMD64 Family 25 Model 116 Stepping 1, AuthenticAMD","standalone_or_unverified","gamlss.longitudinal=0.1.0;gamlss=5.4.22;gamlss.dist=6.1.1;mgcv=1.9.1;digest=0.6.36"
"continuous-base",3,32,1022406582,"continuous","NO","N","none",100,4,5,400,TRUE,FALSE,TRUE,TRUE,TRUE,0.829999999999984,0.829999999999984,0.349999999999994,0,1.17999999999998,"fit_only","none","none",0,"",,3,"3d9dbdbc9e18eed28d48bff56e934da9ad275c0721b3a34da978270ed9d6078a","66c45aca4c6364aa9f4aef2ff55620d81066a6e52c6244ce9c79080a3c702ccd","83d3ba28f026f0da30222a6eaaf2e4ebff3c34671fc223f6b548bc2258f15f05","f526e1de16f5ea19e66cbae9174dc234f9abac79e7336c0bf327852e4e4b6035","d1d25888250d2abea0ebd9f495f7ff7775a959400ee52189bc87ffcf003eb797","scenario-key-v1",20260528,"94ad1cdabf4ca3f8ab36f997b8497ca632f225a35a4cf2f154dbd9915d1f66f0","652ed1b3e77dee5925b0a015f16b96dcc25f2d77","dirty","R version 4.4.1 (2024-06-14 ucrt)","x86_64-w64-mingw32","Windows 10 x64 x86-64","AMD64 Family 25 Model 116 Stepping 1, AuthenticAMD","standalone_or_unverified","gamlss.longitudinal=0.1.0;gamlss=5.4.22;gamlss.dist=6.1.1;mgcv=1.9.1;digest=0.6.36"
"discrete-smooth_basis",4,33,1437989921,"discrete","NBI","C","smooth_k",100,4,10,400,TRUE,FALSE,TRUE,TRUE,TRUE,4.25,4.25,0.389999999999986,0,4.63999999999999,"fit_only","none","none",0,"",,3,"3d9dbdbc9e18eed28d48bff56e934da9ad275c0721b3a34da978270ed9d6078a","66c45aca4c6364aa9f4aef2ff55620d81066a6e52c6244ce9c79080a3c702ccd","83d3ba28f026f0da30222a6eaaf2e4ebff3c34671fc223f6b548bc2258f15f05","f526e1de16f5ea19e66cbae9174dc234f9abac79e7336c0bf327852e4e4b6035","d1d25888250d2abea0ebd9f495f7ff7775a959400ee52189bc87ffcf003eb797","scenario-key-v1",20260528,"94ad1cdabf4ca3f8ab36f997b8497ca632f225a35a4cf2f154dbd9915d1f66f0","652ed1b3e77dee5925b0a015f16b96dcc25f2d77","dirty","R version 4.4.1 (2024-06-14 ucrt)","x86_64-w64-mingw32","Windows 10 x64 x86-64","AMD64 Family 25 Model 116 Stepping 1, AuthenticAMD","standalone_or_unverified","gamlss.longitudinal=0.1.0;gamlss=5.4.22;gamlss.dist=6.1.1;mgcv=1.9.1;digest=0.6.36"
"continuous-subjects",4,34,1343987051,"continuous","NO","N","n_subjects",250,4,5,1000,TRUE,FALSE,TRUE,TRUE,TRUE,1.63000000000002,1.63000000000002,0.879999999999995,0,2.51000000000002,"fit_only","none","none",0,"",,3,"3d9dbdbc9e18eed28d48bff56e934da9ad275c0721b3a34da978270ed9d6078a","66c45aca4c6364aa9f4aef2ff55620d81066a6e52c6244ce9c79080a3c702ccd","83d3ba28f026f0da30222a6eaaf2e4ebff3c34671fc223f6b548bc2258f15f05","f526e1de16f5ea19e66cbae9174dc234f9abac79e7336c0bf327852e4e4b6035","d1d25888250d2abea0ebd9f495f7ff7775a959400ee52189bc87ffcf003eb797","scenario-key-v1",20260528,"94ad1cdabf4ca3f8ab36f997b8497ca632f225a35a4cf2f154dbd9915d1f66f0","652ed1b3e77dee5925b0a015f16b96dcc25f2d77","dirty","R version 4.4.1 (2024-06-14 ucrt)","x86_64-w64-mingw32","Windows 10 x64 x86-64","AMD64 Family 25 Model 116 Stepping 1, AuthenticAMD","standalone_or_unverified","gamlss.longitudinal=0.1.0;gamlss=5.4.22;gamlss.dist=6.1.1;mgcv=1.9.1;digest=0.6.36"
"discrete-visits",4,35,937084864,"discrete","NBI","C","n_visits",100,8,5,800,TRUE,FALSE,TRUE,TRUE,TRUE,6.69,6.69,1.03,0,7.72,"fit_only","none","none",0,"",,3,"3d9dbdbc9e18eed28d48bff56e934da9ad275c0721b3a34da978270ed9d6078a","66c45aca4c6364aa9f4aef2ff55620d81066a6e52c6244ce9c79080a3c702ccd","83d3ba28f026f0da30222a6eaaf2e4ebff3c34671fc223f6b548bc2258f15f05","f526e1de16f5ea19e66cbae9174dc234f9abac79e7336c0bf327852e4e4b6035","d1d25888250d2abea0ebd9f495f7ff7775a959400ee52189bc87ffcf003eb797","scenario-key-v1",20260528,"94ad1cdabf4ca3f8ab36f997b8497ca632f225a35a4cf2f154dbd9915d1f66f0","652ed1b3e77dee5925b0a015f16b96dcc25f2d77","dirty","R version 4.4.1 (2024-06-14 ucrt)","x86_64-w64-mingw32","Windows 10 x64 x86-64","AMD64 Family 25 Model 116 Stepping 1, AuthenticAMD","standalone_or_unverified","gamlss.longitudinal=0.1.0;gamlss=5.4.22;gamlss.dist=6.1.1;mgcv=1.9.1;digest=0.6.36"
"discrete-subjects",4,36,1524423713,"discrete","NBI","C","n_subjects",250,4,5,1000,TRUE,FALSE,TRUE,TRUE,TRUE,6.22999999999999,6.22999999999999,1.06999999999999,0,7.29999999999998,"fit_only","none","none",0,"",,3,"3d9dbdbc9e18eed28d48bff56e934da9ad275c0721b3a34da978270ed9d6078a","66c45aca4c6364aa9f4aef2ff55620d81066a6e52c6244ce9c79080a3c702ccd","83d3ba28f026f0da30222a6eaaf2e4ebff3c34671fc223f6b548bc2258f15f05","f526e1de16f5ea19e66cbae9174dc234f9abac79e7336c0bf327852e4e4b6035","d1d25888250d2abea0ebd9f495f7ff7775a959400ee52189bc87ffcf003eb797","scenario-key-v1",20260528,"94ad1cdabf4ca3f8ab36f997b8497ca632f225a35a4cf2f154dbd9915d1f66f0","652ed1b3e77dee5925b0a015f16b96dcc25f2d77","dirty","R version 4.4.1 (2024-06-14 ucrt)","x86_64-w64-mingw32","Windows 10 x64 x86-64","AMD64 Family 25 Model 116 Stepping 1, AuthenticAMD","standalone_or_unverified","gamlss.longitudinal=0.1.0;gamlss=5.4.22;gamlss.dist=6.1.1;mgcv=1.9.1;digest=0.6.36"
"discrete-base",4,37,1963594951,"discrete","NBI","C","none",100,4,5,400,TRUE,FALSE,TRUE,TRUE,TRUE,3.89000000000001,3.89000000000001,0.399999999999977,0,4.28999999999999,"fit_only","none","none",0,"",,3,"3d9dbdbc9e18eed28d48bff56e934da9ad275c0721b3a34da978270ed9d6078a","66c45aca4c6364aa9f4aef2ff55620d81066a6e52c6244ce9c79080a3c702ccd","83d3ba28f026f0da30222a6eaaf2e4ebff3c34671fc223f6b548bc2258f15f05","f526e1de16f5ea19e66cbae9174dc234f9abac79e7336c0bf327852e4e4b6035","d1d25888250d2abea0ebd9f495f7ff7775a959400ee52189bc87ffcf003eb797","scenario-key-v1",20260528,"94ad1cdabf4ca3f8ab36f997b8497ca632f225a35a4cf2f154dbd9915d1f66f0","652ed1b3e77dee5925b0a015f16b96dcc25f2d77","dirty","R version 4.4.1 (2024-06-14 ucrt)","x86_64-w64-mingw32","Windows 10 x64 x86-64","AMD64 Family 25 Model 116 Stepping 1, AuthenticAMD","standalone_or_unverified","gamlss.longitudinal=0.1.0;gamlss=5.4.22;gamlss.dist=6.1.1;mgcv=1.9.1;digest=0.6.36"
"continuous-visits",4,38,1312111264,"continuous","NO","N","n_visits",100,8,5,800,TRUE,FALSE,TRUE,TRUE,TRUE,1.04000000000002,1.04000000000002,0.859999999999985,0,1.90000000000001,"fit_only","none","none",0,"",,3,"3d9dbdbc9e18eed28d48bff56e934da9ad275c0721b3a34da978270ed9d6078a","66c45aca4c6364aa9f4aef2ff55620d81066a6e52c6244ce9c79080a3c702ccd","83d3ba28f026f0da30222a6eaaf2e4ebff3c34671fc223f6b548bc2258f15f05","f526e1de16f5ea19e66cbae9174dc234f9abac79e7336c0bf327852e4e4b6035","d1d25888250d2abea0ebd9f495f7ff7775a959400ee52189bc87ffcf003eb797","scenario-key-v1",20260528,"94ad1cdabf4ca3f8ab36f997b8497ca632f225a35a4cf2f154dbd9915d1f66f0","652ed1b3e77dee5925b0a015f16b96dcc25f2d77","dirty","R version 4.4.1 (2024-06-14 ucrt)","x86_64-w64-mingw32","Windows 10 x64 x86-64","AMD64 Family 25 Model 116 Stepping 1, AuthenticAMD","standalone_or_unverified","gamlss.longitudinal=0.1.0;gamlss=5.4.22;gamlss.dist=6.1.1;mgcv=1.9.1;digest=0.6.36"
"continuous-smooth_basis",4,39,1758108545,"continuous","NO","N","smooth_k",100,4,10,400,TRUE,FALSE,TRUE,TRUE,TRUE,0.840000000000003,0.840000000000003,0.350000000000023,0,1.19000000000003,"fit_only","none","none",0,"",,3,"3d9dbdbc9e18eed28d48bff56e934da9ad275c0721b3a34da978270ed9d6078a","66c45aca4c6364aa9f4aef2ff55620d81066a6e52c6244ce9c79080a3c702ccd","83d3ba28f026f0da30222a6eaaf2e4ebff3c34671fc223f6b548bc2258f15f05","f526e1de16f5ea19e66cbae9174dc234f9abac79e7336c0bf327852e4e4b6035","d1d25888250d2abea0ebd9f495f7ff7775a959400ee52189bc87ffcf003eb797","scenario-key-v1",20260528,"94ad1cdabf4ca3f8ab36f997b8497ca632f225a35a4cf2f154dbd9915d1f66f0","652ed1b3e77dee5925b0a015f16b96dcc25f2d77","dirty","R version 4.4.1 (2024-06-14 ucrt)","x86_64-w64-mingw32","Windows 10 x64 x86-64","AMD64 Family 25 Model 116 Stepping 1, AuthenticAMD","standalone_or_unverified","gamlss.longitudinal=0.1.0;gamlss=5.4.22;gamlss.dist=6.1.1;mgcv=1.9.1;digest=0.6.36"
"continuous-base",4,40,1316906503,"continuous","NO","N","none",100,4,5,400,TRUE,FALSE,TRUE,TRUE,TRUE,0.79000000000002,0.79000000000002,0.359999999999985,0,1.15000000000001,"fit_only","none","none",0,"",,3,"3d9dbdbc9e18eed28d48bff56e934da9ad275c0721b3a34da978270ed9d6078a","66c45aca4c6364aa9f4aef2ff55620d81066a6e52c6244ce9c79080a3c702ccd","83d3ba28f026f0da30222a6eaaf2e4ebff3c34671fc223f6b548bc2258f15f05","f526e1de16f5ea19e66cbae9174dc234f9abac79e7336c0bf327852e4e4b6035","d1d25888250d2abea0ebd9f495f7ff7775a959400ee52189bc87ffcf003eb797","scenario-key-v1",20260528,"94ad1cdabf4ca3f8ab36f997b8497ca632f225a35a4cf2f154dbd9915d1f66f0","652ed1b3e77dee5925b0a015f16b96dcc25f2d77","dirty","R version 4.4.1 (2024-06-14 ucrt)","x86_64-w64-mingw32","Windows 10 x64 x86-64","AMD64 Family 25 Model 116 Stepping 1, AuthenticAMD","standalone_or_unverified","gamlss.longitudinal=0.1.0;gamlss=5.4.22;gamlss.dist=6.1.1;mgcv=1.9.1;digest=0.6.36"
"discrete-visits",5,41,1231584785,"discrete","NBI","C","n_visits",100,8,5,800,TRUE,FALSE,TRUE,TRUE,TRUE,4.66,4.66,1.03999999999999,0,5.69999999999999,"fit_only","none","none",0,"",,3,"3d9dbdbc9e18eed28d48bff56e934da9ad275c0721b3a34da978270ed9d6078a","66c45aca4c6364aa9f4aef2ff55620d81066a6e52c6244ce9c79080a3c702ccd","83d3ba28f026f0da30222a6eaaf2e4ebff3c34671fc223f6b548bc2258f15f05","f526e1de16f5ea19e66cbae9174dc234f9abac79e7336c0bf327852e4e4b6035","d1d25888250d2abea0ebd9f495f7ff7775a959400ee52189bc87ffcf003eb797","scenario-key-v1",20260528,"94ad1cdabf4ca3f8ab36f997b8497ca632f225a35a4cf2f154dbd9915d1f66f0","652ed1b3e77dee5925b0a015f16b96dcc25f2d77","dirty","R version 4.4.1 (2024-06-14 ucrt)","x86_64-w64-mingw32","Windows 10 x64 x86-64","AMD64 Family 25 Model 116 Stepping 1, AuthenticAMD","standalone_or_unverified","gamlss.longitudinal=0.1.0;gamlss=5.4.22;gamlss.dist=6.1.1;mgcv=1.9.1;digest=0.6.36"
"discrete-subjects",5,42,1818923634,"discrete","NBI","C","n_subjects",250,4,5,1000,TRUE,FALSE,TRUE,TRUE,TRUE,8.82999999999998,8.82999999999998,1.10000000000002,0,9.93000000000001,"fit_only","none","none",0,"",,3,"3d9dbdbc9e18eed28d48bff56e934da9ad275c0721b3a34da978270ed9d6078a","66c45aca4c6364aa9f4aef2ff55620d81066a6e52c6244ce9c79080a3c702ccd","83d3ba28f026f0da30222a6eaaf2e4ebff3c34671fc223f6b548bc2258f15f05","f526e1de16f5ea19e66cbae9174dc234f9abac79e7336c0bf327852e4e4b6035","d1d25888250d2abea0ebd9f495f7ff7775a959400ee52189bc87ffcf003eb797","scenario-key-v1",20260528,"94ad1cdabf4ca3f8ab36f997b8497ca632f225a35a4cf2f154dbd9915d1f66f0","652ed1b3e77dee5925b0a015f16b96dcc25f2d77","dirty","R version 4.4.1 (2024-06-14 ucrt)","x86_64-w64-mingw32","Windows 10 x64 x86-64","AMD64 Family 25 Model 116 Stepping 1, AuthenticAMD","standalone_or_unverified","gamlss.longitudinal=0.1.0;gamlss=5.4.22;gamlss.dist=6.1.1;mgcv=1.9.1;digest=0.6.36"
"discrete-base",5,43,110611226,"discrete","NBI","C","none",100,4,5,400,TRUE,FALSE,TRUE,TRUE,TRUE,2.25,2.25,0.419999999999987,0,2.66999999999999,"fit_only","none","none",0,"",,3,"3d9dbdbc9e18eed28d48bff56e934da9ad275c0721b3a34da978270ed9d6078a","66c45aca4c6364aa9f4aef2ff55620d81066a6e52c6244ce9c79080a3c702ccd","83d3ba28f026f0da30222a6eaaf2e4ebff3c34671fc223f6b548bc2258f15f05","f526e1de16f5ea19e66cbae9174dc234f9abac79e7336c0bf327852e4e4b6035","d1d25888250d2abea0ebd9f495f7ff7775a959400ee52189bc87ffcf003eb797","scenario-key-v1",20260528,"94ad1cdabf4ca3f8ab36f997b8497ca632f225a35a4cf2f154dbd9915d1f66f0","652ed1b3e77dee5925b0a015f16b96dcc25f2d77","dirty","R version 4.4.1 (2024-06-14 ucrt)","x86_64-w64-mingw32","Windows 10 x64 x86-64","AMD64 Family 25 Model 116 Stepping 1, AuthenticAMD","standalone_or_unverified","gamlss.longitudinal=0.1.0;gamlss=5.4.22;gamlss.dist=6.1.1;mgcv=1.9.1;digest=0.6.36"
"continuous-visits",5,44,1606611185,"continuous","NO","N","n_visits",100,8,5,800,TRUE,FALSE,TRUE,TRUE,TRUE,1.50999999999999,1.50999999999999,0.780000000000001,0,2.28999999999999,"fit_only","none","none",0,"",,3,"3d9dbdbc9e18eed28d48bff56e934da9ad275c0721b3a34da978270ed9d6078a","66c45aca4c6364aa9f4aef2ff55620d81066a6e52c6244ce9c79080a3c702ccd","83d3ba28f026f0da30222a6eaaf2e4ebff3c34671fc223f6b548bc2258f15f05","f526e1de16f5ea19e66cbae9174dc234f9abac79e7336c0bf327852e4e4b6035","d1d25888250d2abea0ebd9f495f7ff7775a959400ee52189bc87ffcf003eb797","scenario-key-v1",20260528,"94ad1cdabf4ca3f8ab36f997b8497ca632f225a35a4cf2f154dbd9915d1f66f0","652ed1b3e77dee5925b0a015f16b96dcc25f2d77","dirty","R version 4.4.1 (2024-06-14 ucrt)","x86_64-w64-mingw32","Windows 10 x64 x86-64","AMD64 Family 25 Model 116 Stepping 1, AuthenticAMD","standalone_or_unverified","gamlss.longitudinal=0.1.0;gamlss=5.4.22;gamlss.dist=6.1.1;mgcv=1.9.1;digest=0.6.36"
"continuous-smooth_basis",5,45,2052608466,"continuous","NO","N","smooth_k",100,4,10,400,TRUE,FALSE,TRUE,TRUE,TRUE,1.06999999999999,1.06999999999999,0.329999999999984,0,1.39999999999998,"fit_only","none","none",0,"",,3,"3d9dbdbc9e18eed28d48bff56e934da9ad275c0721b3a34da978270ed9d6078a","66c45aca4c6364aa9f4aef2ff55620d81066a6e52c6244ce9c79080a3c702ccd","83d3ba28f026f0da30222a6eaaf2e4ebff3c34671fc223f6b548bc2258f15f05","f526e1de16f5ea19e66cbae9174dc234f9abac79e7336c0bf327852e4e4b6035","d1d25888250d2abea0ebd9f495f7ff7775a959400ee52189bc87ffcf003eb797","scenario-key-v1",20260528,"94ad1cdabf4ca3f8ab36f997b8497ca632f225a35a4cf2f154dbd9915d1f66f0","652ed1b3e77dee5925b0a015f16b96dcc25f2d77","dirty","R version 4.4.1 (2024-06-14 ucrt)","x86_64-w64-mingw32","Windows 10 x64 x86-64","AMD64 Family 25 Model 116 Stepping 1, AuthenticAMD","standalone_or_unverified","gamlss.longitudinal=0.1.0;gamlss=5.4.22;gamlss.dist=6.1.1;mgcv=1.9.1;digest=0.6.36"
"continuous-base",5,46,1611406424,"continuous","NO","N","none",100,4,5,400,TRUE,FALSE,TRUE,TRUE,TRUE,1.08000000000001,1.08000000000001,0.340000000000003,0,1.42000000000002,"fit_only","none","none",0,"",,3,"3d9dbdbc9e18eed28d48bff56e934da9ad275c0721b3a34da978270ed9d6078a","66c45aca4c6364aa9f4aef2ff55620d81066a6e52c6244ce9c79080a3c702ccd","83d3ba28f026f0da30222a6eaaf2e4ebff3c34671fc223f6b548bc2258f15f05","f526e1de16f5ea19e66cbae9174dc234f9abac79e7336c0bf327852e4e4b6035","d1d25888250d2abea0ebd9f495f7ff7775a959400ee52189bc87ffcf003eb797","scenario-key-v1",20260528,"94ad1cdabf4ca3f8ab36f997b8497ca632f225a35a4cf2f154dbd9915d1f66f0","652ed1b3e77dee5925b0a015f16b96dcc25f2d77","dirty","R version 4.4.1 (2024-06-14 ucrt)","x86_64-w64-mingw32","Windows 10 x64 x86-64","AMD64 Family 25 Model 116 Stepping 1, AuthenticAMD","standalone_or_unverified","gamlss.longitudinal=0.1.0;gamlss=5.4.22;gamlss.dist=6.1.1;mgcv=1.9.1;digest=0.6.36"
"discrete-smooth_basis",5,47,1732489842,"discrete","NBI","C","smooth_k",100,4,10,400,TRUE,FALSE,TRUE,TRUE,TRUE,2.12,2.12,0.419999999999987,0,2.53999999999999,"fit_only","none","none",0,"",,3,"3d9dbdbc9e18eed28d48bff56e934da9ad275c0721b3a34da978270ed9d6078a","66c45aca4c6364aa9f4aef2ff55620d81066a6e52c6244ce9c79080a3c702ccd","83d3ba28f026f0da30222a6eaaf2e4ebff3c34671fc223f6b548bc2258f15f05","f526e1de16f5ea19e66cbae9174dc234f9abac79e7336c0bf327852e4e4b6035","d1d25888250d2abea0ebd9f495f7ff7775a959400ee52189bc87ffcf003eb797","scenario-key-v1",20260528,"94ad1cdabf4ca3f8ab36f997b8497ca632f225a35a4cf2f154dbd9915d1f66f0","652ed1b3e77dee5925b0a015f16b96dcc25f2d77","dirty","R version 4.4.1 (2024-06-14 ucrt)","x86_64-w64-mingw32","Windows 10 x64 x86-64","AMD64 Family 25 Model 116 Stepping 1, AuthenticAMD","standalone_or_unverified","gamlss.longitudinal=0.1.0;gamlss=5.4.22;gamlss.dist=6.1.1;mgcv=1.9.1;digest=0.6.36"
"continuous-subjects",5,48,1638486972,"continuous","NO","N","n_subjects",250,4,5,1000,TRUE,FALSE,TRUE,TRUE,TRUE,0.670000000000016,0.670000000000016,0.419999999999987,0,1.09,"fit_only","none","none",0,"",,3,"3d9dbdbc9e18eed28d48bff56e934da9ad275c0721b3a34da978270ed9d6078a","66c45aca4c6364aa9f4aef2ff55620d81066a6e52c6244ce9c79080a3c702ccd","83d3ba28f026f0da30222a6eaaf2e4ebff3c34671fc223f6b548bc2258f15f05","f526e1de16f5ea19e66cbae9174dc234f9abac79e7336c0bf327852e4e4b6035","d1d25888250d2abea0ebd9f495f7ff7775a959400ee52189bc87ffcf003eb797","scenario-key-v1",20260528,"94ad1cdabf4ca3f8ab36f997b8497ca632f225a35a4cf2f154dbd9915d1f66f0","652ed1b3e77dee5925b0a015f16b96dcc25f2d77","dirty","R version 4.4.1 (2024-06-14 ucrt)","x86_64-w64-mingw32","Windows 10 x64 x86-64","AMD64 Family 25 Model 116 Stepping 1, AuthenticAMD","standalone_or_unverified","gamlss.longitudinal=0.1.0;gamlss=5.4.22;gamlss.dist=6.1.1;mgcv=1.9.1;digest=0.6.36"
"continuous-smooth_basis",6,49,199624741,"continuous","NO","N","smooth_k",100,4,10,400,TRUE,FALSE,TRUE,TRUE,TRUE,0.469999999999999,0.469999999999999,0.159999999999997,0,0.629999999999995,"fit_only","none","none",0,"",,3,"3d9dbdbc9e18eed28d48bff56e934da9ad275c0721b3a34da978270ed9d6078a","66c45aca4c6364aa9f4aef2ff55620d81066a6e52c6244ce9c79080a3c702ccd","83d3ba28f026f0da30222a6eaaf2e4ebff3c34671fc223f6b548bc2258f15f05","f526e1de16f5ea19e66cbae9174dc234f9abac79e7336c0bf327852e4e4b6035","d1d25888250d2abea0ebd9f495f7ff7775a959400ee52189bc87ffcf003eb797","scenario-key-v1",20260528,"94ad1cdabf4ca3f8ab36f997b8497ca632f225a35a4cf2f154dbd9915d1f66f0","652ed1b3e77dee5925b0a015f16b96dcc25f2d77","dirty","R version 4.4.1 (2024-06-14 ucrt)","x86_64-w64-mingw32","Windows 10 x64 x86-64","AMD64 Family 25 Model 116 Stepping 1, AuthenticAMD","standalone_or_unverified","gamlss.longitudinal=0.1.0;gamlss=5.4.22;gamlss.dist=6.1.1;mgcv=1.9.1;digest=0.6.36"
"continuous-base",6,50,1905906345,"continuous","NO","N","none",100,4,5,400,TRUE,FALSE,TRUE,TRUE,TRUE,0.890000000000015,0.890000000000015,0.169999999999987,0,1.06,"fit_only","none","none",0,"",,3,"3d9dbdbc9e18eed28d48bff56e934da9ad275c0721b3a34da978270ed9d6078a","66c45aca4c6364aa9f4aef2ff55620d81066a6e52c6244ce9c79080a3c702ccd","83d3ba28f026f0da30222a6eaaf2e4ebff3c34671fc223f6b548bc2258f15f05","f526e1de16f5ea19e66cbae9174dc234f9abac79e7336c0bf327852e4e4b6035","d1d25888250d2abea0ebd9f495f7ff7775a959400ee52189bc87ffcf003eb797","scenario-key-v1",20260528,"94ad1cdabf4ca3f8ab36f997b8497ca632f225a35a4cf2f154dbd9915d1f66f0","652ed1b3e77dee5925b0a015f16b96dcc25f2d77","dirty","R version 4.4.1 (2024-06-14 ucrt)","x86_64-w64-mingw32","Windows 10 x64 x86-64","AMD64 Family 25 Model 116 Stepping 1, AuthenticAMD","standalone_or_unverified","gamlss.longitudinal=0.1.0;gamlss=5.4.22;gamlss.dist=6.1.1;mgcv=1.9.1;digest=0.6.36"
"discrete-smooth_basis",6,51,2026989763,"discrete","NBI","C","smooth_k",100,4,10,400,TRUE,FALSE,TRUE,TRUE,TRUE,2.28,2.28,0.219999999999999,0,2.5,"fit_only","none","none",0,"",,3,"3d9dbdbc9e18eed28d48bff56e934da9ad275c0721b3a34da978270ed9d6078a","66c45aca4c6364aa9f4aef2ff55620d81066a6e52c6244ce9c79080a3c702ccd","83d3ba28f026f0da30222a6eaaf2e4ebff3c34671fc223f6b548bc2258f15f05","f526e1de16f5ea19e66cbae9174dc234f9abac79e7336c0bf327852e4e4b6035","d1d25888250d2abea0ebd9f495f7ff7775a959400ee52189bc87ffcf003eb797","scenario-key-v1",20260528,"94ad1cdabf4ca3f8ab36f997b8497ca632f225a35a4cf2f154dbd9915d1f66f0","652ed1b3e77dee5925b0a015f16b96dcc25f2d77","dirty","R version 4.4.1 (2024-06-14 ucrt)","x86_64-w64-mingw32","Windows 10 x64 x86-64","AMD64 Family 25 Model 116 Stepping 1, AuthenticAMD","standalone_or_unverified","gamlss.longitudinal=0.1.0;gamlss=5.4.22;gamlss.dist=6.1.1;mgcv=1.9.1;digest=0.6.36"
"continuous-subjects",6,52,1932986893,"continuous","NO","N","n_subjects",250,4,5,1000,TRUE,FALSE,TRUE,TRUE,TRUE,0.75,0.75,0.489999999999981,0,1.23999999999998,"fit_only","none","none",0,"",,3,"3d9dbdbc9e18eed28d48bff56e934da9ad275c0721b3a34da978270ed9d6078a","66c45aca4c6364aa9f4aef2ff55620d81066a6e52c6244ce9c79080a3c702ccd","83d3ba28f026f0da30222a6eaaf2e4ebff3c34671fc223f6b548bc2258f15f05","f526e1de16f5ea19e66cbae9174dc234f9abac79e7336c0bf327852e4e4b6035","d1d25888250d2abea0ebd9f495f7ff7775a959400ee52189bc87ffcf003eb797","scenario-key-v1",20260528,"94ad1cdabf4ca3f8ab36f997b8497ca632f225a35a4cf2f154dbd9915d1f66f0","652ed1b3e77dee5925b0a015f16b96dcc25f2d77","dirty","R version 4.4.1 (2024-06-14 ucrt)","x86_64-w64-mingw32","Windows 10 x64 x86-64","AMD64 Family 25 Model 116 Stepping 1, AuthenticAMD","standalone_or_unverified","gamlss.longitudinal=0.1.0;gamlss=5.4.22;gamlss.dist=6.1.1;mgcv=1.9.1;digest=0.6.36"
"discrete-visits",6,53,1526084706,"discrete","NBI","C","n_visits",100,8,5,800,TRUE,FALSE,TRUE,TRUE,TRUE,3.56999999999999,3.56999999999999,0.45999999999998,0,4.02999999999997,"fit_only","none","none",0,"",,3,"3d9dbdbc9e18eed28d48bff56e934da9ad275c0721b3a34da978270ed9d6078a","66c45aca4c6364aa9f4aef2ff55620d81066a6e52c6244ce9c79080a3c702ccd","83d3ba28f026f0da30222a6eaaf2e4ebff3c34671fc223f6b548bc2258f15f05","f526e1de16f5ea19e66cbae9174dc234f9abac79e7336c0bf327852e4e4b6035","d1d25888250d2abea0ebd9f495f7ff7775a959400ee52189bc87ffcf003eb797","scenario-key-v1",20260528,"94ad1cdabf4ca3f8ab36f997b8497ca632f225a35a4cf2f154dbd9915d1f66f0","652ed1b3e77dee5925b0a015f16b96dcc25f2d77","dirty","R version 4.4.1 (2024-06-14 ucrt)","x86_64-w64-mingw32","Windows 10 x64 x86-64","AMD64 Family 25 Model 116 Stepping 1, AuthenticAMD","standalone_or_unverified","gamlss.longitudinal=0.1.0;gamlss=5.4.22;gamlss.dist=6.1.1;mgcv=1.9.1;digest=0.6.36"
"discrete-subjects",6,54,2113423555,"discrete","NBI","C","n_subjects",250,4,5,1000,TRUE,FALSE,TRUE,TRUE,TRUE,3.32999999999998,3.32999999999998,0.530000000000001,0,3.85999999999999,"fit_only","none","none",0,"",,3,"3d9dbdbc9e18eed28d48bff56e934da9ad275c0721b3a34da978270ed9d6078a","66c45aca4c6364aa9f4aef2ff55620d81066a6e52c6244ce9c79080a3c702ccd","83d3ba28f026f0da30222a6eaaf2e4ebff3c34671fc223f6b548bc2258f15f05","f526e1de16f5ea19e66cbae9174dc234f9abac79e7336c0bf327852e4e4b6035","d1d25888250d2abea0ebd9f495f7ff7775a959400ee52189bc87ffcf003eb797","scenario-key-v1",20260528,"94ad1cdabf4ca3f8ab36f997b8497ca632f225a35a4cf2f154dbd9915d1f66f0","652ed1b3e77dee5925b0a015f16b96dcc25f2d77","dirty","R version 4.4.1 (2024-06-14 ucrt)","x86_64-w64-mingw32","Windows 10 x64 x86-64","AMD64 Family 25 Model 116 Stepping 1, AuthenticAMD","standalone_or_unverified","gamlss.longitudinal=0.1.0;gamlss=5.4.22;gamlss.dist=6.1.1;mgcv=1.9.1;digest=0.6.36"
"discrete-base",6,55,405111147,"discrete","NBI","C","none",100,4,5,400,TRUE,FALSE,TRUE,TRUE,TRUE,2.11000000000001,2.11000000000001,0.199999999999989,0,2.31,"fit_only","none","none",0,"",,3,"3d9dbdbc9e18eed28d48bff56e934da9ad275c0721b3a34da978270ed9d6078a","66c45aca4c6364aa9f4aef2ff55620d81066a6e52c6244ce9c79080a3c702ccd","83d3ba28f026f0da30222a6eaaf2e4ebff3c34671fc223f6b548bc2258f15f05","f526e1de16f5ea19e66cbae9174dc234f9abac79e7336c0bf327852e4e4b6035","d1d25888250d2abea0ebd9f495f7ff7775a959400ee52189bc87ffcf003eb797","scenario-key-v1",20260528,"94ad1cdabf4ca3f8ab36f997b8497ca632f225a35a4cf2f154dbd9915d1f66f0","652ed1b3e77dee5925b0a015f16b96dcc25f2d77","dirty","R version 4.4.1 (2024-06-14 ucrt)","x86_64-w64-mingw32","Windows 10 x64 x86-64","AMD64 Family 25 Model 116 Stepping 1, AuthenticAMD","standalone_or_unverified","gamlss.longitudinal=0.1.0;gamlss=5.4.22;gamlss.dist=6.1.1;mgcv=1.9.1;digest=0.6.36"
"continuous-visits",6,56,1901111106,"continuous","NO","N","n_visits",100,8,5,800,TRUE,FALSE,TRUE,TRUE,TRUE,0.810000000000002,0.810000000000002,0.420000000000016,0,1.23000000000002,"fit_only","none","none",0,"",,3,"3d9dbdbc9e18eed28d48bff56e934da9ad275c0721b3a34da978270ed9d6078a","66c45aca4c6364aa9f4aef2ff55620d81066a6e52c6244ce9c79080a3c702ccd","83d3ba28f026f0da30222a6eaaf2e4ebff3c34671fc223f6b548bc2258f15f05","f526e1de16f5ea19e66cbae9174dc234f9abac79e7336c0bf327852e4e4b6035","d1d25888250d2abea0ebd9f495f7ff7775a959400ee52189bc87ffcf003eb797","scenario-key-v1",20260528,"94ad1cdabf4ca3f8ab36f997b8497ca632f225a35a4cf2f154dbd9915d1f66f0","652ed1b3e77dee5925b0a015f16b96dcc25f2d77","dirty","R version 4.4.1 (2024-06-14 ucrt)","x86_64-w64-mingw32","Windows 10 x64 x86-64","AMD64 Family 25 Model 116 Stepping 1, AuthenticAMD","standalone_or_unverified","gamlss.longitudinal=0.1.0;gamlss=5.4.22;gamlss.dist=6.1.1;mgcv=1.9.1;digest=0.6.36"
"discrete-smooth_basis",7,57,174006038,"discrete","NBI","C","smooth_k",100,4,10,400,TRUE,FALSE,TRUE,TRUE,TRUE,2.56,2.56,0.199999999999989,0,2.75999999999999,"fit_only","none","none",0,"",,3,"3d9dbdbc9e18eed28d48bff56e934da9ad275c0721b3a34da978270ed9d6078a","66c45aca4c6364aa9f4aef2ff55620d81066a6e52c6244ce9c79080a3c702ccd","83d3ba28f026f0da30222a6eaaf2e4ebff3c34671fc223f6b548bc2258f15f05","f526e1de16f5ea19e66cbae9174dc234f9abac79e7336c0bf327852e4e4b6035","d1d25888250d2abea0ebd9f495f7ff7775a959400ee52189bc87ffcf003eb797","scenario-key-v1",20260528,"94ad1cdabf4ca3f8ab36f997b8497ca632f225a35a4cf2f154dbd9915d1f66f0","652ed1b3e77dee5925b0a015f16b96dcc25f2d77","dirty","R version 4.4.1 (2024-06-14 ucrt)","x86_64-w64-mingw32","Windows 10 x64 x86-64","AMD64 Family 25 Model 116 Stepping 1, AuthenticAMD","standalone_or_unverified","gamlss.longitudinal=0.1.0;gamlss=5.4.22;gamlss.dist=6.1.1;mgcv=1.9.1;digest=0.6.36"
"continuous-subjects",7,58,80003168,"continuous","NO","N","n_subjects",250,4,5,1000,TRUE,FALSE,TRUE,TRUE,TRUE,0.669999999999959,0.669999999999959,0.410000000000025,0,1.07999999999998,"fit_only","none","none",0,"",,3,"3d9dbdbc9e18eed28d48bff56e934da9ad275c0721b3a34da978270ed9d6078a","66c45aca4c6364aa9f4aef2ff55620d81066a6e52c6244ce9c79080a3c702ccd","83d3ba28f026f0da30222a6eaaf2e4ebff3c34671fc223f6b548bc2258f15f05","f526e1de16f5ea19e66cbae9174dc234f9abac79e7336c0bf327852e4e4b6035","d1d25888250d2abea0ebd9f495f7ff7775a959400ee52189bc87ffcf003eb797","scenario-key-v1",20260528,"94ad1cdabf4ca3f8ab36f997b8497ca632f225a35a4cf2f154dbd9915d1f66f0","652ed1b3e77dee5925b0a015f16b96dcc25f2d77","dirty","R version 4.4.1 (2024-06-14 ucrt)","x86_64-w64-mingw32","Windows 10 x64 x86-64","AMD64 Family 25 Model 116 Stepping 1, AuthenticAMD","standalone_or_unverified","gamlss.longitudinal=0.1.0;gamlss=5.4.22;gamlss.dist=6.1.1;mgcv=1.9.1;digest=0.6.36"
"discrete-visits",7,59,1820584627,"discrete","NBI","C","n_visits",100,8,5,800,TRUE,FALSE,TRUE,TRUE,TRUE,3.38999999999999,3.38999999999999,0.489999999999952,0,3.87999999999994,"fit_only","none","none",0,"",,3,"3d9dbdbc9e18eed28d48bff56e934da9ad275c0721b3a34da978270ed9d6078a","66c45aca4c6364aa9f4aef2ff55620d81066a6e52c6244ce9c79080a3c702ccd","83d3ba28f026f0da30222a6eaaf2e4ebff3c34671fc223f6b548bc2258f15f05","f526e1de16f5ea19e66cbae9174dc234f9abac79e7336c0bf327852e4e4b6035","d1d25888250d2abea0ebd9f495f7ff7775a959400ee52189bc87ffcf003eb797","scenario-key-v1",20260528,"94ad1cdabf4ca3f8ab36f997b8497ca632f225a35a4cf2f154dbd9915d1f66f0","652ed1b3e77dee5925b0a015f16b96dcc25f2d77","dirty","R version 4.4.1 (2024-06-14 ucrt)","x86_64-w64-mingw32","Windows 10 x64 x86-64","AMD64 Family 25 Model 116 Stepping 1, AuthenticAMD","standalone_or_unverified","gamlss.longitudinal=0.1.0;gamlss=5.4.22;gamlss.dist=6.1.1;mgcv=1.9.1;digest=0.6.36"
"discrete-subjects",7,60,260439830,"discrete","NBI","C","n_subjects",250,4,5,1000,TRUE,FALSE,TRUE,TRUE,TRUE,4.14999999999998,4.14999999999998,0.54000000000002,0,4.69,"fit_only","none","none",0,"",,3,"3d9dbdbc9e18eed28d48bff56e934da9ad275c0721b3a34da978270ed9d6078a","66c45aca4c6364aa9f4aef2ff55620d81066a6e52c6244ce9c79080a3c702ccd","83d3ba28f026f0da30222a6eaaf2e4ebff3c34671fc223f6b548bc2258f15f05","f526e1de16f5ea19e66cbae9174dc234f9abac79e7336c0bf327852e4e4b6035","d1d25888250d2abea0ebd9f495f7ff7775a959400ee52189bc87ffcf003eb797","scenario-key-v1",20260528,"94ad1cdabf4ca3f8ab36f997b8497ca632f225a35a4cf2f154dbd9915d1f66f0","652ed1b3e77dee5925b0a015f16b96dcc25f2d77","dirty","R version 4.4.1 (2024-06-14 ucrt)","x86_64-w64-mingw32","Windows 10 x64 x86-64","AMD64 Family 25 Model 116 Stepping 1, AuthenticAMD","standalone_or_unverified","gamlss.longitudinal=0.1.0;gamlss=5.4.22;gamlss.dist=6.1.1;mgcv=1.9.1;digest=0.6.36"
"discrete-base",7,61,699611068,"discrete","NBI","C","none",100,4,5,400,TRUE,FALSE,TRUE,TRUE,TRUE,2.25,2.25,0.29000000000002,0,2.54000000000002,"fit_only","none","none",0,"",,3,"3d9dbdbc9e18eed28d48bff56e934da9ad275c0721b3a34da978270ed9d6078a","66c45aca4c6364aa9f4aef2ff55620d81066a6e52c6244ce9c79080a3c702ccd","83d3ba28f026f0da30222a6eaaf2e4ebff3c34671fc223f6b548bc2258f15f05","f526e1de16f5ea19e66cbae9174dc234f9abac79e7336c0bf327852e4e4b6035","d1d25888250d2abea0ebd9f495f7ff7775a959400ee52189bc87ffcf003eb797","scenario-key-v1",20260528,"94ad1cdabf4ca3f8ab36f997b8497ca632f225a35a4cf2f154dbd9915d1f66f0","652ed1b3e77dee5925b0a015f16b96dcc25f2d77","dirty","R version 4.4.1 (2024-06-14 ucrt)","x86_64-w64-mingw32","Windows 10 x64 x86-64","AMD64 Family 25 Model 116 Stepping 1, AuthenticAMD","standalone_or_unverified","gamlss.longitudinal=0.1.0;gamlss=5.4.22;gamlss.dist=6.1.1;mgcv=1.9.1;digest=0.6.36"
"continuous-visits",7,62,48127381,"continuous","NO","N","n_visits",100,8,5,800,TRUE,FALSE,TRUE,TRUE,TRUE,0.560000000000002,0.560000000000002,0.379999999999995,0,0.939999999999998,"fit_only","none","none",0,"",,3,"3d9dbdbc9e18eed28d48bff56e934da9ad275c0721b3a34da978270ed9d6078a","66c45aca4c6364aa9f4aef2ff55620d81066a6e52c6244ce9c79080a3c702ccd","83d3ba28f026f0da30222a6eaaf2e4ebff3c34671fc223f6b548bc2258f15f05","f526e1de16f5ea19e66cbae9174dc234f9abac79e7336c0bf327852e4e4b6035","d1d25888250d2abea0ebd9f495f7ff7775a959400ee52189bc87ffcf003eb797","scenario-key-v1",20260528,"94ad1cdabf4ca3f8ab36f997b8497ca632f225a35a4cf2f154dbd9915d1f66f0","652ed1b3e77dee5925b0a015f16b96dcc25f2d77","dirty","R version 4.4.1 (2024-06-14 ucrt)","x86_64-w64-mingw32","Windows 10 x64 x86-64","AMD64 Family 25 Model 116 Stepping 1, AuthenticAMD","standalone_or_unverified","gamlss.longitudinal=0.1.0;gamlss=5.4.22;gamlss.dist=6.1.1;mgcv=1.9.1;digest=0.6.36"
"continuous-smooth_basis",7,63,494124662,"continuous","NO","N","smooth_k",100,4,10,400,TRUE,FALSE,TRUE,TRUE,TRUE,0.409999999999968,0.409999999999968,0.160000000000025,0,0.569999999999993,"fit_only","none","none",0,"",,3,"3d9dbdbc9e18eed28d48bff56e934da9ad275c0721b3a34da978270ed9d6078a","66c45aca4c6364aa9f4aef2ff55620d81066a6e52c6244ce9c79080a3c702ccd","83d3ba28f026f0da30222a6eaaf2e4ebff3c34671fc223f6b548bc2258f15f05","f526e1de16f5ea19e66cbae9174dc234f9abac79e7336c0bf327852e4e4b6035","d1d25888250d2abea0ebd9f495f7ff7775a959400ee52189bc87ffcf003eb797","scenario-key-v1",20260528,"94ad1cdabf4ca3f8ab36f997b8497ca632f225a35a4cf2f154dbd9915d1f66f0","652ed1b3e77dee5925b0a015f16b96dcc25f2d77","dirty","R version 4.4.1 (2024-06-14 ucrt)","x86_64-w64-mingw32","Windows 10 x64 x86-64","AMD64 Family 25 Model 116 Stepping 1, AuthenticAMD","standalone_or_unverified","gamlss.longitudinal=0.1.0;gamlss=5.4.22;gamlss.dist=6.1.1;mgcv=1.9.1;digest=0.6.36"
"continuous-base",7,64,52922620,"continuous","NO","N","none",100,4,5,400,TRUE,FALSE,TRUE,TRUE,TRUE,0.410000000000025,0.410000000000025,0.170000000000016,0,0.580000000000041,"fit_only","none","none",0,"",,3,"3d9dbdbc9e18eed28d48bff56e934da9ad275c0721b3a34da978270ed9d6078a","66c45aca4c6364aa9f4aef2ff55620d81066a6e52c6244ce9c79080a3c702ccd","83d3ba28f026f0da30222a6eaaf2e4ebff3c34671fc223f6b548bc2258f15f05","f526e1de16f5ea19e66cbae9174dc234f9abac79e7336c0bf327852e4e4b6035","d1d25888250d2abea0ebd9f495f7ff7775a959400ee52189bc87ffcf003eb797","scenario-key-v1",20260528,"94ad1cdabf4ca3f8ab36f997b8497ca632f225a35a4cf2f154dbd9915d1f66f0","652ed1b3e77dee5925b0a015f16b96dcc25f2d77","dirty","R version 4.4.1 (2024-06-14 ucrt)","x86_64-w64-mingw32","Windows 10 x64 x86-64","AMD64 Family 25 Model 116 Stepping 1, AuthenticAMD","standalone_or_unverified","gamlss.longitudinal=0.1.0;gamlss=5.4.22;gamlss.dist=6.1.1;mgcv=1.9.1;digest=0.6.36"
"discrete-smooth_basis",8,65,468505959,"discrete","NBI","C","smooth_k",100,4,10,400,TRUE,FALSE,TRUE,TRUE,TRUE,1.88999999999999,1.88999999999999,0.220000000000027,0,2.11000000000001,"fit_only","none","none",0,"",,3,"3d9dbdbc9e18eed28d48bff56e934da9ad275c0721b3a34da978270ed9d6078a","66c45aca4c6364aa9f4aef2ff55620d81066a6e52c6244ce9c79080a3c702ccd","83d3ba28f026f0da30222a6eaaf2e4ebff3c34671fc223f6b548bc2258f15f05","f526e1de16f5ea19e66cbae9174dc234f9abac79e7336c0bf327852e4e4b6035","d1d25888250d2abea0ebd9f495f7ff7775a959400ee52189bc87ffcf003eb797","scenario-key-v1",20260528,"94ad1cdabf4ca3f8ab36f997b8497ca632f225a35a4cf2f154dbd9915d1f66f0","652ed1b3e77dee5925b0a015f16b96dcc25f2d77","dirty","R version 4.4.1 (2024-06-14 ucrt)","x86_64-w64-mingw32","Windows 10 x64 x86-64","AMD64 Family 25 Model 116 Stepping 1, AuthenticAMD","standalone_or_unverified","gamlss.longitudinal=0.1.0;gamlss=5.4.22;gamlss.dist=6.1.1;mgcv=1.9.1;digest=0.6.36"
"continuous-subjects",8,66,374503089,"continuous","NO","N","n_subjects",250,4,5,1000,TRUE,FALSE,TRUE,TRUE,TRUE,0.920000000000016,0.920000000000016,0.439999999999998,0,1.36000000000001,"fit_only","none","none",0,"",,3,"3d9dbdbc9e18eed28d48bff56e934da9ad275c0721b3a34da978270ed9d6078a","66c45aca4c6364aa9f4aef2ff55620d81066a6e52c6244ce9c79080a3c702ccd","83d3ba28f026f0da30222a6eaaf2e4ebff3c34671fc223f6b548bc2258f15f05","f526e1de16f5ea19e66cbae9174dc234f9abac79e7336c0bf327852e4e4b6035","d1d25888250d2abea0ebd9f495f7ff7775a959400ee52189bc87ffcf003eb797","scenario-key-v1",20260528,"94ad1cdabf4ca3f8ab36f997b8497ca632f225a35a4cf2f154dbd9915d1f66f0","652ed1b3e77dee5925b0a015f16b96dcc25f2d77","dirty","R version 4.4.1 (2024-06-14 ucrt)","x86_64-w64-mingw32","Windows 10 x64 x86-64","AMD64 Family 25 Model 116 Stepping 1, AuthenticAMD","standalone_or_unverified","gamlss.longitudinal=0.1.0;gamlss=5.4.22;gamlss.dist=6.1.1;mgcv=1.9.1;digest=0.6.36"
"discrete-visits",8,67,2115084548,"discrete","NBI","C","n_visits",100,8,5,800,TRUE,FALSE,TRUE,TRUE,TRUE,3.5,3.5,0.54000000000002,0,4.04000000000002,"fit_only","none","none",0,"",,3,"3d9dbdbc9e18eed28d48bff56e934da9ad275c0721b3a34da978270ed9d6078a","66c45aca4c6364aa9f4aef2ff55620d81066a6e52c6244ce9c79080a3c702ccd","83d3ba28f026f0da30222a6eaaf2e4ebff3c34671fc223f6b548bc2258f15f05","f526e1de16f5ea19e66cbae9174dc234f9abac79e7336c0bf327852e4e4b6035","d1d25888250d2abea0ebd9f495f7ff7775a959400ee52189bc87ffcf003eb797","scenario-key-v1",20260528,"94ad1cdabf4ca3f8ab36f997b8497ca632f225a35a4cf2f154dbd9915d1f66f0","652ed1b3e77dee5925b0a015f16b96dcc25f2d77","dirty","R version 4.4.1 (2024-06-14 ucrt)","x86_64-w64-mingw32","Windows 10 x64 x86-64","AMD64 Family 25 Model 116 Stepping 1, AuthenticAMD","standalone_or_unverified","gamlss.longitudinal=0.1.0;gamlss=5.4.22;gamlss.dist=6.1.1;mgcv=1.9.1;digest=0.6.36"
"discrete-subjects",8,68,554939751,"discrete","NBI","C","n_subjects",250,4,5,1000,TRUE,FALSE,TRUE,TRUE,TRUE,3.94999999999999,3.94999999999999,0.560000000000002,0,4.50999999999999,"fit_only","none","none",0,"",,3,"3d9dbdbc9e18eed28d48bff56e934da9ad275c0721b3a34da978270ed9d6078a","66c45aca4c6364aa9f4aef2ff55620d81066a6e52c6244ce9c79080a3c702ccd","83d3ba28f026f0da30222a6eaaf2e4ebff3c34671fc223f6b548bc2258f15f05","f526e1de16f5ea19e66cbae9174dc234f9abac79e7336c0bf327852e4e4b6035","d1d25888250d2abea0ebd9f495f7ff7775a959400ee52189bc87ffcf003eb797","scenario-key-v1",20260528,"94ad1cdabf4ca3f8ab36f997b8497ca632f225a35a4cf2f154dbd9915d1f66f0","652ed1b3e77dee5925b0a015f16b96dcc25f2d77","dirty","R version 4.4.1 (2024-06-14 ucrt)","x86_64-w64-mingw32","Windows 10 x64 x86-64","AMD64 Family 25 Model 116 Stepping 1, AuthenticAMD","standalone_or_unverified","gamlss.longitudinal=0.1.0;gamlss=5.4.22;gamlss.dist=6.1.1;mgcv=1.9.1;digest=0.6.36"
"discrete-base",8,69,994110989,"discrete","NBI","C","none",100,4,5,400,TRUE,FALSE,TRUE,TRUE,TRUE,1.43000000000001,1.43000000000001,0.230000000000018,0,1.66000000000003,"fit_only","none","none",0,"",,3,"3d9dbdbc9e18eed28d48bff56e934da9ad275c0721b3a34da978270ed9d6078a","66c45aca4c6364aa9f4aef2ff55620d81066a6e52c6244ce9c79080a3c702ccd","83d3ba28f026f0da30222a6eaaf2e4ebff3c34671fc223f6b548bc2258f15f05","f526e1de16f5ea19e66cbae9174dc234f9abac79e7336c0bf327852e4e4b6035","d1d25888250d2abea0ebd9f495f7ff7775a959400ee52189bc87ffcf003eb797","scenario-key-v1",20260528,"94ad1cdabf4ca3f8ab36f997b8497ca632f225a35a4cf2f154dbd9915d1f66f0","652ed1b3e77dee5925b0a015f16b96dcc25f2d77","dirty","R version 4.4.1 (2024-06-14 ucrt)","x86_64-w64-mingw32","Windows 10 x64 x86-64","AMD64 Family 25 Model 116 Stepping 1, AuthenticAMD","standalone_or_unverified","gamlss.longitudinal=0.1.0;gamlss=5.4.22;gamlss.dist=6.1.1;mgcv=1.9.1;digest=0.6.36"
"continuous-visits",8,70,342627302,"continuous","NO","N","n_visits",100,8,5,800,TRUE,FALSE,TRUE,TRUE,TRUE,0.71999999999997,0.71999999999997,0.420000000000016,0,1.13999999999999,"fit_only","none","none",0,"",,3,"3d9dbdbc9e18eed28d48bff56e934da9ad275c0721b3a34da978270ed9d6078a","66c45aca4c6364aa9f4aef2ff55620d81066a6e52c6244ce9c79080a3c702ccd","83d3ba28f026f0da30222a6eaaf2e4ebff3c34671fc223f6b548bc2258f15f05","f526e1de16f5ea19e66cbae9174dc234f9abac79e7336c0bf327852e4e4b6035","d1d25888250d2abea0ebd9f495f7ff7775a959400ee52189bc87ffcf003eb797","scenario-key-v1",20260528,"94ad1cdabf4ca3f8ab36f997b8497ca632f225a35a4cf2f154dbd9915d1f66f0","652ed1b3e77dee5925b0a015f16b96dcc25f2d77","dirty","R version 4.4.1 (2024-06-14 ucrt)","x86_64-w64-mingw32","Windows 10 x64 x86-64","AMD64 Family 25 Model 116 Stepping 1, AuthenticAMD","standalone_or_unverified","gamlss.longitudinal=0.1.0;gamlss=5.4.22;gamlss.dist=6.1.1;mgcv=1.9.1;digest=0.6.36"
"continuous-smooth_basis",8,71,788624583,"continuous","NO","N","smooth_k",100,4,10,400,TRUE,FALSE,TRUE,TRUE,TRUE,0.420000000000016,0.420000000000016,0.210000000000036,0,0.630000000000052,"fit_only","none","none",0,"",,3,"3d9dbdbc9e18eed28d48bff56e934da9ad275c0721b3a34da978270ed9d6078a","66c45aca4c6364aa9f4aef2ff55620d81066a6e52c6244ce9c79080a3c702ccd","83d3ba28f026f0da30222a6eaaf2e4ebff3c34671fc223f6b548bc2258f15f05","f526e1de16f5ea19e66cbae9174dc234f9abac79e7336c0bf327852e4e4b6035","d1d25888250d2abea0ebd9f495f7ff7775a959400ee52189bc87ffcf003eb797","scenario-key-v1",20260528,"94ad1cdabf4ca3f8ab36f997b8497ca632f225a35a4cf2f154dbd9915d1f66f0","652ed1b3e77dee5925b0a015f16b96dcc25f2d77","dirty","R version 4.4.1 (2024-06-14 ucrt)","x86_64-w64-mingw32","Windows 10 x64 x86-64","AMD64 Family 25 Model 116 Stepping 1, AuthenticAMD","standalone_or_unverified","gamlss.longitudinal=0.1.0;gamlss=5.4.22;gamlss.dist=6.1.1;mgcv=1.9.1;digest=0.6.36"
"continuous-base",8,72,347422541,"continuous","NO","N","none",100,4,5,400,TRUE,FALSE,TRUE,TRUE,TRUE,0.360000000000014,0.360000000000014,0.139999999999986,0,0.5,"fit_only","none","none",0,"",,3,"3d9dbdbc9e18eed28d48bff56e934da9ad275c0721b3a34da978270ed9d6078a","66c45aca4c6364aa9f4aef2ff55620d81066a6e52c6244ce9c79080a3c702ccd","83d3ba28f026f0da30222a6eaaf2e4ebff3c34671fc223f6b548bc2258f15f05","f526e1de16f5ea19e66cbae9174dc234f9abac79e7336c0bf327852e4e4b6035","d1d25888250d2abea0ebd9f495f7ff7775a959400ee52189bc87ffcf003eb797","scenario-key-v1",20260528,"94ad1cdabf4ca3f8ab36f997b8497ca632f225a35a4cf2f154dbd9915d1f66f0","652ed1b3e77dee5925b0a015f16b96dcc25f2d77","dirty","R version 4.4.1 (2024-06-14 ucrt)","x86_64-w64-mingw32","Windows 10 x64 x86-64","AMD64 Family 25 Model 116 Stepping 1, AuthenticAMD","standalone_or_unverified","gamlss.longitudinal=0.1.0;gamlss=5.4.22;gamlss.dist=6.1.1;mgcv=1.9.1;digest=0.6.36"
"discrete-visits",9,73,262100823,"discrete","NBI","C","n_visits",100,8,5,800,TRUE,FALSE,TRUE,TRUE,TRUE,3.46999999999997,3.46999999999997,0.550000000000011,0,4.01999999999998,"fit_only","none","none",0,"",,3,"3d9dbdbc9e18eed28d48bff56e934da9ad275c0721b3a34da978270ed9d6078a","66c45aca4c6364aa9f4aef2ff55620d81066a6e52c6244ce9c79080a3c702ccd","83d3ba28f026f0da30222a6eaaf2e4ebff3c34671fc223f6b548bc2258f15f05","f526e1de16f5ea19e66cbae9174dc234f9abac79e7336c0bf327852e4e4b6035","d1d25888250d2abea0ebd9f495f7ff7775a959400ee52189bc87ffcf003eb797","scenario-key-v1",20260528,"94ad1cdabf4ca3f8ab36f997b8497ca632f225a35a4cf2f154dbd9915d1f66f0","652ed1b3e77dee5925b0a015f16b96dcc25f2d77","dirty","R version 4.4.1 (2024-06-14 ucrt)","x86_64-w64-mingw32","Windows 10 x64 x86-64","AMD64 Family 25 Model 116 Stepping 1, AuthenticAMD","standalone_or_unverified","gamlss.longitudinal=0.1.0;gamlss=5.4.22;gamlss.dist=6.1.1;mgcv=1.9.1;digest=0.6.36"
"discrete-subjects",9,74,849439672,"discrete","NBI","C","n_subjects",250,4,5,1000,TRUE,FALSE,TRUE,TRUE,TRUE,6,6,0.589999999999975,0,6.58999999999997,"fit_only","none","none",0,"",,3,"3d9dbdbc9e18eed28d48bff56e934da9ad275c0721b3a34da978270ed9d6078a","66c45aca4c6364aa9f4aef2ff55620d81066a6e52c6244ce9c79080a3c702ccd","83d3ba28f026f0da30222a6eaaf2e4ebff3c34671fc223f6b548bc2258f15f05","f526e1de16f5ea19e66cbae9174dc234f9abac79e7336c0bf327852e4e4b6035","d1d25888250d2abea0ebd9f495f7ff7775a959400ee52189bc87ffcf003eb797","scenario-key-v1",20260528,"94ad1cdabf4ca3f8ab36f997b8497ca632f225a35a4cf2f154dbd9915d1f66f0","652ed1b3e77dee5925b0a015f16b96dcc25f2d77","dirty","R version 4.4.1 (2024-06-14 ucrt)","x86_64-w64-mingw32","Windows 10 x64 x86-64","AMD64 Family 25 Model 116 Stepping 1, AuthenticAMD","standalone_or_unverified","gamlss.longitudinal=0.1.0;gamlss=5.4.22;gamlss.dist=6.1.1;mgcv=1.9.1;digest=0.6.36"
"discrete-base",9,75,1288610910,"discrete","NBI","C","none",100,4,5,400,TRUE,FALSE,TRUE,TRUE,TRUE,1.63,1.63,0.289999999999964,0,1.91999999999996,"fit_only","none","none",0,"",,3,"3d9dbdbc9e18eed28d48bff56e934da9ad275c0721b3a34da978270ed9d6078a","66c45aca4c6364aa9f4aef2ff55620d81066a6e52c6244ce9c79080a3c702ccd","83d3ba28f026f0da30222a6eaaf2e4ebff3c34671fc223f6b548bc2258f15f05","f526e1de16f5ea19e66cbae9174dc234f9abac79e7336c0bf327852e4e4b6035","d1d25888250d2abea0ebd9f495f7ff7775a959400ee52189bc87ffcf003eb797","scenario-key-v1",20260528,"94ad1cdabf4ca3f8ab36f997b8497ca632f225a35a4cf2f154dbd9915d1f66f0","652ed1b3e77dee5925b0a015f16b96dcc25f2d77","dirty","R version 4.4.1 (2024-06-14 ucrt)","x86_64-w64-mingw32","Windows 10 x64 x86-64","AMD64 Family 25 Model 116 Stepping 1, AuthenticAMD","standalone_or_unverified","gamlss.longitudinal=0.1.0;gamlss=5.4.22;gamlss.dist=6.1.1;mgcv=1.9.1;digest=0.6.36"
"continuous-visits",9,76,637127223,"continuous","NO","N","n_visits",100,8,5,800,TRUE,FALSE,TRUE,TRUE,TRUE,0.610000000000014,0.610000000000014,0.5,0,1.11000000000001,"fit_only","none","none",0,"",,3,"3d9dbdbc9e18eed28d48bff56e934da9ad275c0721b3a34da978270ed9d6078a","66c45aca4c6364aa9f4aef2ff55620d81066a6e52c6244ce9c79080a3c702ccd","83d3ba28f026f0da30222a6eaaf2e4ebff3c34671fc223f6b548bc2258f15f05","f526e1de16f5ea19e66cbae9174dc234f9abac79e7336c0bf327852e4e4b6035","d1d25888250d2abea0ebd9f495f7ff7775a959400ee52189bc87ffcf003eb797","scenario-key-v1",20260528,"94ad1cdabf4ca3f8ab36f997b8497ca632f225a35a4cf2f154dbd9915d1f66f0","652ed1b3e77dee5925b0a015f16b96dcc25f2d77","dirty","R version 4.4.1 (2024-06-14 ucrt)","x86_64-w64-mingw32","Windows 10 x64 x86-64","AMD64 Family 25 Model 116 Stepping 1, AuthenticAMD","standalone_or_unverified","gamlss.longitudinal=0.1.0;gamlss=5.4.22;gamlss.dist=6.1.1;mgcv=1.9.1;digest=0.6.36"
"continuous-smooth_basis",9,77,1083124504,"continuous","NO","N","smooth_k",100,4,10,400,TRUE,FALSE,TRUE,TRUE,TRUE,0.449999999999989,0.449999999999989,0.160000000000025,0,0.610000000000014,"fit_only","none","none",0,"",,3,"3d9dbdbc9e18eed28d48bff56e934da9ad275c0721b3a34da978270ed9d6078a","66c45aca4c6364aa9f4aef2ff55620d81066a6e52c6244ce9c79080a3c702ccd","83d3ba28f026f0da30222a6eaaf2e4ebff3c34671fc223f6b548bc2258f15f05","f526e1de16f5ea19e66cbae9174dc234f9abac79e7336c0bf327852e4e4b6035","d1d25888250d2abea0ebd9f495f7ff7775a959400ee52189bc87ffcf003eb797","scenario-key-v1",20260528,"94ad1cdabf4ca3f8ab36f997b8497ca632f225a35a4cf2f154dbd9915d1f66f0","652ed1b3e77dee5925b0a015f16b96dcc25f2d77","dirty","R version 4.4.1 (2024-06-14 ucrt)","x86_64-w64-mingw32","Windows 10 x64 x86-64","AMD64 Family 25 Model 116 Stepping 1, AuthenticAMD","standalone_or_unverified","gamlss.longitudinal=0.1.0;gamlss=5.4.22;gamlss.dist=6.1.1;mgcv=1.9.1;digest=0.6.36"
"continuous-base",9,78,641922462,"continuous","NO","N","none",100,4,5,400,TRUE,FALSE,TRUE,TRUE,TRUE,0.5,0.5,0.170000000000016,0,0.670000000000016,"fit_only","none","none",0,"",,3,"3d9dbdbc9e18eed28d48bff56e934da9ad275c0721b3a34da978270ed9d6078a","66c45aca4c6364aa9f4aef2ff55620d81066a6e52c6244ce9c79080a3c702ccd","83d3ba28f026f0da30222a6eaaf2e4ebff3c34671fc223f6b548bc2258f15f05","f526e1de16f5ea19e66cbae9174dc234f9abac79e7336c0bf327852e4e4b6035","d1d25888250d2abea0ebd9f495f7ff7775a959400ee52189bc87ffcf003eb797","scenario-key-v1",20260528,"94ad1cdabf4ca3f8ab36f997b8497ca632f225a35a4cf2f154dbd9915d1f66f0","652ed1b3e77dee5925b0a015f16b96dcc25f2d77","dirty","R version 4.4.1 (2024-06-14 ucrt)","x86_64-w64-mingw32","Windows 10 x64 x86-64","AMD64 Family 25 Model 116 Stepping 1, AuthenticAMD","standalone_or_unverified","gamlss.longitudinal=0.1.0;gamlss=5.4.22;gamlss.dist=6.1.1;mgcv=1.9.1;digest=0.6.36"
"discrete-smooth_basis",9,79,763005880,"discrete","NBI","C","smooth_k",100,4,10,400,TRUE,FALSE,TRUE,TRUE,TRUE,1.88,1.88,0.240000000000009,0,2.12,"fit_only","none","none",0,"",,3,"3d9dbdbc9e18eed28d48bff56e934da9ad275c0721b3a34da978270ed9d6078a","66c45aca4c6364aa9f4aef2ff55620d81066a6e52c6244ce9c79080a3c702ccd","83d3ba28f026f0da30222a6eaaf2e4ebff3c34671fc223f6b548bc2258f15f05","f526e1de16f5ea19e66cbae9174dc234f9abac79e7336c0bf327852e4e4b6035","d1d25888250d2abea0ebd9f495f7ff7775a959400ee52189bc87ffcf003eb797","scenario-key-v1",20260528,"94ad1cdabf4ca3f8ab36f997b8497ca632f225a35a4cf2f154dbd9915d1f66f0","652ed1b3e77dee5925b0a015f16b96dcc25f2d77","dirty","R version 4.4.1 (2024-06-14 ucrt)","x86_64-w64-mingw32","Windows 10 x64 x86-64","AMD64 Family 25 Model 116 Stepping 1, AuthenticAMD","standalone_or_unverified","gamlss.longitudinal=0.1.0;gamlss=5.4.22;gamlss.dist=6.1.1;mgcv=1.9.1;digest=0.6.36"
"continuous-subjects",9,80,669003010,"continuous","NO","N","n_subjects",250,4,5,1000,TRUE,FALSE,TRUE,TRUE,TRUE,0.639999999999986,0.639999999999986,0.420000000000016,0,1.06,"fit_only","none","none",0,"",,3,"3d9dbdbc9e18eed28d48bff56e934da9ad275c0721b3a34da978270ed9d6078a","66c45aca4c6364aa9f4aef2ff55620d81066a6e52c6244ce9c79080a3c702ccd","83d3ba28f026f0da30222a6eaaf2e4ebff3c34671fc223f6b548bc2258f15f05","f526e1de16f5ea19e66cbae9174dc234f9abac79e7336c0bf327852e4e4b6035","d1d25888250d2abea0ebd9f495f7ff7775a959400ee52189bc87ffcf003eb797","scenario-key-v1",20260528,"94ad1cdabf4ca3f8ab36f997b8497ca632f225a35a4cf2f154dbd9915d1f66f0","652ed1b3e77dee5925b0a015f16b96dcc25f2d77","dirty","R version 4.4.1 (2024-06-14 ucrt)","x86_64-w64-mingw32","Windows 10 x64 x86-64","AMD64 Family 25 Model 116 Stepping 1, AuthenticAMD","standalone_or_unverified","gamlss.longitudinal=0.1.0;gamlss=5.4.22;gamlss.dist=6.1.1;mgcv=1.9.1;digest=0.6.36"
"continuous-visits",10,81,1603263009,"continuous","NO","N","n_visits",100,8,5,800,TRUE,FALSE,TRUE,TRUE,TRUE,0.670000000000016,0.670000000000016,0.389999999999986,0,1.06,"fit_only","none","none",0,"",,3,"3d9dbdbc9e18eed28d48bff56e934da9ad275c0721b3a34da978270ed9d6078a","66c45aca4c6364aa9f4aef2ff55620d81066a6e52c6244ce9c79080a3c702ccd","83d3ba28f026f0da30222a6eaaf2e4ebff3c34671fc223f6b548bc2258f15f05","f526e1de16f5ea19e66cbae9174dc234f9abac79e7336c0bf327852e4e4b6035","d1d25888250d2abea0ebd9f495f7ff7775a959400ee52189bc87ffcf003eb797","scenario-key-v1",20260528,"94ad1cdabf4ca3f8ab36f997b8497ca632f225a35a4cf2f154dbd9915d1f66f0","652ed1b3e77dee5925b0a015f16b96dcc25f2d77","dirty","R version 4.4.1 (2024-06-14 ucrt)","x86_64-w64-mingw32","Windows 10 x64 x86-64","AMD64 Family 25 Model 116 Stepping 1, AuthenticAMD","standalone_or_unverified","gamlss.longitudinal=0.1.0;gamlss=5.4.22;gamlss.dist=6.1.1;mgcv=1.9.1;digest=0.6.36"
"discrete-base",10,82,1048280166,"discrete","NBI","C","none",100,4,5,400,TRUE,FALSE,TRUE,TRUE,TRUE,1.35999999999996,1.35999999999996,0.199999999999989,0,1.55999999999995,"fit_only","none","none",0,"",,3,"3d9dbdbc9e18eed28d48bff56e934da9ad275c0721b3a34da978270ed9d6078a","66c45aca4c6364aa9f4aef2ff55620d81066a6e52c6244ce9c79080a3c702ccd","83d3ba28f026f0da30222a6eaaf2e4ebff3c34671fc223f6b548bc2258f15f05","f526e1de16f5ea19e66cbae9174dc234f9abac79e7336c0bf327852e4e4b6035","d1d25888250d2abea0ebd9f495f7ff7775a959400ee52189bc87ffcf003eb797","scenario-key-v1",20260528,"94ad1cdabf4ca3f8ab36f997b8497ca632f225a35a4cf2f154dbd9915d1f66f0","652ed1b3e77dee5925b0a015f16b96dcc25f2d77","dirty","R version 4.4.1 (2024-06-14 ucrt)","x86_64-w64-mingw32","Windows 10 x64 x86-64","AMD64 Family 25 Model 116 Stepping 1, AuthenticAMD","standalone_or_unverified","gamlss.longitudinal=0.1.0;gamlss=5.4.22;gamlss.dist=6.1.1;mgcv=1.9.1;digest=0.6.36"
"discrete-visits",10,83,1866928467,"discrete","NBI","C","n_visits",100,8,5,800,TRUE,FALSE,TRUE,TRUE,TRUE,4.07999999999998,4.07999999999998,0.480000000000018,0,4.56,"fit_only","none","none",0,"",,3,"3d9dbdbc9e18eed28d48bff56e934da9ad275c0721b3a34da978270ed9d6078a","66c45aca4c6364aa9f4aef2ff55620d81066a6e52c6244ce9c79080a3c702ccd","83d3ba28f026f0da30222a6eaaf2e4ebff3c34671fc223f6b548bc2258f15f05","f526e1de16f5ea19e66cbae9174dc234f9abac79e7336c0bf327852e4e4b6035","d1d25888250d2abea0ebd9f495f7ff7775a959400ee52189bc87ffcf003eb797","scenario-key-v1",20260528,"94ad1cdabf4ca3f8ab36f997b8497ca632f225a35a4cf2f154dbd9915d1f66f0","652ed1b3e77dee5925b0a015f16b96dcc25f2d77","dirty","R version 4.4.1 (2024-06-14 ucrt)","x86_64-w64-mingw32","Windows 10 x64 x86-64","AMD64 Family 25 Model 116 Stepping 1, AuthenticAMD","standalone_or_unverified","gamlss.longitudinal=0.1.0;gamlss=5.4.22;gamlss.dist=6.1.1;mgcv=1.9.1;digest=0.6.36"
"discrete-subjects",10,84,1498906430,"discrete","NBI","C","n_subjects",250,4,5,1000,TRUE,FALSE,TRUE,TRUE,TRUE,3.89999999999998,3.89999999999998,0.550000000000011,0,4.44999999999999,"fit_only","none","none",0,"",,3,"3d9dbdbc9e18eed28d48bff56e934da9ad275c0721b3a34da978270ed9d6078a","66c45aca4c6364aa9f4aef2ff55620d81066a6e52c6244ce9c79080a3c702ccd","83d3ba28f026f0da30222a6eaaf2e4ebff3c34671fc223f6b548bc2258f15f05","f526e1de16f5ea19e66cbae9174dc234f9abac79e7336c0bf327852e4e4b6035","d1d25888250d2abea0ebd9f495f7ff7775a959400ee52189bc87ffcf003eb797","scenario-key-v1",20260528,"94ad1cdabf4ca3f8ab36f997b8497ca632f225a35a4cf2f154dbd9915d1f66f0","652ed1b3e77dee5925b0a015f16b96dcc25f2d77","dirty","R version 4.4.1 (2024-06-14 ucrt)","x86_64-w64-mingw32","Windows 10 x64 x86-64","AMD64 Family 25 Model 116 Stepping 1, AuthenticAMD","standalone_or_unverified","gamlss.longitudinal=0.1.0;gamlss=5.4.22;gamlss.dist=6.1.1;mgcv=1.9.1;digest=0.6.36"
"continuous-smooth_basis",10,85,2046848378,"continuous","NO","N","smooth_k",100,4,10,400,TRUE,FALSE,TRUE,TRUE,TRUE,0.550000000000011,0.550000000000011,0.139999999999986,0,0.689999999999998,"fit_only","none","none",0,"",,3,"3d9dbdbc9e18eed28d48bff56e934da9ad275c0721b3a34da978270ed9d6078a","66c45aca4c6364aa9f4aef2ff55620d81066a6e52c6244ce9c79080a3c702ccd","83d3ba28f026f0da30222a6eaaf2e4ebff3c34671fc223f6b548bc2258f15f05","f526e1de16f5ea19e66cbae9174dc234f9abac79e7336c0bf327852e4e4b6035","d1d25888250d2abea0ebd9f495f7ff7775a959400ee52189bc87ffcf003eb797","scenario-key-v1",20260528,"94ad1cdabf4ca3f8ab36f997b8497ca632f225a35a4cf2f154dbd9915d1f66f0","652ed1b3e77dee5925b0a015f16b96dcc25f2d77","dirty","R version 4.4.1 (2024-06-14 ucrt)","x86_64-w64-mingw32","Windows 10 x64 x86-64","AMD64 Family 25 Model 116 Stepping 1, AuthenticAMD","standalone_or_unverified","gamlss.longitudinal=0.1.0;gamlss=5.4.22;gamlss.dist=6.1.1;mgcv=1.9.1;digest=0.6.36"
"continuous-subjects",10,86,1484023814,"continuous","NO","N","n_subjects",250,4,5,1000,TRUE,FALSE,TRUE,TRUE,TRUE,0.689999999999998,0.689999999999998,0.439999999999998,0,1.13,"fit_only","none","none",0,"",,3,"3d9dbdbc9e18eed28d48bff56e934da9ad275c0721b3a34da978270ed9d6078a","66c45aca4c6364aa9f4aef2ff55620d81066a6e52c6244ce9c79080a3c702ccd","83d3ba28f026f0da30222a6eaaf2e4ebff3c34671fc223f6b548bc2258f15f05","f526e1de16f5ea19e66cbae9174dc234f9abac79e7336c0bf327852e4e4b6035","d1d25888250d2abea0ebd9f495f7ff7775a959400ee52189bc87ffcf003eb797","scenario-key-v1",20260528,"94ad1cdabf4ca3f8ab36f997b8497ca632f225a35a4cf2f154dbd9915d1f66f0","652ed1b3e77dee5925b0a015f16b96dcc25f2d77","dirty","R version 4.4.1 (2024-06-14 ucrt)","x86_64-w64-mingw32","Windows 10 x64 x86-64","AMD64 Family 25 Model 116 Stepping 1, AuthenticAMD","standalone_or_unverified","gamlss.longitudinal=0.1.0;gamlss=5.4.22;gamlss.dist=6.1.1;mgcv=1.9.1;digest=0.6.36"
"continuous-base",10,87,83955672,"continuous","NO","N","none",100,4,5,400,TRUE,FALSE,TRUE,TRUE,TRUE,0.419999999999959,0.419999999999959,0.189999999999998,0,0.609999999999957,"fit_only","none","none",0,"",,3,"3d9dbdbc9e18eed28d48bff56e934da9ad275c0721b3a34da978270ed9d6078a","66c45aca4c6364aa9f4aef2ff55620d81066a6e52c6244ce9c79080a3c702ccd","83d3ba28f026f0da30222a6eaaf2e4ebff3c34671fc223f6b548bc2258f15f05","f526e1de16f5ea19e66cbae9174dc234f9abac79e7336c0bf327852e4e4b6035","d1d25888250d2abea0ebd9f495f7ff7775a959400ee52189bc87ffcf003eb797","scenario-key-v1",20260528,"94ad1cdabf4ca3f8ab36f997b8497ca632f225a35a4cf2f154dbd9915d1f66f0","652ed1b3e77dee5925b0a015f16b96dcc25f2d77","dirty","R version 4.4.1 (2024-06-14 ucrt)","x86_64-w64-mingw32","Windows 10 x64 x86-64","AMD64 Family 25 Model 116 Stepping 1, AuthenticAMD","standalone_or_unverified","gamlss.longitudinal=0.1.0;gamlss=5.4.22;gamlss.dist=6.1.1;mgcv=1.9.1;digest=0.6.36"
"discrete-smooth_basis",10,88,913497908,"discrete","NBI","C","smooth_k",100,4,10,400,TRUE,FALSE,TRUE,TRUE,TRUE,2,2,0.240000000000009,0,2.24000000000001,"fit_only","none","none",0,"",,3,"3d9dbdbc9e18eed28d48bff56e934da9ad275c0721b3a34da978270ed9d6078a","66c45aca4c6364aa9f4aef2ff55620d81066a6e52c6244ce9c79080a3c702ccd","83d3ba28f026f0da30222a6eaaf2e4ebff3c34671fc223f6b548bc2258f15f05","f526e1de16f5ea19e66cbae9174dc234f9abac79e7336c0bf327852e4e4b6035","d1d25888250d2abea0ebd9f495f7ff7775a959400ee52189bc87ffcf003eb797","scenario-key-v1",20260528,"94ad1cdabf4ca3f8ab36f997b8497ca632f225a35a4cf2f154dbd9915d1f66f0","652ed1b3e77dee5925b0a015f16b96dcc25f2d77","dirty","R version 4.4.1 (2024-06-14 ucrt)","x86_64-w64-mingw32","Windows 10 x64 x86-64","AMD64 Family 25 Model 116 Stepping 1, AuthenticAMD","standalone_or_unverified","gamlss.longitudinal=0.1.0;gamlss=5.4.22;gamlss.dist=6.1.1;mgcv=1.9.1;digest=0.6.36"
"discrete-subjects",11,89,1793406351,"discrete","NBI","C","n_subjects",250,4,5,1000,TRUE,FALSE,TRUE,TRUE,TRUE,3.05000000000001,3.05000000000001,0.569999999999993,0,3.62,"fit_only","none","none",0,"",,3,"3d9dbdbc9e18eed28d48bff56e934da9ad275c0721b3a34da978270ed9d6078a","66c45aca4c6364aa9f4aef2ff55620d81066a6e52c6244ce9c79080a3c702ccd","83d3ba28f026f0da30222a6eaaf2e4ebff3c34671fc223f6b548bc2258f15f05","f526e1de16f5ea19e66cbae9174dc234f9abac79e7336c0bf327852e4e4b6035","d1d25888250d2abea0ebd9f495f7ff7775a959400ee52189bc87ffcf003eb797","scenario-key-v1",20260528,"94ad1cdabf4ca3f8ab36f997b8497ca632f225a35a4cf2f154dbd9915d1f66f0","652ed1b3e77dee5925b0a015f16b96dcc25f2d77","dirty","R version 4.4.1 (2024-06-14 ucrt)","x86_64-w64-mingw32","Windows 10 x64 x86-64","AMD64 Family 25 Model 116 Stepping 1, AuthenticAMD","standalone_or_unverified","gamlss.longitudinal=0.1.0;gamlss=5.4.22;gamlss.dist=6.1.1;mgcv=1.9.1;digest=0.6.36"
"continuous-smooth_basis",11,90,193864653,"continuous","NO","N","smooth_k",100,4,10,400,TRUE,FALSE,TRUE,TRUE,TRUE,0.589999999999975,0.589999999999975,0.189999999999998,0,0.779999999999973,"fit_only","none","none",0,"",,3,"3d9dbdbc9e18eed28d48bff56e934da9ad275c0721b3a34da978270ed9d6078a","66c45aca4c6364aa9f4aef2ff55620d81066a6e52c6244ce9c79080a3c702ccd","83d3ba28f026f0da30222a6eaaf2e4ebff3c34671fc223f6b548bc2258f15f05","f526e1de16f5ea19e66cbae9174dc234f9abac79e7336c0bf327852e4e4b6035","d1d25888250d2abea0ebd9f495f7ff7775a959400ee52189bc87ffcf003eb797","scenario-key-v1",20260528,"94ad1cdabf4ca3f8ab36f997b8497ca632f225a35a4cf2f154dbd9915d1f66f0","652ed1b3e77dee5925b0a015f16b96dcc25f2d77","dirty","R version 4.4.1 (2024-06-14 ucrt)","x86_64-w64-mingw32","Windows 10 x64 x86-64","AMD64 Family 25 Model 116 Stepping 1, AuthenticAMD","standalone_or_unverified","gamlss.longitudinal=0.1.0;gamlss=5.4.22;gamlss.dist=6.1.1;mgcv=1.9.1;digest=0.6.36"
"continuous-subjects",11,91,1778523735,"continuous","NO","N","n_subjects",250,4,5,1000,TRUE,FALSE,TRUE,TRUE,TRUE,0.689999999999998,0.689999999999998,0.399999999999977,0,1.08999999999997,"fit_only","none","none",0,"",,3,"3d9dbdbc9e18eed28d48bff56e934da9ad275c0721b3a34da978270ed9d6078a","66c45aca4c6364aa9f4aef2ff55620d81066a6e52c6244ce9c79080a3c702ccd","83d3ba28f026f0da30222a6eaaf2e4ebff3c34671fc223f6b548bc2258f15f05","f526e1de16f5ea19e66cbae9174dc234f9abac79e7336c0bf327852e4e4b6035","d1d25888250d2abea0ebd9f495f7ff7775a959400ee52189bc87ffcf003eb797","scenario-key-v1",20260528,"94ad1cdabf4ca3f8ab36f997b8497ca632f225a35a4cf2f154dbd9915d1f66f0","652ed1b3e77dee5925b0a015f16b96dcc25f2d77","dirty","R version 4.4.1 (2024-06-14 ucrt)","x86_64-w64-mingw32","Windows 10 x64 x86-64","AMD64 Family 25 Model 116 Stepping 1, AuthenticAMD","standalone_or_unverified","gamlss.longitudinal=0.1.0;gamlss=5.4.22;gamlss.dist=6.1.1;mgcv=1.9.1;digest=0.6.36"
"continuous-base",11,92,378455593,"continuous","NO","N","none",100,4,5,400,TRUE,FALSE,TRUE,TRUE,TRUE,0.600000000000023,0.600000000000023,0.170000000000016,0,0.770000000000039,"fit_only","none","none",0,"",,3,"3d9dbdbc9e18eed28d48bff56e934da9ad275c0721b3a34da978270ed9d6078a","66c45aca4c6364aa9f4aef2ff55620d81066a6e52c6244ce9c79080a3c702ccd","83d3ba28f026f0da30222a6eaaf2e4ebff3c34671fc223f6b548bc2258f15f05","f526e1de16f5ea19e66cbae9174dc234f9abac79e7336c0bf327852e4e4b6035","d1d25888250d2abea0ebd9f495f7ff7775a959400ee52189bc87ffcf003eb797","scenario-key-v1",20260528,"94ad1cdabf4ca3f8ab36f997b8497ca632f225a35a4cf2f154dbd9915d1f66f0","652ed1b3e77dee5925b0a015f16b96dcc25f2d77","dirty","R version 4.4.1 (2024-06-14 ucrt)","x86_64-w64-mingw32","Windows 10 x64 x86-64","AMD64 Family 25 Model 116 Stepping 1, AuthenticAMD","standalone_or_unverified","gamlss.longitudinal=0.1.0;gamlss=5.4.22;gamlss.dist=6.1.1;mgcv=1.9.1;digest=0.6.36"
"discrete-smooth_basis",11,93,1207997829,"discrete","NBI","C","smooth_k",100,4,10,400,TRUE,FALSE,TRUE,TRUE,TRUE,2.08000000000004,2.08000000000004,0.20999999999998,0,2.29000000000002,"fit_only","none","none",0,"",,3,"3d9dbdbc9e18eed28d48bff56e934da9ad275c0721b3a34da978270ed9d6078a","66c45aca4c6364aa9f4aef2ff55620d81066a6e52c6244ce9c79080a3c702ccd","83d3ba28f026f0da30222a6eaaf2e4ebff3c34671fc223f6b548bc2258f15f05","f526e1de16f5ea19e66cbae9174dc234f9abac79e7336c0bf327852e4e4b6035","d1d25888250d2abea0ebd9f495f7ff7775a959400ee52189bc87ffcf003eb797","scenario-key-v1",20260528,"94ad1cdabf4ca3f8ab36f997b8497ca632f225a35a4cf2f154dbd9915d1f66f0","652ed1b3e77dee5925b0a015f16b96dcc25f2d77","dirty","R version 4.4.1 (2024-06-14 ucrt)","x86_64-w64-mingw32","Windows 10 x64 x86-64","AMD64 Family 25 Model 116 Stepping 1, AuthenticAMD","standalone_or_unverified","gamlss.longitudinal=0.1.0;gamlss=5.4.22;gamlss.dist=6.1.1;mgcv=1.9.1;digest=0.6.36"
"continuous-visits",11,94,1897762930,"continuous","NO","N","n_visits",100,8,5,800,TRUE,FALSE,TRUE,TRUE,TRUE,1.18000000000001,1.18000000000001,0.400000000000034,0,1.58000000000004,"fit_only","none","none",0,"",,3,"3d9dbdbc9e18eed28d48bff56e934da9ad275c0721b3a34da978270ed9d6078a","66c45aca4c6364aa9f4aef2ff55620d81066a6e52c6244ce9c79080a3c702ccd","83d3ba28f026f0da30222a6eaaf2e4ebff3c34671fc223f6b548bc2258f15f05","f526e1de16f5ea19e66cbae9174dc234f9abac79e7336c0bf327852e4e4b6035","d1d25888250d2abea0ebd9f495f7ff7775a959400ee52189bc87ffcf003eb797","scenario-key-v1",20260528,"94ad1cdabf4ca3f8ab36f997b8497ca632f225a35a4cf2f154dbd9915d1f66f0","652ed1b3e77dee5925b0a015f16b96dcc25f2d77","dirty","R version 4.4.1 (2024-06-14 ucrt)","x86_64-w64-mingw32","Windows 10 x64 x86-64","AMD64 Family 25 Model 116 Stepping 1, AuthenticAMD","standalone_or_unverified","gamlss.longitudinal=0.1.0;gamlss=5.4.22;gamlss.dist=6.1.1;mgcv=1.9.1;digest=0.6.36"
"discrete-base",11,95,1342780087,"discrete","NBI","C","none",100,4,5,400,TRUE,FALSE,TRUE,TRUE,TRUE,1.65999999999997,1.65999999999997,0.240000000000009,0,1.89999999999998,"fit_only","none","none",0,"",,3,"3d9dbdbc9e18eed28d48bff56e934da9ad275c0721b3a34da978270ed9d6078a","66c45aca4c6364aa9f4aef2ff55620d81066a6e52c6244ce9c79080a3c702ccd","83d3ba28f026f0da30222a6eaaf2e4ebff3c34671fc223f6b548bc2258f15f05","f526e1de16f5ea19e66cbae9174dc234f9abac79e7336c0bf327852e4e4b6035","d1d25888250d2abea0ebd9f495f7ff7775a959400ee52189bc87ffcf003eb797","scenario-key-v1",20260528,"94ad1cdabf4ca3f8ab36f997b8497ca632f225a35a4cf2f154dbd9915d1f66f0","652ed1b3e77dee5925b0a015f16b96dcc25f2d77","dirty","R version 4.4.1 (2024-06-14 ucrt)","x86_64-w64-mingw32","Windows 10 x64 x86-64","AMD64 Family 25 Model 116 Stepping 1, AuthenticAMD","standalone_or_unverified","gamlss.longitudinal=0.1.0;gamlss=5.4.22;gamlss.dist=6.1.1;mgcv=1.9.1;digest=0.6.36"
"discrete-visits",11,96,13944742,"discrete","NBI","C","n_visits",100,8,5,800,TRUE,FALSE,TRUE,TRUE,TRUE,1.96999999999997,1.96999999999997,0.480000000000018,0,2.44999999999999,"fit_only","none","none",0,"",,3,"3d9dbdbc9e18eed28d48bff56e934da9ad275c0721b3a34da978270ed9d6078a","66c45aca4c6364aa9f4aef2ff55620d81066a6e52c6244ce9c79080a3c702ccd","83d3ba28f026f0da30222a6eaaf2e4ebff3c34671fc223f6b548bc2258f15f05","f526e1de16f5ea19e66cbae9174dc234f9abac79e7336c0bf327852e4e4b6035","d1d25888250d2abea0ebd9f495f7ff7775a959400ee52189bc87ffcf003eb797","scenario-key-v1",20260528,"94ad1cdabf4ca3f8ab36f997b8497ca632f225a35a4cf2f154dbd9915d1f66f0","652ed1b3e77dee5925b0a015f16b96dcc25f2d77","dirty","R version 4.4.1 (2024-06-14 ucrt)","x86_64-w64-mingw32","Windows 10 x64 x86-64","AMD64 Family 25 Model 116 Stepping 1, AuthenticAMD","standalone_or_unverified","gamlss.longitudinal=0.1.0;gamlss=5.4.22;gamlss.dist=6.1.1;mgcv=1.9.1;digest=0.6.36"
"continuous-subjects",12,97,2073023656,"continuous","NO","N","n_subjects",250,4,5,1000,TRUE,FALSE,TRUE,TRUE,TRUE,0.849999999999966,0.849999999999966,0.450000000000045,0,1.30000000000001,"fit_only","none","none",0,"",,3,"3d9dbdbc9e18eed28d48bff56e934da9ad275c0721b3a34da978270ed9d6078a","66c45aca4c6364aa9f4aef2ff55620d81066a6e52c6244ce9c79080a3c702ccd","83d3ba28f026f0da30222a6eaaf2e4ebff3c34671fc223f6b548bc2258f15f05","f526e1de16f5ea19e66cbae9174dc234f9abac79e7336c0bf327852e4e4b6035","d1d25888250d2abea0ebd9f495f7ff7775a959400ee52189bc87ffcf003eb797","scenario-key-v1",20260528,"94ad1cdabf4ca3f8ab36f997b8497ca632f225a35a4cf2f154dbd9915d1f66f0","652ed1b3e77dee5925b0a015f16b96dcc25f2d77","dirty","R version 4.4.1 (2024-06-14 ucrt)","x86_64-w64-mingw32","Windows 10 x64 x86-64","AMD64 Family 25 Model 116 Stepping 1, AuthenticAMD","standalone_or_unverified","gamlss.longitudinal=0.1.0;gamlss=5.4.22;gamlss.dist=6.1.1;mgcv=1.9.1;digest=0.6.36"
"continuous-base",12,98,672955514,"continuous","NO","N","none",100,4,5,400,TRUE,FALSE,TRUE,TRUE,TRUE,0.439999999999998,0.439999999999998,0.170000000000016,0,0.610000000000014,"fit_only","none","none",0,"",,3,"3d9dbdbc9e18eed28d48bff56e934da9ad275c0721b3a34da978270ed9d6078a","66c45aca4c6364aa9f4aef2ff55620d81066a6e52c6244ce9c79080a3c702ccd","83d3ba28f026f0da30222a6eaaf2e4ebff3c34671fc223f6b548bc2258f15f05","f526e1de16f5ea19e66cbae9174dc234f9abac79e7336c0bf327852e4e4b6035","d1d25888250d2abea0ebd9f495f7ff7775a959400ee52189bc87ffcf003eb797","scenario-key-v1",20260528,"94ad1cdabf4ca3f8ab36f997b8497ca632f225a35a4cf2f154dbd9915d1f66f0","652ed1b3e77dee5925b0a015f16b96dcc25f2d77","dirty","R version 4.4.1 (2024-06-14 ucrt)","x86_64-w64-mingw32","Windows 10 x64 x86-64","AMD64 Family 25 Model 116 Stepping 1, AuthenticAMD","standalone_or_unverified","gamlss.longitudinal=0.1.0;gamlss=5.4.22;gamlss.dist=6.1.1;mgcv=1.9.1;digest=0.6.36"
"discrete-smooth_basis",12,99,1502497750,"discrete","NBI","C","smooth_k",100,4,10,400,TRUE,FALSE,TRUE,TRUE,TRUE,2.16000000000003,2.16000000000003,0.199999999999989,0,2.36000000000001,"fit_only","none","none",0,"",,3,"3d9dbdbc9e18eed28d48bff56e934da9ad275c0721b3a34da978270ed9d6078a","66c45aca4c6364aa9f4aef2ff55620d81066a6e52c6244ce9c79080a3c702ccd","83d3ba28f026f0da30222a6eaaf2e4ebff3c34671fc223f6b548bc2258f15f05","f526e1de16f5ea19e66cbae9174dc234f9abac79e7336c0bf327852e4e4b6035","d1d25888250d2abea0ebd9f495f7ff7775a959400ee52189bc87ffcf003eb797","scenario-key-v1",20260528,"94ad1cdabf4ca3f8ab36f997b8497ca632f225a35a4cf2f154dbd9915d1f66f0","652ed1b3e77dee5925b0a015f16b96dcc25f2d77","dirty","R version 4.4.1 (2024-06-14 ucrt)","x86_64-w64-mingw32","Windows 10 x64 x86-64","AMD64 Family 25 Model 116 Stepping 1, AuthenticAMD","standalone_or_unverified","gamlss.longitudinal=0.1.0;gamlss=5.4.22;gamlss.dist=6.1.1;mgcv=1.9.1;digest=0.6.36"
"continuous-visits",12,100,44779205,"continuous","NO","N","n_visits",100,8,5,800,TRUE,FALSE,TRUE,TRUE,TRUE,0.779999999999973,0.779999999999973,0.450000000000045,0,1.23000000000002,"fit_only","none","none",0,"",,3,"3d9dbdbc9e18eed28d48bff56e934da9ad275c0721b3a34da978270ed9d6078a","66c45aca4c6364aa9f4aef2ff55620d81066a6e52c6244ce9c79080a3c702ccd","83d3ba28f026f0da30222a6eaaf2e4ebff3c34671fc223f6b548bc2258f15f05","f526e1de16f5ea19e66cbae9174dc234f9abac79e7336c0bf327852e4e4b6035","d1d25888250d2abea0ebd9f495f7ff7775a959400ee52189bc87ffcf003eb797","scenario-key-v1",20260528,"94ad1cdabf4ca3f8ab36f997b8497ca632f225a35a4cf2f154dbd9915d1f66f0","652ed1b3e77dee5925b0a015f16b96dcc25f2d77","dirty","R version 4.4.1 (2024-06-14 ucrt)","x86_64-w64-mingw32","Windows 10 x64 x86-64","AMD64 Family 25 Model 116 Stepping 1, AuthenticAMD","standalone_or_unverified","gamlss.longitudinal=0.1.0;gamlss=5.4.22;gamlss.dist=6.1.1;mgcv=1.9.1;digest=0.6.36"
"discrete-base",12,101,1637280008,"discrete","NBI","C","none",100,4,5,400,TRUE,FALSE,TRUE,TRUE,TRUE,1.57999999999998,1.57999999999998,0.199999999999989,0,1.77999999999997,"fit_only","none","none",0,"",,3,"3d9dbdbc9e18eed28d48bff56e934da9ad275c0721b3a34da978270ed9d6078a","66c45aca4c6364aa9f4aef2ff55620d81066a6e52c6244ce9c79080a3c702ccd","83d3ba28f026f0da30222a6eaaf2e4ebff3c34671fc223f6b548bc2258f15f05","f526e1de16f5ea19e66cbae9174dc234f9abac79e7336c0bf327852e4e4b6035","d1d25888250d2abea0ebd9f495f7ff7775a959400ee52189bc87ffcf003eb797","scenario-key-v1",20260528,"94ad1cdabf4ca3f8ab36f997b8497ca632f225a35a4cf2f154dbd9915d1f66f0","652ed1b3e77dee5925b0a015f16b96dcc25f2d77","dirty","R version 4.4.1 (2024-06-14 ucrt)","x86_64-w64-mingw32","Windows 10 x64 x86-64","AMD64 Family 25 Model 116 Stepping 1, AuthenticAMD","standalone_or_unverified","gamlss.longitudinal=0.1.0;gamlss=5.4.22;gamlss.dist=6.1.1;mgcv=1.9.1;digest=0.6.36"
"discrete-visits",12,102,308444663,"discrete","NBI","C","n_visits",100,8,5,800,TRUE,FALSE,TRUE,TRUE,TRUE,4.00999999999999,4.00999999999999,0.560000000000002,0,4.56999999999999,"fit_only","none","none",0,"",,3,"3d9dbdbc9e18eed28d48bff56e934da9ad275c0721b3a34da978270ed9d6078a","66c45aca4c6364aa9f4aef2ff55620d81066a6e52c6244ce9c79080a3c702ccd","83d3ba28f026f0da30222a6eaaf2e4ebff3c34671fc223f6b548bc2258f15f05","f526e1de16f5ea19e66cbae9174dc234f9abac79e7336c0bf327852e4e4b6035","d1d25888250d2abea0ebd9f495f7ff7775a959400ee52189bc87ffcf003eb797","scenario-key-v1",20260528,"94ad1cdabf4ca3f8ab36f997b8497ca632f225a35a4cf2f154dbd9915d1f66f0","652ed1b3e77dee5925b0a015f16b96dcc25f2d77","dirty","R version 4.4.1 (2024-06-14 ucrt)","x86_64-w64-mingw32","Windows 10 x64 x86-64","AMD64 Family 25 Model 116 Stepping 1, AuthenticAMD","standalone_or_unverified","gamlss.longitudinal=0.1.0;gamlss=5.4.22;gamlss.dist=6.1.1;mgcv=1.9.1;digest=0.6.36"
"discrete-subjects",12,103,2087906272,"discrete","NBI","C","n_subjects",250,4,5,1000,TRUE,FALSE,TRUE,TRUE,TRUE,3.89999999999998,3.89999999999998,0.600000000000023,0,4.5,"fit_only","none","none",0,"",,3,"3d9dbdbc9e18eed28d48bff56e934da9ad275c0721b3a34da978270ed9d6078a","66c45aca4c6364aa9f4aef2ff55620d81066a6e52c6244ce9c79080a3c702ccd","83d3ba28f026f0da30222a6eaaf2e4ebff3c34671fc223f6b548bc2258f15f05","f526e1de16f5ea19e66cbae9174dc234f9abac79e7336c0bf327852e4e4b6035","d1d25888250d2abea0ebd9f495f7ff7775a959400ee52189bc87ffcf003eb797","scenario-key-v1",20260528,"94ad1cdabf4ca3f8ab36f997b8497ca632f225a35a4cf2f154dbd9915d1f66f0","652ed1b3e77dee5925b0a015f16b96dcc25f2d77","dirty","R version 4.4.1 (2024-06-14 ucrt)","x86_64-w64-mingw32","Windows 10 x64 x86-64","AMD64 Family 25 Model 116 Stepping 1, AuthenticAMD","standalone_or_unverified","gamlss.longitudinal=0.1.0;gamlss=5.4.22;gamlss.dist=6.1.1;mgcv=1.9.1;digest=0.6.36"
"continuous-smooth_basis",12,104,488364574,"continuous","NO","N","smooth_k",100,4,10,400,TRUE,FALSE,TRUE,TRUE,TRUE,0.589999999999975,0.589999999999975,0.189999999999998,0,0.779999999999973,"fit_only","none","none",0,"",,3,"3d9dbdbc9e18eed28d48bff56e934da9ad275c0721b3a34da978270ed9d6078a","66c45aca4c6364aa9f4aef2ff55620d81066a6e52c6244ce9c79080a3c702ccd","83d3ba28f026f0da30222a6eaaf2e4ebff3c34671fc223f6b548bc2258f15f05","f526e1de16f5ea19e66cbae9174dc234f9abac79e7336c0bf327852e4e4b6035","d1d25888250d2abea0ebd9f495f7ff7775a959400ee52189bc87ffcf003eb797","scenario-key-v1",20260528,"94ad1cdabf4ca3f8ab36f997b8497ca632f225a35a4cf2f154dbd9915d1f66f0","652ed1b3e77dee5925b0a015f16b96dcc25f2d77","dirty","R version 4.4.1 (2024-06-14 ucrt)","x86_64-w64-mingw32","Windows 10 x64 x86-64","AMD64 Family 25 Model 116 Stepping 1, AuthenticAMD","standalone_or_unverified","gamlss.longitudinal=0.1.0;gamlss=5.4.22;gamlss.dist=6.1.1;mgcv=1.9.1;digest=0.6.36"
"continuous-visits",13,105,339279126,"continuous","NO","N","n_visits",100,8,5,800,TRUE,FALSE,TRUE,TRUE,TRUE,0.579999999999984,0.579999999999984,0.410000000000025,0,0.990000000000009,"fit_only","none","none",0,"",,3,"3d9dbdbc9e18eed28d48bff56e934da9ad275c0721b3a34da978270ed9d6078a","66c45aca4c6364aa9f4aef2ff55620d81066a6e52c6244ce9c79080a3c702ccd","83d3ba28f026f0da30222a6eaaf2e4ebff3c34671fc223f6b548bc2258f15f05","f526e1de16f5ea19e66cbae9174dc234f9abac79e7336c0bf327852e4e4b6035","d1d25888250d2abea0ebd9f495f7ff7775a959400ee52189bc87ffcf003eb797","scenario-key-v1",20260528,"94ad1cdabf4ca3f8ab36f997b8497ca632f225a35a4cf2f154dbd9915d1f66f0","652ed1b3e77dee5925b0a015f16b96dcc25f2d77","dirty","R version 4.4.1 (2024-06-14 ucrt)","x86_64-w64-mingw32","Windows 10 x64 x86-64","AMD64 Family 25 Model 116 Stepping 1, AuthenticAMD","standalone_or_unverified","gamlss.longitudinal=0.1.0;gamlss=5.4.22;gamlss.dist=6.1.1;mgcv=1.9.1;digest=0.6.36"
"discrete-base",13,106,1931779929,"discrete","NBI","C","none",100,4,5,400,TRUE,FALSE,TRUE,TRUE,TRUE,2.07999999999998,2.07999999999998,0.199999999999989,0,2.27999999999997,"fit_only","none","none",0,"",,3,"3d9dbdbc9e18eed28d48bff56e934da9ad275c0721b3a34da978270ed9d6078a","66c45aca4c6364aa9f4aef2ff55620d81066a6e52c6244ce9c79080a3c702ccd","83d3ba28f026f0da30222a6eaaf2e4ebff3c34671fc223f6b548bc2258f15f05","f526e1de16f5ea19e66cbae9174dc234f9abac79e7336c0bf327852e4e4b6035","d1d25888250d2abea0ebd9f495f7ff7775a959400ee52189bc87ffcf003eb797","scenario-key-v1",20260528,"94ad1cdabf4ca3f8ab36f997b8497ca632f225a35a4cf2f154dbd9915d1f66f0","652ed1b3e77dee5925b0a015f16b96dcc25f2d77","dirty","R version 4.4.1 (2024-06-14 ucrt)","x86_64-w64-mingw32","Windows 10 x64 x86-64","AMD64 Family 25 Model 116 Stepping 1, AuthenticAMD","standalone_or_unverified","gamlss.longitudinal=0.1.0;gamlss=5.4.22;gamlss.dist=6.1.1;mgcv=1.9.1;digest=0.6.36"
"discrete-visits",13,107,602944584,"discrete","NBI","C","n_visits",100,8,5,800,TRUE,FALSE,TRUE,TRUE,TRUE,5.15000000000003,5.15000000000003,0.610000000000014,0,5.76000000000005,"fit_only","none","none",0,"",,3,"3d9dbdbc9e18eed28d48bff56e934da9ad275c0721b3a34da978270ed9d6078a","66c45aca4c6364aa9f4aef2ff55620d81066a6e52c6244ce9c79080a3c702ccd","83d3ba28f026f0da30222a6eaaf2e4ebff3c34671fc223f6b548bc2258f15f05","f526e1de16f5ea19e66cbae9174dc234f9abac79e7336c0bf327852e4e4b6035","d1d25888250d2abea0ebd9f495f7ff7775a959400ee52189bc87ffcf003eb797","scenario-key-v1",20260528,"94ad1cdabf4ca3f8ab36f997b8497ca632f225a35a4cf2f154dbd9915d1f66f0","652ed1b3e77dee5925b0a015f16b96dcc25f2d77","dirty","R version 4.4.1 (2024-06-14 ucrt)","x86_64-w64-mingw32","Windows 10 x64 x86-64","AMD64 Family 25 Model 116 Stepping 1, AuthenticAMD","standalone_or_unverified","gamlss.longitudinal=0.1.0;gamlss=5.4.22;gamlss.dist=6.1.1;mgcv=1.9.1;digest=0.6.36"
"discrete-subjects",13,108,234922547,"discrete","NBI","C","n_subjects",250,4,5,1000,TRUE,FALSE,TRUE,TRUE,TRUE,6.18000000000001,6.18000000000001,1.16999999999996,0,7.34999999999997,"fit_only","none","none",0,"",,3,"3d9dbdbc9e18eed28d48bff56e934da9ad275c0721b3a34da978270ed9d6078a","66c45aca4c6364aa9f4aef2ff55620d81066a6e52c6244ce9c79080a3c702ccd","83d3ba28f026f0da30222a6eaaf2e4ebff3c34671fc223f6b548bc2258f15f05","f526e1de16f5ea19e66cbae9174dc234f9abac79e7336c0bf327852e4e4b6035","d1d25888250d2abea0ebd9f495f7ff7775a959400ee52189bc87ffcf003eb797","scenario-key-v1",20260528,"94ad1cdabf4ca3f8ab36f997b8497ca632f225a35a4cf2f154dbd9915d1f66f0","652ed1b3e77dee5925b0a015f16b96dcc25f2d77","dirty","R version 4.4.1 (2024-06-14 ucrt)","x86_64-w64-mingw32","Windows 10 x64 x86-64","AMD64 Family 25 Model 116 Stepping 1, AuthenticAMD","standalone_or_unverified","gamlss.longitudinal=0.1.0;gamlss=5.4.22;gamlss.dist=6.1.1;mgcv=1.9.1;digest=0.6.36"
"continuous-smooth_basis",13,109,782864495,"continuous","NO","N","smooth_k",100,4,10,400,TRUE,FALSE,TRUE,TRUE,TRUE,1.03000000000003,1.03000000000003,0.28000000000003,0,1.31000000000006,"fit_only","none","none",0,"",,3,"3d9dbdbc9e18eed28d48bff56e934da9ad275c0721b3a34da978270ed9d6078a","66c45aca4c6364aa9f4aef2ff55620d81066a6e52c6244ce9c79080a3c702ccd","83d3ba28f026f0da30222a6eaaf2e4ebff3c34671fc223f6b548bc2258f15f05","f526e1de16f5ea19e66cbae9174dc234f9abac79e7336c0bf327852e4e4b6035","d1d25888250d2abea0ebd9f495f7ff7775a959400ee52189bc87ffcf003eb797","scenario-key-v1",20260528,"94ad1cdabf4ca3f8ab36f997b8497ca632f225a35a4cf2f154dbd9915d1f66f0","652ed1b3e77dee5925b0a015f16b96dcc25f2d77","dirty","R version 4.4.1 (2024-06-14 ucrt)","x86_64-w64-mingw32","Windows 10 x64 x86-64","AMD64 Family 25 Model 116 Stepping 1, AuthenticAMD","standalone_or_unverified","gamlss.longitudinal=0.1.0;gamlss=5.4.22;gamlss.dist=6.1.1;mgcv=1.9.1;digest=0.6.36"
"continuous-subjects",13,110,220039931,"continuous","NO","N","n_subjects",250,4,5,1000,TRUE,FALSE,TRUE,TRUE,TRUE,2.11000000000001,2.11000000000001,0.769999999999982,0,2.88,"fit_only","none","none",0,"",,3,"3d9dbdbc9e18eed28d48bff56e934da9ad275c0721b3a34da978270ed9d6078a","66c45aca4c6364aa9f4aef2ff55620d81066a6e52c6244ce9c79080a3c702ccd","83d3ba28f026f0da30222a6eaaf2e4ebff3c34671fc223f6b548bc2258f15f05","f526e1de16f5ea19e66cbae9174dc234f9abac79e7336c0bf327852e4e4b6035","d1d25888250d2abea0ebd9f495f7ff7775a959400ee52189bc87ffcf003eb797","scenario-key-v1",20260528,"94ad1cdabf4ca3f8ab36f997b8497ca632f225a35a4cf2f154dbd9915d1f66f0","652ed1b3e77dee5925b0a015f16b96dcc25f2d77","dirty","R version 4.4.1 (2024-06-14 ucrt)","x86_64-w64-mingw32","Windows 10 x64 x86-64","AMD64 Family 25 Model 116 Stepping 1, AuthenticAMD","standalone_or_unverified","gamlss.longitudinal=0.1.0;gamlss=5.4.22;gamlss.dist=6.1.1;mgcv=1.9.1;digest=0.6.36"
"continuous-base",13,111,967455435,"continuous","NO","N","none",100,4,5,400,TRUE,FALSE,TRUE,TRUE,TRUE,1.01999999999998,1.01999999999998,0.310000000000002,0,1.32999999999998,"fit_only","none","none",0,"",,3,"3d9dbdbc9e18eed28d48bff56e934da9ad275c0721b3a34da978270ed9d6078a","66c45aca4c6364aa9f4aef2ff55620d81066a6e52c6244ce9c79080a3c702ccd","83d3ba28f026f0da30222a6eaaf2e4ebff3c34671fc223f6b548bc2258f15f05","f526e1de16f5ea19e66cbae9174dc234f9abac79e7336c0bf327852e4e4b6035","d1d25888250d2abea0ebd9f495f7ff7775a959400ee52189bc87ffcf003eb797","scenario-key-v1",20260528,"94ad1cdabf4ca3f8ab36f997b8497ca632f225a35a4cf2f154dbd9915d1f66f0","652ed1b3e77dee5925b0a015f16b96dcc25f2d77","dirty","R version 4.4.1 (2024-06-14 ucrt)","x86_64-w64-mingw32","Windows 10 x64 x86-64","AMD64 Family 25 Model 116 Stepping 1, AuthenticAMD","standalone_or_unverified","gamlss.longitudinal=0.1.0;gamlss=5.4.22;gamlss.dist=6.1.1;mgcv=1.9.1;digest=0.6.36"
"discrete-smooth_basis",13,112,1796997671,"discrete","NBI","C","smooth_k",100,4,10,400,TRUE,FALSE,TRUE,TRUE,TRUE,5.06999999999999,5.06999999999999,0.399999999999977,0,5.46999999999997,"fit_only","none","none",0,"",,3,"3d9dbdbc9e18eed28d48bff56e934da9ad275c0721b3a34da978270ed9d6078a","66c45aca4c6364aa9f4aef2ff55620d81066a6e52c6244ce9c79080a3c702ccd","83d3ba28f026f0da30222a6eaaf2e4ebff3c34671fc223f6b548bc2258f15f05","f526e1de16f5ea19e66cbae9174dc234f9abac79e7336c0bf327852e4e4b6035","d1d25888250d2abea0ebd9f495f7ff7775a959400ee52189bc87ffcf003eb797","scenario-key-v1",20260528,"94ad1cdabf4ca3f8ab36f997b8497ca632f225a35a4cf2f154dbd9915d1f66f0","652ed1b3e77dee5925b0a015f16b96dcc25f2d77","dirty","R version 4.4.1 (2024-06-14 ucrt)","x86_64-w64-mingw32","Windows 10 x64 x86-64","AMD64 Family 25 Model 116 Stepping 1, AuthenticAMD","standalone_or_unverified","gamlss.longitudinal=0.1.0;gamlss=5.4.22;gamlss.dist=6.1.1;mgcv=1.9.1;digest=0.6.36"
"continuous-visits",14,113,633779047,"continuous","NO","N","n_visits",100,8,5,800,TRUE,FALSE,TRUE,TRUE,TRUE,1.18000000000001,1.18000000000001,0.770000000000039,0.0199999999999818,1.97000000000003,"fit_only","none","none",0,"",,3,"3d9dbdbc9e18eed28d48bff56e934da9ad275c0721b3a34da978270ed9d6078a","66c45aca4c6364aa9f4aef2ff55620d81066a6e52c6244ce9c79080a3c702ccd","83d3ba28f026f0da30222a6eaaf2e4ebff3c34671fc223f6b548bc2258f15f05","f526e1de16f5ea19e66cbae9174dc234f9abac79e7336c0bf327852e4e4b6035","d1d25888250d2abea0ebd9f495f7ff7775a959400ee52189bc87ffcf003eb797","scenario-key-v1",20260528,"94ad1cdabf4ca3f8ab36f997b8497ca632f225a35a4cf2f154dbd9915d1f66f0","652ed1b3e77dee5925b0a015f16b96dcc25f2d77","dirty","R version 4.4.1 (2024-06-14 ucrt)","x86_64-w64-mingw32","Windows 10 x64 x86-64","AMD64 Family 25 Model 116 Stepping 1, AuthenticAMD","standalone_or_unverified","gamlss.longitudinal=0.1.0;gamlss=5.4.22;gamlss.dist=6.1.1;mgcv=1.9.1;digest=0.6.36"
"discrete-base",14,114,78796204,"discrete","NBI","C","none",100,4,5,400,TRUE,FALSE,TRUE,TRUE,TRUE,3.33999999999997,3.33999999999997,0.420000000000016,0,3.75999999999999,"fit_only","none","none",0,"",,3,"3d9dbdbc9e18eed28d48bff56e934da9ad275c0721b3a34da978270ed9d6078a","66c45aca4c6364aa9f4aef2ff55620d81066a6e52c6244ce9c79080a3c702ccd","83d3ba28f026f0da30222a6eaaf2e4ebff3c34671fc223f6b548bc2258f15f05","f526e1de16f5ea19e66cbae9174dc234f9abac79e7336c0bf327852e4e4b6035","d1d25888250d2abea0ebd9f495f7ff7775a959400ee52189bc87ffcf003eb797","scenario-key-v1",20260528,"94ad1cdabf4ca3f8ab36f997b8497ca632f225a35a4cf2f154dbd9915d1f66f0","652ed1b3e77dee5925b0a015f16b96dcc25f2d77","dirty","R version 4.4.1 (2024-06-14 ucrt)","x86_64-w64-mingw32","Windows 10 x64 x86-64","AMD64 Family 25 Model 116 Stepping 1, AuthenticAMD","standalone_or_unverified","gamlss.longitudinal=0.1.0;gamlss=5.4.22;gamlss.dist=6.1.1;mgcv=1.9.1;digest=0.6.36"
"discrete-visits",14,115,897444505,"discrete","NBI","C","n_visits",100,8,5,800,TRUE,FALSE,TRUE,TRUE,TRUE,8.21999999999997,8.21999999999997,0.889999999999986,0,9.10999999999996,"fit_only","none","none",0,"",,3,"3d9dbdbc9e18eed28d48bff56e934da9ad275c0721b3a34da978270ed9d6078a","66c45aca4c6364aa9f4aef2ff55620d81066a6e52c6244ce9c79080a3c702ccd","83d3ba28f026f0da30222a6eaaf2e4ebff3c34671fc223f6b548bc2258f15f05","f526e1de16f5ea19e66cbae9174dc234f9abac79e7336c0bf327852e4e4b6035","d1d25888250d2abea0ebd9f495f7ff7775a959400ee52189bc87ffcf003eb797","scenario-key-v1",20260528,"94ad1cdabf4ca3f8ab36f997b8497ca632f225a35a4cf2f154dbd9915d1f66f0","652ed1b3e77dee5925b0a015f16b96dcc25f2d77","dirty","R version 4.4.1 (2024-06-14 ucrt)","x86_64-w64-mingw32","Windows 10 x64 x86-64","AMD64 Family 25 Model 116 Stepping 1, AuthenticAMD","standalone_or_unverified","gamlss.longitudinal=0.1.0;gamlss=5.4.22;gamlss.dist=6.1.1;mgcv=1.9.1;digest=0.6.36"
"discrete-subjects",14,116,529422468,"discrete","NBI","C","n_subjects",250,4,5,1000,TRUE,FALSE,TRUE,TRUE,TRUE,6.27999999999997,6.27999999999997,0.870000000000005,0,7.14999999999998,"fit_only","none","none",0,"",,3,"3d9dbdbc9e18eed28d48bff56e934da9ad275c0721b3a34da978270ed9d6078a","66c45aca4c6364aa9f4aef2ff55620d81066a6e52c6244ce9c79080a3c702ccd","83d3ba28f026f0da30222a6eaaf2e4ebff3c34671fc223f6b548bc2258f15f05","f526e1de16f5ea19e66cbae9174dc234f9abac79e7336c0bf327852e4e4b6035","d1d25888250d2abea0ebd9f495f7ff7775a959400ee52189bc87ffcf003eb797","scenario-key-v1",20260528,"94ad1cdabf4ca3f8ab36f997b8497ca632f225a35a4cf2f154dbd9915d1f66f0","652ed1b3e77dee5925b0a015f16b96dcc25f2d77","dirty","R version 4.4.1 (2024-06-14 ucrt)","x86_64-w64-mingw32","Windows 10 x64 x86-64","AMD64 Family 25 Model 116 Stepping 1, AuthenticAMD","standalone_or_unverified","gamlss.longitudinal=0.1.0;gamlss=5.4.22;gamlss.dist=6.1.1;mgcv=1.9.1;digest=0.6.36"
"continuous-smooth_basis",14,117,1077364416,"continuous","NO","N","smooth_k",100,4,10,400,TRUE,FALSE,TRUE,TRUE,TRUE,0.399999999999977,0.399999999999977,0.300000000000011,0,0.699999999999989,"fit_only","none","none",0,"",,3,"3d9dbdbc9e18eed28d48bff56e934da9ad275c0721b3a34da978270ed9d6078a","66c45aca4c6364aa9f4aef2ff55620d81066a6e52c6244ce9c79080a3c702ccd","83d3ba28f026f0da30222a6eaaf2e4ebff3c34671fc223f6b548bc2258f15f05","f526e1de16f5ea19e66cbae9174dc234f9abac79e7336c0bf327852e4e4b6035","d1d25888250d2abea0ebd9f495f7ff7775a959400ee52189bc87ffcf003eb797","scenario-key-v1",20260528,"94ad1cdabf4ca3f8ab36f997b8497ca632f225a35a4cf2f154dbd9915d1f66f0","652ed1b3e77dee5925b0a015f16b96dcc25f2d77","dirty","R version 4.4.1 (2024-06-14 ucrt)","x86_64-w64-mingw32","Windows 10 x64 x86-64","AMD64 Family 25 Model 116 Stepping 1, AuthenticAMD","standalone_or_unverified","gamlss.longitudinal=0.1.0;gamlss=5.4.22;gamlss.dist=6.1.1;mgcv=1.9.1;digest=0.6.36"
"continuous-subjects",14,118,514539852,"continuous","NO","N","n_subjects",250,4,5,1000,TRUE,FALSE,TRUE,TRUE,TRUE,1.69999999999999,1.69999999999999,0.740000000000009,0,2.44,"fit_only","none","none",0,"",,3,"3d9dbdbc9e18eed28d48bff56e934da9ad275c0721b3a34da978270ed9d6078a","66c45aca4c6364aa9f4aef2ff55620d81066a6e52c6244ce9c79080a3c702ccd","83d3ba28f026f0da30222a6eaaf2e4ebff3c34671fc223f6b548bc2258f15f05","f526e1de16f5ea19e66cbae9174dc234f9abac79e7336c0bf327852e4e4b6035","d1d25888250d2abea0ebd9f495f7ff7775a959400ee52189bc87ffcf003eb797","scenario-key-v1",20260528,"94ad1cdabf4ca3f8ab36f997b8497ca632f225a35a4cf2f154dbd9915d1f66f0","652ed1b3e77dee5925b0a015f16b96dcc25f2d77","dirty","R version 4.4.1 (2024-06-14 ucrt)","x86_64-w64-mingw32","Windows 10 x64 x86-64","AMD64 Family 25 Model 116 Stepping 1, AuthenticAMD","standalone_or_unverified","gamlss.longitudinal=0.1.0;gamlss=5.4.22;gamlss.dist=6.1.1;mgcv=1.9.1;digest=0.6.36"
"continuous-base",14,119,1261955356,"continuous","NO","N","none",100,4,5,400,TRUE,FALSE,TRUE,TRUE,TRUE,1.40999999999997,1.40999999999997,0.330000000000041,0,1.74000000000001,"fit_only","none","none",0,"",,3,"3d9dbdbc9e18eed28d48bff56e934da9ad275c0721b3a34da978270ed9d6078a","66c45aca4c6364aa9f4aef2ff55620d81066a6e52c6244ce9c79080a3c702ccd","83d3ba28f026f0da30222a6eaaf2e4ebff3c34671fc223f6b548bc2258f15f05","f526e1de16f5ea19e66cbae9174dc234f9abac79e7336c0bf327852e4e4b6035","d1d25888250d2abea0ebd9f495f7ff7775a959400ee52189bc87ffcf003eb797","scenario-key-v1",20260528,"94ad1cdabf4ca3f8ab36f997b8497ca632f225a35a4cf2f154dbd9915d1f66f0","652ed1b3e77dee5925b0a015f16b96dcc25f2d77","dirty","R version 4.4.1 (2024-06-14 ucrt)","x86_64-w64-mingw32","Windows 10 x64 x86-64","AMD64 Family 25 Model 116 Stepping 1, AuthenticAMD","standalone_or_unverified","gamlss.longitudinal=0.1.0;gamlss=5.4.22;gamlss.dist=6.1.1;mgcv=1.9.1;digest=0.6.36"
"discrete-smooth_basis",14,120,2091497592,"discrete","NBI","C","smooth_k",100,4,10,400,TRUE,FALSE,TRUE,TRUE,TRUE,3.56999999999999,3.56999999999999,0.340000000000032,0,3.91000000000003,"fit_only","none","none",0,"",,3,"3d9dbdbc9e18eed28d48bff56e934da9ad275c0721b3a34da978270ed9d6078a","66c45aca4c6364aa9f4aef2ff55620d81066a6e52c6244ce9c79080a3c702ccd","83d3ba28f026f0da30222a6eaaf2e4ebff3c34671fc223f6b548bc2258f15f05","f526e1de16f5ea19e66cbae9174dc234f9abac79e7336c0bf327852e4e4b6035","d1d25888250d2abea0ebd9f495f7ff7775a959400ee52189bc87ffcf003eb797","scenario-key-v1",20260528,"94ad1cdabf4ca3f8ab36f997b8497ca632f225a35a4cf2f154dbd9915d1f66f0","652ed1b3e77dee5925b0a015f16b96dcc25f2d77","dirty","R version 4.4.1 (2024-06-14 ucrt)","x86_64-w64-mingw32","Windows 10 x64 x86-64","AMD64 Family 25 Model 116 Stepping 1, AuthenticAMD","standalone_or_unverified","gamlss.longitudinal=0.1.0;gamlss=5.4.22;gamlss.dist=6.1.1;mgcv=1.9.1;digest=0.6.36"
"discrete-base",15,121,373296125,"discrete","NBI","C","none",100,4,5,400,TRUE,FALSE,TRUE,TRUE,TRUE,2.61000000000001,2.61000000000001,0.339999999999975,0,2.94999999999999,"fit_only","none","none",0,"",,3,"3d9dbdbc9e18eed28d48bff56e934da9ad275c0721b3a34da978270ed9d6078a","66c45aca4c6364aa9f4aef2ff55620d81066a6e52c6244ce9c79080a3c702ccd","83d3ba28f026f0da30222a6eaaf2e4ebff3c34671fc223f6b548bc2258f15f05","f526e1de16f5ea19e66cbae9174dc234f9abac79e7336c0bf327852e4e4b6035","d1d25888250d2abea0ebd9f495f7ff7775a959400ee52189bc87ffcf003eb797","scenario-key-v1",20260528,"94ad1cdabf4ca3f8ab36f997b8497ca632f225a35a4cf2f154dbd9915d1f66f0","652ed1b3e77dee5925b0a015f16b96dcc25f2d77","dirty","R version 4.4.1 (2024-06-14 ucrt)","x86_64-w64-mingw32","Windows 10 x64 x86-64","AMD64 Family 25 Model 116 Stepping 1, AuthenticAMD","standalone_or_unverified","gamlss.longitudinal=0.1.0;gamlss=5.4.22;gamlss.dist=6.1.1;mgcv=1.9.1;digest=0.6.36"
"discrete-visits",15,122,1191944426,"discrete","NBI","C","n_visits",100,8,5,800,TRUE,FALSE,TRUE,TRUE,TRUE,8.81999999999999,8.81999999999999,0.839999999999975,0,9.65999999999997,"fit_only","none","none",0,"",,3,"3d9dbdbc9e18eed28d48bff56e934da9ad275c0721b3a34da978270ed9d6078a","66c45aca4c6364aa9f4aef2ff55620d81066a6e52c6244ce9c79080a3c702ccd","83d3ba28f026f0da30222a6eaaf2e4ebff3c34671fc223f6b548bc2258f15f05","f526e1de16f5ea19e66cbae9174dc234f9abac79e7336c0bf327852e4e4b6035","d1d25888250d2abea0ebd9f495f7ff7775a959400ee52189bc87ffcf003eb797","scenario-key-v1",20260528,"94ad1cdabf4ca3f8ab36f997b8497ca632f225a35a4cf2f154dbd9915d1f66f0","652ed1b3e77dee5925b0a015f16b96dcc25f2d77","dirty","R version 4.4.1 (2024-06-14 ucrt)","x86_64-w64-mingw32","Windows 10 x64 x86-64","AMD64 Family 25 Model 116 Stepping 1, AuthenticAMD","standalone_or_unverified","gamlss.longitudinal=0.1.0;gamlss=5.4.22;gamlss.dist=6.1.1;mgcv=1.9.1;digest=0.6.36"
"discrete-subjects",15,123,823922389,"discrete","NBI","C","n_subjects",250,4,5,1000,TRUE,FALSE,TRUE,TRUE,TRUE,7.01999999999998,7.01999999999998,0.899999999999977,0,7.91999999999996,"fit_only","none","none",0,"",,3,"3d9dbdbc9e18eed28d48bff56e934da9ad275c0721b3a34da978270ed9d6078a","66c45aca4c6364aa9f4aef2ff55620d81066a6e52c6244ce9c79080a3c702ccd","83d3ba28f026f0da30222a6eaaf2e4ebff3c34671fc223f6b548bc2258f15f05","f526e1de16f5ea19e66cbae9174dc234f9abac79e7336c0bf327852e4e4b6035","d1d25888250d2abea0ebd9f495f7ff7775a959400ee52189bc87ffcf003eb797","scenario-key-v1",20260528,"94ad1cdabf4ca3f8ab36f997b8497ca632f225a35a4cf2f154dbd9915d1f66f0","652ed1b3e77dee5925b0a015f16b96dcc25f2d77","dirty","R version 4.4.1 (2024-06-14 ucrt)","x86_64-w64-mingw32","Windows 10 x64 x86-64","AMD64 Family 25 Model 116 Stepping 1, AuthenticAMD","standalone_or_unverified","gamlss.longitudinal=0.1.0;gamlss=5.4.22;gamlss.dist=6.1.1;mgcv=1.9.1;digest=0.6.36"
"continuous-smooth_basis",15,124,1371864337,"continuous","NO","N","smooth_k",100,4,10,400,TRUE,FALSE,TRUE,TRUE,TRUE,0.650000000000034,0.650000000000034,0.279999999999973,0,0.930000000000007,"fit_only","none","none",0,"",,3,"3d9dbdbc9e18eed28d48bff56e934da9ad275c0721b3a34da978270ed9d6078a","66c45aca4c6364aa9f4aef2ff55620d81066a6e52c6244ce9c79080a3c702ccd","83d3ba28f026f0da30222a6eaaf2e4ebff3c34671fc223f6b548bc2258f15f05","f526e1de16f5ea19e66cbae9174dc234f9abac79e7336c0bf327852e4e4b6035","d1d25888250d2abea0ebd9f495f7ff7775a959400ee52189bc87ffcf003eb797","scenario-key-v1",20260528,"94ad1cdabf4ca3f8ab36f997b8497ca632f225a35a4cf2f154dbd9915d1f66f0","652ed1b3e77dee5925b0a015f16b96dcc25f2d77","dirty","R version 4.4.1 (2024-06-14 ucrt)","x86_64-w64-mingw32","Windows 10 x64 x86-64","AMD64 Family 25 Model 116 Stepping 1, AuthenticAMD","standalone_or_unverified","gamlss.longitudinal=0.1.0;gamlss=5.4.22;gamlss.dist=6.1.1;mgcv=1.9.1;digest=0.6.36"
"continuous-subjects",15,125,809039773,"continuous","NO","N","n_subjects",250,4,5,1000,TRUE,FALSE,TRUE,TRUE,TRUE,1,1,1.02999999999997,0.00999999999999091,2.03999999999996,"fit_only","none","none",0,"",,3,"3d9dbdbc9e18eed28d48bff56e934da9ad275c0721b3a34da978270ed9d6078a","66c45aca4c6364aa9f4aef2ff55620d81066a6e52c6244ce9c79080a3c702ccd","83d3ba28f026f0da30222a6eaaf2e4ebff3c34671fc223f6b548bc2258f15f05","f526e1de16f5ea19e66cbae9174dc234f9abac79e7336c0bf327852e4e4b6035","d1d25888250d2abea0ebd9f495f7ff7775a959400ee52189bc87ffcf003eb797","scenario-key-v1",20260528,"94ad1cdabf4ca3f8ab36f997b8497ca632f225a35a4cf2f154dbd9915d1f66f0","652ed1b3e77dee5925b0a015f16b96dcc25f2d77","dirty","R version 4.4.1 (2024-06-14 ucrt)","x86_64-w64-mingw32","Windows 10 x64 x86-64","AMD64 Family 25 Model 116 Stepping 1, AuthenticAMD","standalone_or_unverified","gamlss.longitudinal=0.1.0;gamlss=5.4.22;gamlss.dist=6.1.1;mgcv=1.9.1;digest=0.6.36"
"continuous-base",15,126,1556455277,"continuous","NO","N","none",100,4,5,400,TRUE,FALSE,TRUE,TRUE,TRUE,1.19999999999999,1.19999999999999,0.329999999999984,0,1.52999999999997,"fit_only","none","none",0,"",,3,"3d9dbdbc9e18eed28d48bff56e934da9ad275c0721b3a34da978270ed9d6078a","66c45aca4c6364aa9f4aef2ff55620d81066a6e52c6244ce9c79080a3c702ccd","83d3ba28f026f0da30222a6eaaf2e4ebff3c34671fc223f6b548bc2258f15f05","f526e1de16f5ea19e66cbae9174dc234f9abac79e7336c0bf327852e4e4b6035","d1d25888250d2abea0ebd9f495f7ff7775a959400ee52189bc87ffcf003eb797","scenario-key-v1",20260528,"94ad1cdabf4ca3f8ab36f997b8497ca632f225a35a4cf2f154dbd9915d1f66f0","652ed1b3e77dee5925b0a015f16b96dcc25f2d77","dirty","R version 4.4.1 (2024-06-14 ucrt)","x86_64-w64-mingw32","Windows 10 x64 x86-64","AMD64 Family 25 Model 116 Stepping 1, AuthenticAMD","standalone_or_unverified","gamlss.longitudinal=0.1.0;gamlss=5.4.22;gamlss.dist=6.1.1;mgcv=1.9.1;digest=0.6.36"
"discrete-smooth_basis",15,127,238513867,"discrete","NBI","C","smooth_k",100,4,10,400,TRUE,FALSE,TRUE,TRUE,TRUE,5.19999999999999,5.19999999999999,0.360000000000014,0,5.56,"fit_only","none","none",0,"",,3,"3d9dbdbc9e18eed28d48bff56e934da9ad275c0721b3a34da978270ed9d6078a","66c45aca4c6364aa9f4aef2ff55620d81066a6e52c6244ce9c79080a3c702ccd","83d3ba28f026f0da30222a6eaaf2e4ebff3c34671fc223f6b548bc2258f15f05","f526e1de16f5ea19e66cbae9174dc234f9abac79e7336c0bf327852e4e4b6035","d1d25888250d2abea0ebd9f495f7ff7775a959400ee52189bc87ffcf003eb797","scenario-key-v1",20260528,"94ad1cdabf4ca3f8ab36f997b8497ca632f225a35a4cf2f154dbd9915d1f66f0","652ed1b3e77dee5925b0a015f16b96dcc25f2d77","dirty","R version 4.4.1 (2024-06-14 ucrt)","x86_64-w64-mingw32","Windows 10 x64 x86-64","AMD64 Family 25 Model 116 Stepping 1, AuthenticAMD","standalone_or_unverified","gamlss.longitudinal=0.1.0;gamlss=5.4.22;gamlss.dist=6.1.1;mgcv=1.9.1;digest=0.6.36"
"continuous-visits",15,128,928278968,"continuous","NO","N","n_visits",100,8,5,800,TRUE,FALSE,TRUE,TRUE,TRUE,1,1,0.769999999999982,0,1.76999999999998,"fit_only","none","none",0,"",,3,"3d9dbdbc9e18eed28d48bff56e934da9ad275c0721b3a34da978270ed9d6078a","66c45aca4c6364aa9f4aef2ff55620d81066a6e52c6244ce9c79080a3c702ccd","83d3ba28f026f0da30222a6eaaf2e4ebff3c34671fc223f6b548bc2258f15f05","f526e1de16f5ea19e66cbae9174dc234f9abac79e7336c0bf327852e4e4b6035","d1d25888250d2abea0ebd9f495f7ff7775a959400ee52189bc87ffcf003eb797","scenario-key-v1",20260528,"94ad1cdabf4ca3f8ab36f997b8497ca632f225a35a4cf2f154dbd9915d1f66f0","652ed1b3e77dee5925b0a015f16b96dcc25f2d77","dirty","R version 4.4.1 (2024-06-14 ucrt)","x86_64-w64-mingw32","Windows 10 x64 x86-64","AMD64 Family 25 Model 116 Stepping 1, AuthenticAMD","standalone_or_unverified","gamlss.longitudinal=0.1.0;gamlss=5.4.22;gamlss.dist=6.1.1;mgcv=1.9.1;digest=0.6.36"
"discrete-subjects",16,129,1118422310,"discrete","NBI","C","n_subjects",250,4,5,1000,TRUE,FALSE,TRUE,TRUE,TRUE,6.06,6.06,0.920000000000016,0,6.98000000000002,"fit_only","none","none",0,"",,3,"3d9dbdbc9e18eed28d48bff56e934da9ad275c0721b3a34da978270ed9d6078a","66c45aca4c6364aa9f4aef2ff55620d81066a6e52c6244ce9c79080a3c702ccd","83d3ba28f026f0da30222a6eaaf2e4ebff3c34671fc223f6b548bc2258f15f05","f526e1de16f5ea19e66cbae9174dc234f9abac79e7336c0bf327852e4e4b6035","d1d25888250d2abea0ebd9f495f7ff7775a959400ee52189bc87ffcf003eb797","scenario-key-v1",20260528,"94ad1cdabf4ca3f8ab36f997b8497ca632f225a35a4cf2f154dbd9915d1f66f0","652ed1b3e77dee5925b0a015f16b96dcc25f2d77","dirty","R version 4.4.1 (2024-06-14 ucrt)","x86_64-w64-mingw32","Windows 10 x64 x86-64","AMD64 Family 25 Model 116 Stepping 1, AuthenticAMD","standalone_or_unverified","gamlss.longitudinal=0.1.0;gamlss=5.4.22;gamlss.dist=6.1.1;mgcv=1.9.1;digest=0.6.36"
"continuous-smooth_basis",16,130,1666364258,"continuous","NO","N","smooth_k",100,4,10,400,TRUE,FALSE,TRUE,TRUE,TRUE,1.08000000000004,1.08000000000004,0.359999999999957,0,1.44,"fit_only","none","none",0,"",,3,"3d9dbdbc9e18eed28d48bff56e934da9ad275c0721b3a34da978270ed9d6078a","66c45aca4c6364aa9f4aef2ff55620d81066a6e52c6244ce9c79080a3c702ccd","83d3ba28f026f0da30222a6eaaf2e4ebff3c34671fc223f6b548bc2258f15f05","f526e1de16f5ea19e66cbae9174dc234f9abac79e7336c0bf327852e4e4b6035","d1d25888250d2abea0ebd9f495f7ff7775a959400ee52189bc87ffcf003eb797","scenario-key-v1",20260528,"94ad1cdabf4ca3f8ab36f997b8497ca632f225a35a4cf2f154dbd9915d1f66f0","652ed1b3e77dee5925b0a015f16b96dcc25f2d77","dirty","R version 4.4.1 (2024-06-14 ucrt)","x86_64-w64-mingw32","Windows 10 x64 x86-64","AMD64 Family 25 Model 116 Stepping 1, AuthenticAMD","standalone_or_unverified","gamlss.longitudinal=0.1.0;gamlss=5.4.22;gamlss.dist=6.1.1;mgcv=1.9.1;digest=0.6.36"
"continuous-subjects",16,131,1103539694,"continuous","NO","N","n_subjects",250,4,5,1000,TRUE,FALSE,TRUE,TRUE,TRUE,1.27999999999997,1.27999999999997,0.800000000000011,0,2.07999999999998,"fit_only","none","none",0,"",,3,"3d9dbdbc9e18eed28d48bff56e934da9ad275c0721b3a34da978270ed9d6078a","66c45aca4c6364aa9f4aef2ff55620d81066a6e52c6244ce9c79080a3c702ccd","83d3ba28f026f0da30222a6eaaf2e4ebff3c34671fc223f6b548bc2258f15f05","f526e1de16f5ea19e66cbae9174dc234f9abac79e7336c0bf327852e4e4b6035","d1d25888250d2abea0ebd9f495f7ff7775a959400ee52189bc87ffcf003eb797","scenario-key-v1",20260528,"94ad1cdabf4ca3f8ab36f997b8497ca632f225a35a4cf2f154dbd9915d1f66f0","652ed1b3e77dee5925b0a015f16b96dcc25f2d77","dirty","R version 4.4.1 (2024-06-14 ucrt)","x86_64-w64-mingw32","Windows 10 x64 x86-64","AMD64 Family 25 Model 116 Stepping 1, AuthenticAMD","standalone_or_unverified","gamlss.longitudinal=0.1.0;gamlss=5.4.22;gamlss.dist=6.1.1;mgcv=1.9.1;digest=0.6.36"
"continuous-base",16,132,1850955198,"continuous","NO","N","none",100,4,5,400,TRUE,FALSE,TRUE,TRUE,TRUE,0.680000000000007,0.680000000000007,0.350000000000023,0,1.03000000000003,"fit_only","none","none",0,"",,3,"3d9dbdbc9e18eed28d48bff56e934da9ad275c0721b3a34da978270ed9d6078a","66c45aca4c6364aa9f4aef2ff55620d81066a6e52c6244ce9c79080a3c702ccd","83d3ba28f026f0da30222a6eaaf2e4ebff3c34671fc223f6b548bc2258f15f05","f526e1de16f5ea19e66cbae9174dc234f9abac79e7336c0bf327852e4e4b6035","d1d25888250d2abea0ebd9f495f7ff7775a959400ee52189bc87ffcf003eb797","scenario-key-v1",20260528,"94ad1cdabf4ca3f8ab36f997b8497ca632f225a35a4cf2f154dbd9915d1f66f0","652ed1b3e77dee5925b0a015f16b96dcc25f2d77","dirty","R version 4.4.1 (2024-06-14 ucrt)","x86_64-w64-mingw32","Windows 10 x64 x86-64","AMD64 Family 25 Model 116 Stepping 1, AuthenticAMD","standalone_or_unverified","gamlss.longitudinal=0.1.0;gamlss=5.4.22;gamlss.dist=6.1.1;mgcv=1.9.1;digest=0.6.36"
"discrete-smooth_basis",16,133,533013788,"discrete","NBI","C","smooth_k",100,4,10,400,TRUE,FALSE,TRUE,TRUE,TRUE,4.85999999999996,4.85999999999996,0.390000000000043,0,5.25,"fit_only","none","none",0,"",,3,"3d9dbdbc9e18eed28d48bff56e934da9ad275c0721b3a34da978270ed9d6078a","66c45aca4c6364aa9f4aef2ff55620d81066a6e52c6244ce9c79080a3c702ccd","83d3ba28f026f0da30222a6eaaf2e4ebff3c34671fc223f6b548bc2258f15f05","f526e1de16f5ea19e66cbae9174dc234f9abac79e7336c0bf327852e4e4b6035","d1d25888250d2abea0ebd9f495f7ff7775a959400ee52189bc87ffcf003eb797","scenario-key-v1",20260528,"94ad1cdabf4ca3f8ab36f997b8497ca632f225a35a4cf2f154dbd9915d1f66f0","652ed1b3e77dee5925b0a015f16b96dcc25f2d77","dirty","R version 4.4.1 (2024-06-14 ucrt)","x86_64-w64-mingw32","Windows 10 x64 x86-64","AMD64 Family 25 Model 116 Stepping 1, AuthenticAMD","standalone_or_unverified","gamlss.longitudinal=0.1.0;gamlss=5.4.22;gamlss.dist=6.1.1;mgcv=1.9.1;digest=0.6.36"
"continuous-visits",16,134,1222778889,"continuous","NO","N","n_visits",100,8,5,800,TRUE,FALSE,TRUE,TRUE,TRUE,1.81,1.81,0.920000000000016,0,2.73000000000002,"fit_only","none","none",0,"",,3,"3d9dbdbc9e18eed28d48bff56e934da9ad275c0721b3a34da978270ed9d6078a","66c45aca4c6364aa9f4aef2ff55620d81066a6e52c6244ce9c79080a3c702ccd","83d3ba28f026f0da30222a6eaaf2e4ebff3c34671fc223f6b548bc2258f15f05","f526e1de16f5ea19e66cbae9174dc234f9abac79e7336c0bf327852e4e4b6035","d1d25888250d2abea0ebd9f495f7ff7775a959400ee52189bc87ffcf003eb797","scenario-key-v1",20260528,"94ad1cdabf4ca3f8ab36f997b8497ca632f225a35a4cf2f154dbd9915d1f66f0","652ed1b3e77dee5925b0a015f16b96dcc25f2d77","dirty","R version 4.4.1 (2024-06-14 ucrt)","x86_64-w64-mingw32","Windows 10 x64 x86-64","AMD64 Family 25 Model 116 Stepping 1, AuthenticAMD","standalone_or_unverified","gamlss.longitudinal=0.1.0;gamlss=5.4.22;gamlss.dist=6.1.1;mgcv=1.9.1;digest=0.6.36"
"discrete-base",16,135,667796046,"discrete","NBI","C","none",100,4,5,400,TRUE,FALSE,TRUE,TRUE,TRUE,2.21000000000004,2.21000000000004,0.470000000000027,0,2.68000000000006,"fit_only","none","none",0,"",,3,"3d9dbdbc9e18eed28d48bff56e934da9ad275c0721b3a34da978270ed9d6078a","66c45aca4c6364aa9f4aef2ff55620d81066a6e52c6244ce9c79080a3c702ccd","83d3ba28f026f0da30222a6eaaf2e4ebff3c34671fc223f6b548bc2258f15f05","f526e1de16f5ea19e66cbae9174dc234f9abac79e7336c0bf327852e4e4b6035","d1d25888250d2abea0ebd9f495f7ff7775a959400ee52189bc87ffcf003eb797","scenario-key-v1",20260528,"94ad1cdabf4ca3f8ab36f997b8497ca632f225a35a4cf2f154dbd9915d1f66f0","652ed1b3e77dee5925b0a015f16b96dcc25f2d77","dirty","R version 4.4.1 (2024-06-14 ucrt)","x86_64-w64-mingw32","Windows 10 x64 x86-64","AMD64 Family 25 Model 116 Stepping 1, AuthenticAMD","standalone_or_unverified","gamlss.longitudinal=0.1.0;gamlss=5.4.22;gamlss.dist=6.1.1;mgcv=1.9.1;digest=0.6.36"
"discrete-visits",16,136,1486444347,"discrete","NBI","C","n_visits",100,8,5,800,TRUE,FALSE,TRUE,TRUE,TRUE,4.67000000000007,4.67000000000007,0.910000000000082,0,5.58000000000015,"fit_only","none","none",0,"",,3,"3d9dbdbc9e18eed28d48bff56e934da9ad275c0721b3a34da978270ed9d6078a","66c45aca4c6364aa9f4aef2ff55620d81066a6e52c6244ce9c79080a3c702ccd","83d3ba28f026f0da30222a6eaaf2e4ebff3c34671fc223f6b548bc2258f15f05","f526e1de16f5ea19e66cbae9174dc234f9abac79e7336c0bf327852e4e4b6035","d1d25888250d2abea0ebd9f495f7ff7775a959400ee52189bc87ffcf003eb797","scenario-key-v1",20260528,"94ad1cdabf4ca3f8ab36f997b8497ca632f225a35a4cf2f154dbd9915d1f66f0","652ed1b3e77dee5925b0a015f16b96dcc25f2d77","dirty","R version 4.4.1 (2024-06-14 ucrt)","x86_64-w64-mingw32","Windows 10 x64 x86-64","AMD64 Family 25 Model 116 Stepping 1, AuthenticAMD","standalone_or_unverified","gamlss.longitudinal=0.1.0;gamlss=5.4.22;gamlss.dist=6.1.1;mgcv=1.9.1;digest=0.6.36"
"continuous-subjects",17,137,1398039615,"continuous","NO","N","n_subjects",250,4,5,1000,TRUE,FALSE,TRUE,TRUE,TRUE,1.17000000000007,1.17000000000007,0.849999999999909,0,2.01999999999998,"fit_only","none","none",0,"",,3,"3d9dbdbc9e18eed28d48bff56e934da9ad275c0721b3a34da978270ed9d6078a","66c45aca4c6364aa9f4aef2ff55620d81066a6e52c6244ce9c79080a3c702ccd","83d3ba28f026f0da30222a6eaaf2e4ebff3c34671fc223f6b548bc2258f15f05","f526e1de16f5ea19e66cbae9174dc234f9abac79e7336c0bf327852e4e4b6035","d1d25888250d2abea0ebd9f495f7ff7775a959400ee52189bc87ffcf003eb797","scenario-key-v1",20260528,"94ad1cdabf4ca3f8ab36f997b8497ca632f225a35a4cf2f154dbd9915d1f66f0","652ed1b3e77dee5925b0a015f16b96dcc25f2d77","dirty","R version 4.4.1 (2024-06-14 ucrt)","x86_64-w64-mingw32","Windows 10 x64 x86-64","AMD64 Family 25 Model 116 Stepping 1, AuthenticAMD","standalone_or_unverified","gamlss.longitudinal=0.1.0;gamlss=5.4.22;gamlss.dist=6.1.1;mgcv=1.9.1;digest=0.6.36"
"continuous-base",17,138,2145455119,"continuous","NO","N","none",100,4,5,400,TRUE,FALSE,TRUE,TRUE,TRUE,0.769999999999982,0.769999999999982,0.360000000000014,0,1.13,"fit_only","none","none",0,"",,3,"3d9dbdbc9e18eed28d48bff56e934da9ad275c0721b3a34da978270ed9d6078a","66c45aca4c6364aa9f4aef2ff55620d81066a6e52c6244ce9c79080a3c702ccd","83d3ba28f026f0da30222a6eaaf2e4ebff3c34671fc223f6b548bc2258f15f05","f526e1de16f5ea19e66cbae9174dc234f9abac79e7336c0bf327852e4e4b6035","d1d25888250d2abea0ebd9f495f7ff7775a959400ee52189bc87ffcf003eb797","scenario-key-v1",20260528,"94ad1cdabf4ca3f8ab36f997b8497ca632f225a35a4cf2f154dbd9915d1f66f0","652ed1b3e77dee5925b0a015f16b96dcc25f2d77","dirty","R version 4.4.1 (2024-06-14 ucrt)","x86_64-w64-mingw32","Windows 10 x64 x86-64","AMD64 Family 25 Model 116 Stepping 1, AuthenticAMD","standalone_or_unverified","gamlss.longitudinal=0.1.0;gamlss=5.4.22;gamlss.dist=6.1.1;mgcv=1.9.1;digest=0.6.36"
"discrete-smooth_basis",17,139,827513709,"discrete","NBI","C","smooth_k",100,4,10,400,TRUE,FALSE,TRUE,TRUE,TRUE,3.48000000000002,3.48000000000002,0.420000000000073,0,3.90000000000009,"fit_only","none","none",0,"",,3,"3d9dbdbc9e18eed28d48bff56e934da9ad275c0721b3a34da978270ed9d6078a","66c45aca4c6364aa9f4aef2ff55620d81066a6e52c6244ce9c79080a3c702ccd","83d3ba28f026f0da30222a6eaaf2e4ebff3c34671fc223f6b548bc2258f15f05","f526e1de16f5ea19e66cbae9174dc234f9abac79e7336c0bf327852e4e4b6035","d1d25888250d2abea0ebd9f495f7ff7775a959400ee52189bc87ffcf003eb797","scenario-key-v1",20260528,"94ad1cdabf4ca3f8ab36f997b8497ca632f225a35a4cf2f154dbd9915d1f66f0","652ed1b3e77dee5925b0a015f16b96dcc25f2d77","dirty","R version 4.4.1 (2024-06-14 ucrt)","x86_64-w64-mingw32","Windows 10 x64 x86-64","AMD64 Family 25 Model 116 Stepping 1, AuthenticAMD","standalone_or_unverified","gamlss.longitudinal=0.1.0;gamlss=5.4.22;gamlss.dist=6.1.1;mgcv=1.9.1;digest=0.6.36"
"continuous-visits",17,140,1517278810,"continuous","NO","N","n_visits",100,8,5,800,TRUE,FALSE,TRUE,TRUE,TRUE,1.98000000000002,1.98000000000002,0.720000000000027,0,2.70000000000005,"fit_only","none","none",0,"",,3,"3d9dbdbc9e18eed28d48bff56e934da9ad275c0721b3a34da978270ed9d6078a","66c45aca4c6364aa9f4aef2ff55620d81066a6e52c6244ce9c79080a3c702ccd","83d3ba28f026f0da30222a6eaaf2e4ebff3c34671fc223f6b548bc2258f15f05","f526e1de16f5ea19e66cbae9174dc234f9abac79e7336c0bf327852e4e4b6035","d1d25888250d2abea0ebd9f495f7ff7775a959400ee52189bc87ffcf003eb797","scenario-key-v1",20260528,"94ad1cdabf4ca3f8ab36f997b8497ca632f225a35a4cf2f154dbd9915d1f66f0","652ed1b3e77dee5925b0a015f16b96dcc25f2d77","dirty","R version 4.4.1 (2024-06-14 ucrt)","x86_64-w64-mingw32","Windows 10 x64 x86-64","AMD64 Family 25 Model 116 Stepping 1, AuthenticAMD","standalone_or_unverified","gamlss.longitudinal=0.1.0;gamlss=5.4.22;gamlss.dist=6.1.1;mgcv=1.9.1;digest=0.6.36"
"discrete-base",17,141,962295967,"discrete","NBI","C","none",100,4,5,400,TRUE,FALSE,TRUE,TRUE,TRUE,2.52999999999997,2.52999999999997,0.379999999999995,0,2.90999999999997,"fit_only","none","none",0,"",,3,"3d9dbdbc9e18eed28d48bff56e934da9ad275c0721b3a34da978270ed9d6078a","66c45aca4c6364aa9f4aef2ff55620d81066a6e52c6244ce9c79080a3c702ccd","83d3ba28f026f0da30222a6eaaf2e4ebff3c34671fc223f6b548bc2258f15f05","f526e1de16f5ea19e66cbae9174dc234f9abac79e7336c0bf327852e4e4b6035","d1d25888250d2abea0ebd9f495f7ff7775a959400ee52189bc87ffcf003eb797","scenario-key-v1",20260528,"94ad1cdabf4ca3f8ab36f997b8497ca632f225a35a4cf2f154dbd9915d1f66f0","652ed1b3e77dee5925b0a015f16b96dcc25f2d77","dirty","R version 4.4.1 (2024-06-14 ucrt)","x86_64-w64-mingw32","Windows 10 x64 x86-64","AMD64 Family 25 Model 116 Stepping 1, AuthenticAMD","standalone_or_unverified","gamlss.longitudinal=0.1.0;gamlss=5.4.22;gamlss.dist=6.1.1;mgcv=1.9.1;digest=0.6.36"
"discrete-visits",17,142,1780944268,"discrete","NBI","C","n_visits",100,8,5,800,TRUE,FALSE,TRUE,TRUE,TRUE,6.00999999999999,6.00999999999999,0.960000000000036,0,6.97000000000003,"fit_only","none","none",0,"",,3,"3d9dbdbc9e18eed28d48bff56e934da9ad275c0721b3a34da978270ed9d6078a","66c45aca4c6364aa9f4aef2ff55620d81066a6e52c6244ce9c79080a3c702ccd","83d3ba28f026f0da30222a6eaaf2e4ebff3c34671fc223f6b548bc2258f15f05","f526e1de16f5ea19e66cbae9174dc234f9abac79e7336c0bf327852e4e4b6035","d1d25888250d2abea0ebd9f495f7ff7775a959400ee52189bc87ffcf003eb797","scenario-key-v1",20260528,"94ad1cdabf4ca3f8ab36f997b8497ca632f225a35a4cf2f154dbd9915d1f66f0","652ed1b3e77dee5925b0a015f16b96dcc25f2d77","dirty","R version 4.4.1 (2024-06-14 ucrt)","x86_64-w64-mingw32","Windows 10 x64 x86-64","AMD64 Family 25 Model 116 Stepping 1, AuthenticAMD","standalone_or_unverified","gamlss.longitudinal=0.1.0;gamlss=5.4.22;gamlss.dist=6.1.1;mgcv=1.9.1;digest=0.6.36"
"discrete-subjects",17,143,1412922231,"discrete","NBI","C","n_subjects",250,4,5,1000,TRUE,FALSE,TRUE,TRUE,TRUE,9.90999999999997,9.90999999999997,1.06000000000006,0,10.97,"fit_only","none","none",0,"",,3,"3d9dbdbc9e18eed28d48bff56e934da9ad275c0721b3a34da978270ed9d6078a","66c45aca4c6364aa9f4aef2ff55620d81066a6e52c6244ce9c79080a3c702ccd","83d3ba28f026f0da30222a6eaaf2e4ebff3c34671fc223f6b548bc2258f15f05","f526e1de16f5ea19e66cbae9174dc234f9abac79e7336c0bf327852e4e4b6035","d1d25888250d2abea0ebd9f495f7ff7775a959400ee52189bc87ffcf003eb797","scenario-key-v1",20260528,"94ad1cdabf4ca3f8ab36f997b8497ca632f225a35a4cf2f154dbd9915d1f66f0","652ed1b3e77dee5925b0a015f16b96dcc25f2d77","dirty","R version 4.4.1 (2024-06-14 ucrt)","x86_64-w64-mingw32","Windows 10 x64 x86-64","AMD64 Family 25 Model 116 Stepping 1, AuthenticAMD","standalone_or_unverified","gamlss.longitudinal=0.1.0;gamlss=5.4.22;gamlss.dist=6.1.1;mgcv=1.9.1;digest=0.6.36"
"continuous-smooth_basis",17,144,1960864179,"continuous","NO","N","smooth_k",100,4,10,400,TRUE,FALSE,TRUE,TRUE,TRUE,0.980000000000018,0.980000000000018,0.42999999999995,0,1.40999999999997,"fit_only","none","none",0,"",,3,"3d9dbdbc9e18eed28d48bff56e934da9ad275c0721b3a34da978270ed9d6078a","66c45aca4c6364aa9f4aef2ff55620d81066a6e52c6244ce9c79080a3c702ccd","83d3ba28f026f0da30222a6eaaf2e4ebff3c34671fc223f6b548bc2258f15f05","f526e1de16f5ea19e66cbae9174dc234f9abac79e7336c0bf327852e4e4b6035","d1d25888250d2abea0ebd9f495f7ff7775a959400ee52189bc87ffcf003eb797","scenario-key-v1",20260528,"94ad1cdabf4ca3f8ab36f997b8497ca632f225a35a4cf2f154dbd9915d1f66f0","652ed1b3e77dee5925b0a015f16b96dcc25f2d77","dirty","R version 4.4.1 (2024-06-14 ucrt)","x86_64-w64-mingw32","Windows 10 x64 x86-64","AMD64 Family 25 Model 116 Stepping 1, AuthenticAMD","standalone_or_unverified","gamlss.longitudinal=0.1.0;gamlss=5.4.22;gamlss.dist=6.1.1;mgcv=1.9.1;digest=0.6.36"
"continuous-visits",18,145,1811778731,"continuous","NO","N","n_visits",100,8,5,800,TRUE,FALSE,TRUE,TRUE,TRUE,1.7399999999999,1.7399999999999,1.02999999999997,0,2.76999999999987,"fit_only","none","none",0,"",,3,"3d9dbdbc9e18eed28d48bff56e934da9ad275c0721b3a34da978270ed9d6078a","66c45aca4c6364aa9f4aef2ff55620d81066a6e52c6244ce9c79080a3c702ccd","83d3ba28f026f0da30222a6eaaf2e4ebff3c34671fc223f6b548bc2258f15f05","f526e1de16f5ea19e66cbae9174dc234f9abac79e7336c0bf327852e4e4b6035","d1d25888250d2abea0ebd9f495f7ff7775a959400ee52189bc87ffcf003eb797","scenario-key-v1",20260528,"94ad1cdabf4ca3f8ab36f997b8497ca632f225a35a4cf2f154dbd9915d1f66f0","652ed1b3e77dee5925b0a015f16b96dcc25f2d77","dirty","R version 4.4.1 (2024-06-14 ucrt)","x86_64-w64-mingw32","Windows 10 x64 x86-64","AMD64 Family 25 Model 116 Stepping 1, AuthenticAMD","standalone_or_unverified","gamlss.longitudinal=0.1.0;gamlss=5.4.22;gamlss.dist=6.1.1;mgcv=1.9.1;digest=0.6.36"
"discrete-base",18,146,1256795888,"discrete","NBI","C","none",100,4,5,400,TRUE,FALSE,TRUE,TRUE,TRUE,3.75999999999999,3.75999999999999,0.519999999999982,0,4.27999999999997,"fit_only","none","none",0,"",,3,"3d9dbdbc9e18eed28d48bff56e934da9ad275c0721b3a34da978270ed9d6078a","66c45aca4c6364aa9f4aef2ff55620d81066a6e52c6244ce9c79080a3c702ccd","83d3ba28f026f0da30222a6eaaf2e4ebff3c34671fc223f6b548bc2258f15f05","f526e1de16f5ea19e66cbae9174dc234f9abac79e7336c0bf327852e4e4b6035","d1d25888250d2abea0ebd9f495f7ff7775a959400ee52189bc87ffcf003eb797","scenario-key-v1",20260528,"94ad1cdabf4ca3f8ab36f997b8497ca632f225a35a4cf2f154dbd9915d1f66f0","652ed1b3e77dee5925b0a015f16b96dcc25f2d77","dirty","R version 4.4.1 (2024-06-14 ucrt)","x86_64-w64-mingw32","Windows 10 x64 x86-64","AMD64 Family 25 Model 116 Stepping 1, AuthenticAMD","standalone_or_unverified","gamlss.longitudinal=0.1.0;gamlss=5.4.22;gamlss.dist=6.1.1;mgcv=1.9.1;digest=0.6.36"
"discrete-visits",18,147,2075444189,"discrete","NBI","C","n_visits",100,8,5,800,TRUE,FALSE,TRUE,TRUE,TRUE,10.4499999999999,10.4499999999999,1.38,0,11.8299999999999,"fit_only","none","none",0,"",,3,"3d9dbdbc9e18eed28d48bff56e934da9ad275c0721b3a34da978270ed9d6078a","66c45aca4c6364aa9f4aef2ff55620d81066a6e52c6244ce9c79080a3c702ccd","83d3ba28f026f0da30222a6eaaf2e4ebff3c34671fc223f6b548bc2258f15f05","f526e1de16f5ea19e66cbae9174dc234f9abac79e7336c0bf327852e4e4b6035","d1d25888250d2abea0ebd9f495f7ff7775a959400ee52189bc87ffcf003eb797","scenario-key-v1",20260528,"94ad1cdabf4ca3f8ab36f997b8497ca632f225a35a4cf2f154dbd9915d1f66f0","652ed1b3e77dee5925b0a015f16b96dcc25f2d77","dirty","R version 4.4.1 (2024-06-14 ucrt)","x86_64-w64-mingw32","Windows 10 x64 x86-64","AMD64 Family 25 Model 116 Stepping 1, AuthenticAMD","standalone_or_unverified","gamlss.longitudinal=0.1.0;gamlss=5.4.22;gamlss.dist=6.1.1;mgcv=1.9.1;digest=0.6.36"
"discrete-subjects",18,148,1707422152,"discrete","NBI","C","n_subjects",250,4,5,1000,TRUE,FALSE,TRUE,TRUE,TRUE,10.71,10.71,1.28000000000009,0,11.9900000000001,"fit_only","none","none",0,"",,3,"3d9dbdbc9e18eed28d48bff56e934da9ad275c0721b3a34da978270ed9d6078a","66c45aca4c6364aa9f4aef2ff55620d81066a6e52c6244ce9c79080a3c702ccd","83d3ba28f026f0da30222a6eaaf2e4ebff3c34671fc223f6b548bc2258f15f05","f526e1de16f5ea19e66cbae9174dc234f9abac79e7336c0bf327852e4e4b6035","d1d25888250d2abea0ebd9f495f7ff7775a959400ee52189bc87ffcf003eb797","scenario-key-v1",20260528,"94ad1cdabf4ca3f8ab36f997b8497ca632f225a35a4cf2f154dbd9915d1f66f0","652ed1b3e77dee5925b0a015f16b96dcc25f2d77","dirty","R version 4.4.1 (2024-06-14 ucrt)","x86_64-w64-mingw32","Windows 10 x64 x86-64","AMD64 Family 25 Model 116 Stepping 1, AuthenticAMD","standalone_or_unverified","gamlss.longitudinal=0.1.0;gamlss=5.4.22;gamlss.dist=6.1.1;mgcv=1.9.1;digest=0.6.36"
"continuous-smooth_basis",18,149,107880454,"continuous","NO","N","smooth_k",100,4,10,400,TRUE,FALSE,TRUE,TRUE,TRUE,1.23000000000002,1.23000000000002,0.409999999999968,0,1.63999999999999,"fit_only","none","none",0,"",,3,"3d9dbdbc9e18eed28d48bff56e934da9ad275c0721b3a34da978270ed9d6078a","66c45aca4c6364aa9f4aef2ff55620d81066a6e52c6244ce9c79080a3c702ccd","83d3ba28f026f0da30222a6eaaf2e4ebff3c34671fc223f6b548bc2258f15f05","f526e1de16f5ea19e66cbae9174dc234f9abac79e7336c0bf327852e4e4b6035","d1d25888250d2abea0ebd9f495f7ff7775a959400ee52189bc87ffcf003eb797","scenario-key-v1",20260528,"94ad1cdabf4ca3f8ab36f997b8497ca632f225a35a4cf2f154dbd9915d1f66f0","652ed1b3e77dee5925b0a015f16b96dcc25f2d77","dirty","R version 4.4.1 (2024-06-14 ucrt)","x86_64-w64-mingw32","Windows 10 x64 x86-64","AMD64 Family 25 Model 116 Stepping 1, AuthenticAMD","standalone_or_unverified","gamlss.longitudinal=0.1.0;gamlss=5.4.22;gamlss.dist=6.1.1;mgcv=1.9.1;digest=0.6.36"
"continuous-subjects",18,150,1692539536,"continuous","NO","N","n_subjects",250,4,5,1000,TRUE,FALSE,TRUE,TRUE,TRUE,1.75,1.75,1.03999999999996,0,2.78999999999996,"fit_only","none","none",0,"",,3,"3d9dbdbc9e18eed28d48bff56e934da9ad275c0721b3a34da978270ed9d6078a","66c45aca4c6364aa9f4aef2ff55620d81066a6e52c6244ce9c79080a3c702ccd","83d3ba28f026f0da30222a6eaaf2e4ebff3c34671fc223f6b548bc2258f15f05","f526e1de16f5ea19e66cbae9174dc234f9abac79e7336c0bf327852e4e4b6035","d1d25888250d2abea0ebd9f495f7ff7775a959400ee52189bc87ffcf003eb797","scenario-key-v1",20260528,"94ad1cdabf4ca3f8ab36f997b8497ca632f225a35a4cf2f154dbd9915d1f66f0","652ed1b3e77dee5925b0a015f16b96dcc25f2d77","dirty","R version 4.4.1 (2024-06-14 ucrt)","x86_64-w64-mingw32","Windows 10 x64 x86-64","AMD64 Family 25 Model 116 Stepping 1, AuthenticAMD","standalone_or_unverified","gamlss.longitudinal=0.1.0;gamlss=5.4.22;gamlss.dist=6.1.1;mgcv=1.9.1;digest=0.6.36"
"continuous-base",18,151,292471394,"continuous","NO","N","none",100,4,5,400,TRUE,FALSE,TRUE,TRUE,TRUE,1.09000000000003,1.09000000000003,0.469999999999914,0,1.55999999999995,"fit_only","none","none",0,"",,3,"3d9dbdbc9e18eed28d48bff56e934da9ad275c0721b3a34da978270ed9d6078a","66c45aca4c6364aa9f4aef2ff55620d81066a6e52c6244ce9c79080a3c702ccd","83d3ba28f026f0da30222a6eaaf2e4ebff3c34671fc223f6b548bc2258f15f05","f526e1de16f5ea19e66cbae9174dc234f9abac79e7336c0bf327852e4e4b6035","d1d25888250d2abea0ebd9f495f7ff7775a959400ee52189bc87ffcf003eb797","scenario-key-v1",20260528,"94ad1cdabf4ca3f8ab36f997b8497ca632f225a35a4cf2f154dbd9915d1f66f0","652ed1b3e77dee5925b0a015f16b96dcc25f2d77","dirty","R version 4.4.1 (2024-06-14 ucrt)","x86_64-w64-mingw32","Windows 10 x64 x86-64","AMD64 Family 25 Model 116 Stepping 1, AuthenticAMD","standalone_or_unverified","gamlss.longitudinal=0.1.0;gamlss=5.4.22;gamlss.dist=6.1.1;mgcv=1.9.1;digest=0.6.36"
"discrete-smooth_basis",18,152,1122013630,"discrete","NBI","C","smooth_k",100,4,10,400,TRUE,FALSE,TRUE,TRUE,TRUE,5.92999999999995,5.92999999999995,0.549999999999955,0,6.4799999999999,"fit_only","none","none",0,"",,3,"3d9dbdbc9e18eed28d48bff56e934da9ad275c0721b3a34da978270ed9d6078a","66c45aca4c6364aa9f4aef2ff55620d81066a6e52c6244ce9c79080a3c702ccd","83d3ba28f026f0da30222a6eaaf2e4ebff3c34671fc223f6b548bc2258f15f05","f526e1de16f5ea19e66cbae9174dc234f9abac79e7336c0bf327852e4e4b6035","d1d25888250d2abea0ebd9f495f7ff7775a959400ee52189bc87ffcf003eb797","scenario-key-v1",20260528,"94ad1cdabf4ca3f8ab36f997b8497ca632f225a35a4cf2f154dbd9915d1f66f0","652ed1b3e77dee5925b0a015f16b96dcc25f2d77","dirty","R version 4.4.1 (2024-06-14 ucrt)","x86_64-w64-mingw32","Windows 10 x64 x86-64","AMD64 Family 25 Model 116 Stepping 1, AuthenticAMD","standalone_or_unverified","gamlss.longitudinal=0.1.0;gamlss=5.4.22;gamlss.dist=6.1.1;mgcv=1.9.1;digest=0.6.36"
"continuous-visits",19,153,2106278652,"continuous","NO","N","n_visits",100,8,5,800,TRUE,FALSE,TRUE,TRUE,TRUE,1.36000000000001,1.36000000000001,0.980000000000018,0,2.34000000000003,"fit_only","none","none",0,"",,3,"3d9dbdbc9e18eed28d48bff56e934da9ad275c0721b3a34da978270ed9d6078a","66c45aca4c6364aa9f4aef2ff55620d81066a6e52c6244ce9c79080a3c702ccd","83d3ba28f026f0da30222a6eaaf2e4ebff3c34671fc223f6b548bc2258f15f05","f526e1de16f5ea19e66cbae9174dc234f9abac79e7336c0bf327852e4e4b6035","d1d25888250d2abea0ebd9f495f7ff7775a959400ee52189bc87ffcf003eb797","scenario-key-v1",20260528,"94ad1cdabf4ca3f8ab36f997b8497ca632f225a35a4cf2f154dbd9915d1f66f0","652ed1b3e77dee5925b0a015f16b96dcc25f2d77","dirty","R version 4.4.1 (2024-06-14 ucrt)","x86_64-w64-mingw32","Windows 10 x64 x86-64","AMD64 Family 25 Model 116 Stepping 1, AuthenticAMD","standalone_or_unverified","gamlss.longitudinal=0.1.0;gamlss=5.4.22;gamlss.dist=6.1.1;mgcv=1.9.1;digest=0.6.36"
"discrete-base",19,154,1551295809,"discrete","NBI","C","none",100,4,5,400,TRUE,FALSE,TRUE,TRUE,TRUE,3.36000000000001,3.36000000000001,0.519999999999982,0,3.88,"fit_only","none","none",0,"",,3,"3d9dbdbc9e18eed28d48bff56e934da9ad275c0721b3a34da978270ed9d6078a","66c45aca4c6364aa9f4aef2ff55620d81066a6e52c6244ce9c79080a3c702ccd","83d3ba28f026f0da30222a6eaaf2e4ebff3c34671fc223f6b548bc2258f15f05","f526e1de16f5ea19e66cbae9174dc234f9abac79e7336c0bf327852e4e4b6035","d1d25888250d2abea0ebd9f495f7ff7775a959400ee52189bc87ffcf003eb797","scenario-key-v1",20260528,"94ad1cdabf4ca3f8ab36f997b8497ca632f225a35a4cf2f154dbd9915d1f66f0","652ed1b3e77dee5925b0a015f16b96dcc25f2d77","dirty","R version 4.4.1 (2024-06-14 ucrt)","x86_64-w64-mingw32","Windows 10 x64 x86-64","AMD64 Family 25 Model 116 Stepping 1, AuthenticAMD","standalone_or_unverified","gamlss.longitudinal=0.1.0;gamlss=5.4.22;gamlss.dist=6.1.1;mgcv=1.9.1;digest=0.6.36"
"discrete-visits",19,155,222460464,"discrete","NBI","C","n_visits",100,8,5,800,TRUE,FALSE,TRUE,TRUE,TRUE,7.6099999999999,7.6099999999999,1.14999999999998,0,8.75999999999988,"fit_only","none","none",0,"",,3,"3d9dbdbc9e18eed28d48bff56e934da9ad275c0721b3a34da978270ed9d6078a","66c45aca4c6364aa9f4aef2ff55620d81066a6e52c6244ce9c79080a3c702ccd","83d3ba28f026f0da30222a6eaaf2e4ebff3c34671fc223f6b548bc2258f15f05","f526e1de16f5ea19e66cbae9174dc234f9abac79e7336c0bf327852e4e4b6035","d1d25888250d2abea0ebd9f495f7ff7775a959400ee52189bc87ffcf003eb797","scenario-key-v1",20260528,"94ad1cdabf4ca3f8ab36f997b8497ca632f225a35a4cf2f154dbd9915d1f66f0","652ed1b3e77dee5925b0a015f16b96dcc25f2d77","dirty","R version 4.4.1 (2024-06-14 ucrt)","x86_64-w64-mingw32","Windows 10 x64 x86-64","AMD64 Family 25 Model 116 Stepping 1, AuthenticAMD","standalone_or_unverified","gamlss.longitudinal=0.1.0;gamlss=5.4.22;gamlss.dist=6.1.1;mgcv=1.9.1;digest=0.6.36"
"discrete-subjects",19,156,2001922073,"discrete","NBI","C","n_subjects",250,4,5,1000,TRUE,FALSE,TRUE,TRUE,TRUE,12.28,12.28,1.24000000000001,0,13.52,"fit_only","none","none",0,"",,3,"3d9dbdbc9e18eed28d48bff56e934da9ad275c0721b3a34da978270ed9d6078a","66c45aca4c6364aa9f4aef2ff55620d81066a6e52c6244ce9c79080a3c702ccd","83d3ba28f026f0da30222a6eaaf2e4ebff3c34671fc223f6b548bc2258f15f05","f526e1de16f5ea19e66cbae9174dc234f9abac79e7336c0bf327852e4e4b6035","d1d25888250d2abea0ebd9f495f7ff7775a959400ee52189bc87ffcf003eb797","scenario-key-v1",20260528,"94ad1cdabf4ca3f8ab36f997b8497ca632f225a35a4cf2f154dbd9915d1f66f0","652ed1b3e77dee5925b0a015f16b96dcc25f2d77","dirty","R version 4.4.1 (2024-06-14 ucrt)","x86_64-w64-mingw32","Windows 10 x64 x86-64","AMD64 Family 25 Model 116 Stepping 1, AuthenticAMD","standalone_or_unverified","gamlss.longitudinal=0.1.0;gamlss=5.4.22;gamlss.dist=6.1.1;mgcv=1.9.1;digest=0.6.36"
"continuous-smooth_basis",19,157,402380375,"continuous","NO","N","smooth_k",100,4,10,400,TRUE,FALSE,TRUE,TRUE,TRUE,1.31000000000006,1.31000000000006,0.379999999999995,0,1.69000000000005,"fit_only","none","none",0,"",,3,"3d9dbdbc9e18eed28d48bff56e934da9ad275c0721b3a34da978270ed9d6078a","66c45aca4c6364aa9f4aef2ff55620d81066a6e52c6244ce9c79080a3c702ccd","83d3ba28f026f0da30222a6eaaf2e4ebff3c34671fc223f6b548bc2258f15f05","f526e1de16f5ea19e66cbae9174dc234f9abac79e7336c0bf327852e4e4b6035","d1d25888250d2abea0ebd9f495f7ff7775a959400ee52189bc87ffcf003eb797","scenario-key-v1",20260528,"94ad1cdabf4ca3f8ab36f997b8497ca632f225a35a4cf2f154dbd9915d1f66f0","652ed1b3e77dee5925b0a015f16b96dcc25f2d77","dirty","R version 4.4.1 (2024-06-14 ucrt)","x86_64-w64-mingw32","Windows 10 x64 x86-64","AMD64 Family 25 Model 116 Stepping 1, AuthenticAMD","standalone_or_unverified","gamlss.longitudinal=0.1.0;gamlss=5.4.22;gamlss.dist=6.1.1;mgcv=1.9.1;digest=0.6.36"
"continuous-subjects",19,158,1987039457,"continuous","NO","N","n_subjects",250,4,5,1000,TRUE,FALSE,TRUE,TRUE,TRUE,1.75999999999999,1.75999999999999,1.13,0,2.88999999999999,"fit_only","none","none",0,"",,3,"3d9dbdbc9e18eed28d48bff56e934da9ad275c0721b3a34da978270ed9d6078a","66c45aca4c6364aa9f4aef2ff55620d81066a6e52c6244ce9c79080a3c702ccd","83d3ba28f026f0da30222a6eaaf2e4ebff3c34671fc223f6b548bc2258f15f05","f526e1de16f5ea19e66cbae9174dc234f9abac79e7336c0bf327852e4e4b6035","d1d25888250d2abea0ebd9f495f7ff7775a959400ee52189bc87ffcf003eb797","scenario-key-v1",20260528,"94ad1cdabf4ca3f8ab36f997b8497ca632f225a35a4cf2f154dbd9915d1f66f0","652ed1b3e77dee5925b0a015f16b96dcc25f2d77","dirty","R version 4.4.1 (2024-06-14 ucrt)","x86_64-w64-mingw32","Windows 10 x64 x86-64","AMD64 Family 25 Model 116 Stepping 1, AuthenticAMD","standalone_or_unverified","gamlss.longitudinal=0.1.0;gamlss=5.4.22;gamlss.dist=6.1.1;mgcv=1.9.1;digest=0.6.36"
"continuous-base",19,159,586971315,"continuous","NO","N","none",100,4,5,400,TRUE,FALSE,TRUE,TRUE,TRUE,1.86000000000001,1.86000000000001,0.42999999999995,0,2.28999999999996,"fit_only","none","none",0,"",,3,"3d9dbdbc9e18eed28d48bff56e934da9ad275c0721b3a34da978270ed9d6078a","66c45aca4c6364aa9f4aef2ff55620d81066a6e52c6244ce9c79080a3c702ccd","83d3ba28f026f0da30222a6eaaf2e4ebff3c34671fc223f6b548bc2258f15f05","f526e1de16f5ea19e66cbae9174dc234f9abac79e7336c0bf327852e4e4b6035","d1d25888250d2abea0ebd9f495f7ff7775a959400ee52189bc87ffcf003eb797","scenario-key-v1",20260528,"94ad1cdabf4ca3f8ab36f997b8497ca632f225a35a4cf2f154dbd9915d1f66f0","652ed1b3e77dee5925b0a015f16b96dcc25f2d77","dirty","R version 4.4.1 (2024-06-14 ucrt)","x86_64-w64-mingw32","Windows 10 x64 x86-64","AMD64 Family 25 Model 116 Stepping 1, AuthenticAMD","standalone_or_unverified","gamlss.longitudinal=0.1.0;gamlss=5.4.22;gamlss.dist=6.1.1;mgcv=1.9.1;digest=0.6.36"
"discrete-smooth_basis",19,160,1416513551,"discrete","NBI","C","smooth_k",100,4,10,400,TRUE,FALSE,TRUE,TRUE,TRUE,6.19999999999993,6.19999999999993,0.509999999999991,0,6.70999999999992,"fit_only","none","none",0,"",,3,"3d9dbdbc9e18eed28d48bff56e934da9ad275c0721b3a34da978270ed9d6078a","66c45aca4c6364aa9f4aef2ff55620d81066a6e52c6244ce9c79080a3c702ccd","83d3ba28f026f0da30222a6eaaf2e4ebff3c34671fc223f6b548bc2258f15f05","f526e1de16f5ea19e66cbae9174dc234f9abac79e7336c0bf327852e4e4b6035","d1d25888250d2abea0ebd9f495f7ff7775a959400ee52189bc87ffcf003eb797","scenario-key-v1",20260528,"94ad1cdabf4ca3f8ab36f997b8497ca632f225a35a4cf2f154dbd9915d1f66f0","652ed1b3e77dee5925b0a015f16b96dcc25f2d77","dirty","R version 4.4.1 (2024-06-14 ucrt)","x86_64-w64-mingw32","Windows 10 x64 x86-64","AMD64 Family 25 Model 116 Stepping 1, AuthenticAMD","standalone_or_unverified","gamlss.longitudinal=0.1.0;gamlss=5.4.22;gamlss.dist=6.1.1;mgcv=1.9.1;digest=0.6.36"
"continuous-base",20,161,8739695,"continuous","NO","N","none",100,4,5,400,TRUE,FALSE,TRUE,TRUE,TRUE,1.09000000000003,1.09000000000003,0.440000000000055,0,1.53000000000009,"fit_only","none","none",0,"",,3,"3d9dbdbc9e18eed28d48bff56e934da9ad275c0721b3a34da978270ed9d6078a","66c45aca4c6364aa9f4aef2ff55620d81066a6e52c6244ce9c79080a3c702ccd","83d3ba28f026f0da30222a6eaaf2e4ebff3c34671fc223f6b548bc2258f15f05","f526e1de16f5ea19e66cbae9174dc234f9abac79e7336c0bf327852e4e4b6035","d1d25888250d2abea0ebd9f495f7ff7775a959400ee52189bc87ffcf003eb797","scenario-key-v1",20260528,"94ad1cdabf4ca3f8ab36f997b8497ca632f225a35a4cf2f154dbd9915d1f66f0","652ed1b3e77dee5925b0a015f16b96dcc25f2d77","dirty","R version 4.4.1 (2024-06-14 ucrt)","x86_64-w64-mingw32","Windows 10 x64 x86-64","AMD64 Family 25 Model 116 Stepping 1, AuthenticAMD","standalone_or_unverified","gamlss.longitudinal=0.1.0;gamlss=5.4.22;gamlss.dist=6.1.1;mgcv=1.9.1;digest=0.6.36"
"discrete-smooth_basis",20,162,838281931,"discrete","NBI","C","smooth_k",100,4,10,400,TRUE,FALSE,TRUE,TRUE,TRUE,3.52999999999997,3.52999999999997,0.490000000000009,0,4.01999999999998,"fit_only","none","none",0,"",,3,"3d9dbdbc9e18eed28d48bff56e934da9ad275c0721b3a34da978270ed9d6078a","66c45aca4c6364aa9f4aef2ff55620d81066a6e52c6244ce9c79080a3c702ccd","83d3ba28f026f0da30222a6eaaf2e4ebff3c34671fc223f6b548bc2258f15f05","f526e1de16f5ea19e66cbae9174dc234f9abac79e7336c0bf327852e4e4b6035","d1d25888250d2abea0ebd9f495f7ff7775a959400ee52189bc87ffcf003eb797","scenario-key-v1",20260528,"94ad1cdabf4ca3f8ab36f997b8497ca632f225a35a4cf2f154dbd9915d1f66f0","652ed1b3e77dee5925b0a015f16b96dcc25f2d77","dirty","R version 4.4.1 (2024-06-14 ucrt)","x86_64-w64-mingw32","Windows 10 x64 x86-64","AMD64 Family 25 Model 116 Stepping 1, AuthenticAMD","standalone_or_unverified","gamlss.longitudinal=0.1.0;gamlss=5.4.22;gamlss.dist=6.1.1;mgcv=1.9.1;digest=0.6.36"
"continuous-visits",20,163,1528047032,"continuous","NO","N","n_visits",100,8,5,800,TRUE,FALSE,TRUE,TRUE,TRUE,1.32000000000005,1.32000000000005,1.04000000000008,0,2.36000000000013,"fit_only","none","none",0,"",,3,"3d9dbdbc9e18eed28d48bff56e934da9ad275c0721b3a34da978270ed9d6078a","66c45aca4c6364aa9f4aef2ff55620d81066a6e52c6244ce9c79080a3c702ccd","83d3ba28f026f0da30222a6eaaf2e4ebff3c34671fc223f6b548bc2258f15f05","f526e1de16f5ea19e66cbae9174dc234f9abac79e7336c0bf327852e4e4b6035","d1d25888250d2abea0ebd9f495f7ff7775a959400ee52189bc87ffcf003eb797","scenario-key-v1",20260528,"94ad1cdabf4ca3f8ab36f997b8497ca632f225a35a4cf2f154dbd9915d1f66f0","652ed1b3e77dee5925b0a015f16b96dcc25f2d77","dirty","R version 4.4.1 (2024-06-14 ucrt)","x86_64-w64-mingw32","Windows 10 x64 x86-64","AMD64 Family 25 Model 116 Stepping 1, AuthenticAMD","standalone_or_unverified","gamlss.longitudinal=0.1.0;gamlss=5.4.22;gamlss.dist=6.1.1;mgcv=1.9.1;digest=0.6.36"
"discrete-base",20,164,973064189,"discrete","NBI","C","none",100,4,5,400,TRUE,FALSE,TRUE,TRUE,TRUE,5.15999999999997,5.15999999999997,0.730000000000018,0,5.88999999999999,"fit_only","none","none",0,"",,3,"3d9dbdbc9e18eed28d48bff56e934da9ad275c0721b3a34da978270ed9d6078a","66c45aca4c6364aa9f4aef2ff55620d81066a6e52c6244ce9c79080a3c702ccd","83d3ba28f026f0da30222a6eaaf2e4ebff3c34671fc223f6b548bc2258f15f05","f526e1de16f5ea19e66cbae9174dc234f9abac79e7336c0bf327852e4e4b6035","d1d25888250d2abea0ebd9f495f7ff7775a959400ee52189bc87ffcf003eb797","scenario-key-v1",20260528,"94ad1cdabf4ca3f8ab36f997b8497ca632f225a35a4cf2f154dbd9915d1f66f0","652ed1b3e77dee5925b0a015f16b96dcc25f2d77","dirty","R version 4.4.1 (2024-06-14 ucrt)","x86_64-w64-mingw32","Windows 10 x64 x86-64","AMD64 Family 25 Model 116 Stepping 1, AuthenticAMD","standalone_or_unverified","gamlss.longitudinal=0.1.0;gamlss=5.4.22;gamlss.dist=6.1.1;mgcv=1.9.1;digest=0.6.36"
"discrete-visits",20,165,1791712490,"discrete","NBI","C","n_visits",100,8,5,800,TRUE,FALSE,TRUE,TRUE,TRUE,11.55,11.55,1.23000000000002,0,12.78,"fit_only","none","none",0,"",,3,"3d9dbdbc9e18eed28d48bff56e934da9ad275c0721b3a34da978270ed9d6078a","66c45aca4c6364aa9f4aef2ff55620d81066a6e52c6244ce9c79080a3c702ccd","83d3ba28f026f0da30222a6eaaf2e4ebff3c34671fc223f6b548bc2258f15f05","f526e1de16f5ea19e66cbae9174dc234f9abac79e7336c0bf327852e4e4b6035","d1d25888250d2abea0ebd9f495f7ff7775a959400ee52189bc87ffcf003eb797","scenario-key-v1",20260528,"94ad1cdabf4ca3f8ab36f997b8497ca632f225a35a4cf2f154dbd9915d1f66f0","652ed1b3e77dee5925b0a015f16b96dcc25f2d77","dirty","R version 4.4.1 (2024-06-14 ucrt)","x86_64-w64-mingw32","Windows 10 x64 x86-64","AMD64 Family 25 Model 116 Stepping 1, AuthenticAMD","standalone_or_unverified","gamlss.longitudinal=0.1.0;gamlss=5.4.22;gamlss.dist=6.1.1;mgcv=1.9.1;digest=0.6.36"
"continuous-smooth_basis",20,166,1971632401,"continuous","NO","N","smooth_k",100,4,10,400,TRUE,FALSE,TRUE,TRUE,TRUE,1.52999999999997,1.52999999999997,0.469999999999914,0,1.99999999999989,"fit_only","none","none",0,"",,3,"3d9dbdbc9e18eed28d48bff56e934da9ad275c0721b3a34da978270ed9d6078a","66c45aca4c6364aa9f4aef2ff55620d81066a6e52c6244ce9c79080a3c702ccd","83d3ba28f026f0da30222a6eaaf2e4ebff3c34671fc223f6b548bc2258f15f05","f526e1de16f5ea19e66cbae9174dc234f9abac79e7336c0bf327852e4e4b6035","d1d25888250d2abea0ebd9f495f7ff7775a959400ee52189bc87ffcf003eb797","scenario-key-v1",20260528,"94ad1cdabf4ca3f8ab36f997b8497ca632f225a35a4cf2f154dbd9915d1f66f0","652ed1b3e77dee5925b0a015f16b96dcc25f2d77","dirty","R version 4.4.1 (2024-06-14 ucrt)","x86_64-w64-mingw32","Windows 10 x64 x86-64","AMD64 Family 25 Model 116 Stepping 1, AuthenticAMD","standalone_or_unverified","gamlss.longitudinal=0.1.0;gamlss=5.4.22;gamlss.dist=6.1.1;mgcv=1.9.1;digest=0.6.36"
"continuous-subjects",20,167,1408807837,"continuous","NO","N","n_subjects",250,4,5,1000,TRUE,FALSE,TRUE,TRUE,TRUE,2.13999999999999,2.13999999999999,1.06000000000006,0,3.20000000000005,"fit_only","none","none",0,"",,3,"3d9dbdbc9e18eed28d48bff56e934da9ad275c0721b3a34da978270ed9d6078a","66c45aca4c6364aa9f4aef2ff55620d81066a6e52c6244ce9c79080a3c702ccd","83d3ba28f026f0da30222a6eaaf2e4ebff3c34671fc223f6b548bc2258f15f05","f526e1de16f5ea19e66cbae9174dc234f9abac79e7336c0bf327852e4e4b6035","d1d25888250d2abea0ebd9f495f7ff7775a959400ee52189bc87ffcf003eb797","scenario-key-v1",20260528,"94ad1cdabf4ca3f8ab36f997b8497ca632f225a35a4cf2f154dbd9915d1f66f0","652ed1b3e77dee5925b0a015f16b96dcc25f2d77","dirty","R version 4.4.1 (2024-06-14 ucrt)","x86_64-w64-mingw32","Windows 10 x64 x86-64","AMD64 Family 25 Model 116 Stepping 1, AuthenticAMD","standalone_or_unverified","gamlss.longitudinal=0.1.0;gamlss=5.4.22;gamlss.dist=6.1.1;mgcv=1.9.1;digest=0.6.36"
"continuous-visits",21,168,1822546953,"continuous","NO","N","n_visits",100,8,5,800,TRUE,FALSE,TRUE,TRUE,TRUE,1.62,1.62,0.970000000000027,0,2.59000000000003,"fit_only","none","none",0,"",,3,"3d9dbdbc9e18eed28d48bff56e934da9ad275c0721b3a34da978270ed9d6078a","66c45aca4c6364aa9f4aef2ff55620d81066a6e52c6244ce9c79080a3c702ccd","83d3ba28f026f0da30222a6eaaf2e4ebff3c34671fc223f6b548bc2258f15f05","f526e1de16f5ea19e66cbae9174dc234f9abac79e7336c0bf327852e4e4b6035","d1d25888250d2abea0ebd9f495f7ff7775a959400ee52189bc87ffcf003eb797","scenario-key-v1",20260528,"94ad1cdabf4ca3f8ab36f997b8497ca632f225a35a4cf2f154dbd9915d1f66f0","652ed1b3e77dee5925b0a015f16b96dcc25f2d77","dirty","R version 4.4.1 (2024-06-14 ucrt)","x86_64-w64-mingw32","Windows 10 x64 x86-64","AMD64 Family 25 Model 116 Stepping 1, AuthenticAMD","standalone_or_unverified","gamlss.longitudinal=0.1.0;gamlss=5.4.22;gamlss.dist=6.1.1;mgcv=1.9.1;digest=0.6.36"
"discrete-base",21,169,1267564110,"discrete","NBI","C","none",100,4,5,400,TRUE,FALSE,TRUE,TRUE,TRUE,3.88,3.88,0.560000000000059,0,4.44000000000005,"fit_only","none","none",0,"",,3,"3d9dbdbc9e18eed28d48bff56e934da9ad275c0721b3a34da978270ed9d6078a","66c45aca4c6364aa9f4aef2ff55620d81066a6e52c6244ce9c79080a3c702ccd","83d3ba28f026f0da30222a6eaaf2e4ebff3c34671fc223f6b548bc2258f15f05","f526e1de16f5ea19e66cbae9174dc234f9abac79e7336c0bf327852e4e4b6035","d1d25888250d2abea0ebd9f495f7ff7775a959400ee52189bc87ffcf003eb797","scenario-key-v1",20260528,"94ad1cdabf4ca3f8ab36f997b8497ca632f225a35a4cf2f154dbd9915d1f66f0","652ed1b3e77dee5925b0a015f16b96dcc25f2d77","dirty","R version 4.4.1 (2024-06-14 ucrt)","x86_64-w64-mingw32","Windows 10 x64 x86-64","AMD64 Family 25 Model 116 Stepping 1, AuthenticAMD","standalone_or_unverified","gamlss.longitudinal=0.1.0;gamlss=5.4.22;gamlss.dist=6.1.1;mgcv=1.9.1;digest=0.6.36"
"discrete-visits",21,170,2086212411,"discrete","NBI","C","n_visits",100,8,5,800,TRUE,FALSE,TRUE,TRUE,TRUE,8.08999999999992,8.08999999999992,1.11000000000001,0,9.19999999999993,"fit_only","none","none",0,"",,3,"3d9dbdbc9e18eed28d48bff56e934da9ad275c0721b3a34da978270ed9d6078a","66c45aca4c6364aa9f4aef2ff55620d81066a6e52c6244ce9c79080a3c702ccd","83d3ba28f026f0da30222a6eaaf2e4ebff3c34671fc223f6b548bc2258f15f05","f526e1de16f5ea19e66cbae9174dc234f9abac79e7336c0bf327852e4e4b6035","d1d25888250d2abea0ebd9f495f7ff7775a959400ee52189bc87ffcf003eb797","scenario-key-v1",20260528,"94ad1cdabf4ca3f8ab36f997b8497ca632f225a35a4cf2f154dbd9915d1f66f0","652ed1b3e77dee5925b0a015f16b96dcc25f2d77","dirty","R version 4.4.1 (2024-06-14 ucrt)","x86_64-w64-mingw32","Windows 10 x64 x86-64","AMD64 Family 25 Model 116 Stepping 1, AuthenticAMD","standalone_or_unverified","gamlss.longitudinal=0.1.0;gamlss=5.4.22;gamlss.dist=6.1.1;mgcv=1.9.1;digest=0.6.36"
"continuous-smooth_basis",21,171,118648676,"continuous","NO","N","smooth_k",100,4,10,400,TRUE,FALSE,TRUE,TRUE,TRUE,0.839999999999918,0.839999999999918,0.440000000000055,0,1.27999999999997,"fit_only","none","none",0,"",,3,"3d9dbdbc9e18eed28d48bff56e934da9ad275c0721b3a34da978270ed9d6078a","66c45aca4c6364aa9f4aef2ff55620d81066a6e52c6244ce9c79080a3c702ccd","83d3ba28f026f0da30222a6eaaf2e4ebff3c34671fc223f6b548bc2258f15f05","f526e1de16f5ea19e66cbae9174dc234f9abac79e7336c0bf327852e4e4b6035","d1d25888250d2abea0ebd9f495f7ff7775a959400ee52189bc87ffcf003eb797","scenario-key-v1",20260528,"94ad1cdabf4ca3f8ab36f997b8497ca632f225a35a4cf2f154dbd9915d1f66f0","652ed1b3e77dee5925b0a015f16b96dcc25f2d77","dirty","R version 4.4.1 (2024-06-14 ucrt)","x86_64-w64-mingw32","Windows 10 x64 x86-64","AMD64 Family 25 Model 116 Stepping 1, AuthenticAMD","standalone_or_unverified","gamlss.longitudinal=0.1.0;gamlss=5.4.22;gamlss.dist=6.1.1;mgcv=1.9.1;digest=0.6.36"
"continuous-subjects",21,172,1703307758,"continuous","NO","N","n_subjects",250,4,5,1000,TRUE,FALSE,TRUE,TRUE,TRUE,1.42999999999995,1.42999999999995,1.07000000000005,0,2.5,"fit_only","none","none",0,"",,3,"3d9dbdbc9e18eed28d48bff56e934da9ad275c0721b3a34da978270ed9d6078a","66c45aca4c6364aa9f4aef2ff55620d81066a6e52c6244ce9c79080a3c702ccd","83d3ba28f026f0da30222a6eaaf2e4ebff3c34671fc223f6b548bc2258f15f05","f526e1de16f5ea19e66cbae9174dc234f9abac79e7336c0bf327852e4e4b6035","d1d25888250d2abea0ebd9f495f7ff7775a959400ee52189bc87ffcf003eb797","scenario-key-v1",20260528,"94ad1cdabf4ca3f8ab36f997b8497ca632f225a35a4cf2f154dbd9915d1f66f0","652ed1b3e77dee5925b0a015f16b96dcc25f2d77","dirty","R version 4.4.1 (2024-06-14 ucrt)","x86_64-w64-mingw32","Windows 10 x64 x86-64","AMD64 Family 25 Model 116 Stepping 1, AuthenticAMD","standalone_or_unverified","gamlss.longitudinal=0.1.0;gamlss=5.4.22;gamlss.dist=6.1.1;mgcv=1.9.1;digest=0.6.36"
"continuous-base",21,173,303239616,"continuous","NO","N","none",100,4,5,400,TRUE,FALSE,TRUE,TRUE,TRUE,0.950000000000045,0.950000000000045,0.419999999999959,0,1.37,"fit_only","none","none",0,"",,3,"3d9dbdbc9e18eed28d48bff56e934da9ad275c0721b3a34da978270ed9d6078a","66c45aca4c6364aa9f4aef2ff55620d81066a6e52c6244ce9c79080a3c702ccd","83d3ba28f026f0da30222a6eaaf2e4ebff3c34671fc223f6b548bc2258f15f05","f526e1de16f5ea19e66cbae9174dc234f9abac79e7336c0bf327852e4e4b6035","d1d25888250d2abea0ebd9f495f7ff7775a959400ee52189bc87ffcf003eb797","scenario-key-v1",20260528,"94ad1cdabf4ca3f8ab36f997b8497ca632f225a35a4cf2f154dbd9915d1f66f0","652ed1b3e77dee5925b0a015f16b96dcc25f2d77","dirty","R version 4.4.1 (2024-06-14 ucrt)","x86_64-w64-mingw32","Windows 10 x64 x86-64","AMD64 Family 25 Model 116 Stepping 1, AuthenticAMD","standalone_or_unverified","gamlss.longitudinal=0.1.0;gamlss=5.4.22;gamlss.dist=6.1.1;mgcv=1.9.1;digest=0.6.36"
"discrete-smooth_basis",21,174,1132781852,"discrete","NBI","C","smooth_k",100,4,10,400,TRUE,FALSE,TRUE,TRUE,TRUE,5.50999999999999,5.50999999999999,0.510000000000105,0,6.0200000000001,"fit_only","none","none",0,"",,3,"3d9dbdbc9e18eed28d48bff56e934da9ad275c0721b3a34da978270ed9d6078a","66c45aca4c6364aa9f4aef2ff55620d81066a6e52c6244ce9c79080a3c702ccd","83d3ba28f026f0da30222a6eaaf2e4ebff3c34671fc223f6b548bc2258f15f05","f526e1de16f5ea19e66cbae9174dc234f9abac79e7336c0bf327852e4e4b6035","d1d25888250d2abea0ebd9f495f7ff7775a959400ee52189bc87ffcf003eb797","scenario-key-v1",20260528,"94ad1cdabf4ca3f8ab36f997b8497ca632f225a35a4cf2f154dbd9915d1f66f0","652ed1b3e77dee5925b0a015f16b96dcc25f2d77","dirty","R version 4.4.1 (2024-06-14 ucrt)","x86_64-w64-mingw32","Windows 10 x64 x86-64","AMD64 Family 25 Model 116 Stepping 1, AuthenticAMD","standalone_or_unverified","gamlss.longitudinal=0.1.0;gamlss=5.4.22;gamlss.dist=6.1.1;mgcv=1.9.1;digest=0.6.36"
"discrete-base",22,175,1562064031,"discrete","NBI","C","none",100,4,5,400,TRUE,FALSE,TRUE,TRUE,TRUE,4.02999999999997,4.02999999999997,0.529999999999973,0,4.55999999999995,"fit_only","none","none",0,"",,3,"3d9dbdbc9e18eed28d48bff56e934da9ad275c0721b3a34da978270ed9d6078a","66c45aca4c6364aa9f4aef2ff55620d81066a6e52c6244ce9c79080a3c702ccd","83d3ba28f026f0da30222a6eaaf2e4ebff3c34671fc223f6b548bc2258f15f05","f526e1de16f5ea19e66cbae9174dc234f9abac79e7336c0bf327852e4e4b6035","d1d25888250d2abea0ebd9f495f7ff7775a959400ee52189bc87ffcf003eb797","scenario-key-v1",20260528,"94ad1cdabf4ca3f8ab36f997b8497ca632f225a35a4cf2f154dbd9915d1f66f0","652ed1b3e77dee5925b0a015f16b96dcc25f2d77","dirty","R version 4.4.1 (2024-06-14 ucrt)","x86_64-w64-mingw32","Windows 10 x64 x86-64","AMD64 Family 25 Model 116 Stepping 1, AuthenticAMD","standalone_or_unverified","gamlss.longitudinal=0.1.0;gamlss=5.4.22;gamlss.dist=6.1.1;mgcv=1.9.1;digest=0.6.36"
"discrete-visits",22,176,233228686,"discrete","NBI","C","n_visits",100,8,5,800,TRUE,FALSE,TRUE,TRUE,TRUE,6.71000000000004,6.71000000000004,1.32000000000005,0,8.03000000000009,"fit_only","none","none",0,"",,3,"3d9dbdbc9e18eed28d48bff56e934da9ad275c0721b3a34da978270ed9d6078a","66c45aca4c6364aa9f4aef2ff55620d81066a6e52c6244ce9c79080a3c702ccd","83d3ba28f026f0da30222a6eaaf2e4ebff3c34671fc223f6b548bc2258f15f05","f526e1de16f5ea19e66cbae9174dc234f9abac79e7336c0bf327852e4e4b6035","d1d25888250d2abea0ebd9f495f7ff7775a959400ee52189bc87ffcf003eb797","scenario-key-v1",20260528,"94ad1cdabf4ca3f8ab36f997b8497ca632f225a35a4cf2f154dbd9915d1f66f0","652ed1b3e77dee5925b0a015f16b96dcc25f2d77","dirty","R version 4.4.1 (2024-06-14 ucrt)","x86_64-w64-mingw32","Windows 10 x64 x86-64","AMD64 Family 25 Model 116 Stepping 1, AuthenticAMD","standalone_or_unverified","gamlss.longitudinal=0.1.0;gamlss=5.4.22;gamlss.dist=6.1.1;mgcv=1.9.1;digest=0.6.36"
"continuous-smooth_basis",22,177,413148597,"continuous","NO","N","smooth_k",100,4,10,400,TRUE,FALSE,TRUE,TRUE,TRUE,1.05000000000007,1.05000000000007,0.409999999999968,0,1.46000000000004,"fit_only","none","none",0,"",,3,"3d9dbdbc9e18eed28d48bff56e934da9ad275c0721b3a34da978270ed9d6078a","66c45aca4c6364aa9f4aef2ff55620d81066a6e52c6244ce9c79080a3c702ccd","83d3ba28f026f0da30222a6eaaf2e4ebff3c34671fc223f6b548bc2258f15f05","f526e1de16f5ea19e66cbae9174dc234f9abac79e7336c0bf327852e4e4b6035","d1d25888250d2abea0ebd9f495f7ff7775a959400ee52189bc87ffcf003eb797","scenario-key-v1",20260528,"94ad1cdabf4ca3f8ab36f997b8497ca632f225a35a4cf2f154dbd9915d1f66f0","652ed1b3e77dee5925b0a015f16b96dcc25f2d77","dirty","R version 4.4.1 (2024-06-14 ucrt)","x86_64-w64-mingw32","Windows 10 x64 x86-64","AMD64 Family 25 Model 116 Stepping 1, AuthenticAMD","standalone_or_unverified","gamlss.longitudinal=0.1.0;gamlss=5.4.22;gamlss.dist=6.1.1;mgcv=1.9.1;digest=0.6.36"
"continuous-subjects",22,178,1997807679,"continuous","NO","N","n_subjects",250,4,5,1000,TRUE,FALSE,TRUE,TRUE,TRUE,1.99000000000001,1.99000000000001,0.860000000000014,0,2.85000000000002,"fit_only","none","none",0,"",,3,"3d9dbdbc9e18eed28d48bff56e934da9ad275c0721b3a34da978270ed9d6078a","66c45aca4c6364aa9f4aef2ff55620d81066a6e52c6244ce9c79080a3c702ccd","83d3ba28f026f0da30222a6eaaf2e4ebff3c34671fc223f6b548bc2258f15f05","f526e1de16f5ea19e66cbae9174dc234f9abac79e7336c0bf327852e4e4b6035","d1d25888250d2abea0ebd9f495f7ff7775a959400ee52189bc87ffcf003eb797","scenario-key-v1",20260528,"94ad1cdabf4ca3f8ab36f997b8497ca632f225a35a4cf2f154dbd9915d1f66f0","652ed1b3e77dee5925b0a015f16b96dcc25f2d77","dirty","R version 4.4.1 (2024-06-14 ucrt)","x86_64-w64-mingw32","Windows 10 x64 x86-64","AMD64 Family 25 Model 116 Stepping 1, AuthenticAMD","standalone_or_unverified","gamlss.longitudinal=0.1.0;gamlss=5.4.22;gamlss.dist=6.1.1;mgcv=1.9.1;digest=0.6.36"
"continuous-base",22,179,597739537,"continuous","NO","N","none",100,4,5,400,TRUE,FALSE,TRUE,TRUE,TRUE,0.830000000000041,0.830000000000041,0.339999999999918,0,1.16999999999996,"fit_only","none","none",0,"",,3,"3d9dbdbc9e18eed28d48bff56e934da9ad275c0721b3a34da978270ed9d6078a","66c45aca4c6364aa9f4aef2ff55620d81066a6e52c6244ce9c79080a3c702ccd","83d3ba28f026f0da30222a6eaaf2e4ebff3c34671fc223f6b548bc2258f15f05","f526e1de16f5ea19e66cbae9174dc234f9abac79e7336c0bf327852e4e4b6035","d1d25888250d2abea0ebd9f495f7ff7775a959400ee52189bc87ffcf003eb797","scenario-key-v1",20260528,"94ad1cdabf4ca3f8ab36f997b8497ca632f225a35a4cf2f154dbd9915d1f66f0","652ed1b3e77dee5925b0a015f16b96dcc25f2d77","dirty","R version 4.4.1 (2024-06-14 ucrt)","x86_64-w64-mingw32","Windows 10 x64 x86-64","AMD64 Family 25 Model 116 Stepping 1, AuthenticAMD","standalone_or_unverified","gamlss.longitudinal=0.1.0;gamlss=5.4.22;gamlss.dist=6.1.1;mgcv=1.9.1;digest=0.6.36"
"discrete-smooth_basis",22,180,1427281773,"discrete","NBI","C","smooth_k",100,4,10,400,TRUE,FALSE,TRUE,TRUE,TRUE,6.81000000000006,6.81000000000006,0.490000000000009,0,7.30000000000007,"fit_only","none","none",0,"",,3,"3d9dbdbc9e18eed28d48bff56e934da9ad275c0721b3a34da978270ed9d6078a","66c45aca4c6364aa9f4aef2ff55620d81066a6e52c6244ce9c79080a3c702ccd","83d3ba28f026f0da30222a6eaaf2e4ebff3c34671fc223f6b548bc2258f15f05","f526e1de16f5ea19e66cbae9174dc234f9abac79e7336c0bf327852e4e4b6035","d1d25888250d2abea0ebd9f495f7ff7775a959400ee52189bc87ffcf003eb797","scenario-key-v1",20260528,"94ad1cdabf4ca3f8ab36f997b8497ca632f225a35a4cf2f154dbd9915d1f66f0","652ed1b3e77dee5925b0a015f16b96dcc25f2d77","dirty","R version 4.4.1 (2024-06-14 ucrt)","x86_64-w64-mingw32","Windows 10 x64 x86-64","AMD64 Family 25 Model 116 Stepping 1, AuthenticAMD","standalone_or_unverified","gamlss.longitudinal=0.1.0;gamlss=5.4.22;gamlss.dist=6.1.1;mgcv=1.9.1;digest=0.6.36"
"continuous-visits",22,181,2117046874,"continuous","NO","N","n_visits",100,8,5,800,TRUE,FALSE,TRUE,TRUE,TRUE,2.17000000000007,2.17000000000007,1.07000000000005,0,3.24000000000012,"fit_only","none","none",0,"",,3,"3d9dbdbc9e18eed28d48bff56e934da9ad275c0721b3a34da978270ed9d6078a","66c45aca4c6364aa9f4aef2ff55620d81066a6e52c6244ce9c79080a3c702ccd","83d3ba28f026f0da30222a6eaaf2e4ebff3c34671fc223f6b548bc2258f15f05","f526e1de16f5ea19e66cbae9174dc234f9abac79e7336c0bf327852e4e4b6035","d1d25888250d2abea0ebd9f495f7ff7775a959400ee52189bc87ffcf003eb797","scenario-key-v1",20260528,"94ad1cdabf4ca3f8ab36f997b8497ca632f225a35a4cf2f154dbd9915d1f66f0","652ed1b3e77dee5925b0a015f16b96dcc25f2d77","dirty","R version 4.4.1 (2024-06-14 ucrt)","x86_64-w64-mingw32","Windows 10 x64 x86-64","AMD64 Family 25 Model 116 Stepping 1, AuthenticAMD","standalone_or_unverified","gamlss.longitudinal=0.1.0;gamlss=5.4.22;gamlss.dist=6.1.1;mgcv=1.9.1;digest=0.6.36"
"continuous-smooth_basis",23,182,707648518,"continuous","NO","N","smooth_k",100,4,10,400,TRUE,FALSE,TRUE,TRUE,TRUE,1.0100000000001,1.0100000000001,0.360000000000014,0,1.37000000000012,"fit_only","none","none",0,"",,3,"3d9dbdbc9e18eed28d48bff56e934da9ad275c0721b3a34da978270ed9d6078a","66c45aca4c6364aa9f4aef2ff55620d81066a6e52c6244ce9c79080a3c702ccd","83d3ba28f026f0da30222a6eaaf2e4ebff3c34671fc223f6b548bc2258f15f05","f526e1de16f5ea19e66cbae9174dc234f9abac79e7336c0bf327852e4e4b6035","d1d25888250d2abea0ebd9f495f7ff7775a959400ee52189bc87ffcf003eb797","scenario-key-v1",20260528,"94ad1cdabf4ca3f8ab36f997b8497ca632f225a35a4cf2f154dbd9915d1f66f0","652ed1b3e77dee5925b0a015f16b96dcc25f2d77","dirty","R version 4.4.1 (2024-06-14 ucrt)","x86_64-w64-mingw32","Windows 10 x64 x86-64","AMD64 Family 25 Model 116 Stepping 1, AuthenticAMD","standalone_or_unverified","gamlss.longitudinal=0.1.0;gamlss=5.4.22;gamlss.dist=6.1.1;mgcv=1.9.1;digest=0.6.36"
"continuous-subjects",23,183,144823954,"continuous","NO","N","n_subjects",250,4,5,1000,TRUE,FALSE,TRUE,TRUE,TRUE,1.53000000000009,1.53000000000009,0.970000000000027,0,2.50000000000011,"fit_only","none","none",0,"",,3,"3d9dbdbc9e18eed28d48bff56e934da9ad275c0721b3a34da978270ed9d6078a","66c45aca4c6364aa9f4aef2ff55620d81066a6e52c6244ce9c79080a3c702ccd","83d3ba28f026f0da30222a6eaaf2e4ebff3c34671fc223f6b548bc2258f15f05","f526e1de16f5ea19e66cbae9174dc234f9abac79e7336c0bf327852e4e4b6035","d1d25888250d2abea0ebd9f495f7ff7775a959400ee52189bc87ffcf003eb797","scenario-key-v1",20260528,"94ad1cdabf4ca3f8ab36f997b8497ca632f225a35a4cf2f154dbd9915d1f66f0","652ed1b3e77dee5925b0a015f16b96dcc25f2d77","dirty","R version 4.4.1 (2024-06-14 ucrt)","x86_64-w64-mingw32","Windows 10 x64 x86-64","AMD64 Family 25 Model 116 Stepping 1, AuthenticAMD","standalone_or_unverified","gamlss.longitudinal=0.1.0;gamlss=5.4.22;gamlss.dist=6.1.1;mgcv=1.9.1;digest=0.6.36"
"continuous-base",23,184,892239458,"continuous","NO","N","none",100,4,5,400,TRUE,FALSE,TRUE,TRUE,TRUE,1.63999999999999,1.63999999999999,0.539999999999964,0,2.17999999999995,"fit_only","none","none",0,"",,3,"3d9dbdbc9e18eed28d48bff56e934da9ad275c0721b3a34da978270ed9d6078a","66c45aca4c6364aa9f4aef2ff55620d81066a6e52c6244ce9c79080a3c702ccd","83d3ba28f026f0da30222a6eaaf2e4ebff3c34671fc223f6b548bc2258f15f05","f526e1de16f5ea19e66cbae9174dc234f9abac79e7336c0bf327852e4e4b6035","d1d25888250d2abea0ebd9f495f7ff7775a959400ee52189bc87ffcf003eb797","scenario-key-v1",20260528,"94ad1cdabf4ca3f8ab36f997b8497ca632f225a35a4cf2f154dbd9915d1f66f0","652ed1b3e77dee5925b0a015f16b96dcc25f2d77","dirty","R version 4.4.1 (2024-06-14 ucrt)","x86_64-w64-mingw32","Windows 10 x64 x86-64","AMD64 Family 25 Model 116 Stepping 1, AuthenticAMD","standalone_or_unverified","gamlss.longitudinal=0.1.0;gamlss=5.4.22;gamlss.dist=6.1.1;mgcv=1.9.1;digest=0.6.36"
"discrete-smooth_basis",23,185,1721781694,"discrete","NBI","C","smooth_k",100,4,10,400,TRUE,FALSE,TRUE,TRUE,TRUE,4.65999999999997,4.65999999999997,0.529999999999973,0,5.18999999999994,"fit_only","none","none",0,"",,3,"3d9dbdbc9e18eed28d48bff56e934da9ad275c0721b3a34da978270ed9d6078a","66c45aca4c6364aa9f4aef2ff55620d81066a6e52c6244ce9c79080a3c702ccd","83d3ba28f026f0da30222a6eaaf2e4ebff3c34671fc223f6b548bc2258f15f05","f526e1de16f5ea19e66cbae9174dc234f9abac79e7336c0bf327852e4e4b6035","d1d25888250d2abea0ebd9f495f7ff7775a959400ee52189bc87ffcf003eb797","scenario-key-v1",20260528,"94ad1cdabf4ca3f8ab36f997b8497ca632f225a35a4cf2f154dbd9915d1f66f0","652ed1b3e77dee5925b0a015f16b96dcc25f2d77","dirty","R version 4.4.1 (2024-06-14 ucrt)","x86_64-w64-mingw32","Windows 10 x64 x86-64","AMD64 Family 25 Model 116 Stepping 1, AuthenticAMD","standalone_or_unverified","gamlss.longitudinal=0.1.0;gamlss=5.4.22;gamlss.dist=6.1.1;mgcv=1.9.1;digest=0.6.36"
"continuous-visits",23,186,264063149,"continuous","NO","N","n_visits",100,8,5,800,TRUE,FALSE,TRUE,TRUE,TRUE,1.94000000000005,1.94000000000005,1.02999999999997,0,2.97000000000003,"fit_only","none","none",0,"",,3,"3d9dbdbc9e18eed28d48bff56e934da9ad275c0721b3a34da978270ed9d6078a","66c45aca4c6364aa9f4aef2ff55620d81066a6e52c6244ce9c79080a3c702ccd","83d3ba28f026f0da30222a6eaaf2e4ebff3c34671fc223f6b548bc2258f15f05","f526e1de16f5ea19e66cbae9174dc234f9abac79e7336c0bf327852e4e4b6035","d1d25888250d2abea0ebd9f495f7ff7775a959400ee52189bc87ffcf003eb797","scenario-key-v1",20260528,"94ad1cdabf4ca3f8ab36f997b8497ca632f225a35a4cf2f154dbd9915d1f66f0","652ed1b3e77dee5925b0a015f16b96dcc25f2d77","dirty","R version 4.4.1 (2024-06-14 ucrt)","x86_64-w64-mingw32","Windows 10 x64 x86-64","AMD64 Family 25 Model 116 Stepping 1, AuthenticAMD","standalone_or_unverified","gamlss.longitudinal=0.1.0;gamlss=5.4.22;gamlss.dist=6.1.1;mgcv=1.9.1;digest=0.6.36"
"discrete-base",23,187,1856563952,"discrete","NBI","C","none",100,4,5,400,TRUE,FALSE,TRUE,TRUE,TRUE,5.28000000000009,5.28000000000009,0.539999999999964,0,5.82000000000005,"fit_only","none","none",0,"",,3,"3d9dbdbc9e18eed28d48bff56e934da9ad275c0721b3a34da978270ed9d6078a","66c45aca4c6364aa9f4aef2ff55620d81066a6e52c6244ce9c79080a3c702ccd","83d3ba28f026f0da30222a6eaaf2e4ebff3c34671fc223f6b548bc2258f15f05","f526e1de16f5ea19e66cbae9174dc234f9abac79e7336c0bf327852e4e4b6035","d1d25888250d2abea0ebd9f495f7ff7775a959400ee52189bc87ffcf003eb797","scenario-key-v1",20260528,"94ad1cdabf4ca3f8ab36f997b8497ca632f225a35a4cf2f154dbd9915d1f66f0","652ed1b3e77dee5925b0a015f16b96dcc25f2d77","dirty","R version 4.4.1 (2024-06-14 ucrt)","x86_64-w64-mingw32","Windows 10 x64 x86-64","AMD64 Family 25 Model 116 Stepping 1, AuthenticAMD","standalone_or_unverified","gamlss.longitudinal=0.1.0;gamlss=5.4.22;gamlss.dist=6.1.1;mgcv=1.9.1;digest=0.6.36"
"discrete-visits",23,188,527728607,"discrete","NBI","C","n_visits",100,8,5,800,TRUE,FALSE,TRUE,TRUE,TRUE,5.83000000000004,5.83000000000004,1.40999999999997,0,7.24000000000001,"fit_only","none","none",0,"",,3,"3d9dbdbc9e18eed28d48bff56e934da9ad275c0721b3a34da978270ed9d6078a","66c45aca4c6364aa9f4aef2ff55620d81066a6e52c6244ce9c79080a3c702ccd","83d3ba28f026f0da30222a6eaaf2e4ebff3c34671fc223f6b548bc2258f15f05","f526e1de16f5ea19e66cbae9174dc234f9abac79e7336c0bf327852e4e4b6035","d1d25888250d2abea0ebd9f495f7ff7775a959400ee52189bc87ffcf003eb797","scenario-key-v1",20260528,"94ad1cdabf4ca3f8ab36f997b8497ca632f225a35a4cf2f154dbd9915d1f66f0","652ed1b3e77dee5925b0a015f16b96dcc25f2d77","dirty","R version 4.4.1 (2024-06-14 ucrt)","x86_64-w64-mingw32","Windows 10 x64 x86-64","AMD64 Family 25 Model 116 Stepping 1, AuthenticAMD","standalone_or_unverified","gamlss.longitudinal=0.1.0;gamlss=5.4.22;gamlss.dist=6.1.1;mgcv=1.9.1;digest=0.6.36"
"continuous-subjects",24,189,439323875,"continuous","NO","N","n_subjects",250,4,5,1000,TRUE,FALSE,TRUE,TRUE,TRUE,2,2,1,0,3,"fit_only","none","none",0,"",,3,"3d9dbdbc9e18eed28d48bff56e934da9ad275c0721b3a34da978270ed9d6078a","66c45aca4c6364aa9f4aef2ff55620d81066a6e52c6244ce9c79080a3c702ccd","83d3ba28f026f0da30222a6eaaf2e4ebff3c34671fc223f6b548bc2258f15f05","f526e1de16f5ea19e66cbae9174dc234f9abac79e7336c0bf327852e4e4b6035","d1d25888250d2abea0ebd9f495f7ff7775a959400ee52189bc87ffcf003eb797","scenario-key-v1",20260528,"94ad1cdabf4ca3f8ab36f997b8497ca632f225a35a4cf2f154dbd9915d1f66f0","652ed1b3e77dee5925b0a015f16b96dcc25f2d77","dirty","R version 4.4.1 (2024-06-14 ucrt)","x86_64-w64-mingw32","Windows 10 x64 x86-64","AMD64 Family 25 Model 116 Stepping 1, AuthenticAMD","standalone_or_unverified","gamlss.longitudinal=0.1.0;gamlss=5.4.22;gamlss.dist=6.1.1;mgcv=1.9.1;digest=0.6.36"
"continuous-base",24,190,1186739379,"continuous","NO","N","none",100,4,5,400,TRUE,FALSE,TRUE,TRUE,TRUE,0.939999999999941,0.939999999999941,0.439999999999941,0,1.37999999999988,"fit_only","none","none",0,"",,3,"3d9dbdbc9e18eed28d48bff56e934da9ad275c0721b3a34da978270ed9d6078a","66c45aca4c6364aa9f4aef2ff55620d81066a6e52c6244ce9c79080a3c702ccd","83d3ba28f026f0da30222a6eaaf2e4ebff3c34671fc223f6b548bc2258f15f05","f526e1de16f5ea19e66cbae9174dc234f9abac79e7336c0bf327852e4e4b6035","d1d25888250d2abea0ebd9f495f7ff7775a959400ee52189bc87ffcf003eb797","scenario-key-v1",20260528,"94ad1cdabf4ca3f8ab36f997b8497ca632f225a35a4cf2f154dbd9915d1f66f0","652ed1b3e77dee5925b0a015f16b96dcc25f2d77","dirty","R version 4.4.1 (2024-06-14 ucrt)","x86_64-w64-mingw32","Windows 10 x64 x86-64","AMD64 Family 25 Model 116 Stepping 1, AuthenticAMD","standalone_or_unverified","gamlss.longitudinal=0.1.0;gamlss=5.4.22;gamlss.dist=6.1.1;mgcv=1.9.1;digest=0.6.36"
"discrete-smooth_basis",24,191,2016281615,"discrete","NBI","C","smooth_k",100,4,10,400,TRUE,FALSE,TRUE,TRUE,TRUE,4.23000000000002,4.23000000000002,0.529999999999973,0,4.75999999999999,"fit_only","none","none",0,"",,3,"3d9dbdbc9e18eed28d48bff56e934da9ad275c0721b3a34da978270ed9d6078a","66c45aca4c6364aa9f4aef2ff55620d81066a6e52c6244ce9c79080a3c702ccd","83d3ba28f026f0da30222a6eaaf2e4ebff3c34671fc223f6b548bc2258f15f05","f526e1de16f5ea19e66cbae9174dc234f9abac79e7336c0bf327852e4e4b6035","d1d25888250d2abea0ebd9f495f7ff7775a959400ee52189bc87ffcf003eb797","scenario-key-v1",20260528,"94ad1cdabf4ca3f8ab36f997b8497ca632f225a35a4cf2f154dbd9915d1f66f0","652ed1b3e77dee5925b0a015f16b96dcc25f2d77","dirty","R version 4.4.1 (2024-06-14 ucrt)","x86_64-w64-mingw32","Windows 10 x64 x86-64","AMD64 Family 25 Model 116 Stepping 1, AuthenticAMD","standalone_or_unverified","gamlss.longitudinal=0.1.0;gamlss=5.4.22;gamlss.dist=6.1.1;mgcv=1.9.1;digest=0.6.36"
"continuous-visits",24,192,558563070,"continuous","NO","N","n_visits",100,8,5,800,TRUE,FALSE,TRUE,TRUE,TRUE,1.45000000000005,1.45000000000005,1.1099999999999,0,2.55999999999995,"fit_only","none","none",0,"",,3,"3d9dbdbc9e18eed28d48bff56e934da9ad275c0721b3a34da978270ed9d6078a","66c45aca4c6364aa9f4aef2ff55620d81066a6e52c6244ce9c79080a3c702ccd","83d3ba28f026f0da30222a6eaaf2e4ebff3c34671fc223f6b548bc2258f15f05","f526e1de16f5ea19e66cbae9174dc234f9abac79e7336c0bf327852e4e4b6035","d1d25888250d2abea0ebd9f495f7ff7775a959400ee52189bc87ffcf003eb797","scenario-key-v1",20260528,"94ad1cdabf4ca3f8ab36f997b8497ca632f225a35a4cf2f154dbd9915d1f66f0","652ed1b3e77dee5925b0a015f16b96dcc25f2d77","dirty","R version 4.4.1 (2024-06-14 ucrt)","x86_64-w64-mingw32","Windows 10 x64 x86-64","AMD64 Family 25 Model 116 Stepping 1, AuthenticAMD","standalone_or_unverified","gamlss.longitudinal=0.1.0;gamlss=5.4.22;gamlss.dist=6.1.1;mgcv=1.9.1;digest=0.6.36"
"discrete-base",24,193,3580227,"discrete","NBI","C","none",100,4,5,400,TRUE,FALSE,TRUE,TRUE,TRUE,3.94999999999993,3.94999999999993,0.510000000000105,0,4.46000000000004,"fit_only","none","none",0,"",,3,"3d9dbdbc9e18eed28d48bff56e934da9ad275c0721b3a34da978270ed9d6078a","66c45aca4c6364aa9f4aef2ff55620d81066a6e52c6244ce9c79080a3c702ccd","83d3ba28f026f0da30222a6eaaf2e4ebff3c34671fc223f6b548bc2258f15f05","f526e1de16f5ea19e66cbae9174dc234f9abac79e7336c0bf327852e4e4b6035","d1d25888250d2abea0ebd9f495f7ff7775a959400ee52189bc87ffcf003eb797","scenario-key-v1",20260528,"94ad1cdabf4ca3f8ab36f997b8497ca632f225a35a4cf2f154dbd9915d1f66f0","652ed1b3e77dee5925b0a015f16b96dcc25f2d77","dirty","R version 4.4.1 (2024-06-14 ucrt)","x86_64-w64-mingw32","Windows 10 x64 x86-64","AMD64 Family 25 Model 116 Stepping 1, AuthenticAMD","standalone_or_unverified","gamlss.longitudinal=0.1.0;gamlss=5.4.22;gamlss.dist=6.1.1;mgcv=1.9.1;digest=0.6.36"
"discrete-visits",24,194,822228528,"discrete","NBI","C","n_visits",100,8,5,800,TRUE,FALSE,TRUE,TRUE,TRUE,7.35000000000002,7.35000000000002,1.25,0,8.60000000000002,"fit_only","none","none",0,"",,3,"3d9dbdbc9e18eed28d48bff56e934da9ad275c0721b3a34da978270ed9d6078a","66c45aca4c6364aa9f4aef2ff55620d81066a6e52c6244ce9c79080a3c702ccd","83d3ba28f026f0da30222a6eaaf2e4ebff3c34671fc223f6b548bc2258f15f05","f526e1de16f5ea19e66cbae9174dc234f9abac79e7336c0bf327852e4e4b6035","d1d25888250d2abea0ebd9f495f7ff7775a959400ee52189bc87ffcf003eb797","scenario-key-v1",20260528,"94ad1cdabf4ca3f8ab36f997b8497ca632f225a35a4cf2f154dbd9915d1f66f0","652ed1b3e77dee5925b0a015f16b96dcc25f2d77","dirty","R version 4.4.1 (2024-06-14 ucrt)","x86_64-w64-mingw32","Windows 10 x64 x86-64","AMD64 Family 25 Model 116 Stepping 1, AuthenticAMD","standalone_or_unverified","gamlss.longitudinal=0.1.0;gamlss=5.4.22;gamlss.dist=6.1.1;mgcv=1.9.1;digest=0.6.36"
"continuous-smooth_basis",24,195,1002148439,"continuous","NO","N","smooth_k",100,4,10,400,TRUE,FALSE,TRUE,TRUE,TRUE,0.870000000000005,0.870000000000005,0.42999999999995,0,1.29999999999995,"fit_only","none","none",0,"",,3,"3d9dbdbc9e18eed28d48bff56e934da9ad275c0721b3a34da978270ed9d6078a","66c45aca4c6364aa9f4aef2ff55620d81066a6e52c6244ce9c79080a3c702ccd","83d3ba28f026f0da30222a6eaaf2e4ebff3c34671fc223f6b548bc2258f15f05","f526e1de16f5ea19e66cbae9174dc234f9abac79e7336c0bf327852e4e4b6035","d1d25888250d2abea0ebd9f495f7ff7775a959400ee52189bc87ffcf003eb797","scenario-key-v1",20260528,"94ad1cdabf4ca3f8ab36f997b8497ca632f225a35a4cf2f154dbd9915d1f66f0","652ed1b3e77dee5925b0a015f16b96dcc25f2d77","dirty","R version 4.4.1 (2024-06-14 ucrt)","x86_64-w64-mingw32","Windows 10 x64 x86-64","AMD64 Family 25 Model 116 Stepping 1, AuthenticAMD","standalone_or_unverified","gamlss.longitudinal=0.1.0;gamlss=5.4.22;gamlss.dist=6.1.1;mgcv=1.9.1;digest=0.6.36"
"continuous-visits",25,196,853062991,"continuous","NO","N","n_visits",100,8,5,800,TRUE,FALSE,TRUE,TRUE,TRUE,1.53999999999996,1.53999999999996,1.23000000000002,0,2.76999999999998,"fit_only","none","none",0,"",,3,"3d9dbdbc9e18eed28d48bff56e934da9ad275c0721b3a34da978270ed9d6078a","66c45aca4c6364aa9f4aef2ff55620d81066a6e52c6244ce9c79080a3c702ccd","83d3ba28f026f0da30222a6eaaf2e4ebff3c34671fc223f6b548bc2258f15f05","f526e1de16f5ea19e66cbae9174dc234f9abac79e7336c0bf327852e4e4b6035","d1d25888250d2abea0ebd9f495f7ff7775a959400ee52189bc87ffcf003eb797","scenario-key-v1",20260528,"94ad1cdabf4ca3f8ab36f997b8497ca632f225a35a4cf2f154dbd9915d1f66f0","652ed1b3e77dee5925b0a015f16b96dcc25f2d77","dirty","R version 4.4.1 (2024-06-14 ucrt)","x86_64-w64-mingw32","Windows 10 x64 x86-64","AMD64 Family 25 Model 116 Stepping 1, AuthenticAMD","standalone_or_unverified","gamlss.longitudinal=0.1.0;gamlss=5.4.22;gamlss.dist=6.1.1;mgcv=1.9.1;digest=0.6.36"
"discrete-base",25,197,298080148,"discrete","NBI","C","none",100,4,5,400,TRUE,FALSE,TRUE,TRUE,TRUE,4.18999999999994,4.18999999999994,0.539999999999964,0,4.7299999999999,"fit_only","none","none",0,"",,3,"3d9dbdbc9e18eed28d48bff56e934da9ad275c0721b3a34da978270ed9d6078a","66c45aca4c6364aa9f4aef2ff55620d81066a6e52c6244ce9c79080a3c702ccd","83d3ba28f026f0da30222a6eaaf2e4ebff3c34671fc223f6b548bc2258f15f05","f526e1de16f5ea19e66cbae9174dc234f9abac79e7336c0bf327852e4e4b6035","d1d25888250d2abea0ebd9f495f7ff7775a959400ee52189bc87ffcf003eb797","scenario-key-v1",20260528,"94ad1cdabf4ca3f8ab36f997b8497ca632f225a35a4cf2f154dbd9915d1f66f0","652ed1b3e77dee5925b0a015f16b96dcc25f2d77","dirty","R version 4.4.1 (2024-06-14 ucrt)","x86_64-w64-mingw32","Windows 10 x64 x86-64","AMD64 Family 25 Model 116 Stepping 1, AuthenticAMD","standalone_or_unverified","gamlss.longitudinal=0.1.0;gamlss=5.4.22;gamlss.dist=6.1.1;mgcv=1.9.1;digest=0.6.36"
"discrete-visits",25,198,1116728449,"discrete","NBI","C","n_visits",100,8,5,800,TRUE,FALSE,TRUE,TRUE,TRUE,6.76999999999998,6.76999999999998,1.26999999999998,0,8.03999999999996,"fit_only","none","none",0,"",,3,"3d9dbdbc9e18eed28d48bff56e934da9ad275c0721b3a34da978270ed9d6078a","66c45aca4c6364aa9f4aef2ff55620d81066a6e52c6244ce9c79080a3c702ccd","83d3ba28f026f0da30222a6eaaf2e4ebff3c34671fc223f6b548bc2258f15f05","f526e1de16f5ea19e66cbae9174dc234f9abac79e7336c0bf327852e4e4b6035","d1d25888250d2abea0ebd9f495f7ff7775a959400ee52189bc87ffcf003eb797","scenario-key-v1",20260528,"94ad1cdabf4ca3f8ab36f997b8497ca632f225a35a4cf2f154dbd9915d1f66f0","652ed1b3e77dee5925b0a015f16b96dcc25f2d77","dirty","R version 4.4.1 (2024-06-14 ucrt)","x86_64-w64-mingw32","Windows 10 x64 x86-64","AMD64 Family 25 Model 116 Stepping 1, AuthenticAMD","standalone_or_unverified","gamlss.longitudinal=0.1.0;gamlss=5.4.22;gamlss.dist=6.1.1;mgcv=1.9.1;digest=0.6.36"
"continuous-smooth_basis",25,199,1296648360,"continuous","NO","N","smooth_k",100,4,10,400,TRUE,FALSE,TRUE,TRUE,TRUE,0.960000000000036,0.960000000000036,0.42999999999995,0,1.38999999999999,"fit_only","none","none",0,"",,3,"3d9dbdbc9e18eed28d48bff56e934da9ad275c0721b3a34da978270ed9d6078a","66c45aca4c6364aa9f4aef2ff55620d81066a6e52c6244ce9c79080a3c702ccd","83d3ba28f026f0da30222a6eaaf2e4ebff3c34671fc223f6b548bc2258f15f05","f526e1de16f5ea19e66cbae9174dc234f9abac79e7336c0bf327852e4e4b6035","d1d25888250d2abea0ebd9f495f7ff7775a959400ee52189bc87ffcf003eb797","scenario-key-v1",20260528,"94ad1cdabf4ca3f8ab36f997b8497ca632f225a35a4cf2f154dbd9915d1f66f0","652ed1b3e77dee5925b0a015f16b96dcc25f2d77","dirty","R version 4.4.1 (2024-06-14 ucrt)","x86_64-w64-mingw32","Windows 10 x64 x86-64","AMD64 Family 25 Model 116 Stepping 1, AuthenticAMD","standalone_or_unverified","gamlss.longitudinal=0.1.0;gamlss=5.4.22;gamlss.dist=6.1.1;mgcv=1.9.1;digest=0.6.36"
"continuous-subjects",25,200,733823796,"continuous","NO","N","n_subjects",250,4,5,1000,TRUE,FALSE,TRUE,TRUE,TRUE,1.5,1.5,1.19000000000005,0,2.69000000000005,"fit_only","none","none",0,"",,3,"3d9dbdbc9e18eed28d48bff56e934da9ad275c0721b3a34da978270ed9d6078a","66c45aca4c6364aa9f4aef2ff55620d81066a6e52c6244ce9c79080a3c702ccd","83d3ba28f026f0da30222a6eaaf2e4ebff3c34671fc223f6b548bc2258f15f05","f526e1de16f5ea19e66cbae9174dc234f9abac79e7336c0bf327852e4e4b6035","d1d25888250d2abea0ebd9f495f7ff7775a959400ee52189bc87ffcf003eb797","scenario-key-v1",20260528,"94ad1cdabf4ca3f8ab36f997b8497ca632f225a35a4cf2f154dbd9915d1f66f0","652ed1b3e77dee5925b0a015f16b96dcc25f2d77","dirty","R version 4.4.1 (2024-06-14 ucrt)","x86_64-w64-mingw32","Windows 10 x64 x86-64","AMD64 Family 25 Model 116 Stepping 1, AuthenticAMD","standalone_or_unverified","gamlss.longitudinal=0.1.0;gamlss=5.4.22;gamlss.dist=6.1.1;mgcv=1.9.1;digest=0.6.36"
"discrete-smooth_basis",25,201,163297890,"discrete","NBI","C","smooth_k",100,4,10,400,TRUE,FALSE,TRUE,TRUE,TRUE,4.5,4.5,0.480000000000018,0,4.98000000000002,"fit_only","none","none",0,"",,3,"3d9dbdbc9e18eed28d48bff56e934da9ad275c0721b3a34da978270ed9d6078a","66c45aca4c6364aa9f4aef2ff55620d81066a6e52c6244ce9c79080a3c702ccd","83d3ba28f026f0da30222a6eaaf2e4ebff3c34671fc223f6b548bc2258f15f05","f526e1de16f5ea19e66cbae9174dc234f9abac79e7336c0bf327852e4e4b6035","d1d25888250d2abea0ebd9f495f7ff7775a959400ee52189bc87ffcf003eb797","scenario-key-v1",20260528,"94ad1cdabf4ca3f8ab36f997b8497ca632f225a35a4cf2f154dbd9915d1f66f0","652ed1b3e77dee5925b0a015f16b96dcc25f2d77","dirty","R version 4.4.1 (2024-06-14 ucrt)","x86_64-w64-mingw32","Windows 10 x64 x86-64","AMD64 Family 25 Model 116 Stepping 1, AuthenticAMD","standalone_or_unverified","gamlss.longitudinal=0.1.0;gamlss=5.4.22;gamlss.dist=6.1.1;mgcv=1.9.1;digest=0.6.36"
"continuous-visits",26,202,1147562912,"continuous","NO","N","n_visits",100,8,5,800,TRUE,FALSE,TRUE,TRUE,TRUE,1.34000000000003,1.34000000000003,0.949999999999932,0,2.28999999999996,"fit_only","none","none",0,"",,3,"3d9dbdbc9e18eed28d48bff56e934da9ad275c0721b3a34da978270ed9d6078a","66c45aca4c6364aa9f4aef2ff55620d81066a6e52c6244ce9c79080a3c702ccd","83d3ba28f026f0da30222a6eaaf2e4ebff3c34671fc223f6b548bc2258f15f05","f526e1de16f5ea19e66cbae9174dc234f9abac79e7336c0bf327852e4e4b6035","d1d25888250d2abea0ebd9f495f7ff7775a959400ee52189bc87ffcf003eb797","scenario-key-v1",20260528,"94ad1cdabf4ca3f8ab36f997b8497ca632f225a35a4cf2f154dbd9915d1f66f0","652ed1b3e77dee5925b0a015f16b96dcc25f2d77","dirty","R version 4.4.1 (2024-06-14 ucrt)","x86_64-w64-mingw32","Windows 10 x64 x86-64","AMD64 Family 25 Model 116 Stepping 1, AuthenticAMD","standalone_or_unverified","gamlss.longitudinal=0.1.0;gamlss=5.4.22;gamlss.dist=6.1.1;mgcv=1.9.1;digest=0.6.36"
"discrete-base",26,203,592580069,"discrete","NBI","C","none",100,4,5,400,TRUE,FALSE,TRUE,TRUE,TRUE,3.37,3.37,0.5,0,3.87,"fit_only","none","none",0,"",,3,"3d9dbdbc9e18eed28d48bff56e934da9ad275c0721b3a34da978270ed9d6078a","66c45aca4c6364aa9f4aef2ff55620d81066a6e52c6244ce9c79080a3c702ccd","83d3ba28f026f0da30222a6eaaf2e4ebff3c34671fc223f6b548bc2258f15f05","f526e1de16f5ea19e66cbae9174dc234f9abac79e7336c0bf327852e4e4b6035","d1d25888250d2abea0ebd9f495f7ff7775a959400ee52189bc87ffcf003eb797","scenario-key-v1",20260528,"94ad1cdabf4ca3f8ab36f997b8497ca632f225a35a4cf2f154dbd9915d1f66f0","652ed1b3e77dee5925b0a015f16b96dcc25f2d77","dirty","R version 4.4.1 (2024-06-14 ucrt)","x86_64-w64-mingw32","Windows 10 x64 x86-64","AMD64 Family 25 Model 116 Stepping 1, AuthenticAMD","standalone_or_unverified","gamlss.longitudinal=0.1.0;gamlss=5.4.22;gamlss.dist=6.1.1;mgcv=1.9.1;digest=0.6.36"
"discrete-visits",26,204,1411228370,"discrete","NBI","C","n_visits",100,8,5,800,TRUE,FALSE,TRUE,TRUE,TRUE,8,8,1.13,0,9.13,"fit_only","none","none",0,"",,3,"3d9dbdbc9e18eed28d48bff56e934da9ad275c0721b3a34da978270ed9d6078a","66c45aca4c6364aa9f4aef2ff55620d81066a6e52c6244ce9c79080a3c702ccd","83d3ba28f026f0da30222a6eaaf2e4ebff3c34671fc223f6b548bc2258f15f05","f526e1de16f5ea19e66cbae9174dc234f9abac79e7336c0bf327852e4e4b6035","d1d25888250d2abea0ebd9f495f7ff7775a959400ee52189bc87ffcf003eb797","scenario-key-v1",20260528,"94ad1cdabf4ca3f8ab36f997b8497ca632f225a35a4cf2f154dbd9915d1f66f0","652ed1b3e77dee5925b0a015f16b96dcc25f2d77","dirty","R version 4.4.1 (2024-06-14 ucrt)","x86_64-w64-mingw32","Windows 10 x64 x86-64","AMD64 Family 25 Model 116 Stepping 1, AuthenticAMD","standalone_or_unverified","gamlss.longitudinal=0.1.0;gamlss=5.4.22;gamlss.dist=6.1.1;mgcv=1.9.1;digest=0.6.36"
"continuous-smooth_basis",26,205,1591148281,"continuous","NO","N","smooth_k",100,4,10,400,TRUE,FALSE,TRUE,TRUE,TRUE,1.59999999999991,1.59999999999991,0.370000000000005,0,1.96999999999991,"fit_only","none","none",0,"",,3,"3d9dbdbc9e18eed28d48bff56e934da9ad275c0721b3a34da978270ed9d6078a","66c45aca4c6364aa9f4aef2ff55620d81066a6e52c6244ce9c79080a3c702ccd","83d3ba28f026f0da30222a6eaaf2e4ebff3c34671fc223f6b548bc2258f15f05","f526e1de16f5ea19e66cbae9174dc234f9abac79e7336c0bf327852e4e4b6035","d1d25888250d2abea0ebd9f495f7ff7775a959400ee52189bc87ffcf003eb797","scenario-key-v1",20260528,"94ad1cdabf4ca3f8ab36f997b8497ca632f225a35a4cf2f154dbd9915d1f66f0","652ed1b3e77dee5925b0a015f16b96dcc25f2d77","dirty","R version 4.4.1 (2024-06-14 ucrt)","x86_64-w64-mingw32","Windows 10 x64 x86-64","AMD64 Family 25 Model 116 Stepping 1, AuthenticAMD","standalone_or_unverified","gamlss.longitudinal=0.1.0;gamlss=5.4.22;gamlss.dist=6.1.1;mgcv=1.9.1;digest=0.6.36"
"continuous-subjects",26,206,1028323717,"continuous","NO","N","n_subjects",250,4,5,1000,TRUE,FALSE,TRUE,TRUE,TRUE,1.64999999999998,1.64999999999998,0.919999999999959,0,2.56999999999994,"fit_only","none","none",0,"",,3,"3d9dbdbc9e18eed28d48bff56e934da9ad275c0721b3a34da978270ed9d6078a","66c45aca4c6364aa9f4aef2ff55620d81066a6e52c6244ce9c79080a3c702ccd","83d3ba28f026f0da30222a6eaaf2e4ebff3c34671fc223f6b548bc2258f15f05","f526e1de16f5ea19e66cbae9174dc234f9abac79e7336c0bf327852e4e4b6035","d1d25888250d2abea0ebd9f495f7ff7775a959400ee52189bc87ffcf003eb797","scenario-key-v1",20260528,"94ad1cdabf4ca3f8ab36f997b8497ca632f225a35a4cf2f154dbd9915d1f66f0","652ed1b3e77dee5925b0a015f16b96dcc25f2d77","dirty","R version 4.4.1 (2024-06-14 ucrt)","x86_64-w64-mingw32","Windows 10 x64 x86-64","AMD64 Family 25 Model 116 Stepping 1, AuthenticAMD","standalone_or_unverified","gamlss.longitudinal=0.1.0;gamlss=5.4.22;gamlss.dist=6.1.1;mgcv=1.9.1;digest=0.6.36"
"discrete-smooth_basis",26,207,457797811,"discrete","NBI","C","smooth_k",100,4,10,400,TRUE,FALSE,TRUE,TRUE,TRUE,3.87,3.87,0.440000000000055,0,4.31000000000006,"fit_only","none","none",0,"",,3,"3d9dbdbc9e18eed28d48bff56e934da9ad275c0721b3a34da978270ed9d6078a","66c45aca4c6364aa9f4aef2ff55620d81066a6e52c6244ce9c79080a3c702ccd","83d3ba28f026f0da30222a6eaaf2e4ebff3c34671fc223f6b548bc2258f15f05","f526e1de16f5ea19e66cbae9174dc234f9abac79e7336c0bf327852e4e4b6035","d1d25888250d2abea0ebd9f495f7ff7775a959400ee52189bc87ffcf003eb797","scenario-key-v1",20260528,"94ad1cdabf4ca3f8ab36f997b8497ca632f225a35a4cf2f154dbd9915d1f66f0","652ed1b3e77dee5925b0a015f16b96dcc25f2d77","dirty","R version 4.4.1 (2024-06-14 ucrt)","x86_64-w64-mingw32","Windows 10 x64 x86-64","AMD64 Family 25 Model 116 Stepping 1, AuthenticAMD","standalone_or_unverified","gamlss.longitudinal=0.1.0;gamlss=5.4.22;gamlss.dist=6.1.1;mgcv=1.9.1;digest=0.6.36"
"discrete-visits",27,208,1705728291,"discrete","NBI","C","n_visits",100,8,5,800,TRUE,FALSE,TRUE,TRUE,TRUE,6.61000000000001,6.61000000000001,1.04999999999995,0,7.65999999999997,"fit_only","none","none",0,"",,3,"3d9dbdbc9e18eed28d48bff56e934da9ad275c0721b3a34da978270ed9d6078a","66c45aca4c6364aa9f4aef2ff55620d81066a6e52c6244ce9c79080a3c702ccd","83d3ba28f026f0da30222a6eaaf2e4ebff3c34671fc223f6b548bc2258f15f05","f526e1de16f5ea19e66cbae9174dc234f9abac79e7336c0bf327852e4e4b6035","d1d25888250d2abea0ebd9f495f7ff7775a959400ee52189bc87ffcf003eb797","scenario-key-v1",20260528,"94ad1cdabf4ca3f8ab36f997b8497ca632f225a35a4cf2f154dbd9915d1f66f0","652ed1b3e77dee5925b0a015f16b96dcc25f2d77","dirty","R version 4.4.1 (2024-06-14 ucrt)","x86_64-w64-mingw32","Windows 10 x64 x86-64","AMD64 Family 25 Model 116 Stepping 1, AuthenticAMD","standalone_or_unverified","gamlss.longitudinal=0.1.0;gamlss=5.4.22;gamlss.dist=6.1.1;mgcv=1.9.1;digest=0.6.36"
"continuous-subjects",27,209,1322823638,"continuous","NO","N","n_subjects",250,4,5,1000,TRUE,FALSE,TRUE,TRUE,TRUE,1.75,1.75,0.980000000000018,0,2.73000000000002,"fit_only","none","none",0,"",,3,"3d9dbdbc9e18eed28d48bff56e934da9ad275c0721b3a34da978270ed9d6078a","66c45aca4c6364aa9f4aef2ff55620d81066a6e52c6244ce9c79080a3c702ccd","83d3ba28f026f0da30222a6eaaf2e4ebff3c34671fc223f6b548bc2258f15f05","f526e1de16f5ea19e66cbae9174dc234f9abac79e7336c0bf327852e4e4b6035","d1d25888250d2abea0ebd9f495f7ff7775a959400ee52189bc87ffcf003eb797","scenario-key-v1",20260528,"94ad1cdabf4ca3f8ab36f997b8497ca632f225a35a4cf2f154dbd9915d1f66f0","652ed1b3e77dee5925b0a015f16b96dcc25f2d77","dirty","R version 4.4.1 (2024-06-14 ucrt)","x86_64-w64-mingw32","Windows 10 x64 x86-64","AMD64 Family 25 Model 116 Stepping 1, AuthenticAMD","standalone_or_unverified","gamlss.longitudinal=0.1.0;gamlss=5.4.22;gamlss.dist=6.1.1;mgcv=1.9.1;digest=0.6.36"
"discrete-smooth_basis",27,210,752297732,"discrete","NBI","C","smooth_k",100,4,10,400,TRUE,FALSE,TRUE,TRUE,TRUE,4.13999999999999,4.13999999999999,0.5,0,4.63999999999999,"fit_only","none","none",0,"",,3,"3d9dbdbc9e18eed28d48bff56e934da9ad275c0721b3a34da978270ed9d6078a","66c45aca4c6364aa9f4aef2ff55620d81066a6e52c6244ce9c79080a3c702ccd","83d3ba28f026f0da30222a6eaaf2e4ebff3c34671fc223f6b548bc2258f15f05","f526e1de16f5ea19e66cbae9174dc234f9abac79e7336c0bf327852e4e4b6035","d1d25888250d2abea0ebd9f495f7ff7775a959400ee52189bc87ffcf003eb797","scenario-key-v1",20260528,"94ad1cdabf4ca3f8ab36f997b8497ca632f225a35a4cf2f154dbd9915d1f66f0","652ed1b3e77dee5925b0a015f16b96dcc25f2d77","dirty","R version 4.4.1 (2024-06-14 ucrt)","x86_64-w64-mingw32","Windows 10 x64 x86-64","AMD64 Family 25 Model 116 Stepping 1, AuthenticAMD","standalone_or_unverified","gamlss.longitudinal=0.1.0;gamlss=5.4.22;gamlss.dist=6.1.1;mgcv=1.9.1;digest=0.6.36"
"discrete-base",27,211,887079990,"discrete","NBI","C","none",100,4,5,400,TRUE,FALSE,TRUE,TRUE,TRUE,2.91000000000008,2.91000000000008,0.480000000000018,0,3.3900000000001,"fit_only","none","none",0,"",,3,"3d9dbdbc9e18eed28d48bff56e934da9ad275c0721b3a34da978270ed9d6078a","66c45aca4c6364aa9f4aef2ff55620d81066a6e52c6244ce9c79080a3c702ccd","83d3ba28f026f0da30222a6eaaf2e4ebff3c34671fc223f6b548bc2258f15f05","f526e1de16f5ea19e66cbae9174dc234f9abac79e7336c0bf327852e4e4b6035","d1d25888250d2abea0ebd9f495f7ff7775a959400ee52189bc87ffcf003eb797","scenario-key-v1",20260528,"94ad1cdabf4ca3f8ab36f997b8497ca632f225a35a4cf2f154dbd9915d1f66f0","652ed1b3e77dee5925b0a015f16b96dcc25f2d77","dirty","R version 4.4.1 (2024-06-14 ucrt)","x86_64-w64-mingw32","Windows 10 x64 x86-64","AMD64 Family 25 Model 116 Stepping 1, AuthenticAMD","standalone_or_unverified","gamlss.longitudinal=0.1.0;gamlss=5.4.22;gamlss.dist=6.1.1;mgcv=1.9.1;digest=0.6.36"
"continuous-subjects",28,212,1617323559,"continuous","NO","N","n_subjects",250,4,5,1000,TRUE,FALSE,TRUE,TRUE,TRUE,1.32999999999993,1.32999999999993,0.970000000000027,0,2.29999999999995,"fit_only","none","none",0,"",,3,"3d9dbdbc9e18eed28d48bff56e934da9ad275c0721b3a34da978270ed9d6078a","66c45aca4c6364aa9f4aef2ff55620d81066a6e52c6244ce9c79080a3c702ccd","83d3ba28f026f0da30222a6eaaf2e4ebff3c34671fc223f6b548bc2258f15f05","f526e1de16f5ea19e66cbae9174dc234f9abac79e7336c0bf327852e4e4b6035","d1d25888250d2abea0ebd9f495f7ff7775a959400ee52189bc87ffcf003eb797","scenario-key-v1",20260528,"94ad1cdabf4ca3f8ab36f997b8497ca632f225a35a4cf2f154dbd9915d1f66f0","652ed1b3e77dee5925b0a015f16b96dcc25f2d77","dirty","R version 4.4.1 (2024-06-14 ucrt)","x86_64-w64-mingw32","Windows 10 x64 x86-64","AMD64 Family 25 Model 116 Stepping 1, AuthenticAMD","standalone_or_unverified","gamlss.longitudinal=0.1.0;gamlss=5.4.22;gamlss.dist=6.1.1;mgcv=1.9.1;digest=0.6.36"
"discrete-smooth_basis",28,213,1046797653,"discrete","NBI","C","smooth_k",100,4,10,400,TRUE,FALSE,TRUE,TRUE,TRUE,6.68999999999994,6.68999999999994,0.5,0,7.18999999999994,"fit_only","none","none",0,"",,3,"3d9dbdbc9e18eed28d48bff56e934da9ad275c0721b3a34da978270ed9d6078a","66c45aca4c6364aa9f4aef2ff55620d81066a6e52c6244ce9c79080a3c702ccd","83d3ba28f026f0da30222a6eaaf2e4ebff3c34671fc223f6b548bc2258f15f05","f526e1de16f5ea19e66cbae9174dc234f9abac79e7336c0bf327852e4e4b6035","d1d25888250d2abea0ebd9f495f7ff7775a959400ee52189bc87ffcf003eb797","scenario-key-v1",20260528,"94ad1cdabf4ca3f8ab36f997b8497ca632f225a35a4cf2f154dbd9915d1f66f0","652ed1b3e77dee5925b0a015f16b96dcc25f2d77","dirty","R version 4.4.1 (2024-06-14 ucrt)","x86_64-w64-mingw32","Windows 10 x64 x86-64","AMD64 Family 25 Model 116 Stepping 1, AuthenticAMD","standalone_or_unverified","gamlss.longitudinal=0.1.0;gamlss=5.4.22;gamlss.dist=6.1.1;mgcv=1.9.1;digest=0.6.36"
"discrete-base",28,214,1181579911,"discrete","NBI","C","none",100,4,5,400,TRUE,FALSE,TRUE,TRUE,TRUE,2.66000000000008,2.66000000000008,0.480000000000018,0,3.1400000000001,"fit_only","none","none",0,"",,3,"3d9dbdbc9e18eed28d48bff56e934da9ad275c0721b3a34da978270ed9d6078a","66c45aca4c6364aa9f4aef2ff55620d81066a6e52c6244ce9c79080a3c702ccd","83d3ba28f026f0da30222a6eaaf2e4ebff3c34671fc223f6b548bc2258f15f05","f526e1de16f5ea19e66cbae9174dc234f9abac79e7336c0bf327852e4e4b6035","d1d25888250d2abea0ebd9f495f7ff7775a959400ee52189bc87ffcf003eb797","scenario-key-v1",20260528,"94ad1cdabf4ca3f8ab36f997b8497ca632f225a35a4cf2f154dbd9915d1f66f0","652ed1b3e77dee5925b0a015f16b96dcc25f2d77","dirty","R version 4.4.1 (2024-06-14 ucrt)","x86_64-w64-mingw32","Windows 10 x64 x86-64","AMD64 Family 25 Model 116 Stepping 1, AuthenticAMD","standalone_or_unverified","gamlss.longitudinal=0.1.0;gamlss=5.4.22;gamlss.dist=6.1.1;mgcv=1.9.1;digest=0.6.36"
"discrete-base",29,215,1476079832,"discrete","NBI","C","none",100,4,5,400,TRUE,FALSE,TRUE,TRUE,TRUE,2.95999999999992,2.95999999999992,0.470000000000027,0.0199999999999818,3.44999999999993,"fit_only","none","none",0,"",,3,"3d9dbdbc9e18eed28d48bff56e934da9ad275c0721b3a34da978270ed9d6078a","66c45aca4c6364aa9f4aef2ff55620d81066a6e52c6244ce9c79080a3c702ccd","83d3ba28f026f0da30222a6eaaf2e4ebff3c34671fc223f6b548bc2258f15f05","f526e1de16f5ea19e66cbae9174dc234f9abac79e7336c0bf327852e4e4b6035","d1d25888250d2abea0ebd9f495f7ff7775a959400ee52189bc87ffcf003eb797","scenario-key-v1",20260528,"94ad1cdabf4ca3f8ab36f997b8497ca632f225a35a4cf2f154dbd9915d1f66f0","652ed1b3e77dee5925b0a015f16b96dcc25f2d77","dirty","R version 4.4.1 (2024-06-14 ucrt)","x86_64-w64-mingw32","Windows 10 x64 x86-64","AMD64 Family 25 Model 116 Stepping 1, AuthenticAMD","standalone_or_unverified","gamlss.longitudinal=0.1.0;gamlss=5.4.22;gamlss.dist=6.1.1;mgcv=1.9.1;digest=0.6.36"
"continuous-subjects",29,216,1911823480,"continuous","NO","N","n_subjects",250,4,5,1000,TRUE,FALSE,TRUE,TRUE,TRUE,1.03000000000009,1.03000000000009,1.01999999999998,0,2.05000000000007,"fit_only","none","none",0,"",,3,"3d9dbdbc9e18eed28d48bff56e934da9ad275c0721b3a34da978270ed9d6078a","66c45aca4c6364aa9f4aef2ff55620d81066a6e52c6244ce9c79080a3c702ccd","83d3ba28f026f0da30222a6eaaf2e4ebff3c34671fc223f6b548bc2258f15f05","f526e1de16f5ea19e66cbae9174dc234f9abac79e7336c0bf327852e4e4b6035","d1d25888250d2abea0ebd9f495f7ff7775a959400ee52189bc87ffcf003eb797","scenario-key-v1",20260528,"94ad1cdabf4ca3f8ab36f997b8497ca632f225a35a4cf2f154dbd9915d1f66f0","652ed1b3e77dee5925b0a015f16b96dcc25f2d77","dirty","R version 4.4.1 (2024-06-14 ucrt)","x86_64-w64-mingw32","Windows 10 x64 x86-64","AMD64 Family 25 Model 116 Stepping 1, AuthenticAMD","standalone_or_unverified","gamlss.longitudinal=0.1.0;gamlss=5.4.22;gamlss.dist=6.1.1;mgcv=1.9.1;digest=0.6.36"
"continuous-subjects",30,217,1333591860,"continuous","NO","N","n_subjects",250,4,5,1000,TRUE,FALSE,TRUE,TRUE,TRUE,2.46000000000004,2.46000000000004,0.970000000000027,0,3.43000000000006,"fit_only","none","none",0,"",,3,"3d9dbdbc9e18eed28d48bff56e934da9ad275c0721b3a34da978270ed9d6078a","66c45aca4c6364aa9f4aef2ff55620d81066a6e52c6244ce9c79080a3c702ccd","83d3ba28f026f0da30222a6eaaf2e4ebff3c34671fc223f6b548bc2258f15f05","f526e1de16f5ea19e66cbae9174dc234f9abac79e7336c0bf327852e4e4b6035","d1d25888250d2abea0ebd9f495f7ff7775a959400ee52189bc87ffcf003eb797","scenario-key-v1",20260528,"94ad1cdabf4ca3f8ab36f997b8497ca632f225a35a4cf2f154dbd9915d1f66f0","652ed1b3e77dee5925b0a015f16b96dcc25f2d77","dirty","R version 4.4.1 (2024-06-14 ucrt)","x86_64-w64-mingw32","Windows 10 x64 x86-64","AMD64 Family 25 Model 116 Stepping 1, AuthenticAMD","standalone_or_unverified","gamlss.longitudinal=0.1.0;gamlss=5.4.22;gamlss.dist=6.1.1;mgcv=1.9.1;digest=0.6.36"
"discrete-base",30,218,897848212,"discrete","NBI","C","none",100,4,5,400,TRUE,FALSE,TRUE,TRUE,TRUE,3.41999999999996,3.41999999999996,0.489999999999895,0,3.90999999999985,"fit_only","none","none",0,"",,3,"3d9dbdbc9e18eed28d48bff56e934da9ad275c0721b3a34da978270ed9d6078a","66c45aca4c6364aa9f4aef2ff55620d81066a6e52c6244ce9c79080a3c702ccd","83d3ba28f026f0da30222a6eaaf2e4ebff3c34671fc223f6b548bc2258f15f05","f526e1de16f5ea19e66cbae9174dc234f9abac79e7336c0bf327852e4e4b6035","d1d25888250d2abea0ebd9f495f7ff7775a959400ee52189bc87ffcf003eb797","scenario-key-v1",20260528,"94ad1cdabf4ca3f8ab36f997b8497ca632f225a35a4cf2f154dbd9915d1f66f0","652ed1b3e77dee5925b0a015f16b96dcc25f2d77","dirty","R version 4.4.1 (2024-06-14 ucrt)","x86_64-w64-mingw32","Windows 10 x64 x86-64","AMD64 Family 25 Model 116 Stepping 1, AuthenticAMD","standalone_or_unverified","gamlss.longitudinal=0.1.0;gamlss=5.4.22;gamlss.dist=6.1.1;mgcv=1.9.1;digest=0.6.36"
"continuous-subjects",31,219,1628091781,"continuous","NO","N","n_subjects",250,4,5,1000,TRUE,FALSE,TRUE,TRUE,TRUE,1.31000000000006,1.31000000000006,1.04999999999995,0,2.36000000000001,"fit_only","none","none",0,"",,3,"3d9dbdbc9e18eed28d48bff56e934da9ad275c0721b3a34da978270ed9d6078a","66c45aca4c6364aa9f4aef2ff55620d81066a6e52c6244ce9c79080a3c702ccd","83d3ba28f026f0da30222a6eaaf2e4ebff3c34671fc223f6b548bc2258f15f05","f526e1de16f5ea19e66cbae9174dc234f9abac79e7336c0bf327852e4e4b6035","d1d25888250d2abea0ebd9f495f7ff7775a959400ee52189bc87ffcf003eb797","scenario-key-v1",20260528,"94ad1cdabf4ca3f8ab36f997b8497ca632f225a35a4cf2f154dbd9915d1f66f0","652ed1b3e77dee5925b0a015f16b96dcc25f2d77","dirty","R version 4.4.1 (2024-06-14 ucrt)","x86_64-w64-mingw32","Windows 10 x64 x86-64","AMD64 Family 25 Model 116 Stepping 1, AuthenticAMD","standalone_or_unverified","gamlss.longitudinal=0.1.0;gamlss=5.4.22;gamlss.dist=6.1.1;mgcv=1.9.1;digest=0.6.36"
"discrete-base",31,220,1192348133,"discrete","NBI","C","none",100,4,5,400,TRUE,FALSE,TRUE,TRUE,TRUE,3.80000000000007,3.80000000000007,0.479999999999905,0,4.27999999999997,"fit_only","none","none",0,"",,3,"3d9dbdbc9e18eed28d48bff56e934da9ad275c0721b3a34da978270ed9d6078a","66c45aca4c6364aa9f4aef2ff55620d81066a6e52c6244ce9c79080a3c702ccd","83d3ba28f026f0da30222a6eaaf2e4ebff3c34671fc223f6b548bc2258f15f05","f526e1de16f5ea19e66cbae9174dc234f9abac79e7336c0bf327852e4e4b6035","d1d25888250d2abea0ebd9f495f7ff7775a959400ee52189bc87ffcf003eb797","scenario-key-v1",20260528,"94ad1cdabf4ca3f8ab36f997b8497ca632f225a35a4cf2f154dbd9915d1f66f0","652ed1b3e77dee5925b0a015f16b96dcc25f2d77","dirty","R version 4.4.1 (2024-06-14 ucrt)","x86_64-w64-mingw32","Windows 10 x64 x86-64","AMD64 Family 25 Model 116 Stepping 1, AuthenticAMD","standalone_or_unverified","gamlss.longitudinal=0.1.0;gamlss=5.4.22;gamlss.dist=6.1.1;mgcv=1.9.1;digest=0.6.36"
"discrete-base",32,221,1486848054,"discrete","NBI","C","none",100,4,5,400,TRUE,FALSE,TRUE,TRUE,TRUE,2.5,2.5,0.419999999999959,0,2.91999999999996,"fit_only","none","none",0,"",,3,"3d9dbdbc9e18eed28d48bff56e934da9ad275c0721b3a34da978270ed9d6078a","66c45aca4c6364aa9f4aef2ff55620d81066a6e52c6244ce9c79080a3c702ccd","83d3ba28f026f0da30222a6eaaf2e4ebff3c34671fc223f6b548bc2258f15f05","f526e1de16f5ea19e66cbae9174dc234f9abac79e7336c0bf327852e4e4b6035","d1d25888250d2abea0ebd9f495f7ff7775a959400ee52189bc87ffcf003eb797","scenario-key-v1",20260528,"94ad1cdabf4ca3f8ab36f997b8497ca632f225a35a4cf2f154dbd9915d1f66f0","652ed1b3e77dee5925b0a015f16b96dcc25f2d77","dirty","R version 4.4.1 (2024-06-14 ucrt)","x86_64-w64-mingw32","Windows 10 x64 x86-64","AMD64 Family 25 Model 116 Stepping 1, AuthenticAMD","standalone_or_unverified","gamlss.longitudinal=0.1.0;gamlss=5.4.22;gamlss.dist=6.1.1;mgcv=1.9.1;digest=0.6.36"
"discrete-base",33,222,1781347975,"discrete","NBI","C","none",100,4,5,400,TRUE,FALSE,TRUE,TRUE,TRUE,4.69999999999993,4.69999999999993,0.419999999999959,0,5.11999999999989,"fit_only","none","none",0,"",,3,"3d9dbdbc9e18eed28d48bff56e934da9ad275c0721b3a34da978270ed9d6078a","66c45aca4c6364aa9f4aef2ff55620d81066a6e52c6244ce9c79080a3c702ccd","83d3ba28f026f0da30222a6eaaf2e4ebff3c34671fc223f6b548bc2258f15f05","f526e1de16f5ea19e66cbae9174dc234f9abac79e7336c0bf327852e4e4b6035","d1d25888250d2abea0ebd9f495f7ff7775a959400ee52189bc87ffcf003eb797","scenario-key-v1",20260528,"94ad1cdabf4ca3f8ab36f997b8497ca632f225a35a4cf2f154dbd9915d1f66f0","652ed1b3e77dee5925b0a015f16b96dcc25f2d77","dirty","R version 4.4.1 (2024-06-14 ucrt)","x86_64-w64-mingw32","Windows 10 x64 x86-64","AMD64 Family 25 Model 116 Stepping 1, AuthenticAMD","standalone_or_unverified","gamlss.longitudinal=0.1.0;gamlss=5.4.22;gamlss.dist=6.1.1;mgcv=1.9.1;digest=0.6.36"
"discrete-base",34,223,2075847896,"discrete","NBI","C","none",100,4,5,400,TRUE,FALSE,TRUE,TRUE,TRUE,4.75,4.75,0.5,0,5.25,"fit_only","none","none",0,"",,3,"3d9dbdbc9e18eed28d48bff56e934da9ad275c0721b3a34da978270ed9d6078a","66c45aca4c6364aa9f4aef2ff55620d81066a6e52c6244ce9c79080a3c702ccd","83d3ba28f026f0da30222a6eaaf2e4ebff3c34671fc223f6b548bc2258f15f05","f526e1de16f5ea19e66cbae9174dc234f9abac79e7336c0bf327852e4e4b6035","d1d25888250d2abea0ebd9f495f7ff7775a959400ee52189bc87ffcf003eb797","scenario-key-v1",20260528,"94ad1cdabf4ca3f8ab36f997b8497ca632f225a35a4cf2f154dbd9915d1f66f0","652ed1b3e77dee5925b0a015f16b96dcc25f2d77","dirty","R version 4.4.1 (2024-06-14 ucrt)","x86_64-w64-mingw32","Windows 10 x64 x86-64","AMD64 Family 25 Model 116 Stepping 1, AuthenticAMD","standalone_or_unverified","gamlss.longitudinal=0.1.0;gamlss=5.4.22;gamlss.dist=6.1.1;mgcv=1.9.1;digest=0.6.36"
