"generating_copula","tau_label","target_tau","n_subject","rep","n_candidates_expected","n_candidate_rows","n_candidates_attempted","n_candidates_usable","n_candidates_failed","all_candidates_present_once","selection_eligible","missing_candidates","duplicate_candidates","failed_candidates","failure_reasons","best_aic_copula","best_bic_copula","best_loglik_copula","aic_gap_to_runner_up","close_aic"
"C","high",0.55,50,1,2,2,2,2,0,TRUE,TRUE,"","","","","C","C","C",33.63723289646,FALSE
"C","high",0.55,50,2,2,2,2,2,0,TRUE,TRUE,"","","","","C","C","C",56.671459822012,FALSE
"C","high",0.55,50,3,2,2,2,2,0,TRUE,TRUE,"","","","","C","C","C",18.741402457638,FALSE
"C","high",0.55,50,4,2,2,2,2,0,TRUE,TRUE,"","","","","C","C","C",42.33420664937,FALSE
"C","high",0.55,50,5,2,2,2,2,0,TRUE,TRUE,"","","","","C","C","C",24.202643699039,FALSE
"C","high",0.55,50,6,2,2,2,2,0,TRUE,TRUE,"","","","","C","C","C",7.008178457989,FALSE
"C","high",0.55,50,7,2,2,2,2,0,TRUE,TRUE,"","","","","C","C","C",50.721367561216,FALSE
"C","high",0.55,50,8,2,2,2,2,0,TRUE,TRUE,"","","","","C","C","C",23.95677534982,FALSE
"C","high",0.55,50,9,2,2,2,2,0,TRUE,TRUE,"","","","","C","C","C",53.473500471098,FALSE
"C","high",0.55,50,10,2,2,2,2,0,TRUE,TRUE,"","","","","C","C","C",54.102646169692,FALSE
"C","high",0.55,50,11,2,2,2,2,0,TRUE,TRUE,"","","","","C","C","C",14.486918798022,FALSE
"C","high",0.55,50,12,2,2,2,2,0,TRUE,TRUE,"","","","","C","C","C",76.669299282359,FALSE
"C","high",0.55,50,13,2,2,2,2,0,TRUE,TRUE,"","","","","C","C","C",42.2170725999781,FALSE
"C","high",0.55,50,14,2,2,2,2,0,TRUE,TRUE,"","","","","C","C","C",60.641437235292,FALSE
"C","high",0.55,50,15,2,2,2,2,0,TRUE,TRUE,"","","","","C","C","C",16.334254459063,FALSE
"C","high",0.55,50,16,2,2,2,2,0,TRUE,TRUE,"","","","","C","C","C",53.149030225239,FALSE
"C","high",0.55,50,17,2,2,2,2,0,TRUE,TRUE,"","","","","C","C","C",50.364251143288,FALSE
"C","high",0.55,50,18,2,2,2,2,0,TRUE,TRUE,"","","","","C","C","C",17.23917414772,FALSE
"C","high",0.55,50,19,2,2,2,2,0,TRUE,TRUE,"","","","","C","C","C",50.691846026797,FALSE
"C","high",0.55,50,20,2,2,2,2,0,TRUE,TRUE,"","","","","C","C","C",48.900516876382,FALSE
"C","high",0.55,50,21,2,2,2,2,0,TRUE,TRUE,"","","","","C","C","C",38.937081747201,FALSE
"C","high",0.55,50,22,2,2,2,2,0,TRUE,TRUE,"","","","","C","C","C",52.618087508535,FALSE
"C","high",0.55,50,23,2,2,2,2,0,TRUE,TRUE,"","","","","C","C","C",38.159025127517,FALSE
"C","high",0.55,50,24,2,2,2,2,0,TRUE,TRUE,"","","","","C","C","C",41.113132285892,FALSE
"C","high",0.55,50,25,2,2,2,2,0,TRUE,TRUE,"","","","","C","C","C",54.379157980828,FALSE
"C","high",0.55,50,26,2,2,2,2,0,TRUE,TRUE,"","","","","C","C","C",51.657692538273,FALSE
"C","high",0.55,50,27,2,2,2,2,0,TRUE,TRUE,"","","","","C","C","C",22.677166340569,FALSE
"C","high",0.55,50,28,2,2,2,2,0,TRUE,TRUE,"","","","","C","C","C",16.254213979478,FALSE
"C","high",0.55,50,29,2,2,2,2,0,TRUE,TRUE,"","","","","C","C","C",40.541859379983,FALSE
"C","high",0.55,50,30,2,2,2,2,0,TRUE,TRUE,"","","","","C","C","C",37.364303440618,FALSE
"C","high",0.55,50,31,2,2,2,2,0,TRUE,TRUE,"","","","","C","C","C",17.600390921892,FALSE
"C","high",0.55,50,32,2,2,2,2,0,TRUE,TRUE,"","","","","C","C","C",43.513291921743,FALSE
"C","high",0.55,50,33,2,2,2,2,0,TRUE,TRUE,"","","","","C","C","C",43.73226671619,FALSE
"C","high",0.55,50,34,2,2,2,2,0,TRUE,TRUE,"","","","","C","C","C",39.798492938826,FALSE
"C","high",0.55,50,35,2,2,2,2,0,TRUE,TRUE,"","","","","C","C","C",60.369222417083,FALSE
"C","high",0.55,50,36,2,2,2,2,0,TRUE,TRUE,"","","","","C","C","C",39.704629001184,FALSE
"C","high",0.55,50,37,2,2,2,2,0,TRUE,TRUE,"","","","","C","C","C",42.373570043445,FALSE
"C","high",0.55,50,38,2,2,2,2,0,TRUE,TRUE,"","","","","C","C","C",36.223160010344,FALSE
"C","high",0.55,50,39,2,2,2,2,0,TRUE,TRUE,"","","","","C","C","C",50.705353038846,FALSE
"C","high",0.55,50,40,2,2,2,2,0,TRUE,TRUE,"","","","","C","C","C",55.144026511699,FALSE
"C","high",0.55,50,41,2,2,2,2,0,TRUE,TRUE,"","","","","C","C","C",42.859876316497,FALSE
"C","high",0.55,50,42,2,2,2,2,0,TRUE,TRUE,"","","","","C","C","C",9.05863556530301,FALSE
"C","high",0.55,50,43,2,2,2,2,0,TRUE,TRUE,"","","","","C","C","C",34.337618296895,FALSE
"C","high",0.55,50,44,2,2,2,2,0,TRUE,TRUE,"","","","","C","C","C",54.119521038965,FALSE
"C","high",0.55,50,45,2,2,2,2,0,TRUE,TRUE,"","","","","C","C","C",5.52239698277799,FALSE
"C","high",0.55,50,46,2,2,2,2,0,TRUE,TRUE,"","","","","C","C","C",35.693332227863,FALSE
"C","high",0.55,50,47,2,2,2,2,0,TRUE,TRUE,"","","","","C","C","C",36.755916264802,FALSE
"C","high",0.55,50,48,2,2,2,2,0,TRUE,TRUE,"","","","","C","C","C",49.405597480195,FALSE
"C","high",0.55,50,49,2,2,2,2,0,TRUE,TRUE,"","","","","C","C","C",39.18656764146,FALSE
"C","high",0.55,50,50,2,2,2,2,0,TRUE,TRUE,"","","","","C","C","C",36.087928820491,FALSE
"C","high",0.55,50,51,2,2,2,2,0,TRUE,TRUE,"","","","","C","C","C",52.677289228111,FALSE
"C","high",0.55,50,52,2,2,2,2,0,TRUE,TRUE,"","","","","C","C","C",16.849662820007,FALSE
"C","high",0.55,50,53,2,2,2,2,0,TRUE,TRUE,"","","","","C","C","C",58.978542406913,FALSE
"C","high",0.55,50,54,2,2,2,2,0,TRUE,TRUE,"","","","","C","C","C",52.917238244697,FALSE
"C","high",0.55,50,55,2,2,2,2,0,TRUE,TRUE,"","","","","C","C","C",8.84236692980602,FALSE
"C","high",0.55,50,56,2,2,2,2,0,TRUE,TRUE,"","","","","C","C","C",40.179847413009,FALSE
"C","high",0.55,50,57,2,2,2,2,0,TRUE,TRUE,"","","","","C","C","C",39.446118695598,FALSE
"C","high",0.55,50,58,2,2,2,2,0,TRUE,TRUE,"","","","","C","C","C",21.471194817377,FALSE
"C","high",0.55,50,59,2,2,2,2,0,TRUE,TRUE,"","","","","C","C","C",27.29443666809,FALSE
"C","high",0.55,50,60,2,2,2,2,0,TRUE,TRUE,"","","","","C","C","C",34.474288181626,FALSE
"C","high",0.55,50,61,2,2,2,2,0,TRUE,TRUE,"","","","","C","C","C",45.056620918675,FALSE
"C","high",0.55,50,62,2,2,2,2,0,TRUE,TRUE,"","","","","C","C","C",56.155837738938,FALSE
"C","high",0.55,50,63,2,2,2,2,0,TRUE,TRUE,"","","","","C","C","C",24.3869130895829,FALSE
"C","high",0.55,50,64,2,2,2,2,0,TRUE,TRUE,"","","","","C","C","C",72.519357415717,FALSE
"C","high",0.55,50,65,2,2,2,2,0,TRUE,TRUE,"","","","","C","C","C",43.180702414574,FALSE
"C","high",0.55,50,66,2,2,2,2,0,TRUE,TRUE,"","","","","C","C","C",34.860874657235,FALSE
"C","high",0.55,50,67,2,2,2,2,0,TRUE,TRUE,"","","","","C","C","C",16.1733659168819,FALSE
"C","high",0.55,50,68,2,2,2,2,0,TRUE,TRUE,"","","","","C","C","C",26.066076250941,FALSE
"C","high",0.55,50,69,2,2,2,2,0,TRUE,TRUE,"","","","","C","C","C",37.26955855279,FALSE
"C","high",0.55,50,70,2,2,2,2,0,TRUE,TRUE,"","","","","C","C","C",29.8307469294029,FALSE
"C","high",0.55,50,71,2,2,2,2,0,TRUE,TRUE,"","","","","C","C","C",31.620132893985,FALSE
"C","high",0.55,50,72,2,2,2,2,0,TRUE,TRUE,"","","","","C","C","C",40.834333916998,FALSE
"C","high",0.55,50,73,2,2,2,2,0,TRUE,TRUE,"","","","","C","C","C",24.34232338184,FALSE
"C","high",0.55,50,74,2,2,2,2,0,TRUE,TRUE,"","","","","C","C","C",28.159547265054,FALSE
"C","high",0.55,50,75,2,2,2,2,0,TRUE,TRUE,"","","","","C","C","C",39.660463606321,FALSE
"C","high",0.55,50,76,2,2,2,2,0,TRUE,TRUE,"","","","","C","C","C",47.963384941795,FALSE
"C","high",0.55,50,77,2,2,2,2,0,TRUE,TRUE,"","","","","C","C","C",65.207314738353,FALSE
"C","high",0.55,50,78,2,2,2,2,0,TRUE,TRUE,"","","","","C","C","C",47.750179598532,FALSE
"C","high",0.55,50,79,2,2,2,2,0,TRUE,TRUE,"","","","","C","C","C",29.359452764139,FALSE
"C","high",0.55,50,80,2,2,2,2,0,TRUE,TRUE,"","","","","C","C","C",59.619852374585,FALSE
"C","high",0.55,50,81,2,2,2,2,0,TRUE,TRUE,"","","","","C","C","C",32.319207568735,FALSE
"C","high",0.55,50,82,2,2,2,2,0,TRUE,TRUE,"","","","","C","C","C",37.186819883911,FALSE
"C","high",0.55,50,83,2,2,2,2,0,TRUE,TRUE,"","","","","C","C","C",23.183369323554,FALSE
"C","high",0.55,50,84,2,2,2,2,0,TRUE,TRUE,"","","","","C","C","C",47.292251845013,FALSE
"C","high",0.55,50,85,2,2,2,2,0,TRUE,TRUE,"","","","","C","C","C",50.541205340587,FALSE
"C","high",0.55,50,86,2,2,2,2,0,TRUE,TRUE,"","","","","C","C","C",47.307186922552,FALSE
"C","high",0.55,50,87,2,2,2,2,0,TRUE,TRUE,"","","","","C","C","C",41.613012954967,FALSE
"C","high",0.55,50,88,2,2,2,2,0,TRUE,TRUE,"","","","","C","C","C",50.480922895893,FALSE
"C","high",0.55,50,89,2,2,2,2,0,TRUE,TRUE,"","","","","C","C","C",42.025045405567,FALSE
"C","high",0.55,50,90,2,2,2,2,0,TRUE,TRUE,"","","","","C","C","C",47.297506090178,FALSE
"C","high",0.55,50,91,2,2,2,2,0,TRUE,TRUE,"","","","","C","C","C",15.580003709742,FALSE
"C","high",0.55,50,92,2,2,2,2,0,TRUE,TRUE,"","","","","C","C","C",22.320485916493,FALSE
"C","high",0.55,50,93,2,2,2,2,0,TRUE,TRUE,"","","","","C","C","C",47.726807738137,FALSE
"C","high",0.55,50,94,2,2,2,2,0,TRUE,TRUE,"","","","","C","C","C",51.836377889257,FALSE
"C","high",0.55,50,95,2,2,2,2,0,TRUE,TRUE,"","","","","C","C","C",30.208399217731,FALSE
"C","high",0.55,50,96,2,2,2,2,0,TRUE,TRUE,"","","","","C","C","C",23.7062813655,FALSE
"C","high",0.55,50,97,2,2,2,2,0,TRUE,TRUE,"","","","","C","C","C",68.024517084722,FALSE
"C","high",0.55,50,98,2,2,2,2,0,TRUE,TRUE,"","","","","C","C","C",40.763020065925,FALSE
"C","high",0.55,50,99,2,2,2,2,0,TRUE,TRUE,"","","","","C","C","C",23.124948639417,FALSE
"C","high",0.55,50,100,2,2,2,2,0,TRUE,TRUE,"","","","","C","C","C",27.958692228116,FALSE
"C","high",0.55,150,1,2,2,2,2,0,TRUE,TRUE,"","","","","C","C","C",108.79720756619,FALSE
"C","high",0.55,150,2,2,2,2,2,0,TRUE,TRUE,"","","","","C","C","C",112.36122590578,FALSE
"C","high",0.55,150,3,2,2,2,2,0,TRUE,TRUE,"","","","","C","C","C",109.26179467151,FALSE
"C","high",0.55,150,4,2,2,2,2,0,TRUE,TRUE,"","","","","C","C","C",130.35603437367,FALSE
"C","high",0.55,150,5,2,2,2,2,0,TRUE,TRUE,"","","","","C","C","C",115.30454063663,FALSE
"C","high",0.55,150,6,2,2,2,2,0,TRUE,TRUE,"","","","","C","C","C",134.50018163443,FALSE
"C","high",0.55,150,7,2,2,2,2,0,TRUE,TRUE,"","","","","C","C","C",124.82177566433,FALSE
"C","high",0.55,150,8,2,2,2,2,0,TRUE,TRUE,"","","","","C","C","C",113.96631220668,FALSE
"C","high",0.55,150,9,2,2,2,2,0,TRUE,TRUE,"","","","","C","C","C",98.57124440904,FALSE
"C","high",0.55,150,10,2,2,2,2,0,TRUE,TRUE,"","","","","C","C","C",100.78295489154,FALSE
"C","high",0.55,150,11,2,2,2,2,0,TRUE,TRUE,"","","","","C","C","C",134.59157828654,FALSE
"C","high",0.55,150,12,2,2,2,2,0,TRUE,TRUE,"","","","","C","C","C",130.9562880067,FALSE
"C","high",0.55,150,13,2,2,2,2,0,TRUE,TRUE,"","","","","C","C","C",110.81001965794,FALSE
"C","high",0.55,150,14,2,2,2,2,0,TRUE,TRUE,"","","","","C","C","C",100.80794643145,FALSE
"C","high",0.55,150,15,2,2,2,2,0,TRUE,TRUE,"","","","","C","C","C",83.8631189079601,FALSE
"C","high",0.55,150,16,2,2,2,2,0,TRUE,TRUE,"","","","","C","C","C",91.6261896512101,FALSE
"C","high",0.55,150,17,2,2,2,2,0,TRUE,TRUE,"","","","","C","C","C",112.29375582916,FALSE
"C","high",0.55,150,18,2,2,2,2,0,TRUE,TRUE,"","","","","C","C","C",158.5567624905,FALSE
"C","high",0.55,150,19,2,2,2,2,0,TRUE,TRUE,"","","","","C","C","C",140.97723908099,FALSE
"C","high",0.55,150,20,2,2,2,2,0,TRUE,TRUE,"","","","","C","C","C",126.31440309617,FALSE
"C","high",0.55,150,21,2,2,2,2,0,TRUE,TRUE,"","","","","C","C","C",95.6037299331099,FALSE
"C","high",0.55,150,22,2,2,2,2,0,TRUE,TRUE,"","","","","C","C","C",111.35278319747,FALSE
"C","high",0.55,150,23,2,2,2,2,0,TRUE,TRUE,"","","","","C","C","C",133.89903402494,FALSE
"C","high",0.55,150,24,2,2,2,2,0,TRUE,TRUE,"","","","","C","C","C",126.67781726301,FALSE
"C","high",0.55,150,25,2,2,2,2,0,TRUE,TRUE,"","","","","C","C","C",131.66854282346,FALSE
"C","high",0.55,150,26,2,2,2,2,0,TRUE,TRUE,"","","","","C","C","C",140.17440857623,FALSE
"C","high",0.55,150,27,2,2,2,2,0,TRUE,TRUE,"","","","","C","C","C",92.9860219299899,FALSE
"C","high",0.55,150,28,2,2,2,2,0,TRUE,TRUE,"","","","","C","C","C",139.28529398925,FALSE
"C","high",0.55,150,29,2,2,2,2,0,TRUE,TRUE,"","","","","C","C","C",130.93133861177,FALSE
"C","high",0.55,150,30,2,2,2,2,0,TRUE,TRUE,"","","","","C","C","C",103.6560284665,FALSE
"C","high",0.55,150,31,2,2,2,2,0,TRUE,TRUE,"","","","","C","C","C",108.13658215053,FALSE
"C","high",0.55,150,32,2,2,2,2,0,TRUE,TRUE,"","","","","C","C","C",146.30881755797,FALSE
"C","high",0.55,150,33,2,2,2,2,0,TRUE,TRUE,"","","","","C","C","C",133.64910043467,FALSE
"C","high",0.55,150,34,2,2,2,2,0,TRUE,TRUE,"","","","","C","C","C",96.8462262151302,FALSE
"C","high",0.55,150,35,2,2,2,2,0,TRUE,TRUE,"","","","","C","C","C",111.1621141133,FALSE
"C","high",0.55,150,36,2,2,2,2,0,TRUE,TRUE,"","","","","C","C","C",124.46006182386,FALSE
"C","high",0.55,150,37,2,2,2,2,0,TRUE,TRUE,"","","","","C","C","C",97.19673534965,FALSE
"C","high",0.55,150,38,2,2,2,2,0,TRUE,TRUE,"","","","","C","C","C",123.82732717384,FALSE
"C","high",0.55,150,39,2,2,2,2,0,TRUE,TRUE,"","","","","C","C","C",121.06339800372,FALSE
"C","high",0.55,150,40,2,2,2,2,0,TRUE,TRUE,"","","","","C","C","C",146.217265200909,FALSE
"C","high",0.55,150,41,2,2,2,2,0,TRUE,TRUE,"","","","","C","C","C",107.02637011656,FALSE
"C","high",0.55,150,42,2,2,2,2,0,TRUE,TRUE,"","","","","C","C","C",111.58022876048,FALSE
"C","high",0.55,150,43,2,2,2,2,0,TRUE,TRUE,"","","","","C","C","C",144.12926954166,FALSE
"C","high",0.55,150,44,2,2,2,2,0,TRUE,TRUE,"","","","","C","C","C",162.89641772004,FALSE
"C","high",0.55,150,45,2,2,2,2,0,TRUE,TRUE,"","","","","C","C","C",70.60790427609,FALSE
"C","high",0.55,150,46,2,2,2,2,0,TRUE,TRUE,"","","","","C","C","C",118.05997476652,FALSE
"C","high",0.55,150,47,2,2,2,2,0,TRUE,TRUE,"","","","","C","C","C",132.31490821117,FALSE
"C","high",0.55,150,48,2,2,2,2,0,TRUE,TRUE,"","","","","C","C","C",185.28953912287,FALSE
"C","high",0.55,150,49,2,2,2,2,0,TRUE,TRUE,"","","","","C","C","C",148.529617826014,FALSE
"C","high",0.55,150,50,2,2,2,2,0,TRUE,TRUE,"","","","","C","C","C",115.57441221578,FALSE
"C","high",0.55,150,51,2,2,2,2,0,TRUE,TRUE,"","","","","C","C","C",142.70554844385,FALSE
"C","high",0.55,150,52,2,2,2,2,0,TRUE,TRUE,"","","","","C","C","C",119.96105336873,FALSE
"C","high",0.55,150,53,2,2,2,2,0,TRUE,TRUE,"","","","","C","C","C",137.91973184896,FALSE
"C","high",0.55,150,54,2,2,2,2,0,TRUE,TRUE,"","","","","C","C","C",136.68333911562,FALSE
"C","high",0.55,150,55,2,2,2,2,0,TRUE,TRUE,"","","","","C","C","C",142.16985108662,FALSE
"C","high",0.55,150,56,2,2,2,2,0,TRUE,TRUE,"","","","","C","C","C",140.28729472246,FALSE
"C","high",0.55,150,57,2,2,2,2,0,TRUE,TRUE,"","","","","C","C","C",89.79043251332,FALSE
"C","high",0.55,150,58,2,2,2,2,0,TRUE,TRUE,"","","","","C","C","C",99.5404969327501,FALSE
"C","high",0.55,150,59,2,2,2,2,0,TRUE,TRUE,"","","","","C","C","C",137.9060854818,FALSE
"C","high",0.55,150,60,2,2,2,2,0,TRUE,TRUE,"","","","","C","C","C",124.30031258359,FALSE
"C","high",0.55,150,61,2,2,2,2,0,TRUE,TRUE,"","","","","C","C","C",149.8214991221,FALSE
"C","high",0.55,150,62,2,2,2,2,0,TRUE,TRUE,"","","","","C","C","C",111.91145284852,FALSE
"C","high",0.55,150,63,2,2,2,2,0,TRUE,TRUE,"","","","","C","C","C",150.2111855412,FALSE
"C","high",0.55,150,64,2,2,2,2,0,TRUE,TRUE,"","","","","C","C","C",112.15533115153,FALSE
"C","high",0.55,150,65,2,2,2,2,0,TRUE,TRUE,"","","","","C","C","C",158.38895702031,FALSE
"C","high",0.55,150,66,2,2,2,2,0,TRUE,TRUE,"","","","","C","C","C",186.91599163532,FALSE
"C","high",0.55,150,67,2,2,2,2,0,TRUE,TRUE,"","","","","C","C","C",166.035508328414,FALSE
"C","high",0.55,150,68,2,2,2,2,0,TRUE,TRUE,"","","","","C","C","C",51.03692612993,FALSE
"C","high",0.55,150,69,2,2,2,2,0,TRUE,TRUE,"","","","","C","C","C",94.7618993851499,FALSE
"C","high",0.55,150,70,2,2,2,2,0,TRUE,TRUE,"","","","","C","C","C",161.439882180301,FALSE
"C","high",0.55,150,71,2,2,2,2,0,TRUE,TRUE,"","","","","C","C","C",140.92228331309,FALSE
"C","high",0.55,150,72,2,2,2,2,0,TRUE,TRUE,"","","","","C","C","C",147.88293697112,FALSE
"C","high",0.55,150,73,2,2,2,2,0,TRUE,TRUE,"","","","","C","C","C",141.26042108,FALSE
"C","high",0.55,150,74,2,2,2,2,0,TRUE,TRUE,"","","","","C","C","C",141.74645764005,FALSE
"C","high",0.55,150,75,2,2,2,2,0,TRUE,TRUE,"","","","","C","C","C",83.9179766913601,FALSE
"C","high",0.55,150,76,2,2,2,2,0,TRUE,TRUE,"","","","","C","C","C",111.09005146776,FALSE
"C","high",0.55,150,77,2,2,2,2,0,TRUE,TRUE,"","","","","C","C","C",128.24978509522,FALSE
"C","high",0.55,150,78,2,2,2,2,0,TRUE,TRUE,"","","","","C","C","C",128.03810176495,FALSE
"C","high",0.55,150,79,2,2,2,2,0,TRUE,TRUE,"","","","","C","C","C",178.07739579824,FALSE
"C","high",0.55,150,80,2,2,2,2,0,TRUE,TRUE,"","","","","C","C","C",102.81486222464,FALSE
"C","high",0.55,150,81,2,2,2,2,0,TRUE,TRUE,"","","","","C","C","C",144.86040219887,FALSE
"C","high",0.55,150,82,2,2,2,2,0,TRUE,TRUE,"","","","","C","C","C",126.62928520297,FALSE
"C","high",0.55,150,83,2,2,2,2,0,TRUE,TRUE,"","","","","C","C","C",111.09643235873,FALSE
"C","high",0.55,150,84,2,2,2,2,0,TRUE,TRUE,"","","","","C","C","C",140.11129170238,FALSE
"C","high",0.55,150,85,2,2,2,2,0,TRUE,TRUE,"","","","","C","C","C",108.06678157658,FALSE
"C","high",0.55,150,86,2,2,2,2,0,TRUE,TRUE,"","","","","C","C","C",121.70342728513,FALSE
"C","high",0.55,150,87,2,2,2,2,0,TRUE,TRUE,"","","","","C","C","C",117.36797320821,FALSE
"C","high",0.55,150,88,2,2,2,2,0,TRUE,TRUE,"","","","","C","C","C",118.57352347082,FALSE
"C","high",0.55,150,89,2,2,2,2,0,TRUE,TRUE,"","","","","C","C","C",138.99125840334,FALSE
"C","high",0.55,150,90,2,2,2,2,0,TRUE,TRUE,"","","","","C","C","C",106.40954238795,FALSE
"C","high",0.55,150,91,2,2,2,2,0,TRUE,TRUE,"","","","","C","C","C",139.66977507851,FALSE
"C","high",0.55,150,92,2,2,2,2,0,TRUE,TRUE,"","","","","C","C","C",111.14266369152,FALSE
"C","high",0.55,150,93,2,2,2,2,0,TRUE,TRUE,"","","","","C","C","C",111.77081152522,FALSE
"C","high",0.55,150,94,2,2,2,2,0,TRUE,TRUE,"","","","","C","C","C",81.0286260396201,FALSE
"C","high",0.55,150,95,2,2,2,2,0,TRUE,TRUE,"","","","","C","C","C",86.45323033455,FALSE
"C","high",0.55,150,96,2,2,2,2,0,TRUE,TRUE,"","","","","C","C","C",153.54955158403,FALSE
"C","high",0.55,150,97,2,2,2,2,0,TRUE,TRUE,"","","","","C","C","C",136.81265046446,FALSE
"C","high",0.55,150,98,2,2,2,2,0,TRUE,TRUE,"","","","","C","C","C",181.69256753667,FALSE
"C","high",0.55,150,99,2,2,2,2,0,TRUE,TRUE,"","","","","C","C","C",126.81994099146,FALSE
"C","high",0.55,150,100,2,2,2,2,0,TRUE,TRUE,"","","","","C","C","C",80.2604337877999,FALSE
"C","high",0.55,500,1,2,2,2,2,0,TRUE,TRUE,"","","","","C","C","C",409.8734735263,FALSE
"C","high",0.55,500,2,2,2,2,2,0,TRUE,TRUE,"","","","","C","C","C",482.35236789164,FALSE
"C","high",0.55,500,3,2,2,2,2,0,TRUE,TRUE,"","","","","C","C","C",473.60950309585,FALSE
"C","high",0.55,500,4,2,2,2,2,0,TRUE,TRUE,"","","","","C","C","C",484.50340694292,FALSE
"C","high",0.55,500,5,2,2,2,2,0,TRUE,TRUE,"","","","","C","C","C",343.39953804317,FALSE
"C","high",0.55,500,6,2,2,2,2,0,TRUE,TRUE,"","","","","C","C","C",437.4666817687,FALSE
"C","high",0.55,500,7,2,2,2,2,0,TRUE,TRUE,"","","","","C","C","C",469.61909432598,FALSE
"C","high",0.55,500,8,2,2,2,2,0,TRUE,TRUE,"","","","","C","C","C",469.51487562204,FALSE
"C","high",0.55,500,9,2,2,2,2,0,TRUE,TRUE,"","","","","C","C","C",459.11835664628,FALSE
"C","high",0.55,500,10,2,2,2,2,0,TRUE,TRUE,"","","","","C","C","C",479.90099184506,FALSE
"C","high",0.55,500,11,2,2,2,2,0,TRUE,TRUE,"","","","","C","C","C",418.50215307187,FALSE
"C","high",0.55,500,12,2,2,2,2,0,TRUE,TRUE,"","","","","C","C","C",428.88237678655,FALSE
"C","high",0.55,500,13,2,2,2,2,0,TRUE,TRUE,"","","","","C","C","C",473.82268783102,FALSE
"C","high",0.55,500,14,2,2,2,2,0,TRUE,TRUE,"","","","","C","C","C",393.135968905639,FALSE
"C","high",0.55,500,15,2,2,2,2,0,TRUE,TRUE,"","","","","C","C","C",349.73308507003,FALSE
"C","high",0.55,500,16,2,2,2,2,0,TRUE,TRUE,"","","","","C","C","C",442.53363971358,FALSE
"C","high",0.55,500,17,2,2,2,2,0,TRUE,TRUE,"","","","","C","C","C",477.0836051627,FALSE
"C","high",0.55,500,18,2,2,2,2,0,TRUE,TRUE,"","","","","C","C","C",369.98740633056,FALSE
"C","high",0.55,500,19,2,2,2,2,0,TRUE,TRUE,"","","","","C","C","C",423.92563286578,FALSE
"C","high",0.55,500,20,2,2,2,2,0,TRUE,TRUE,"","","","","C","C","C",546.13291827339,FALSE
"C","high",0.55,500,21,2,2,2,2,0,TRUE,TRUE,"","","","","C","C","C",452.64584239522,FALSE
"C","high",0.55,500,22,2,2,2,2,0,TRUE,TRUE,"","","","","C","C","C",496.92963053854,FALSE
"C","high",0.55,500,23,2,2,2,2,0,TRUE,TRUE,"","","","","C","C","C",581.31152773928,FALSE
"C","high",0.55,500,24,2,2,2,2,0,TRUE,TRUE,"","","","","C","C","C",424.73390799431,FALSE
"C","high",0.55,500,25,2,2,2,2,0,TRUE,TRUE,"","","","","C","C","C",443.41386258527,FALSE
"C","high",0.55,500,26,2,2,2,2,0,TRUE,TRUE,"","","","","C","C","C",371.94912811467,FALSE
"C","high",0.55,500,27,2,2,2,2,0,TRUE,TRUE,"","","","","C","C","C",420.44928057472,FALSE
"C","high",0.55,500,28,2,2,2,2,0,TRUE,TRUE,"","","","","C","C","C",427.64813795854,FALSE
"C","high",0.55,500,29,2,2,2,2,0,TRUE,TRUE,"","","","","C","C","C",432.3966486359,FALSE
"C","high",0.55,500,30,2,2,2,2,0,TRUE,TRUE,"","","","","C","C","C",438.75094458599,FALSE
"C","high",0.55,500,31,2,2,2,2,0,TRUE,TRUE,"","","","","C","C","C",347.95754448004,FALSE
"C","high",0.55,500,32,2,2,2,2,0,TRUE,TRUE,"","","","","C","C","C",435.23295862558,FALSE
"C","high",0.55,500,33,2,2,2,2,0,TRUE,TRUE,"","","","","C","C","C",356.74905722482,FALSE
"C","high",0.55,500,34,2,2,2,2,0,TRUE,TRUE,"","","","","C","C","C",471.76016642522,FALSE
"C","high",0.55,500,35,2,2,2,2,0,TRUE,TRUE,"","","","","C","C","C",468.32802381297,FALSE
"C","high",0.55,500,36,2,2,2,2,0,TRUE,TRUE,"","","","","C","C","C",498.4998923025,FALSE
"C","high",0.55,500,37,2,2,2,2,0,TRUE,TRUE,"","","","","C","C","C",455.488508191249,FALSE
"C","high",0.55,500,38,2,2,2,2,0,TRUE,TRUE,"","","","","C","C","C",395.90449854768,FALSE
"C","high",0.55,500,39,2,2,2,2,0,TRUE,TRUE,"","","","","C","C","C",387.33946789349,FALSE
"C","high",0.55,500,40,2,2,2,2,0,TRUE,TRUE,"","","","","C","C","C",455.16832957957,FALSE
"C","high",0.55,500,41,2,2,2,2,0,TRUE,TRUE,"","","","","C","C","C",386.455900995541,FALSE
"C","high",0.55,500,42,2,2,2,2,0,TRUE,TRUE,"","","","","C","C","C",436.81981064051,FALSE
"C","high",0.55,500,43,2,2,2,2,0,TRUE,TRUE,"","","","","C","C","C",409.60621632052,FALSE
"C","high",0.55,500,44,2,2,2,2,0,TRUE,TRUE,"","","","","C","C","C",413.1212009255,FALSE
"C","high",0.55,500,45,2,2,2,2,0,TRUE,TRUE,"","","","","C","C","C",491.98478333291,FALSE
"C","high",0.55,500,46,2,2,2,2,0,TRUE,TRUE,"","","","","C","C","C",380.82003662871,FALSE
"C","high",0.55,500,47,2,2,2,2,0,TRUE,TRUE,"","","","","C","C","C",419.10782784726,FALSE
"C","high",0.55,500,48,2,2,2,2,0,TRUE,TRUE,"","","","","C","C","C",476.804974761731,FALSE
"C","high",0.55,500,49,2,2,2,2,0,TRUE,TRUE,"","","","","C","C","C",416.92369809559,FALSE
"C","high",0.55,500,50,2,2,2,2,0,TRUE,TRUE,"","","","","C","C","C",484.76824429543,FALSE
"C","high",0.55,500,51,2,2,2,2,0,TRUE,TRUE,"","","","","C","C","C",430.09318612847,FALSE
"C","high",0.55,500,52,2,2,2,2,0,TRUE,TRUE,"","","","","C","C","C",410.52852581369,FALSE
"C","high",0.55,500,53,2,2,2,2,0,TRUE,TRUE,"","","","","C","C","C",462.94525540443,FALSE
"C","high",0.55,500,54,2,2,2,2,0,TRUE,TRUE,"","","","","C","C","C",442.91659990311,FALSE
"C","high",0.55,500,55,2,2,2,2,0,TRUE,TRUE,"","","","","C","C","C",432.96066054676,FALSE
"C","high",0.55,500,56,2,2,2,2,0,TRUE,TRUE,"","","","","C","C","C",356.51373203674,FALSE
"C","high",0.55,500,57,2,2,2,2,0,TRUE,TRUE,"","","","","C","C","C",453.37986805822,FALSE
"C","high",0.55,500,58,2,2,2,2,0,TRUE,TRUE,"","","","","C","C","C",423.72819497497,FALSE
"C","high",0.55,500,59,2,2,2,2,0,TRUE,TRUE,"","","","","C","C","C",451.831599552961,FALSE
"C","high",0.55,500,60,2,2,2,2,0,TRUE,TRUE,"","","","","C","C","C",428.84966013351,FALSE
"C","high",0.55,500,61,2,2,2,2,0,TRUE,TRUE,"","","","","C","C","C",374.53712036081,FALSE
"C","high",0.55,500,62,2,2,2,2,0,TRUE,TRUE,"","","","","C","C","C",390.02556198192,FALSE
"C","high",0.55,500,63,2,2,2,2,0,TRUE,TRUE,"","","","","C","C","C",398.93708936014,FALSE
"C","high",0.55,500,64,2,2,2,2,0,TRUE,TRUE,"","","","","C","C","C",480.34627727786,FALSE
"C","high",0.55,500,65,2,2,2,2,0,TRUE,TRUE,"","","","","C","C","C",476.69654639554,FALSE
"C","high",0.55,500,66,2,2,2,2,0,TRUE,TRUE,"","","","","C","C","C",518.07228781145,FALSE
"C","high",0.55,500,67,2,2,2,2,0,TRUE,TRUE,"","","","","C","C","C",410.44109645215,FALSE
"C","high",0.55,500,68,2,2,2,2,0,TRUE,TRUE,"","","","","C","C","C",353.81471645395,FALSE
"C","high",0.55,500,69,2,2,2,2,0,TRUE,TRUE,"","","","","C","C","C",355.726813615719,FALSE
"C","high",0.55,500,70,2,2,2,2,0,TRUE,TRUE,"","","","","C","C","C",381.81034633733,FALSE
"C","high",0.55,500,71,2,2,2,2,0,TRUE,TRUE,"","","","","C","C","C",465.23871523176,FALSE
"C","high",0.55,500,72,2,2,2,2,0,TRUE,TRUE,"","","","","C","C","C",515.4819454595,FALSE
"C","high",0.55,500,73,2,2,2,2,0,TRUE,TRUE,"","","","","C","C","C",504.0126373795,FALSE
"C","high",0.55,500,74,2,2,2,2,0,TRUE,TRUE,"","","","","C","C","C",510.25130694951,FALSE
"C","high",0.55,500,75,2,2,2,2,0,TRUE,TRUE,"","","","","C","C","C",418.28254643137,FALSE
"C","high",0.55,500,76,2,2,2,2,0,TRUE,TRUE,"","","","","C","C","C",415.38643289992,FALSE
"C","high",0.55,500,77,2,2,2,2,0,TRUE,TRUE,"","","","","C","C","C",427.24535898112,FALSE
"C","high",0.55,500,78,2,2,2,2,0,TRUE,TRUE,"","","","","C","C","C",399.04979606506,FALSE
"C","high",0.55,500,79,2,2,2,2,0,TRUE,TRUE,"","","","","C","C","C",426.49386349162,FALSE
"C","high",0.55,500,80,2,2,2,2,0,TRUE,TRUE,"","","","","C","C","C",394.44337893039,FALSE
"C","high",0.55,500,81,2,2,2,2,0,TRUE,TRUE,"","","","","C","C","C",434.07712233259,FALSE
"C","high",0.55,500,82,2,2,2,2,0,TRUE,TRUE,"","","","","C","C","C",362.191922144189,FALSE
"C","high",0.55,500,83,2,2,2,2,0,TRUE,TRUE,"","","","","C","C","C",525.44143793815,FALSE
"C","high",0.55,500,84,2,2,2,2,0,TRUE,TRUE,"","","","","C","C","C",438.95281226717,FALSE
"C","high",0.55,500,85,2,2,2,2,0,TRUE,TRUE,"","","","","C","C","C",401.84477735708,FALSE
"C","high",0.55,500,86,2,2,2,2,0,TRUE,TRUE,"","","","","C","C","C",427.04635650728,FALSE
"C","high",0.55,500,87,2,2,2,2,0,TRUE,TRUE,"","","","","C","C","C",389.99631969944,FALSE
"C","high",0.55,500,88,2,2,2,2,0,TRUE,TRUE,"","","","","C","C","C",363.16591601742,FALSE
"C","high",0.55,500,89,2,2,2,2,0,TRUE,TRUE,"","","","","C","C","C",511.36239097149,FALSE
"C","high",0.55,500,90,2,2,2,2,0,TRUE,TRUE,"","","","","C","C","C",450.20836508397,FALSE
"C","high",0.55,500,91,2,2,2,2,0,TRUE,TRUE,"","","","","C","C","C",444.32008065668,FALSE
"C","high",0.55,500,92,2,2,2,2,0,TRUE,TRUE,"","","","","C","C","C",385.38088211548,FALSE
"C","high",0.55,500,93,2,2,2,2,0,TRUE,TRUE,"","","","","C","C","C",358.22226039162,FALSE
"C","high",0.55,500,94,2,2,2,2,0,TRUE,TRUE,"","","","","C","C","C",466.88721041998,FALSE
"C","high",0.55,500,95,2,2,2,2,0,TRUE,TRUE,"","","","","C","C","C",487.79390520245,FALSE
"C","high",0.55,500,96,2,2,2,2,0,TRUE,TRUE,"","","","","C","C","C",495.6208723882,FALSE
"C","high",0.55,500,97,2,2,2,2,0,TRUE,TRUE,"","","","","C","C","C",387.73845677454,FALSE
"C","high",0.55,500,98,2,2,2,2,0,TRUE,TRUE,"","","","","C","C","C",447.33720455552,FALSE
"C","high",0.55,500,99,2,2,2,2,0,TRUE,TRUE,"","","","","C","C","C",393.70318323756,FALSE
"C","high",0.55,500,100,2,2,2,2,0,TRUE,TRUE,"","","","","C","C","C",444.83189007554,FALSE
"C","moderate",0.25,50,1,2,2,2,2,0,TRUE,TRUE,"","","","","C","C","C",4.70784628108402,FALSE
"C","moderate",0.25,50,2,2,2,2,2,0,TRUE,TRUE,"","","","","C","C","C",7.51926425635401,FALSE
"C","moderate",0.25,50,3,2,2,2,2,0,TRUE,TRUE,"","","","","N","N","N",1.30177009738395,TRUE
"C","moderate",0.25,50,4,2,2,2,2,0,TRUE,TRUE,"","","","","C","C","C",8.91403946487901,FALSE
"C","moderate",0.25,50,5,2,2,2,2,0,TRUE,TRUE,"","","","","C","C","C",9.60068969445297,FALSE
"C","moderate",0.25,50,6,2,2,2,2,0,TRUE,TRUE,"","","","","C","C","C",4.37081129718308,FALSE
"C","moderate",0.25,50,7,2,2,2,2,0,TRUE,TRUE,"","","","","C","C","C",11.966607726138,FALSE
"C","moderate",0.25,50,8,2,2,2,2,0,TRUE,TRUE,"","","","","C","C","C",13.937640401861,FALSE
"C","moderate",0.25,50,9,2,2,2,2,0,TRUE,TRUE,"","","","","C","C","C",5.70680843404307,FALSE
"C","moderate",0.25,50,10,2,2,2,2,0,TRUE,TRUE,"","","","","C","C","C",8.30552048599804,FALSE
"C","moderate",0.25,50,11,2,2,2,2,0,TRUE,TRUE,"","","","","C","C","C",3.14225408309903,FALSE
"C","moderate",0.25,50,12,2,2,2,2,0,TRUE,TRUE,"","","","","C","C","C",17.60166789055,FALSE
"C","moderate",0.25,50,13,2,2,2,2,0,TRUE,TRUE,"","","","","C","C","C",7.98340536817801,FALSE
"C","moderate",0.25,50,14,2,2,2,2,0,TRUE,TRUE,"","","","","C","C","C",9.56194789168103,FALSE
"C","moderate",0.25,50,15,2,2,2,2,0,TRUE,TRUE,"","","","","N","N","N",0.558267527281942,TRUE
"C","moderate",0.25,50,16,2,2,2,2,0,TRUE,TRUE,"","","","","C","C","C",4.07919542121999,FALSE
"C","moderate",0.25,50,17,2,2,2,2,0,TRUE,TRUE,"","","","","C","C","C",14.029840570774,FALSE
"C","moderate",0.25,50,18,2,2,2,2,0,TRUE,TRUE,"","","","","C","C","C",9.41004106661302,FALSE
"C","moderate",0.25,50,19,2,2,2,2,0,TRUE,TRUE,"","","","","C","C","C",10.5911435672219,FALSE
"C","moderate",0.25,50,20,2,2,2,2,0,TRUE,TRUE,"","","","","C","C","C",6.91876593455697,FALSE
"C","moderate",0.25,50,21,2,2,2,2,0,TRUE,TRUE,"","","","","C","C","C",6.44737071094403,FALSE
"C","moderate",0.25,50,22,2,2,2,2,0,TRUE,TRUE,"","","","","C","C","C",8.057883044741,FALSE
"C","moderate",0.25,50,23,2,2,2,2,0,TRUE,TRUE,"","","","","C","C","C",9.83547114272699,FALSE
"C","moderate",0.25,50,24,2,2,2,2,0,TRUE,TRUE,"","","","","C","C","C",6.67621136496905,FALSE
"C","moderate",0.25,50,25,2,2,2,2,0,TRUE,TRUE,"","","","","C","C","C",13.155694840023,FALSE
"C","moderate",0.25,50,26,2,2,2,2,0,TRUE,TRUE,"","","","","C","C","C",11.113097721011,FALSE
"C","moderate",0.25,50,27,2,2,2,2,0,TRUE,TRUE,"","","","","C","C","C",22.18584503123,FALSE
"C","moderate",0.25,50,28,2,2,2,2,0,TRUE,TRUE,"","","","","C","C","C",5.83317335249001,FALSE
"C","moderate",0.25,50,29,2,2,2,2,0,TRUE,TRUE,"","","","","C","C","C",1.08067534988299,TRUE
"C","moderate",0.25,50,30,2,2,2,2,0,TRUE,TRUE,"","","","","C","C","C",5.24263143963304,FALSE
"C","moderate",0.25,50,31,2,2,2,2,0,TRUE,TRUE,"","","","","C","C","C",6.03257155987797,FALSE
"C","moderate",0.25,50,32,2,2,2,2,0,TRUE,TRUE,"","","","","C","C","C",6.45615842517395,FALSE
"C","moderate",0.25,50,33,2,2,2,2,0,TRUE,TRUE,"","","","","C","C","C",9.84867407966595,FALSE
"C","moderate",0.25,50,34,2,2,2,2,0,TRUE,TRUE,"","","","","C","C","C",0.0637052160250278,TRUE
"C","moderate",0.25,50,35,2,2,2,2,0,TRUE,TRUE,"","","","","C","C","C",5.03237182987505,FALSE
"C","moderate",0.25,50,36,2,2,2,2,0,TRUE,TRUE,"","","","","C","C","C",7.13318195896898,FALSE
"C","moderate",0.25,50,37,2,2,2,2,0,TRUE,TRUE,"","","","","C","C","C",8.59726409957398,FALSE
"C","moderate",0.25,50,38,2,2,2,2,0,TRUE,TRUE,"","","","","C","C","C",2.88638948051801,FALSE
"C","moderate",0.25,50,39,2,2,2,2,0,TRUE,TRUE,"","","","","C","C","C",6.45372394525009,FALSE
"C","moderate",0.25,50,40,2,2,2,2,0,TRUE,TRUE,"","","","","C","C","C",10.516895681277,FALSE
"C","moderate",0.25,50,41,2,2,2,2,0,TRUE,TRUE,"","","","","C","C","C",8.55105299378704,FALSE
"C","moderate",0.25,50,42,2,2,2,2,0,TRUE,TRUE,"","","","","C","C","C",14.1537594832361,FALSE
"C","moderate",0.25,50,43,2,2,2,2,0,TRUE,TRUE,"","","","","C","C","C",13.714702466808,FALSE
"C","moderate",0.25,50,44,2,2,2,2,0,TRUE,TRUE,"","","","","C","C","C",7.00347262273601,FALSE
"C","moderate",0.25,50,45,2,2,2,2,0,TRUE,TRUE,"","","","","C","C","C",4.39720299497799,FALSE
"C","moderate",0.25,50,46,2,2,2,2,0,TRUE,TRUE,"","","","","C","C","C",0.845161348927036,TRUE
"C","moderate",0.25,50,47,2,2,2,2,0,TRUE,TRUE,"","","","","C","C","C",15.432936179894,FALSE
"C","moderate",0.25,50,48,2,2,2,2,0,TRUE,TRUE,"","","","","C","C","C",6.62448746566798,FALSE
"C","moderate",0.25,50,49,2,2,2,2,0,TRUE,TRUE,"","","","","C","C","C",5.78959322442302,FALSE
"C","moderate",0.25,50,50,2,2,2,2,0,TRUE,TRUE,"","","","","N","N","N",0.336792704295931,TRUE
"C","moderate",0.25,50,51,2,2,2,2,0,TRUE,TRUE,"","","","","C","C","C",5.20033701364105,FALSE
"C","moderate",0.25,50,52,2,2,2,2,0,TRUE,TRUE,"","","","","N","N","N",2.95647580591401,FALSE
"C","moderate",0.25,50,53,2,2,2,2,0,TRUE,TRUE,"","","","","C","C","C",5.74094894267699,FALSE
"C","moderate",0.25,50,54,2,2,2,2,0,TRUE,TRUE,"","","","","C","C","C",8.52244963482201,FALSE
"C","moderate",0.25,50,55,2,2,2,2,0,TRUE,TRUE,"","","","","C","C","C",19.307809711155,FALSE
"C","moderate",0.25,50,56,2,2,2,2,0,TRUE,TRUE,"","","","","C","C","C",1.62122335513698,TRUE
"C","moderate",0.25,50,57,2,2,2,2,0,TRUE,TRUE,"","","","","C","C","C",7.68202812529296,FALSE
"C","moderate",0.25,50,58,2,2,2,2,0,TRUE,TRUE,"","","","","C","C","C",0.433215183268999,TRUE
"C","moderate",0.25,50,59,2,2,2,2,0,TRUE,TRUE,"","","","","C","C","C",12.392688760844,FALSE
"C","moderate",0.25,50,60,2,2,2,2,0,TRUE,TRUE,"","","","","C","C","C",22.732495013861,FALSE
"C","moderate",0.25,50,61,2,2,2,2,0,TRUE,TRUE,"","","","","C","C","C",6.51429560671102,FALSE
"C","moderate",0.25,50,62,2,2,2,2,0,TRUE,TRUE,"","","","","C","C","C",1.17157396971203,TRUE
"C","moderate",0.25,50,63,2,2,2,2,0,TRUE,TRUE,"","","","","N","N","N",1.46671281631393,TRUE
"C","moderate",0.25,50,64,2,2,2,2,0,TRUE,TRUE,"","","","","C","C","C",14.955224042296,FALSE
"C","moderate",0.25,50,65,2,2,2,2,0,TRUE,TRUE,"","","","","C","C","C",8.59052733942895,FALSE
"C","moderate",0.25,50,66,2,2,2,2,0,TRUE,TRUE,"","","","","C","C","C",5.243653790802,FALSE
"C","moderate",0.25,50,67,2,2,2,2,0,TRUE,TRUE,"","","","","C","C","C",10.587198087464,FALSE
"C","moderate",0.25,50,68,2,2,2,2,0,TRUE,TRUE,"","","","","C","C","C",5.14437133634499,FALSE
"C","moderate",0.25,50,69,2,2,2,2,0,TRUE,TRUE,"","","","","C","C","C",3.17860105,FALSE
"C","moderate",0.25,50,70,2,2,2,2,0,TRUE,TRUE,"","","","","N","N","N",0.341346101602028,TRUE
"C","moderate",0.25,50,71,2,2,2,2,0,TRUE,TRUE,"","","","","C","C","C",8.21849160739805,FALSE
"C","moderate",0.25,50,72,2,2,2,2,0,TRUE,TRUE,"","","","","C","C","C",16.919296139905,FALSE
"C","moderate",0.25,50,73,2,2,2,2,0,TRUE,TRUE,"","","","","N","N","N",3.37169466742699,FALSE
"C","moderate",0.25,50,74,2,2,2,2,0,TRUE,TRUE,"","","","","C","C","C",4.58294067655697,FALSE
"C","moderate",0.25,50,75,2,2,2,2,0,TRUE,TRUE,"","","","","C","C","C",5.97645519687001,FALSE
"C","moderate",0.25,50,76,2,2,2,2,0,TRUE,TRUE,"","","","","C","C","C",16.133898009497,FALSE
"C","moderate",0.25,50,77,2,2,2,2,0,TRUE,TRUE,"","","","","C","C","C",14.828477931739,FALSE
"C","moderate",0.25,50,78,2,2,2,2,0,TRUE,TRUE,"","","","","C","C","C",6.66273453983001,FALSE
"C","moderate",0.25,50,79,2,2,2,2,0,TRUE,TRUE,"","","","","N","N","N",1.36888474445595,TRUE
"C","moderate",0.25,50,80,2,2,2,2,0,TRUE,TRUE,"","","","","C","C","C",18.834817428393,FALSE
"C","moderate",0.25,50,81,2,2,2,2,0,TRUE,TRUE,"","","","","C","C","C",16.196275522894,FALSE
"C","moderate",0.25,50,82,2,2,2,2,0,TRUE,TRUE,"","","","","C","C","C",5.02358363251096,FALSE
"C","moderate",0.25,50,83,2,2,2,2,0,TRUE,TRUE,"","","","","C","C","C",11.184047795438,FALSE
"C","moderate",0.25,50,84,2,2,2,2,0,TRUE,TRUE,"","","","","C","C","C",5.98539732752602,FALSE
"C","moderate",0.25,50,85,2,2,2,2,0,TRUE,TRUE,"","","","","C","C","C",16.758328975647,FALSE
"C","moderate",0.25,50,86,2,2,2,2,0,TRUE,TRUE,"","","","","N","N","N",5.66446581794798,FALSE
"C","moderate",0.25,50,87,2,2,2,2,0,TRUE,TRUE,"","","","","N","N","N",2.52851600505301,FALSE
"C","moderate",0.25,50,88,2,2,2,2,0,TRUE,TRUE,"","","","","C","C","C",9.87081243488694,FALSE
"C","moderate",0.25,50,89,2,2,2,2,0,TRUE,TRUE,"","","","","C","C","C",0.0146263487329747,TRUE
"C","moderate",0.25,50,90,2,2,2,2,0,TRUE,TRUE,"","","","","C","C","C",10.323723708359,FALSE
"C","moderate",0.25,50,91,2,2,2,2,0,TRUE,TRUE,"","","","","C","C","C",5.62853071520101,FALSE
"C","moderate",0.25,50,92,2,2,2,2,0,TRUE,TRUE,"","","","","C","C","C",0.964259580640032,TRUE
"C","moderate",0.25,50,93,2,2,2,2,0,TRUE,TRUE,"","","","","C","C","C",19.3003184322231,FALSE
"C","moderate",0.25,50,94,2,2,2,2,0,TRUE,TRUE,"","","","","C","C","C",21.638332981457,FALSE
"C","moderate",0.25,50,95,2,2,2,2,0,TRUE,TRUE,"","","","","C","C","C",5.98229516343298,FALSE
"C","moderate",0.25,50,96,2,2,2,2,0,TRUE,TRUE,"","","","","C","C","C",4.25486987011698,FALSE
"C","moderate",0.25,50,97,2,2,2,2,0,TRUE,TRUE,"","","","","C","C","C",8.946688893241,FALSE
"C","moderate",0.25,50,98,2,2,2,2,0,TRUE,TRUE,"","","","","C","C","C",10.39040272073,FALSE
"C","moderate",0.25,50,99,2,2,2,2,0,TRUE,TRUE,"","","","","C","C","C",12.1675458024599,FALSE
"C","moderate",0.25,50,100,2,2,2,2,0,TRUE,TRUE,"","","","","C","C","C",17.7967934208621,FALSE
"C","moderate",0.25,150,1,2,2,2,2,0,TRUE,TRUE,"","","","","N","N","N",2.57099855623005,FALSE
"C","moderate",0.25,150,2,2,2,2,2,0,TRUE,TRUE,"","","","","C","C","C",18.48350700234,FALSE
"C","moderate",0.25,150,3,2,2,2,2,0,TRUE,TRUE,"","","","","C","C","C",9.04362131655989,FALSE
"C","moderate",0.25,150,4,2,2,2,2,0,TRUE,TRUE,"","","","","C","C","C",43.3369041194501,FALSE
"C","moderate",0.25,150,5,2,2,2,2,0,TRUE,TRUE,"","","","","C","C","C",32.2523179377299,FALSE
"C","moderate",0.25,150,6,2,2,2,2,0,TRUE,TRUE,"","","","","C","C","C",36.5188283560901,FALSE
"C","moderate",0.25,150,7,2,2,2,2,0,TRUE,TRUE,"","","","","C","C","C",36.42948458711,FALSE
"C","moderate",0.25,150,8,2,2,2,2,0,TRUE,TRUE,"","","","","C","C","C",33.0393809247498,FALSE
"C","moderate",0.25,150,9,2,2,2,2,0,TRUE,TRUE,"","","","","C","C","C",24.6367698218701,FALSE
"C","moderate",0.25,150,10,2,2,2,2,0,TRUE,TRUE,"","","","","C","C","C",38.50481671531,FALSE
"C","moderate",0.25,150,11,2,2,2,2,0,TRUE,TRUE,"","","","","C","C","C",8.92917044752994,FALSE
"C","moderate",0.25,150,12,2,2,2,2,0,TRUE,TRUE,"","","","","C","C","C",25.2799006990099,FALSE
"C","moderate",0.25,150,13,2,2,2,2,0,TRUE,TRUE,"","","","","C","C","C",39.9333419495799,FALSE
"C","moderate",0.25,150,14,2,2,2,2,0,TRUE,TRUE,"","","","","C","C","C",29.2473480497199,FALSE
"C","moderate",0.25,150,15,2,2,2,2,0,TRUE,TRUE,"","","","","C","C","C",23.9135179754699,FALSE
"C","moderate",0.25,150,16,2,2,2,2,0,TRUE,TRUE,"","","","","C","C","C",31.9076074034001,FALSE
"C","moderate",0.25,150,17,2,2,2,2,0,TRUE,TRUE,"","","","","C","C","C",7.2827892933999,FALSE
"C","moderate",0.25,150,18,2,2,2,2,0,TRUE,TRUE,"","","","","C","C","C",14.1863439454,FALSE
"C","moderate",0.25,150,19,2,2,2,2,0,TRUE,TRUE,"","","","","C","C","C",34.28600957853,FALSE
"C","moderate",0.25,150,20,2,2,2,2,0,TRUE,TRUE,"","","","","C","C","C",46.96421997163,FALSE
"C","moderate",0.25,150,21,2,2,2,2,0,TRUE,TRUE,"","","","","C","C","C",44.2835741971799,FALSE
"C","moderate",0.25,150,22,2,2,2,2,0,TRUE,TRUE,"","","","","C","C","C",21.4545205213799,FALSE
"C","moderate",0.25,150,23,2,2,2,2,0,TRUE,TRUE,"","","","","C","C","C",21.13106622942,FALSE
"C","moderate",0.25,150,24,2,2,2,2,0,TRUE,TRUE,"","","","","C","C","C",7.67066650684001,FALSE
"C","moderate",0.25,150,25,2,2,2,2,0,TRUE,TRUE,"","","","","C","C","C",32.4752289954201,FALSE
"C","moderate",0.25,150,26,2,2,2,2,0,TRUE,TRUE,"","","","","C","C","C",36.5051963179199,FALSE
"C","moderate",0.25,150,27,2,2,2,2,0,TRUE,TRUE,"","","","","C","C","C",41.36274022977,FALSE
"C","moderate",0.25,150,28,2,2,2,2,0,TRUE,TRUE,"","","","","C","C","C",45.58343384097,FALSE
"C","moderate",0.25,150,29,2,2,2,2,0,TRUE,TRUE,"","","","","C","C","C",19.1382354515899,FALSE
"C","moderate",0.25,150,30,2,2,2,2,0,TRUE,TRUE,"","","","","C","C","C",18.8796453217501,FALSE
"C","moderate",0.25,150,31,2,2,2,2,0,TRUE,TRUE,"","","","","C","C","C",40.68613699108,FALSE
"C","moderate",0.25,150,32,2,2,2,2,0,TRUE,TRUE,"","","","","C","C","C",34.0720414873999,FALSE
"C","moderate",0.25,150,33,2,2,2,2,0,TRUE,TRUE,"","","","","C","C","C",41.90727370532,FALSE
"C","moderate",0.25,150,34,2,2,2,2,0,TRUE,TRUE,"","","","","C","C","C",16.6872982622901,FALSE
"C","moderate",0.25,150,35,2,2,2,2,0,TRUE,TRUE,"","","","","C","C","C",19.0553840954999,FALSE
"C","moderate",0.25,150,36,2,2,2,2,0,TRUE,TRUE,"","","","","C","C","C",11.7853885463701,FALSE
"C","moderate",0.25,150,37,2,2,2,2,0,TRUE,TRUE,"","","","","C","C","C",23.0184772222201,FALSE
"C","moderate",0.25,150,38,2,2,2,2,0,TRUE,TRUE,"","","","","C","C","C",19.5782475803499,FALSE
"C","moderate",0.25,150,39,2,2,2,2,0,TRUE,TRUE,"","","","","C","C","C",35.6127861725599,FALSE
"C","moderate",0.25,150,40,2,2,2,2,0,TRUE,TRUE,"","","","","C","C","C",20.1776953880601,FALSE
"C","moderate",0.25,150,41,2,2,2,2,0,TRUE,TRUE,"","","","","C","C","C",23.7781112023799,FALSE
"C","moderate",0.25,150,42,2,2,2,2,0,TRUE,TRUE,"","","","","C","C","C",46.6337270731499,FALSE
"C","moderate",0.25,150,43,2,2,2,2,0,TRUE,TRUE,"","","","","C","C","C",29.2852414911199,FALSE
"C","moderate",0.25,150,44,2,2,2,2,0,TRUE,TRUE,"","","","","C","C","C",13.6138335309699,FALSE
"C","moderate",0.25,150,45,2,2,2,2,0,TRUE,TRUE,"","","","","C","C","C",14.4974448668199,FALSE
"C","moderate",0.25,150,46,2,2,2,2,0,TRUE,TRUE,"","","","","C","C","C",35.2948936424,FALSE
"C","moderate",0.25,150,47,2,2,2,2,0,TRUE,TRUE,"","","","","C","C","C",18.70624730806,FALSE
"C","moderate",0.25,150,48,2,2,2,2,0,TRUE,TRUE,"","","","","C","C","C",21.3271842801098,FALSE
"C","moderate",0.25,150,49,2,2,2,2,0,TRUE,TRUE,"","","","","C","C","C",30.72337151278,FALSE
"C","moderate",0.25,150,50,2,2,2,2,0,TRUE,TRUE,"","","","","C","C","C",21.0302134378901,FALSE
"C","moderate",0.25,150,51,2,2,2,2,0,TRUE,TRUE,"","","","","C","C","C",50.2408613678499,FALSE
"C","moderate",0.25,150,52,2,2,2,2,0,TRUE,TRUE,"","","","","C","C","C",35.5373168583301,FALSE
"C","moderate",0.25,150,53,2,2,2,2,0,TRUE,TRUE,"","","","","C","C","C",19.55147531788,FALSE
"C","moderate",0.25,150,54,2,2,2,2,0,TRUE,TRUE,"","","","","C","C","C",35.11905812856,FALSE
"C","moderate",0.25,150,55,2,2,2,2,0,TRUE,TRUE,"","","","","C","C","C",29.4048884923302,FALSE
"C","moderate",0.25,150,56,2,2,2,2,0,TRUE,TRUE,"","","","","C","C","C",27.8796146652401,FALSE
"C","moderate",0.25,150,57,2,2,2,2,0,TRUE,TRUE,"","","","","C","C","C",24.9666984401199,FALSE
"C","moderate",0.25,150,58,2,2,2,2,0,TRUE,TRUE,"","","","","C","C","C",11.61880389573,FALSE
"C","moderate",0.25,150,59,2,2,2,2,0,TRUE,TRUE,"","","","","C","C","C",21.8453298996899,FALSE
"C","moderate",0.25,150,60,2,2,2,2,0,TRUE,TRUE,"","","","","C","C","C",26.9639072489499,FALSE
"C","moderate",0.25,150,61,2,2,2,2,0,TRUE,TRUE,"","","","","C","C","C",38.8046353623699,FALSE
"C","moderate",0.25,150,62,2,2,2,2,0,TRUE,TRUE,"","","","","C","C","C",29.0029893503399,FALSE
"C","moderate",0.25,150,63,2,2,2,2,0,TRUE,TRUE,"","","","","C","C","C",35.44747404901,FALSE
"C","moderate",0.25,150,64,2,2,2,2,0,TRUE,TRUE,"","","","","C","C","C",38.61593335162,FALSE
"C","moderate",0.25,150,65,2,2,2,2,0,TRUE,TRUE,"","","","","C","C","C",26.9437947394301,FALSE
"C","moderate",0.25,150,66,2,2,2,2,0,TRUE,TRUE,"","","","","C","C","C",23.3223820375699,FALSE
"C","moderate",0.25,150,67,2,2,2,2,0,TRUE,TRUE,"","","","","C","C","C",37.69346905323,FALSE
"C","moderate",0.25,150,68,2,2,2,2,0,TRUE,TRUE,"","","","","C","C","C",4.52510070937001,FALSE
"C","moderate",0.25,150,69,2,2,2,2,0,TRUE,TRUE,"","","","","C","C","C",27.4774977182999,FALSE
"C","moderate",0.25,150,70,2,2,2,2,0,TRUE,TRUE,"","","","","C","C","C",26.90408843161,FALSE
"C","moderate",0.25,150,71,2,2,2,2,0,TRUE,TRUE,"","","","","C","C","C",23.5551307924302,FALSE
"C","moderate",0.25,150,72,2,2,2,2,0,TRUE,TRUE,"","","","","C","C","C",12.35101419636,FALSE
"C","moderate",0.25,150,73,2,2,2,2,0,TRUE,TRUE,"","","","","C","C","C",24.68269756937,FALSE
"C","moderate",0.25,150,74,2,2,2,2,0,TRUE,TRUE,"","","","","C","C","C",21.8553597720102,FALSE
"C","moderate",0.25,150,75,2,2,2,2,0,TRUE,TRUE,"","","","","C","C","C",36.0270359346598,FALSE
"C","moderate",0.25,150,76,2,2,2,2,0,TRUE,TRUE,"","","","","C","C","C",18.75785358699,FALSE
"C","moderate",0.25,150,77,2,2,2,2,0,TRUE,TRUE,"","","","","C","C","C",24.7205691604699,FALSE
"C","moderate",0.25,150,78,2,2,2,2,0,TRUE,TRUE,"","","","","C","C","C",27.82508244266,FALSE
"C","moderate",0.25,150,79,2,2,2,2,0,TRUE,TRUE,"","","","","C","C","C",19.5550334448799,FALSE
"C","moderate",0.25,150,80,2,2,2,2,0,TRUE,TRUE,"","","","","C","C","C",37.02808748036,FALSE
"C","moderate",0.25,150,81,2,2,2,2,0,TRUE,TRUE,"","","","","C","C","C",42.3448036058401,FALSE
"C","moderate",0.25,150,82,2,2,2,2,0,TRUE,TRUE,"","","","","C","C","C",7.08778501798997,FALSE
"C","moderate",0.25,150,83,2,2,2,2,0,TRUE,TRUE,"","","","","C","C","C",34.1861821918701,FALSE
"C","moderate",0.25,150,84,2,2,2,2,0,TRUE,TRUE,"","","","","C","C","C",20.74179041712,FALSE
"C","moderate",0.25,150,85,2,2,2,2,0,TRUE,TRUE,"","","","","C","C","C",29.20610737946,FALSE
"C","moderate",0.25,150,86,2,2,2,2,0,TRUE,TRUE,"","","","","C","C","C",36.7166624040401,FALSE
"C","moderate",0.25,150,87,2,2,2,2,0,TRUE,TRUE,"","","","","C","C","C",17.65775705546,FALSE
"C","moderate",0.25,150,88,2,2,2,2,0,TRUE,TRUE,"","","","","C","C","C",54.2138206534701,FALSE
"C","moderate",0.25,150,89,2,2,2,2,0,TRUE,TRUE,"","","","","C","C","C",13.9688323441299,FALSE
"C","moderate",0.25,150,90,2,2,2,2,0,TRUE,TRUE,"","","","","C","C","C",21.2190986698199,FALSE
"C","moderate",0.25,150,91,2,2,2,2,0,TRUE,TRUE,"","","","","C","C","C",31.6054600989999,FALSE
"C","moderate",0.25,150,92,2,2,2,2,0,TRUE,TRUE,"","","","","C","C","C",8.39627638371985,FALSE
"C","moderate",0.25,150,93,2,2,2,2,0,TRUE,TRUE,"","","","","C","C","C",27.8091784673002,FALSE
"C","moderate",0.25,150,94,2,2,2,2,0,TRUE,TRUE,"","","","","C","C","C",17.9592243284601,FALSE
"C","moderate",0.25,150,95,2,2,2,2,0,TRUE,TRUE,"","","","","C","C","C",18.25216272897,FALSE
"C","moderate",0.25,150,96,2,2,2,2,0,TRUE,TRUE,"","","","","C","C","C",19.2498706245101,FALSE
"C","moderate",0.25,150,97,2,2,2,2,0,TRUE,TRUE,"","","","","C","C","C",20.18367835604,FALSE
"C","moderate",0.25,150,98,2,2,2,2,0,TRUE,TRUE,"","","","","C","C","C",22.52632115339,FALSE
"C","moderate",0.25,150,99,2,2,2,2,0,TRUE,TRUE,"","","","","C","C","C",31.3807670082099,FALSE
"C","moderate",0.25,150,100,2,2,2,2,0,TRUE,TRUE,"","","","","C","C","C",21.88282384231,FALSE
"C","moderate",0.25,500,1,2,2,2,2,0,TRUE,TRUE,"","","","","C","C","C",66.0144684324996,FALSE
"C","moderate",0.25,500,2,2,2,2,2,0,TRUE,TRUE,"","","","","C","C","C",63.6756206380696,FALSE
"C","moderate",0.25,500,3,2,2,2,2,0,TRUE,TRUE,"","","","","C","C","C",107.63255649749,FALSE
"C","moderate",0.25,500,4,2,2,2,2,0,TRUE,TRUE,"","","","","C","C","C",106.06448983077,FALSE
"C","moderate",0.25,500,5,2,2,2,2,0,TRUE,TRUE,"","","","","C","C","C",83.4252591779004,FALSE
"C","moderate",0.25,500,6,2,2,2,2,0,TRUE,TRUE,"","","","","C","C","C",113.775031398281,FALSE
"C","moderate",0.25,500,7,2,2,2,2,0,TRUE,TRUE,"","","","","C","C","C",79.4296470160998,FALSE
"C","moderate",0.25,500,8,2,2,2,2,0,TRUE,TRUE,"","","","","C","C","C",69.7809391131696,FALSE
"C","moderate",0.25,500,9,2,2,2,2,0,TRUE,TRUE,"","","","","C","C","C",56.84972942268,FALSE
"C","moderate",0.25,500,10,2,2,2,2,0,TRUE,TRUE,"","","","","C","C","C",81.8476987511303,FALSE
"C","moderate",0.25,500,11,2,2,2,2,0,TRUE,TRUE,"","","","","C","C","C",91.6052967934202,FALSE
"C","moderate",0.25,500,12,2,2,2,2,0,TRUE,TRUE,"","","","","C","C","C",93.8534989518403,FALSE
"C","moderate",0.25,500,13,2,2,2,2,0,TRUE,TRUE,"","","","","C","C","C",34.0762808947902,FALSE
"C","moderate",0.25,500,14,2,2,2,2,0,TRUE,TRUE,"","","","","C","C","C",73.2862003985701,FALSE
"C","moderate",0.25,500,15,2,2,2,2,0,TRUE,TRUE,"","","","","C","C","C",69.8388857029004,FALSE
"C","moderate",0.25,500,16,2,2,2,2,0,TRUE,TRUE,"","","","","C","C","C",47.3748872810802,FALSE
"C","moderate",0.25,500,17,2,2,2,2,0,TRUE,TRUE,"","","","","C","C","C",82.24439593234,FALSE
"C","moderate",0.25,500,18,2,2,2,2,0,TRUE,TRUE,"","","","","C","C","C",64.94195781901,FALSE
"C","moderate",0.25,500,19,2,2,2,2,0,TRUE,TRUE,"","","","","C","C","C",82.40736905621,FALSE
"C","moderate",0.25,500,20,2,2,2,2,0,TRUE,TRUE,"","","","","C","C","C",100.07706074942,FALSE
"C","moderate",0.25,500,21,2,2,2,2,0,TRUE,TRUE,"","","","","C","C","C",121.95486472343,FALSE
"C","moderate",0.25,500,22,2,2,2,2,0,TRUE,TRUE,"","","","","C","C","C",84.7682169772897,FALSE
"C","moderate",0.25,500,23,2,2,2,2,0,TRUE,TRUE,"","","","","C","C","C",132.888217747251,FALSE
"C","moderate",0.25,500,24,2,2,2,2,0,TRUE,TRUE,"","","","","C","C","C",66.2324688874296,FALSE
"C","moderate",0.25,500,25,2,2,2,2,0,TRUE,TRUE,"","","","","C","C","C",74.0609600479802,FALSE
"C","moderate",0.25,500,26,2,2,2,2,0,TRUE,TRUE,"","","","","C","C","C",60.5255364396698,FALSE
"C","moderate",0.25,500,27,2,2,2,2,0,TRUE,TRUE,"","","","","C","C","C",92.7576185458402,FALSE
"C","moderate",0.25,500,28,2,2,2,2,0,TRUE,TRUE,"","","","","C","C","C",101.96481976068,FALSE
"C","moderate",0.25,500,29,2,2,2,2,0,TRUE,TRUE,"","","","","C","C","C",98.6144374373398,FALSE
"C","moderate",0.25,500,30,2,2,2,2,0,TRUE,TRUE,"","","","","C","C","C",82.3323920783905,FALSE
"C","moderate",0.25,500,31,2,2,2,2,0,TRUE,TRUE,"","","","","C","C","C",103.707669614229,FALSE
"C","moderate",0.25,500,32,2,2,2,2,0,TRUE,TRUE,"","","","","C","C","C",86.2525571883898,FALSE
"C","moderate",0.25,500,33,2,2,2,2,0,TRUE,TRUE,"","","","","C","C","C",84.3452854791503,FALSE
"C","moderate",0.25,500,34,2,2,2,2,0,TRUE,TRUE,"","","","","C","C","C",98.1151072643197,FALSE
"C","moderate",0.25,500,35,2,2,2,2,0,TRUE,TRUE,"","","","","C","C","C",138.224100669219,FALSE
"C","moderate",0.25,500,36,2,2,2,2,0,TRUE,TRUE,"","","","","C","C","C",105.142259764801,FALSE
"C","moderate",0.25,500,37,2,2,2,2,0,TRUE,TRUE,"","","","","C","C","C",96.7526570979599,FALSE
"C","moderate",0.25,500,38,2,2,2,2,0,TRUE,TRUE,"","","","","C","C","C",65.9767442636003,FALSE
"C","moderate",0.25,500,39,2,2,2,2,0,TRUE,TRUE,"","","","","C","C","C",88.0495811622504,FALSE
"C","moderate",0.25,500,40,2,2,2,2,0,TRUE,TRUE,"","","","","C","C","C",84.4693368243798,FALSE
"C","moderate",0.25,500,41,2,2,2,2,0,TRUE,TRUE,"","","","","C","C","C",66.2862790763002,FALSE
"C","moderate",0.25,500,42,2,2,2,2,0,TRUE,TRUE,"","","","","C","C","C",58.3635223798901,FALSE
"C","moderate",0.25,500,43,2,2,2,2,0,TRUE,TRUE,"","","","","C","C","C",108.89096615306,FALSE
"C","moderate",0.25,500,44,2,2,2,2,0,TRUE,TRUE,"","","","","C","C","C",48.8527795057598,FALSE
"C","moderate",0.25,500,45,2,2,2,2,0,TRUE,TRUE,"","","","","C","C","C",91.0036851537598,FALSE
"C","moderate",0.25,500,46,2,2,2,2,0,TRUE,TRUE,"","","","","C","C","C",116.54664280832,FALSE
"C","moderate",0.25,500,47,2,2,2,2,0,TRUE,TRUE,"","","","","C","C","C",123.63243716031,FALSE
"C","moderate",0.25,500,48,2,2,2,2,0,TRUE,TRUE,"","","","","C","C","C",109.98713760439,FALSE
"C","moderate",0.25,500,49,2,2,2,2,0,TRUE,TRUE,"","","","","C","C","C",88.5325385770602,FALSE
"C","moderate",0.25,500,50,2,2,2,2,0,TRUE,TRUE,"","","","","C","C","C",83.4075677481806,FALSE
"C","moderate",0.25,500,51,2,2,2,2,0,TRUE,TRUE,"","","","","C","C","C",94.7602782690601,FALSE
"C","moderate",0.25,500,52,2,2,2,2,0,TRUE,TRUE,"","","","","C","C","C",73.3974104087702,FALSE
"C","moderate",0.25,500,53,2,2,2,2,0,TRUE,TRUE,"","","","","C","C","C",94.8576777772696,FALSE
"C","moderate",0.25,500,54,2,2,2,2,0,TRUE,TRUE,"","","","","C","C","C",99.7511068512995,FALSE
"C","moderate",0.25,500,55,2,2,2,2,0,TRUE,TRUE,"","","","","C","C","C",80.3079880983796,FALSE
"C","moderate",0.25,500,56,2,2,2,2,0,TRUE,TRUE,"","","","","C","C","C",55.2505559881502,FALSE
"C","moderate",0.25,500,57,2,2,2,2,0,TRUE,TRUE,"","","","","C","C","C",61.27610924696,FALSE
"C","moderate",0.25,500,58,2,2,2,2,0,TRUE,TRUE,"","","","","C","C","C",101.40133452042,FALSE
"C","moderate",0.25,500,59,2,2,2,2,0,TRUE,TRUE,"","","","","C","C","C",72.0422928526496,FALSE
"C","moderate",0.25,500,60,2,2,2,2,0,TRUE,TRUE,"","","","","C","C","C",101.43406608032,FALSE
"C","moderate",0.25,500,61,2,2,2,2,0,TRUE,TRUE,"","","","","C","C","C",123.48062697487,FALSE
"C","moderate",0.25,500,62,2,2,2,2,0,TRUE,TRUE,"","","","","C","C","C",81.2695230303198,FALSE
"C","moderate",0.25,500,63,2,2,2,2,0,TRUE,TRUE,"","","","","C","C","C",109.87383777629,FALSE
"C","moderate",0.25,500,64,2,2,2,2,0,TRUE,TRUE,"","","","","C","C","C",68.7385440179705,FALSE
"C","moderate",0.25,500,65,2,2,2,2,0,TRUE,TRUE,"","","","","C","C","C",103.51345987813,FALSE
"C","moderate",0.25,500,66,2,2,2,2,0,TRUE,TRUE,"","","","","C","C","C",96.9743247677698,FALSE
"C","moderate",0.25,500,67,2,2,2,2,0,TRUE,TRUE,"","","","","C","C","C",74.8621990411002,FALSE
"C","moderate",0.25,500,68,2,2,2,2,0,TRUE,TRUE,"","","","","C","C","C",85.1250971845102,FALSE
"C","moderate",0.25,500,69,2,2,2,2,0,TRUE,TRUE,"","","","","C","C","C",95.6330975931796,FALSE
"C","moderate",0.25,500,70,2,2,2,2,0,TRUE,TRUE,"","","","","C","C","C",61.8518152411407,FALSE
"C","moderate",0.25,500,71,2,2,2,2,0,TRUE,TRUE,"","","","","C","C","C",69.0777290020005,FALSE
"C","moderate",0.25,500,72,2,2,2,2,0,TRUE,TRUE,"","","","","C","C","C",116.26836396341,FALSE
"C","moderate",0.25,500,73,2,2,2,2,0,TRUE,TRUE,"","","","","C","C","C",42.2471061291799,FALSE
"C","moderate",0.25,500,74,2,2,2,2,0,TRUE,TRUE,"","","","","C","C","C",107.505485426949,FALSE
"C","moderate",0.25,500,75,2,2,2,2,0,TRUE,TRUE,"","","","","C","C","C",93.2594702468095,FALSE
"C","moderate",0.25,500,76,2,2,2,2,0,TRUE,TRUE,"","","","","C","C","C",83.1047887122004,FALSE
"C","moderate",0.25,500,77,2,2,2,2,0,TRUE,TRUE,"","","","","C","C","C",76.4058143153597,FALSE
"C","moderate",0.25,500,78,2,2,2,2,0,TRUE,TRUE,"","","","","C","C","C",82.32770388685,FALSE
"C","moderate",0.25,500,79,2,2,2,2,0,TRUE,TRUE,"","","","","C","C","C",78.9221687700301,FALSE
"C","moderate",0.25,500,80,2,2,2,2,0,TRUE,TRUE,"","","","","C","C","C",102.24111929706,FALSE
"C","moderate",0.25,500,81,2,2,2,2,0,TRUE,TRUE,"","","","","C","C","C",66.5536436231005,FALSE
"C","moderate",0.25,500,82,2,2,2,2,0,TRUE,TRUE,"","","","","C","C","C",101.05499669878,FALSE
"C","moderate",0.25,500,83,2,2,2,2,0,TRUE,TRUE,"","","","","C","C","C",77.8529720391298,FALSE
"C","moderate",0.25,500,84,2,2,2,2,0,TRUE,TRUE,"","","","","C","C","C",84.1132792769695,FALSE
"C","moderate",0.25,500,85,2,2,2,2,0,TRUE,TRUE,"","","","","C","C","C",43.7924272569799,FALSE
"C","moderate",0.25,500,86,2,2,2,2,0,TRUE,TRUE,"","","","","C","C","C",56.6487229597906,FALSE
"C","moderate",0.25,500,87,2,2,2,2,0,TRUE,TRUE,"","","","","C","C","C",67.6074016101002,FALSE
"C","moderate",0.25,500,88,2,2,2,2,0,TRUE,TRUE,"","","","","C","C","C",44.38475309358,FALSE
"C","moderate",0.25,500,89,2,2,2,2,0,TRUE,TRUE,"","","","","C","C","C",93.5165336208202,FALSE
"C","moderate",0.25,500,90,2,2,2,2,0,TRUE,TRUE,"","","","","C","C","C",66.95305908311,FALSE
"C","moderate",0.25,500,91,2,2,2,2,0,TRUE,TRUE,"","","","","C","C","C",81.4653274334496,FALSE
"C","moderate",0.25,500,92,2,2,2,2,0,TRUE,TRUE,"","","","","C","C","C",58.0405034578807,FALSE
"C","moderate",0.25,500,93,2,2,2,2,0,TRUE,TRUE,"","","","","C","C","C",110.45202989921,FALSE
"C","moderate",0.25,500,94,2,2,2,2,0,TRUE,TRUE,"","","","","C","C","C",100.9585792599,FALSE
"C","moderate",0.25,500,95,2,2,2,2,0,TRUE,TRUE,"","","","","C","C","C",86.0650247923795,FALSE
"C","moderate",0.25,500,96,2,2,2,2,0,TRUE,TRUE,"","","","","C","C","C",98.3070769389105,FALSE
"C","moderate",0.25,500,97,2,2,2,2,0,TRUE,TRUE,"","","","","C","C","C",103.80148218379,FALSE
"C","moderate",0.25,500,98,2,2,2,2,0,TRUE,TRUE,"","","","","C","C","C",95.5715978501703,FALSE
"C","moderate",0.25,500,99,2,2,2,2,0,TRUE,TRUE,"","","","","C","C","C",79.5075594608297,FALSE
"C","moderate",0.25,500,100,2,2,2,2,0,TRUE,TRUE,"","","","","C","C","C",89.35029887161,FALSE
"N","high",0.55,50,1,2,2,2,2,0,TRUE,TRUE,"","","","","N","N","N",34.975826088823,FALSE
"N","high",0.55,50,2,2,2,2,2,0,TRUE,TRUE,"","","","","N","N","N",13.1924043444481,FALSE
"N","high",0.55,50,3,2,2,2,2,0,TRUE,TRUE,"","","","","N","N","N",32.902888668142,FALSE
"N","high",0.55,50,4,2,2,2,2,0,TRUE,TRUE,"","","","","N","N","N",40.501391842772,FALSE
"N","high",0.55,50,5,2,2,2,2,0,TRUE,TRUE,"","","","","N","N","N",34.830051685316,FALSE
"N","high",0.55,50,6,2,2,2,2,0,TRUE,TRUE,"","","","","N","N","N",38.44035319025,FALSE
"N","high",0.55,50,7,2,2,2,2,0,TRUE,TRUE,"","","","","N","N","N",22.462252661076,FALSE
"N","high",0.55,50,8,2,2,2,2,0,TRUE,TRUE,"","","","","N","N","N",28.156197352794,FALSE
"N","high",0.55,50,9,2,2,2,2,0,TRUE,TRUE,"","","","","N","N","N",28.578135455558,FALSE
"N","high",0.55,50,10,2,2,2,2,0,TRUE,TRUE,"","","","","N","N","N",23.724115843754,FALSE
"N","high",0.55,50,11,2,2,2,2,0,TRUE,TRUE,"","","","","N","N","N",28.862366723953,FALSE
"N","high",0.55,50,12,2,2,2,2,0,TRUE,TRUE,"","","","","N","N","N",35.971413697205,FALSE
"N","high",0.55,50,13,2,2,2,2,0,TRUE,TRUE,"","","","","N","N","N",62.89357025775,FALSE
"N","high",0.55,50,14,2,2,2,2,0,TRUE,TRUE,"","","","","N","N","N",30.649706836858,FALSE
"N","high",0.55,50,15,2,2,2,2,0,TRUE,TRUE,"","","","","N","N","N",30.651850566538,FALSE
"N","high",0.55,50,16,2,2,2,2,0,TRUE,TRUE,"","","","","N","N","N",31.08456160748,FALSE
"N","high",0.55,50,17,2,2,2,2,0,TRUE,TRUE,"","","","","N","N","N",41.472777848545,FALSE
"N","high",0.55,50,18,2,2,2,2,0,TRUE,TRUE,"","","","","N","N","N",12.122624797682,FALSE
"N","high",0.55,50,19,2,2,2,2,0,TRUE,TRUE,"","","","","N","N","N",14.70506286089,FALSE
"N","high",0.55,50,20,2,2,2,2,0,TRUE,TRUE,"","","","","N","N","N",17.463797028152,FALSE
"N","high",0.55,50,21,2,2,2,2,0,TRUE,TRUE,"","","","","N","N","N",20.793564037594,FALSE
"N","high",0.55,50,22,2,2,2,2,0,TRUE,TRUE,"","","","","N","N","N",48.996049015746,FALSE
"N","high",0.55,50,23,2,2,2,2,0,TRUE,TRUE,"","","","","N","N","N",9.35397576248698,FALSE
"N","high",0.55,50,24,2,2,2,2,0,TRUE,TRUE,"","","","","N","N","N",30.050481537382,FALSE
"N","high",0.55,50,25,2,2,2,2,0,TRUE,TRUE,"","","","","N","N","N",28.675220651688,FALSE
"N","high",0.55,50,26,2,2,2,2,0,TRUE,TRUE,"","","","","N","N","N",39.699649912855,FALSE
"N","high",0.55,50,27,2,2,2,2,0,TRUE,TRUE,"","","","","N","N","N",13.701797715218,FALSE
"N","high",0.55,50,28,2,2,2,2,0,TRUE,TRUE,"","","","","N","N","N",15.90875810835,FALSE
"N","high",0.55,50,29,2,2,2,2,0,TRUE,TRUE,"","","","","N","N","N",12.117085358884,FALSE
"N","high",0.55,50,30,2,2,2,2,0,TRUE,TRUE,"","","","","N","N","N",65.355765015055,FALSE
"N","high",0.55,50,31,2,2,2,2,0,TRUE,TRUE,"","","","","N","N","N",13.874109147032,FALSE
"N","high",0.55,50,32,2,2,2,2,0,TRUE,TRUE,"","","","","N","N","N",37.815227847647,FALSE
"N","high",0.55,50,33,2,2,2,2,0,TRUE,TRUE,"","","","","N","N","N",49.912523804787,FALSE
"N","high",0.55,50,34,2,2,2,2,0,TRUE,TRUE,"","","","","N","N","N",30.265345734909,FALSE
"N","high",0.55,50,35,2,2,2,2,0,TRUE,TRUE,"","","","","N","N","N",22.272966961904,FALSE
"N","high",0.55,50,36,2,2,2,2,0,TRUE,TRUE,"","","","","N","N","N",46.617080078349,FALSE
"N","high",0.55,50,37,2,2,2,2,0,TRUE,TRUE,"","","","","N","N","N",23.25203795476,FALSE
"N","high",0.55,50,38,2,2,2,2,0,TRUE,TRUE,"","","","","N","N","N",28.873657101352,FALSE
"N","high",0.55,50,39,2,2,2,2,0,TRUE,TRUE,"","","","","N","N","N",33.310664387459,FALSE
"N","high",0.55,50,40,2,2,2,2,0,TRUE,TRUE,"","","","","N","N","N",27.195154985129,FALSE
"N","high",0.55,50,41,2,2,2,2,0,TRUE,TRUE,"","","","","N","N","N",53.794252523841,FALSE
"N","high",0.55,50,42,2,2,2,2,0,TRUE,TRUE,"","","","","N","N","N",25.333349047033,FALSE
"N","high",0.55,50,43,2,2,2,2,0,TRUE,TRUE,"","","","","N","N","N",48.67981263661,FALSE
"N","high",0.55,50,44,2,2,2,2,0,TRUE,TRUE,"","","","","N","N","N",53.773591480304,FALSE
"N","high",0.55,50,45,2,2,2,2,0,TRUE,TRUE,"","","","","N","N","N",17.781061796535,FALSE
"N","high",0.55,50,46,2,2,2,2,0,TRUE,TRUE,"","","","","N","N","N",32.882217630319,FALSE
"N","high",0.55,50,47,2,2,2,2,0,TRUE,TRUE,"","","","","N","N","N",30.844385629979,FALSE
"N","high",0.55,50,48,2,2,2,2,0,TRUE,TRUE,"","","","","N","N","N",16.024703925076,FALSE
"N","high",0.55,50,49,2,2,2,2,0,TRUE,TRUE,"","","","","N","N","N",26.02030078982,FALSE
"N","high",0.55,50,50,2,2,2,2,0,TRUE,TRUE,"","","","","N","N","N",17.721114126099,FALSE
"N","high",0.55,50,51,2,2,2,2,0,TRUE,TRUE,"","","","","N","N","N",32.504650020736,FALSE
"N","high",0.55,50,52,2,2,2,2,0,TRUE,TRUE,"","","","","N","N","N",18.640860122584,FALSE
"N","high",0.55,50,53,2,2,2,2,0,TRUE,TRUE,"","","","","N","N","N",27.439458998824,FALSE
"N","high",0.55,50,54,2,2,2,2,0,TRUE,TRUE,"","","","","N","N","N",25.413267717669,FALSE
"N","high",0.55,50,55,2,2,2,2,0,TRUE,TRUE,"","","","","N","N","N",16.749282527527,FALSE
"N","high",0.55,50,56,2,2,2,2,0,TRUE,TRUE,"","","","","N","N","N",35.500416716474,FALSE
"N","high",0.55,50,57,2,2,2,2,0,TRUE,TRUE,"","","","","N","N","N",46.854490658348,FALSE
"N","high",0.55,50,58,2,2,2,2,0,TRUE,TRUE,"","","","","N","N","N",22.794556621064,FALSE
"N","high",0.55,50,59,2,2,2,2,0,TRUE,TRUE,"","","","","N","N","N",22.328799245242,FALSE
"N","high",0.55,50,60,2,2,2,2,0,TRUE,TRUE,"","","","","N","N","N",16.626261051635,FALSE
"N","high",0.55,50,61,2,2,2,2,0,TRUE,TRUE,"","","","","N","N","N",28.701218508877,FALSE
"N","high",0.55,50,62,2,2,2,2,0,TRUE,TRUE,"","","","","N","N","N",42.516987373884,FALSE
"N","high",0.55,50,63,2,2,2,2,0,TRUE,TRUE,"","","","","N","N","N",24.777818441959,FALSE
"N","high",0.55,50,64,2,2,2,2,0,TRUE,TRUE,"","","","","N","N","N",20.897707261053,FALSE
"N","high",0.55,50,65,2,2,2,2,0,TRUE,TRUE,"","","","","N","N","N",18.019255448811,FALSE
"N","high",0.55,50,66,2,2,2,2,0,TRUE,TRUE,"","","","","N","N","N",29.02790467817,FALSE
"N","high",0.55,50,67,2,2,2,2,0,TRUE,TRUE,"","","","","N","N","N",28.915259911016,FALSE
"N","high",0.55,50,68,2,2,2,2,0,TRUE,TRUE,"","","","","N","N","N",34.373080203996,FALSE
"N","high",0.55,50,69,2,2,2,2,0,TRUE,TRUE,"","","","","N","N","N",24.195272268184,FALSE
"N","high",0.55,50,70,2,2,2,2,0,TRUE,TRUE,"","","","","N","N","N",44.637528038548,FALSE
"N","high",0.55,50,71,2,2,2,2,0,TRUE,TRUE,"","","","","N","N","N",37.972413090741,FALSE
"N","high",0.55,50,72,2,2,2,2,0,TRUE,TRUE,"","","","","N","N","N",33.016691332248,FALSE
"N","high",0.55,50,73,2,2,2,2,0,TRUE,TRUE,"","","","","N","N","N",47.205679140711,FALSE
"N","high",0.55,50,74,2,2,2,2,0,TRUE,TRUE,"","","","","N","N","N",3.14976601030696,FALSE
"N","high",0.55,50,75,2,2,2,2,0,TRUE,TRUE,"","","","","N","N","N",25.601886770931,FALSE
"N","high",0.55,50,76,2,2,2,2,0,TRUE,TRUE,"","","","","N","N","N",36.378650448153,FALSE
"N","high",0.55,50,77,2,2,2,2,0,TRUE,TRUE,"","","","","N","N","N",27.415205344721,FALSE
"N","high",0.55,50,78,2,2,2,2,0,TRUE,TRUE,"","","","","N","N","N",40.47338819911,FALSE
"N","high",0.55,50,79,2,2,2,2,0,TRUE,TRUE,"","","","","N","N","N",15.821732455907,FALSE
"N","high",0.55,50,80,2,2,2,2,0,TRUE,TRUE,"","","","","N","N","N",18.00131130986,FALSE
"N","high",0.55,50,81,2,2,2,2,0,TRUE,TRUE,"","","","","N","N","N",4.03863457789697,FALSE
"N","high",0.55,50,82,2,2,2,2,0,TRUE,TRUE,"","","","","N","N","N",45.329534670192,FALSE
"N","high",0.55,50,83,2,2,2,2,0,TRUE,TRUE,"","","","","N","N","N",37.616517452065,FALSE
"N","high",0.55,50,84,2,2,2,2,0,TRUE,TRUE,"","","","","N","N","N",29.404221359318,FALSE
"N","high",0.55,50,85,2,2,2,2,0,TRUE,TRUE,"","","","","N","N","N",42.47336482579,FALSE
"N","high",0.55,50,86,2,2,2,2,0,TRUE,TRUE,"","","","","N","N","N",30.891193525765,FALSE
"N","high",0.55,50,87,2,2,2,2,0,TRUE,TRUE,"","","","","N","N","N",39.935465202825,FALSE
"N","high",0.55,50,88,2,2,2,2,0,TRUE,TRUE,"","","","","N","N","N",36.090414127212,FALSE
"N","high",0.55,50,89,2,2,2,2,0,TRUE,TRUE,"","","","","N","N","N",43.719852604934,FALSE
"N","high",0.55,50,90,2,2,2,2,0,TRUE,TRUE,"","","","","N","N","N",24.43240214806,FALSE
"N","high",0.55,50,91,2,2,2,2,0,TRUE,TRUE,"","","","","N","N","N",25.606460659446,FALSE
"N","high",0.55,50,92,2,2,2,2,0,TRUE,TRUE,"","","","","N","N","N",29.623267040867,FALSE
"N","high",0.55,50,93,2,2,2,2,0,TRUE,TRUE,"","","","","N","N","N",49.852769843227,FALSE
"N","high",0.55,50,94,2,2,2,2,0,TRUE,TRUE,"","","","","N","N","N",31.579447751494,FALSE
"N","high",0.55,50,95,2,2,2,2,0,TRUE,TRUE,"","","","","N","N","N",38.671859222533,FALSE
"N","high",0.55,50,96,2,2,2,2,0,TRUE,TRUE,"","","","","N","N","N",18.853236926758,FALSE
"N","high",0.55,50,97,2,2,2,2,0,TRUE,TRUE,"","","","","N","N","N",29.267241441694,FALSE
"N","high",0.55,50,98,2,2,2,2,0,TRUE,TRUE,"","","","","N","N","N",37.441840790559,FALSE
"N","high",0.55,50,99,2,2,2,2,0,TRUE,TRUE,"","","","","N","N","N",26.396707807561,FALSE
"N","high",0.55,50,100,2,2,2,2,0,TRUE,TRUE,"","","","","N","N","N",53.244628253943,FALSE
"N","high",0.55,150,1,2,2,2,2,0,TRUE,TRUE,"","","","","N","N","N",85.0548622419699,FALSE
"N","high",0.55,150,2,2,2,2,2,0,TRUE,TRUE,"","","","","N","N","N",110.42546317735,FALSE
"N","high",0.55,150,3,2,2,2,2,0,TRUE,TRUE,"","","","","N","N","N",73.90039272993,FALSE
"N","high",0.55,150,4,2,2,2,2,0,TRUE,TRUE,"","","","","N","N","N",83.48305428105,FALSE
"N","high",0.55,150,5,2,2,2,2,0,TRUE,TRUE,"","","","","N","N","N",134.79294591111,FALSE
"N","high",0.55,150,6,2,2,2,2,0,TRUE,TRUE,"","","","","N","N","N",65.12799973041,FALSE
"N","high",0.55,150,7,2,2,2,2,0,TRUE,TRUE,"","","","","N","N","N",99.7578878337301,FALSE
"N","high",0.55,150,8,2,2,2,2,0,TRUE,TRUE,"","","","","N","N","N",96.5487979043498,FALSE
"N","high",0.55,150,9,2,2,2,2,0,TRUE,TRUE,"","","","","N","N","N",94.6378806166299,FALSE
"N","high",0.55,150,10,2,2,2,2,0,TRUE,TRUE,"","","","","N","N","N",73.3189532379699,FALSE
"N","high",0.55,150,11,2,2,2,2,0,TRUE,TRUE,"","","","","N","N","N",85.6789627539301,FALSE
"N","high",0.55,150,12,2,2,2,2,0,TRUE,TRUE,"","","","","N","N","N",128.08269349845,FALSE
"N","high",0.55,150,13,2,2,2,2,0,TRUE,TRUE,"","","","","N","N","N",83.3144194525601,FALSE
"N","high",0.55,150,14,2,2,2,2,0,TRUE,TRUE,"","","","","N","N","N",102.1296284056,FALSE
"N","high",0.55,150,15,2,2,2,2,0,TRUE,TRUE,"","","","","N","N","N",113.78450565057,FALSE
"N","high",0.55,150,16,2,2,2,2,0,TRUE,TRUE,"","","","","N","N","N",82.1075084338302,FALSE
"N","high",0.55,150,17,2,2,2,2,0,TRUE,TRUE,"","","","","N","N","N",72.3492385550001,FALSE
"N","high",0.55,150,18,2,2,2,2,0,TRUE,TRUE,"","","","","N","N","N",91.40686142497,FALSE
"N","high",0.55,150,19,2,2,2,2,0,TRUE,TRUE,"","","","","N","N","N",103.30028401621,FALSE
"N","high",0.55,150,20,2,2,2,2,0,TRUE,TRUE,"","","","","N","N","N",114.99051150527,FALSE
"N","high",0.55,150,21,2,2,2,2,0,TRUE,TRUE,"","","","","N","N","N",70.4059971801298,FALSE
"N","high",0.55,150,22,2,2,2,2,0,TRUE,TRUE,"","","","","N","N","N",97.7402832789298,FALSE
"N","high",0.55,150,23,2,2,2,2,0,TRUE,TRUE,"","","","","N","N","N",101.71721756383,FALSE
"N","high",0.55,150,24,2,2,2,2,0,TRUE,TRUE,"","","","","N","N","N",86.0652731955602,FALSE
"N","high",0.55,150,25,2,2,2,2,0,TRUE,TRUE,"","","","","N","N","N",115.09303103199,FALSE
"N","high",0.55,150,26,2,2,2,2,0,TRUE,TRUE,"","","","","N","N","N",62.5539439373701,FALSE
"N","high",0.55,150,27,2,2,2,2,0,TRUE,TRUE,"","","","","N","N","N",90.6340593600198,FALSE
"N","high",0.55,150,28,2,2,2,2,0,TRUE,TRUE,"","","","","N","N","N",87.6412040228499,FALSE
"N","high",0.55,150,29,2,2,2,2,0,TRUE,TRUE,"","","","","N","N","N",142.78385119317,FALSE
"N","high",0.55,150,30,2,2,2,2,0,TRUE,TRUE,"","","","","N","N","N",76.6480765859599,FALSE
"N","high",0.55,150,31,2,2,2,2,0,TRUE,TRUE,"","","","","N","N","N",56.6622859051199,FALSE
"N","high",0.55,150,32,2,2,2,2,0,TRUE,TRUE,"","","","","N","N","N",91.5054627683799,FALSE
"N","high",0.55,150,33,2,2,2,2,0,TRUE,TRUE,"","","","","N","N","N",90.76249004295,FALSE
"N","high",0.55,150,34,2,2,2,2,0,TRUE,TRUE,"","","","","N","N","N",95.5021626816399,FALSE
"N","high",0.55,150,35,2,2,2,2,0,TRUE,TRUE,"","","","","N","N","N",106.33109095783,FALSE
"N","high",0.55,150,36,2,2,2,2,0,TRUE,TRUE,"","","","","N","N","N",62.30039259306,FALSE
"N","high",0.55,150,37,2,2,2,2,0,TRUE,TRUE,"","","","","N","N","N",79.34014846626,FALSE
"N","high",0.55,150,38,2,2,2,2,0,TRUE,TRUE,"","","","","N","N","N",70.2946262102801,FALSE
"N","high",0.55,150,39,2,2,2,2,0,TRUE,TRUE,"","","","","N","N","N",112.79086377932,FALSE
"N","high",0.55,150,40,2,2,2,2,0,TRUE,TRUE,"","","","","N","N","N",88.5329236299001,FALSE
"N","high",0.55,150,41,2,2,2,2,0,TRUE,TRUE,"","","","","N","N","N",90.4261599552899,FALSE
"N","high",0.55,150,42,2,2,2,2,0,TRUE,TRUE,"","","","","N","N","N",52.8472262341002,FALSE
"N","high",0.55,150,43,2,2,2,2,0,TRUE,TRUE,"","","","","N","N","N",100.36041050469,FALSE
"N","high",0.55,150,44,2,2,2,2,0,TRUE,TRUE,"","","","","N","N","N",93.0227324631401,FALSE
"N","high",0.55,150,45,2,2,2,2,0,TRUE,TRUE,"","","","","N","N","N",131.53970407195,FALSE
"N","high",0.55,150,46,2,2,2,2,0,TRUE,TRUE,"","","","","N","N","N",65.1896047155899,FALSE
"N","high",0.55,150,47,2,2,2,2,0,TRUE,TRUE,"","","","","N","N","N",91.41374578264,FALSE
"N","high",0.55,150,48,2,2,2,2,0,TRUE,TRUE,"","","","","N","N","N",53.20358020048,FALSE
"N","high",0.55,150,49,2,2,2,2,0,TRUE,TRUE,"","","","","N","N","N",72.80364155746,FALSE
"N","high",0.55,150,50,2,2,2,2,0,TRUE,TRUE,"","","","","N","N","N",96.21372596014,FALSE
"N","high",0.55,150,51,2,2,2,2,0,TRUE,TRUE,"","","","","N","N","N",97.32000149231,FALSE
"N","high",0.55,150,52,2,2,2,2,0,TRUE,TRUE,"","","","","N","N","N",79.5457852423401,FALSE
"N","high",0.55,150,53,2,2,2,2,0,TRUE,TRUE,"","","","","N","N","N",108.5961768668,FALSE
"N","high",0.55,150,54,2,2,2,2,0,TRUE,TRUE,"","","","","N","N","N",90.8891649250199,FALSE
"N","high",0.55,150,55,2,2,2,2,0,TRUE,TRUE,"","","","","N","N","N",131.75282421676,FALSE
"N","high",0.55,150,56,2,2,2,2,0,TRUE,TRUE,"","","","","N","N","N",93.91958923691,FALSE
"N","high",0.55,150,57,2,2,2,2,0,TRUE,TRUE,"","","","","N","N","N",58.0405459378501,FALSE
"N","high",0.55,150,58,2,2,2,2,0,TRUE,TRUE,"","","","","N","N","N",101.01397536392,FALSE
"N","high",0.55,150,59,2,2,2,2,0,TRUE,TRUE,"","","","","N","N","N",88.6734613543199,FALSE
"N","high",0.55,150,60,2,2,2,2,0,TRUE,TRUE,"","","","","N","N","N",116.61170742204,FALSE
"N","high",0.55,150,61,2,2,2,2,0,TRUE,TRUE,"","","","","N","N","N",89.2399240428299,FALSE
"N","high",0.55,150,62,2,2,2,2,0,TRUE,TRUE,"","","","","N","N","N",70.6807235965598,FALSE
"N","high",0.55,150,63,2,2,2,2,0,TRUE,TRUE,"","","","","N","N","N",83.9561538974701,FALSE
"N","high",0.55,150,64,2,2,2,2,0,TRUE,TRUE,"","","","","N","N","N",82.16558289564,FALSE
"N","high",0.55,150,65,2,2,2,2,0,TRUE,TRUE,"","","","","N","N","N",111.66804230244,FALSE
"N","high",0.55,150,66,2,2,2,2,0,TRUE,TRUE,"","","","","N","N","N",89.5653496309999,FALSE
"N","high",0.55,150,67,2,2,2,2,0,TRUE,TRUE,"","","","","N","N","N",69.0168464058502,FALSE
"N","high",0.55,150,68,2,2,2,2,0,TRUE,TRUE,"","","","","N","N","N",103.28329330998,FALSE
"N","high",0.55,150,69,2,2,2,2,0,TRUE,TRUE,"","","","","N","N","N",78.1419022528698,FALSE
"N","high",0.55,150,70,2,2,2,2,0,TRUE,TRUE,"","","","","N","N","N",76.8797522402101,FALSE
"N","high",0.55,150,71,2,2,2,2,0,TRUE,TRUE,"","","","","N","N","N",108.09740289599,FALSE
"N","high",0.55,150,72,2,2,2,2,0,TRUE,TRUE,"","","","","N","N","N",80.36845015617,FALSE
"N","high",0.55,150,73,2,2,2,2,0,TRUE,TRUE,"","","","","N","N","N",125.71769666147,FALSE
"N","high",0.55,150,74,2,2,2,2,0,TRUE,TRUE,"","","","","N","N","N",61.8520487513699,FALSE
"N","high",0.55,150,75,2,2,2,2,0,TRUE,TRUE,"","","","","N","N","N",84.14325110753,FALSE
"N","high",0.55,150,76,2,2,2,2,0,TRUE,TRUE,"","","","","N","N","N",64.25329157531,FALSE
"N","high",0.55,150,77,2,2,2,2,0,TRUE,TRUE,"","","","","N","N","N",73.34034864562,FALSE
"N","high",0.55,150,78,2,2,2,2,0,TRUE,TRUE,"","","","","N","N","N",75.84011143515,FALSE
"N","high",0.55,150,79,2,2,2,2,0,TRUE,TRUE,"","","","","N","N","N",82.1045363221001,FALSE
"N","high",0.55,150,80,2,2,2,2,0,TRUE,TRUE,"","","","","N","N","N",90.10479863622,FALSE
"N","high",0.55,150,81,2,2,2,2,0,TRUE,TRUE,"","","","","N","N","N",79.9776991697099,FALSE
"N","high",0.55,150,82,2,2,2,2,0,TRUE,TRUE,"","","","","N","N","N",69.4428602006801,FALSE
"N","high",0.55,150,83,2,2,2,2,0,TRUE,TRUE,"","","","","N","N","N",76.6536746849802,FALSE
"N","high",0.55,150,84,2,2,2,2,0,TRUE,TRUE,"","","","","N","N","N",75.3512976669499,FALSE
"N","high",0.55,150,85,2,2,2,2,0,TRUE,TRUE,"","","","","N","N","N",89.7454853306899,FALSE
"N","high",0.55,150,86,2,2,2,2,0,TRUE,TRUE,"","","","","N","N","N",89.38507868172,FALSE
"N","high",0.55,150,87,2,2,2,2,0,TRUE,TRUE,"","","","","N","N","N",85.79445172433,FALSE
"N","high",0.55,150,88,2,2,2,2,0,TRUE,TRUE,"","","","","N","N","N",95.9988374854199,FALSE
"N","high",0.55,150,89,2,2,2,2,0,TRUE,TRUE,"","","","","N","N","N",86.61714418669,FALSE
"N","high",0.55,150,90,2,2,2,2,0,TRUE,TRUE,"","","","","N","N","N",100.93096966181,FALSE
"N","high",0.55,150,91,2,2,2,2,0,TRUE,TRUE,"","","","","N","N","N",110.24623433697,FALSE
"N","high",0.55,150,92,2,2,2,2,0,TRUE,TRUE,"","","","","N","N","N",96.3183805374601,FALSE
"N","high",0.55,150,93,2,2,2,2,0,TRUE,TRUE,"","","","","N","N","N",87.3796784756098,FALSE
"N","high",0.55,150,94,2,2,2,2,0,TRUE,TRUE,"","","","","N","N","N",48.8043862544,FALSE
"N","high",0.55,150,95,2,2,2,2,0,TRUE,TRUE,"","","","","N","N","N",78.27050540503,FALSE
"N","high",0.55,150,96,2,2,2,2,0,TRUE,TRUE,"","","","","N","N","N",120.37171735844,FALSE
"N","high",0.55,150,97,2,2,2,2,0,TRUE,TRUE,"","","","","N","N","N",72.92507495825,FALSE
"N","high",0.55,150,98,2,2,2,2,0,TRUE,TRUE,"","","","","N","N","N",49.30223098845,FALSE
"N","high",0.55,150,99,2,2,2,2,0,TRUE,TRUE,"","","","","N","N","N",79.7108215768501,FALSE
"N","high",0.55,150,100,2,2,2,2,0,TRUE,TRUE,"","","","","N","N","N",73.9733811830502,FALSE
"N","high",0.55,500,1,2,2,2,2,0,TRUE,TRUE,"","","","","N","N","N",271.33246785129,FALSE
"N","high",0.55,500,2,2,2,2,2,0,TRUE,TRUE,"","","","","N","N","N",228.80067394322,FALSE
"N","high",0.55,500,3,2,2,2,2,0,TRUE,TRUE,"","","","","N","N","N",296.65562479784,FALSE
"N","high",0.55,500,4,2,2,2,2,0,TRUE,TRUE,"","","","","N","N","N",366.21015418373,FALSE
"N","high",0.55,500,5,2,2,2,2,0,TRUE,TRUE,"","","","","N","N","N",289.99206463136,FALSE
"N","high",0.55,500,6,2,2,2,2,0,TRUE,TRUE,"","","","","N","N","N",302.23395582208,FALSE
"N","high",0.55,500,7,2,2,2,2,0,TRUE,TRUE,"","","","","N","N","N",305.61826141976,FALSE
"N","high",0.55,500,8,2,2,2,2,0,TRUE,TRUE,"","","","","N","N","N",324.06823920817,FALSE
"N","high",0.55,500,9,2,2,2,2,0,TRUE,TRUE,"","","","","N","N","N",254.77682114532,FALSE
"N","high",0.55,500,10,2,2,2,2,0,TRUE,TRUE,"","","","","N","N","N",286.71877033153,FALSE
"N","high",0.55,500,11,2,2,2,2,0,TRUE,TRUE,"","","","","N","N","N",256.85191169205,FALSE
"N","high",0.55,500,12,2,2,2,2,0,TRUE,TRUE,"","","","","N","N","N",327.84189016768,FALSE
"N","high",0.55,500,13,2,2,2,2,0,TRUE,TRUE,"","","","","N","N","N",262.39929299553,FALSE
"N","high",0.55,500,14,2,2,2,2,0,TRUE,TRUE,"","","","","N","N","N",278.20179981984,FALSE
"N","high",0.55,500,15,2,2,2,2,0,TRUE,TRUE,"","","","","N","N","N",319.95290603219,FALSE
"N","high",0.55,500,16,2,2,2,2,0,TRUE,TRUE,"","","","","N","N","N",304.1918498369,FALSE
"N","high",0.55,500,17,2,2,2,2,0,TRUE,TRUE,"","","","","N","N","N",314.78051880915,FALSE
"N","high",0.55,500,18,2,2,2,2,0,TRUE,TRUE,"","","","","N","N","N",361.27250184542,FALSE
"N","high",0.55,500,19,2,2,2,2,0,TRUE,TRUE,"","","","","N","N","N",272.4530924452,FALSE
"N","high",0.55,500,20,2,2,2,2,0,TRUE,TRUE,"","","","","N","N","N",283.15664775273,FALSE
"N","high",0.55,500,21,2,2,2,2,0,TRUE,TRUE,"","","","","N","N","N",293.47306510345,FALSE
"N","high",0.55,500,22,2,2,2,2,0,TRUE,TRUE,"","","","","N","N","N",268.40473632664,FALSE
"N","high",0.55,500,23,2,2,2,2,0,TRUE,TRUE,"","","","","N","N","N",358.75013834798,FALSE
"N","high",0.55,500,24,2,2,2,2,0,TRUE,TRUE,"","","","","N","N","N",309.51504783231,FALSE
"N","high",0.55,500,25,2,2,2,2,0,TRUE,TRUE,"","","","","N","N","N",272.55626444996,FALSE
"N","high",0.55,500,26,2,2,2,2,0,TRUE,TRUE,"","","","","N","N","N",379.15659266625,FALSE
"N","high",0.55,500,27,2,2,2,2,0,TRUE,TRUE,"","","","","N","N","N",279.15620236691,FALSE
"N","high",0.55,500,28,2,2,2,2,0,TRUE,TRUE,"","","","","N","N","N",339.04006788225,FALSE
"N","high",0.55,500,29,2,2,2,2,0,TRUE,TRUE,"","","","","N","N","N",277.75171194592,FALSE
"N","high",0.55,500,30,2,2,2,2,0,TRUE,TRUE,"","","","","N","N","N",306.28244327337,FALSE
"N","high",0.55,500,31,2,2,2,2,0,TRUE,TRUE,"","","","","N","N","N",294.16529989572,FALSE
"N","high",0.55,500,32,2,2,2,2,0,TRUE,TRUE,"","","","","N","N","N",309.35597202377,FALSE
"N","high",0.55,500,33,2,2,2,2,0,TRUE,TRUE,"","","","","N","N","N",346.877079256079,FALSE
"N","high",0.55,500,34,2,2,2,2,0,TRUE,TRUE,"","","","","N","N","N",256.36499458598,FALSE
"N","high",0.55,500,35,2,2,2,2,0,TRUE,TRUE,"","","","","N","N","N",297.71535837675,FALSE
"N","high",0.55,500,36,2,2,2,2,0,TRUE,TRUE,"","","","","N","N","N",275.525783615501,FALSE
"N","high",0.55,500,37,2,2,2,2,0,TRUE,TRUE,"","","","","N","N","N",297.69118091768,FALSE
"N","high",0.55,500,38,2,2,2,2,0,TRUE,TRUE,"","","","","N","N","N",348.31663994422,FALSE
"N","high",0.55,500,39,2,2,2,2,0,TRUE,TRUE,"","","","","N","N","N",279.8506469887,FALSE
"N","high",0.55,500,40,2,2,2,2,0,TRUE,TRUE,"","","","","N","N","N",341.80681084017,FALSE
"N","high",0.55,500,41,2,2,2,2,0,TRUE,TRUE,"","","","","N","N","N",341.671191218169,FALSE
"N","high",0.55,500,42,2,2,2,2,0,TRUE,TRUE,"","","","","N","N","N",304.20346966669,FALSE
"N","high",0.55,500,43,2,2,2,2,0,TRUE,TRUE,"","","","","N","N","N",291.86991339734,FALSE
"N","high",0.55,500,44,2,2,2,2,0,TRUE,TRUE,"","","","","N","N","N",320.97237543409,FALSE
"N","high",0.55,500,45,2,2,2,2,0,TRUE,TRUE,"","","","","N","N","N",267.07425985563,FALSE
"N","high",0.55,500,46,2,2,2,2,0,TRUE,TRUE,"","","","","N","N","N",306.02627571024,FALSE
"N","high",0.55,500,47,2,2,2,2,0,TRUE,TRUE,"","","","","N","N","N",292.11615514347,FALSE
"N","high",0.55,500,48,2,2,2,2,0,TRUE,TRUE,"","","","","N","N","N",321.82193902937,FALSE
"N","high",0.55,500,49,2,2,2,2,0,TRUE,TRUE,"","","","","N","N","N",265.1047297154,FALSE
"N","high",0.55,500,50,2,2,2,2,0,TRUE,TRUE,"","","","","N","N","N",293.8936610239,FALSE
"N","high",0.55,500,51,2,2,2,2,0,TRUE,TRUE,"","","","","N","N","N",314.30175649688,FALSE
"N","high",0.55,500,52,2,2,2,2,0,TRUE,TRUE,"","","","","N","N","N",315.76932183342,FALSE
"N","high",0.55,500,53,2,2,2,2,0,TRUE,TRUE,"","","","","N","N","N",310.9035813423,FALSE
"N","high",0.55,500,54,2,2,2,2,0,TRUE,TRUE,"","","","","N","N","N",282.07917448236,FALSE
"N","high",0.55,500,55,2,2,2,2,0,TRUE,TRUE,"","","","","N","N","N",337.40548416602,FALSE
"N","high",0.55,500,56,2,2,2,2,0,TRUE,TRUE,"","","","","N","N","N",323.08704672995,FALSE
"N","high",0.55,500,57,2,2,2,2,0,TRUE,TRUE,"","","","","N","N","N",331.21580194344,FALSE
"N","high",0.55,500,58,2,2,2,2,0,TRUE,TRUE,"","","","","N","N","N",380.58873572404,FALSE
"N","high",0.55,500,59,2,2,2,2,0,TRUE,TRUE,"","","","","N","N","N",295.18631753625,FALSE
"N","high",0.55,500,60,2,2,2,2,0,TRUE,TRUE,"","","","","N","N","N",270.77453783149,FALSE
"N","high",0.55,500,61,2,2,2,2,0,TRUE,TRUE,"","","","","N","N","N",286.52622341066,FALSE
"N","high",0.55,500,62,2,2,2,2,0,TRUE,TRUE,"","","","","N","N","N",370.07872740047,FALSE
"N","high",0.55,500,63,2,2,2,2,0,TRUE,TRUE,"","","","","N","N","N",275.30791465621,FALSE
"N","high",0.55,500,64,2,2,2,2,0,TRUE,TRUE,"","","","","N","N","N",341.79237853055,FALSE
"N","high",0.55,500,65,2,2,2,2,0,TRUE,TRUE,"","","","","N","N","N",331.14872805398,FALSE
"N","high",0.55,500,66,2,2,2,2,0,TRUE,TRUE,"","","","","N","N","N",292.86678504822,FALSE
"N","high",0.55,500,67,2,2,2,2,0,TRUE,TRUE,"","","","","N","N","N",326.26733129375,FALSE
"N","high",0.55,500,68,2,2,2,2,0,TRUE,TRUE,"","","","","N","N","N",276.29531065504,FALSE
"N","high",0.55,500,69,2,2,2,2,0,TRUE,TRUE,"","","","","N","N","N",318.32939412413,FALSE
"N","high",0.55,500,70,2,2,2,2,0,TRUE,TRUE,"","","","","N","N","N",235.96977718308,FALSE
"N","high",0.55,500,71,2,2,2,2,0,TRUE,TRUE,"","","","","N","N","N",257.21276483712,FALSE
"N","high",0.55,500,72,2,2,2,2,0,TRUE,TRUE,"","","","","N","N","N",315.03962945673,FALSE
"N","high",0.55,500,73,2,2,2,2,0,TRUE,TRUE,"","","","","N","N","N",254.98305504882,FALSE
"N","high",0.55,500,74,2,2,2,2,0,TRUE,TRUE,"","","","","N","N","N",307.857470937131,FALSE
"N","high",0.55,500,75,2,2,2,2,0,TRUE,TRUE,"","","","","N","N","N",296.5214958308,FALSE
"N","high",0.55,500,76,2,2,2,2,0,TRUE,TRUE,"","","","","N","N","N",333.33694020554,FALSE
"N","high",0.55,500,77,2,2,2,2,0,TRUE,TRUE,"","","","","N","N","N",371.61466649157,FALSE
"N","high",0.55,500,78,2,2,2,2,0,TRUE,TRUE,"","","","","N","N","N",287.73860831014,FALSE
"N","high",0.55,500,79,2,2,2,2,0,TRUE,TRUE,"","","","","N","N","N",268.01326599328,FALSE
"N","high",0.55,500,80,2,2,2,2,0,TRUE,TRUE,"","","","","N","N","N",284.15793478735,FALSE
"N","high",0.55,500,81,2,2,2,2,0,TRUE,TRUE,"","","","","N","N","N",301.10737059241,FALSE
"N","high",0.55,500,82,2,2,2,2,0,TRUE,TRUE,"","","","","N","N","N",309.5821903787,FALSE
"N","high",0.55,500,83,2,2,2,2,0,TRUE,TRUE,"","","","","N","N","N",345.84217145943,FALSE
"N","high",0.55,500,84,2,2,2,2,0,TRUE,TRUE,"","","","","N","N","N",348.07598991626,FALSE
"N","high",0.55,500,85,2,2,2,2,0,TRUE,TRUE,"","","","","N","N","N",391.13415027672,FALSE
"N","high",0.55,500,86,2,2,2,2,0,TRUE,TRUE,"","","","","N","N","N",284.38620442814,FALSE
"N","high",0.55,500,87,2,2,2,2,0,TRUE,TRUE,"","","","","N","N","N",361.594016157,FALSE
"N","high",0.55,500,88,2,2,2,2,0,TRUE,TRUE,"","","","","N","N","N",294.42575193105,FALSE
"N","high",0.55,500,89,2,2,2,2,0,TRUE,TRUE,"","","","","N","N","N",326.85852022326,FALSE
"N","high",0.55,500,90,2,2,2,2,0,TRUE,TRUE,"","","","","N","N","N",344.98704250684,FALSE
"N","high",0.55,500,91,2,2,2,2,0,TRUE,TRUE,"","","","","N","N","N",304.34920723279,FALSE
"N","high",0.55,500,92,2,2,2,2,0,TRUE,TRUE,"","","","","N","N","N",242.07537866776,FALSE
"N","high",0.55,500,93,2,2,2,2,0,TRUE,TRUE,"","","","","N","N","N",292.35739232048,FALSE
"N","high",0.55,500,94,2,2,2,2,0,TRUE,TRUE,"","","","","N","N","N",289.32773772819,FALSE
"N","high",0.55,500,95,2,2,2,2,0,TRUE,TRUE,"","","","","N","N","N",331.16036110128,FALSE
"N","high",0.55,500,96,2,2,2,2,0,TRUE,TRUE,"","","","","N","N","N",246.14216649634,FALSE
"N","high",0.55,500,97,2,2,2,2,0,TRUE,TRUE,"","","","","N","N","N",297.27885749054,FALSE
"N","high",0.55,500,98,2,2,2,2,0,TRUE,TRUE,"","","","","N","N","N",285.44130787761,FALSE
"N","high",0.55,500,99,2,2,2,2,0,TRUE,TRUE,"","","","","N","N","N",281.86821844424,FALSE
"N","high",0.55,500,100,2,2,2,2,0,TRUE,TRUE,"","","","","N","N","N",265.35783586695,FALSE
"N","moderate",0.25,50,1,2,2,2,2,0,TRUE,TRUE,"","","","","N","N","N",7.14474839990697,FALSE
"N","moderate",0.25,50,2,2,2,2,2,0,TRUE,TRUE,"","","","","N","N","N",10.71393857624,FALSE
"N","moderate",0.25,50,3,2,2,2,2,0,TRUE,TRUE,"","","","","N","N","N",10.823994714451,FALSE
"N","moderate",0.25,50,4,2,2,2,2,0,TRUE,TRUE,"","","","","N","N","N",4.2657874726799,FALSE
"N","moderate",0.25,50,5,2,2,2,2,0,TRUE,TRUE,"","","","","C","C","C",0.846568418691959,TRUE
"N","moderate",0.25,50,6,2,2,2,2,0,TRUE,TRUE,"","","","","C","C","C",2.11517014095602,FALSE
"N","moderate",0.25,50,7,2,2,2,2,0,TRUE,TRUE,"","","","","C","C","C",6.265110397711,FALSE
"N","moderate",0.25,50,8,2,2,2,2,0,TRUE,TRUE,"","","","","N","N","N",6.84543886362201,FALSE
"N","moderate",0.25,50,9,2,2,2,2,0,TRUE,TRUE,"","","","","N","N","N",7.79960415859296,FALSE
"N","moderate",0.25,50,10,2,2,2,2,0,TRUE,TRUE,"","","","","N","N","N",5.83588280308709,FALSE
"N","moderate",0.25,50,11,2,2,2,2,0,TRUE,TRUE,"","","","","N","N","N",6.10478758350104,FALSE
"N","moderate",0.25,50,12,2,2,2,2,0,TRUE,TRUE,"","","","","C","C","C",2.24750238681804,FALSE
"N","moderate",0.25,50,13,2,2,2,2,0,TRUE,TRUE,"","","","","N","N","N",11.2616189577919,FALSE
"N","moderate",0.25,50,14,2,2,2,2,0,TRUE,TRUE,"","","","","N","N","N",3.086208602704,FALSE
"N","moderate",0.25,50,15,2,2,2,2,0,TRUE,TRUE,"","","","","N","N","N",11.014740102238,FALSE
"N","moderate",0.25,50,16,2,2,2,2,0,TRUE,TRUE,"","","","","N","N","N",0.703293125641039,TRUE
"N","moderate",0.25,50,17,2,2,2,2,0,TRUE,TRUE,"","","","","N","N","N",9.89335615859596,FALSE
"N","moderate",0.25,50,18,2,2,2,2,0,TRUE,TRUE,"","","","","N","N","N",6.01636067738696,FALSE
"N","moderate",0.25,50,19,2,2,2,2,0,TRUE,TRUE,"","","","","N","N","N",6.35178258065702,FALSE
"N","moderate",0.25,50,20,2,2,2,2,0,TRUE,TRUE,"","","","","N","N","N",8.720465190097,FALSE
"N","moderate",0.25,50,21,2,2,2,2,0,TRUE,TRUE,"","","","","N","N","N",1.591942420718,TRUE
"N","moderate",0.25,50,22,2,2,2,2,0,TRUE,TRUE,"","","","","N","N","N",6.32058095070005,FALSE
"N","moderate",0.25,50,23,2,2,2,2,0,TRUE,TRUE,"","","","","N","N","N",0.981352052948068,TRUE
"N","moderate",0.25,50,24,2,2,2,2,0,TRUE,TRUE,"","","","","N","N","N",8.99666460454193,FALSE
"N","moderate",0.25,50,25,2,2,2,2,0,TRUE,TRUE,"","","","","N","N","N",5.74092838378704,FALSE
"N","moderate",0.25,50,26,2,2,2,2,0,TRUE,TRUE,"","","","","C","C","C",1.60844917561803,TRUE
"N","moderate",0.25,50,27,2,2,2,2,0,TRUE,TRUE,"","","","","N","N","N",8.74326412361097,FALSE
"N","moderate",0.25,50,28,2,2,2,2,0,TRUE,TRUE,"","","","","N","N","N",16.8772777513919,FALSE
"N","moderate",0.25,50,29,2,2,2,2,0,TRUE,TRUE,"","","","","N","N","N",15.811256817796,FALSE
"N","moderate",0.25,50,30,2,2,2,2,0,TRUE,TRUE,"","","","","C","C","C",0.000348257220025516,TRUE
"N","moderate",0.25,50,31,2,2,2,2,0,TRUE,TRUE,"","","","","N","N","N",8.57730751272999,FALSE
"N","moderate",0.25,50,32,2,2,2,2,0,TRUE,TRUE,"","","","","C","C","C",1.64166760536807,TRUE
"N","moderate",0.25,50,33,2,2,2,2,0,TRUE,TRUE,"","","","","C","C","C",0.503030382730969,TRUE
"N","moderate",0.25,50,34,2,2,2,2,0,TRUE,TRUE,"","","","","N","N","N",20.70628330696,FALSE
"N","moderate",0.25,50,35,2,2,2,2,0,TRUE,TRUE,"","","","","N","N","N",3.69047901912893,FALSE
"N","moderate",0.25,50,36,2,2,2,2,0,TRUE,TRUE,"","","","","N","N","N",6.81355885718597,FALSE
"N","moderate",0.25,50,37,2,2,2,2,0,TRUE,TRUE,"","","","","N","N","N",3.10436307876807,FALSE
"N","moderate",0.25,50,38,2,2,2,2,0,TRUE,TRUE,"","","","","N","N","N",0.191131333354974,TRUE
"N","moderate",0.25,50,39,2,2,2,2,0,TRUE,TRUE,"","","","","N","N","N",11.9636202099089,FALSE
"N","moderate",0.25,50,40,2,2,2,2,0,TRUE,TRUE,"","","","","N","N","N",11.507532137427,FALSE
"N","moderate",0.25,50,41,2,2,2,2,0,TRUE,TRUE,"","","","","N","N","N",0.598444265940998,TRUE
"N","moderate",0.25,50,42,2,2,2,2,0,TRUE,TRUE,"","","","","N","N","N",6.25499049064001,FALSE
"N","moderate",0.25,50,43,2,2,2,2,0,TRUE,TRUE,"","","","","C","C","C",3.06394255295697,FALSE
"N","moderate",0.25,50,44,2,2,2,2,0,TRUE,TRUE,"","","","","C","C","C",6.35621596376706,FALSE
"N","moderate",0.25,50,45,2,2,2,2,0,TRUE,TRUE,"","","","","N","N","N",2.59205894466106,FALSE
"N","moderate",0.25,50,46,2,2,2,2,0,TRUE,TRUE,"","","","","N","N","N",6.03780740281002,FALSE
"N","moderate",0.25,50,47,2,2,2,2,0,TRUE,TRUE,"","","","","N","N","N",12.4970491136061,FALSE
"N","moderate",0.25,50,48,2,2,2,2,0,TRUE,TRUE,"","","","","N","N","N",6.30713178988498,FALSE
"N","moderate",0.25,50,49,2,2,2,2,0,TRUE,TRUE,"","","","","N","N","N",11.54675466116,FALSE
"N","moderate",0.25,50,50,2,2,2,2,0,TRUE,TRUE,"","","","","N","N","N",8.73277770794391,FALSE
"N","moderate",0.25,50,51,2,2,2,2,0,TRUE,TRUE,"","","","","N","N","N",1.19631657568004,TRUE
"N","moderate",0.25,50,52,2,2,2,2,0,TRUE,TRUE,"","","","","N","N","N",1.14821322755699,TRUE
"N","moderate",0.25,50,53,2,2,2,2,0,TRUE,TRUE,"","","","","C","C","C",1.14440487633601,TRUE
"N","moderate",0.25,50,54,2,2,2,2,0,TRUE,TRUE,"","","","","N","N","N",1.3779957702709,TRUE
"N","moderate",0.25,50,55,2,2,2,2,0,TRUE,TRUE,"","","","","N","N","N",7.41429103376493,FALSE
"N","moderate",0.25,50,56,2,2,2,2,0,TRUE,TRUE,"","","","","N","N","N",9.00825216412193,FALSE
"N","moderate",0.25,50,57,2,2,2,2,0,TRUE,TRUE,"","","","","N","N","N",3.68072772524704,FALSE
"N","moderate",0.25,50,58,2,2,2,2,0,TRUE,TRUE,"","","","","N","N","N",6.08651972868302,FALSE
"N","moderate",0.25,50,59,2,2,2,2,0,TRUE,TRUE,"","","","","N","N","N",9.85744626908593,FALSE
"N","moderate",0.25,50,60,2,2,2,2,0,TRUE,TRUE,"","","","","N","N","N",3.16898785267699,FALSE
"N","moderate",0.25,50,61,2,2,2,2,0,TRUE,TRUE,"","","","","N","N","N",2.17488144236205,FALSE
"N","moderate",0.25,50,62,2,2,2,2,0,TRUE,TRUE,"","","","","N","N","N",10.590902697548,FALSE
"N","moderate",0.25,50,63,2,2,2,2,0,TRUE,TRUE,"","","","","N","N","N",11.16172488263,FALSE
"N","moderate",0.25,50,64,2,2,2,2,0,TRUE,TRUE,"","","","","N","N","N",14.882131522853,FALSE
"N","moderate",0.25,50,65,2,2,2,2,0,TRUE,TRUE,"","","","","N","N","N",1.09089305196301,TRUE
"N","moderate",0.25,50,66,2,2,2,2,0,TRUE,TRUE,"","","","","N","N","N",1.68884161130597,TRUE
"N","moderate",0.25,50,67,2,2,2,2,0,TRUE,TRUE,"","","","","N","N","N",3.29140821084695,FALSE
"N","moderate",0.25,50,68,2,2,2,2,0,TRUE,TRUE,"","","","","N","N","N",1.82735839436401,TRUE
"N","moderate",0.25,50,69,2,2,2,2,0,TRUE,TRUE,"","","","","N","N","N",10.495763444406,FALSE
"N","moderate",0.25,50,70,2,2,2,2,0,TRUE,TRUE,"","","","","N","N","N",14.3747156314411,FALSE
"N","moderate",0.25,50,71,2,2,2,2,0,TRUE,TRUE,"","","","","N","N","N",0.63036694622798,TRUE
"N","moderate",0.25,50,72,2,2,2,2,0,TRUE,TRUE,"","","","","N","N","N",5.33690033953803,FALSE
"N","moderate",0.25,50,73,2,2,2,2,0,TRUE,TRUE,"","","","","N","N","N",2.31177377387905,FALSE
"N","moderate",0.25,50,74,2,2,2,2,0,TRUE,TRUE,"","","","","N","N","N",4.63998505987797,FALSE
"N","moderate",0.25,50,75,2,2,2,2,0,TRUE,TRUE,"","","","","N","N","N",10.240946661241,FALSE
"N","moderate",0.25,50,76,2,2,2,2,0,TRUE,TRUE,"","","","","N","N","N",11.702389308418,FALSE
"N","moderate",0.25,50,77,2,2,2,2,0,TRUE,TRUE,"","","","","N","N","N",10.121144763267,FALSE
"N","moderate",0.25,50,78,2,2,2,2,0,TRUE,TRUE,"","","","","N","N","N",8.55340029277204,FALSE
"N","moderate",0.25,50,79,2,2,2,2,0,TRUE,TRUE,"","","","","N","N","N",16.6850234369219,FALSE
"N","moderate",0.25,50,80,2,2,2,2,0,TRUE,TRUE,"","","","","N","N","N",8.44961807093398,FALSE
"N","moderate",0.25,50,81,2,2,2,2,0,TRUE,TRUE,"","","","","N","N","N",2.82756485417895,FALSE
"N","moderate",0.25,50,82,2,2,2,2,0,TRUE,TRUE,"","","","","C","C","C",4.21663406872597,FALSE
"N","moderate",0.25,50,83,2,2,2,2,0,TRUE,TRUE,"","","","","N","N","N",7.912952893088,FALSE
"N","moderate",0.25,50,84,2,2,2,2,0,TRUE,TRUE,"","","","","N","N","N",14.187465054755,FALSE
"N","moderate",0.25,50,85,2,2,2,2,0,TRUE,TRUE,"","","","","N","N","N",0.0689251576089873,TRUE
"N","moderate",0.25,50,86,2,2,2,2,0,TRUE,TRUE,"","","","","C","C","C",5.85652982119598,FALSE
"N","moderate",0.25,50,87,2,2,2,2,0,TRUE,TRUE,"","","","","N","N","N",8.28440395119094,FALSE
"N","moderate",0.25,50,88,2,2,2,2,0,TRUE,TRUE,"","","","","N","N","N",9.26034601243396,FALSE
"N","moderate",0.25,50,89,2,2,2,2,0,TRUE,TRUE,"","","","","N","N","N",4.42184503375495,FALSE
"N","moderate",0.25,50,90,2,2,2,2,0,TRUE,TRUE,"","","","","C","C","C",0.973770215308946,TRUE
"N","moderate",0.25,50,91,2,2,2,2,0,TRUE,TRUE,"","","","","N","N","N",2.89798369417701,FALSE
"N","moderate",0.25,50,92,2,2,2,2,0,TRUE,TRUE,"","","","","N","N","N",5.56391800597504,FALSE
"N","moderate",0.25,50,93,2,2,2,2,0,TRUE,TRUE,"","","","","N","N","N",3.24437123126302,FALSE
"N","moderate",0.25,50,94,2,2,2,2,0,TRUE,TRUE,"","","","","N","N","N",12.0208612681299,FALSE
"N","moderate",0.25,50,95,2,2,2,2,0,TRUE,TRUE,"","","","","N","N","N",3.09783298183999,FALSE
"N","moderate",0.25,50,96,2,2,2,2,0,TRUE,TRUE,"","","","","N","N","N",4.30155965944903,FALSE
"N","moderate",0.25,50,97,2,2,2,2,0,TRUE,TRUE,"","","","","N","N","N",5.05847780935801,FALSE
"N","moderate",0.25,50,98,2,2,2,2,0,TRUE,TRUE,"","","","","N","N","N",1.064358203285,TRUE
"N","moderate",0.25,50,99,2,2,2,2,0,TRUE,TRUE,"","","","","N","N","N",16.491071381578,FALSE
"N","moderate",0.25,50,100,2,2,2,2,0,TRUE,TRUE,"","","","","N","N","N",6.51660078675002,FALSE
"N","moderate",0.25,150,1,2,2,2,2,0,TRUE,TRUE,"","","","","N","N","N",22.0104473253,FALSE
"N","moderate",0.25,150,2,2,2,2,2,0,TRUE,TRUE,"","","","","N","N","N",14.07582100177,FALSE
"N","moderate",0.25,150,3,2,2,2,2,0,TRUE,TRUE,"","","","","N","N","N",14.16787930449,FALSE
"N","moderate",0.25,150,4,2,2,2,2,0,TRUE,TRUE,"","","","","N","N","N",9.98412164426009,FALSE
"N","moderate",0.25,150,5,2,2,2,2,0,TRUE,TRUE,"","","","","N","N","N",16.1284495815999,FALSE
"N","moderate",0.25,150,6,2,2,2,2,0,TRUE,TRUE,"","","","","N","N","N",16.03057736455,FALSE
"N","moderate",0.25,150,7,2,2,2,2,0,TRUE,TRUE,"","","","","N","N","N",25.15326045649,FALSE
"N","moderate",0.25,150,8,2,2,2,2,0,TRUE,TRUE,"","","","","N","N","N",10.37271076651,FALSE
"N","moderate",0.25,150,9,2,2,2,2,0,TRUE,TRUE,"","","","","N","N","N",23.2292387514601,FALSE
"N","moderate",0.25,150,10,2,2,2,2,0,TRUE,TRUE,"","","","","N","N","N",18.20689580664,FALSE
"N","moderate",0.25,150,11,2,2,2,2,0,TRUE,TRUE,"","","","","N","N","N",13.8259078583098,FALSE
"N","moderate",0.25,150,12,2,2,2,2,0,TRUE,TRUE,"","","","","N","N","N",24.79365899141,FALSE
"N","moderate",0.25,150,13,2,2,2,2,0,TRUE,TRUE,"","","","","N","N","N",14.6095033471499,FALSE
"N","moderate",0.25,150,14,2,2,2,2,0,TRUE,TRUE,"","","","","N","N","N",22.9785032442301,FALSE
"N","moderate",0.25,150,15,2,2,2,2,0,TRUE,TRUE,"","","","","N","N","N",22.6303965648701,FALSE
"N","moderate",0.25,150,16,2,2,2,2,0,TRUE,TRUE,"","","","","N","N","N",23.3047613354299,FALSE
"N","moderate",0.25,150,17,2,2,2,2,0,TRUE,TRUE,"","","","","N","N","N",20.6814895431201,FALSE
"N","moderate",0.25,150,18,2,2,2,2,0,TRUE,TRUE,"","","","","N","N","N",12.7364304166802,FALSE
"N","moderate",0.25,150,19,2,2,2,2,0,TRUE,TRUE,"","","","","N","N","N",20.19586428349,FALSE
"N","moderate",0.25,150,20,2,2,2,2,0,TRUE,TRUE,"","","","","N","N","N",21.5895479590599,FALSE
"N","moderate",0.25,150,21,2,2,2,2,0,TRUE,TRUE,"","","","","N","N","N",16.4793764317099,FALSE
"N","moderate",0.25,150,22,2,2,2,2,0,TRUE,TRUE,"","","","","N","N","N",12.8002452713799,FALSE
"N","moderate",0.25,150,23,2,2,2,2,0,TRUE,TRUE,"","","","","N","N","N",30.1615198104198,FALSE
"N","moderate",0.25,150,24,2,2,2,2,0,TRUE,TRUE,"","","","","N","N","N",18.68306220618,FALSE
"N","moderate",0.25,150,25,2,2,2,2,0,TRUE,TRUE,"","","","","N","N","N",10.8115106997,FALSE
"N","moderate",0.25,150,26,2,2,2,2,0,TRUE,TRUE,"","","","","N","N","N",24.1541963882898,FALSE
"N","moderate",0.25,150,27,2,2,2,2,0,TRUE,TRUE,"","","","","N","N","N",16.5998543931798,FALSE
"N","moderate",0.25,150,28,2,2,2,2,0,TRUE,TRUE,"","","","","N","N","N",38.81666410512,FALSE
"N","moderate",0.25,150,29,2,2,2,2,0,TRUE,TRUE,"","","","","N","N","N",21.04645664287,FALSE
"N","moderate",0.25,150,30,2,2,2,2,0,TRUE,TRUE,"","","","","N","N","N",15.5717666411799,FALSE
"N","moderate",0.25,150,31,2,2,2,2,0,TRUE,TRUE,"","","","","N","N","N",17.5258703731099,FALSE
"N","moderate",0.25,150,32,2,2,2,2,0,TRUE,TRUE,"","","","","N","N","N",14.89992092753,FALSE
"N","moderate",0.25,150,33,2,2,2,2,0,TRUE,TRUE,"","","","","N","N","N",25.5425858718199,FALSE
"N","moderate",0.25,150,34,2,2,2,2,0,TRUE,TRUE,"","","","","N","N","N",18.05057833564,FALSE
"N","moderate",0.25,150,35,2,2,2,2,0,TRUE,TRUE,"","","","","N","N","N",21.35584427202,FALSE
"N","moderate",0.25,150,36,2,2,2,2,0,TRUE,TRUE,"","","","","N","N","N",22.2058851649301,FALSE
"N","moderate",0.25,150,37,2,2,2,2,0,TRUE,TRUE,"","","","","N","N","N",15.51175490436,FALSE
"N","moderate",0.25,150,38,2,2,2,2,0,TRUE,TRUE,"","","","","N","N","N",22.8567720587,FALSE
"N","moderate",0.25,150,39,2,2,2,2,0,TRUE,TRUE,"","","","","N","N","N",18.25879346941,FALSE
"N","moderate",0.25,150,40,2,2,2,2,0,TRUE,TRUE,"","","","","N","N","N",23.06950423848,FALSE
"N","moderate",0.25,150,41,2,2,2,2,0,TRUE,TRUE,"","","","","N","N","N",35.3993243561101,FALSE
"N","moderate",0.25,150,42,2,2,2,2,0,TRUE,TRUE,"","","","","N","N","N",23.83228464135,FALSE
"N","moderate",0.25,150,43,2,2,2,2,0,TRUE,TRUE,"","","","","N","N","N",33.02617872062,FALSE
"N","moderate",0.25,150,44,2,2,2,2,0,TRUE,TRUE,"","","","","N","N","N",18.4121223155801,FALSE
"N","moderate",0.25,150,45,2,2,2,2,0,TRUE,TRUE,"","","","","N","N","N",29.43907116539,FALSE
"N","moderate",0.25,150,46,2,2,2,2,0,TRUE,TRUE,"","","","","N","N","N",23.97468048874,FALSE
"N","moderate",0.25,150,47,2,2,2,2,0,TRUE,TRUE,"","","","","N","N","N",30.1976564822201,FALSE
"N","moderate",0.25,150,48,2,2,2,2,0,TRUE,TRUE,"","","","","N","N","N",24.13128320023,FALSE
"N","moderate",0.25,150,49,2,2,2,2,0,TRUE,TRUE,"","","","","N","N","N",17.96652223198,FALSE
"N","moderate",0.25,150,50,2,2,2,2,0,TRUE,TRUE,"","","","","N","N","N",8.37449431394998,FALSE
"N","moderate",0.25,150,51,2,2,2,2,0,TRUE,TRUE,"","","","","N","N","N",13.00018888005,FALSE
"N","moderate",0.25,150,52,2,2,2,2,0,TRUE,TRUE,"","","","","N","N","N",26.29611749694,FALSE
"N","moderate",0.25,150,53,2,2,2,2,0,TRUE,TRUE,"","","","","N","N","N",21.2798806457602,FALSE
"N","moderate",0.25,150,54,2,2,2,2,0,TRUE,TRUE,"","","","","N","N","N",16.25554667139,FALSE
"N","moderate",0.25,150,55,2,2,2,2,0,TRUE,TRUE,"","","","","N","N","N",25.6437401381299,FALSE
"N","moderate",0.25,150,56,2,2,2,2,0,TRUE,TRUE,"","","","","N","N","N",25.91545991512,FALSE
"N","moderate",0.25,150,57,2,2,2,2,0,TRUE,TRUE,"","","","","N","N","N",20.32282210275,FALSE
"N","moderate",0.25,150,58,2,2,2,2,0,TRUE,TRUE,"","","","","N","N","N",29.2470468617998,FALSE
"N","moderate",0.25,150,59,2,2,2,2,0,TRUE,TRUE,"","","","","N","N","N",10.4340509495698,FALSE
"N","moderate",0.25,150,60,2,2,2,2,0,TRUE,TRUE,"","","","","N","N","N",26.42462897257,FALSE
"N","moderate",0.25,150,61,2,2,2,2,0,TRUE,TRUE,"","","","","N","N","N",14.2075429076601,FALSE
"N","moderate",0.25,150,62,2,2,2,2,0,TRUE,TRUE,"","","","","N","N","N",16.59594308597,FALSE
"N","moderate",0.25,150,63,2,2,2,2,0,TRUE,TRUE,"","","","","N","N","N",25.5546357314001,FALSE
"N","moderate",0.25,150,64,2,2,2,2,0,TRUE,TRUE,"","","","","N","N","N",18.0272545113401,FALSE
"N","moderate",0.25,150,65,2,2,2,2,0,TRUE,TRUE,"","","","","N","N","N",38.6161727245699,FALSE
"N","moderate",0.25,150,66,2,2,2,2,0,TRUE,TRUE,"","","","","N","N","N",4.03145510176,FALSE
"N","moderate",0.25,150,67,2,2,2,2,0,TRUE,TRUE,"","","","","N","N","N",12.6395754904499,FALSE
"N","moderate",0.25,150,68,2,2,2,2,0,TRUE,TRUE,"","","","","N","N","N",16.0503555242101,FALSE
"N","moderate",0.25,150,69,2,2,2,2,0,TRUE,TRUE,"","","","","C","C","C",0.0279553088100783,TRUE
"N","moderate",0.25,150,70,2,2,2,2,0,TRUE,TRUE,"","","","","N","N","N",16.7785009961401,FALSE
"N","moderate",0.25,150,71,2,2,2,2,0,TRUE,TRUE,"","","","","N","N","N",19.9537433061,FALSE
"N","moderate",0.25,150,72,2,2,2,2,0,TRUE,TRUE,"","","","","N","N","N",20.9151318243901,FALSE
"N","moderate",0.25,150,73,2,2,2,2,0,TRUE,TRUE,"","","","","N","N","N",9.13876203949985,FALSE
"N","moderate",0.25,150,74,2,2,2,2,0,TRUE,TRUE,"","","","","N","N","N",2.15156853314011,FALSE
"N","moderate",0.25,150,75,2,2,2,2,0,TRUE,TRUE,"","","","","N","N","N",20.75224099102,FALSE
"N","moderate",0.25,150,76,2,2,2,2,0,TRUE,TRUE,"","","","","N","N","N",19.12614497766,FALSE
"N","moderate",0.25,150,77,2,2,2,2,0,TRUE,TRUE,"","","","","N","N","N",28.4187959639798,FALSE
"N","moderate",0.25,150,78,2,2,2,2,0,TRUE,TRUE,"","","","","N","N","N",11.2782139157498,FALSE
"N","moderate",0.25,150,79,2,2,2,2,0,TRUE,TRUE,"","","","","N","N","N",20.22391255967,FALSE
"N","moderate",0.25,150,80,2,2,2,2,0,TRUE,TRUE,"","","","","N","N","N",19.1248239230899,FALSE
"N","moderate",0.25,150,81,2,2,2,2,0,TRUE,TRUE,"","","","","N","N","N",16.5584399377001,FALSE
"N","moderate",0.25,150,82,2,2,2,2,0,TRUE,TRUE,"","","","","N","N","N",19.4381410645401,FALSE
"N","moderate",0.25,150,83,2,2,2,2,0,TRUE,TRUE,"","","","","N","N","N",17.83072395563,FALSE
"N","moderate",0.25,150,84,2,2,2,2,0,TRUE,TRUE,"","","","","N","N","N",16.7030898051198,FALSE
"N","moderate",0.25,150,85,2,2,2,2,0,TRUE,TRUE,"","","","","N","N","N",20.5637140239801,FALSE
"N","moderate",0.25,150,86,2,2,2,2,0,TRUE,TRUE,"","","","","N","N","N",27.9720173712099,FALSE
"N","moderate",0.25,150,87,2,2,2,2,0,TRUE,TRUE,"","","","","N","N","N",40.1765541490499,FALSE
"N","moderate",0.25,150,88,2,2,2,2,0,TRUE,TRUE,"","","","","N","N","N",13.74271877404,FALSE
"N","moderate",0.25,150,89,2,2,2,2,0,TRUE,TRUE,"","","","","C","C","C",5.21763376747003,FALSE
"N","moderate",0.25,150,90,2,2,2,2,0,TRUE,TRUE,"","","","","N","N","N",24.08837183788,FALSE
"N","moderate",0.25,150,91,2,2,2,2,0,TRUE,TRUE,"","","","","N","N","N",19.0961887870399,FALSE
"N","moderate",0.25,150,92,2,2,2,2,0,TRUE,TRUE,"","","","","N","N","N",19.71762771674,FALSE
"N","moderate",0.25,150,93,2,2,2,2,0,TRUE,TRUE,"","","","","N","N","N",17.8508650574099,FALSE
"N","moderate",0.25,150,94,2,2,2,2,0,TRUE,TRUE,"","","","","N","N","N",9.60800308133003,FALSE
"N","moderate",0.25,150,95,2,2,2,2,0,TRUE,TRUE,"","","","","N","N","N",24.1479997187801,FALSE
"N","moderate",0.25,150,96,2,2,2,2,0,TRUE,TRUE,"","","","","N","N","N",9.33176535359985,FALSE
"N","moderate",0.25,150,97,2,2,2,2,0,TRUE,TRUE,"","","","","N","N","N",4.96379184728994,FALSE
"N","moderate",0.25,150,98,2,2,2,2,0,TRUE,TRUE,"","","","","N","N","N",22.9992749431899,FALSE
"N","moderate",0.25,150,99,2,2,2,2,0,TRUE,TRUE,"","","","","N","N","N",7.97880442559995,FALSE
"N","moderate",0.25,150,100,2,2,2,2,0,TRUE,TRUE,"","","","","N","N","N",25.00001272807,FALSE
"N","moderate",0.25,500,1,2,2,2,2,0,TRUE,TRUE,"","","","","N","N","N",76.6105741701604,FALSE
"N","moderate",0.25,500,2,2,2,2,2,0,TRUE,TRUE,"","","","","N","N","N",87.2058892343402,FALSE
"N","moderate",0.25,500,3,2,2,2,2,0,TRUE,TRUE,"","","","","N","N","N",74.3509410950501,FALSE
"N","moderate",0.25,500,4,2,2,2,2,0,TRUE,TRUE,"","","","","N","N","N",47.49590039124,FALSE
"N","moderate",0.25,500,5,2,2,2,2,0,TRUE,TRUE,"","","","","N","N","N",41.3332566092104,FALSE
"N","moderate",0.25,500,6,2,2,2,2,0,TRUE,TRUE,"","","","","N","N","N",49.9525205935497,FALSE
"N","moderate",0.25,500,7,2,2,2,2,0,TRUE,TRUE,"","","","","N","N","N",58.7647319767502,FALSE
"N","moderate",0.25,500,8,2,2,2,2,0,TRUE,TRUE,"","","","","N","N","N",65.7570736089701,FALSE
"N","moderate",0.25,500,9,2,2,2,2,0,TRUE,TRUE,"","","","","N","N","N",72.0395256952597,FALSE
"N","moderate",0.25,500,10,2,2,2,2,0,TRUE,TRUE,"","","","","N","N","N",69.79240013245,FALSE
"N","moderate",0.25,500,11,2,2,2,2,0,TRUE,TRUE,"","","","","N","N","N",74.3805009222697,FALSE
"N","moderate",0.25,500,12,2,2,2,2,0,TRUE,TRUE,"","","","","N","N","N",73.0718002662506,FALSE
"N","moderate",0.25,500,13,2,2,2,2,0,TRUE,TRUE,"","","","","N","N","N",59.6060017108703,FALSE
"N","moderate",0.25,500,14,2,2,2,2,0,TRUE,TRUE,"","","","","N","N","N",64.7928518216004,FALSE
"N","moderate",0.25,500,15,2,2,2,2,0,TRUE,TRUE,"","","","","N","N","N",91.6578736649299,FALSE
"N","moderate",0.25,500,16,2,2,2,2,0,TRUE,TRUE,"","","","","N","N","N",86.3790077061694,FALSE
"N","moderate",0.25,500,17,2,2,2,2,0,TRUE,TRUE,"","","","","N","N","N",47.35909753338,FALSE
"N","moderate",0.25,500,18,2,2,2,2,0,TRUE,TRUE,"","","","","N","N","N",46.0490888081995,FALSE
"N","moderate",0.25,500,19,2,2,2,2,0,TRUE,TRUE,"","","","","N","N","N",95.7845314955403,FALSE
"N","moderate",0.25,500,20,2,2,2,2,0,TRUE,TRUE,"","","","","N","N","N",92.1319459762299,FALSE
"N","moderate",0.25,500,21,2,2,2,2,0,TRUE,TRUE,"","","","","N","N","N",58.6081448020896,FALSE
"N","moderate",0.25,500,22,2,2,2,2,0,TRUE,TRUE,"","","","","N","N","N",74.9750674949901,FALSE
"N","moderate",0.25,500,23,2,2,2,2,0,TRUE,TRUE,"","","","","N","N","N",63.3069383279098,FALSE
"N","moderate",0.25,500,24,2,2,2,2,0,TRUE,TRUE,"","","","","N","N","N",67.3897571298403,FALSE
"N","moderate",0.25,500,25,2,2,2,2,0,TRUE,TRUE,"","","","","N","N","N",62.21331225208,FALSE
"N","moderate",0.25,500,26,2,2,2,2,0,TRUE,TRUE,"","","","","N","N","N",55.52618876214,FALSE
"N","moderate",0.25,500,27,2,2,2,2,0,TRUE,TRUE,"","","","","N","N","N",98.70597152766,FALSE
"N","moderate",0.25,500,28,2,2,2,2,0,TRUE,TRUE,"","","","","N","N","N",79.3066997937904,FALSE
"N","moderate",0.25,500,29,2,2,2,2,0,TRUE,TRUE,"","","","","N","N","N",68.6405907539902,FALSE
"N","moderate",0.25,500,30,2,2,2,2,0,TRUE,TRUE,"","","","","N","N","N",51.5387952584597,FALSE
"N","moderate",0.25,500,31,2,2,2,2,0,TRUE,TRUE,"","","","","N","N","N",62.4224664949897,FALSE
"N","moderate",0.25,500,32,2,2,2,2,0,TRUE,TRUE,"","","","","N","N","N",47.0345112427194,FALSE
"N","moderate",0.25,500,33,2,2,2,2,0,TRUE,TRUE,"","","","","N","N","N",59.05342280492,FALSE
"N","moderate",0.25,500,34,2,2,2,2,0,TRUE,TRUE,"","","","","N","N","N",57.0616283784602,FALSE
"N","moderate",0.25,500,35,2,2,2,2,0,TRUE,TRUE,"","","","","N","N","N",47.0462805306597,FALSE
"N","moderate",0.25,500,36,2,2,2,2,0,TRUE,TRUE,"","","","","N","N","N",90.42120181685,FALSE
"N","moderate",0.25,500,37,2,2,2,2,0,TRUE,TRUE,"","","","","N","N","N",57.2675297835603,FALSE
"N","moderate",0.25,500,38,2,2,2,2,0,TRUE,TRUE,"","","","","N","N","N",62.4882165368899,FALSE
"N","moderate",0.25,500,39,2,2,2,2,0,TRUE,TRUE,"","","","","N","N","N",50.9839735321602,FALSE
"N","moderate",0.25,500,40,2,2,2,2,0,TRUE,TRUE,"","","","","N","N","N",41.92073423889,FALSE
"N","moderate",0.25,500,41,2,2,2,2,0,TRUE,TRUE,"","","","","N","N","N",93.8735171142098,FALSE
"N","moderate",0.25,500,42,2,2,2,2,0,TRUE,TRUE,"","","","","N","N","N",73.3854187135594,FALSE
"N","moderate",0.25,500,43,2,2,2,2,0,TRUE,TRUE,"","","","","N","N","N",51.9836422809594,FALSE
"N","moderate",0.25,500,44,2,2,2,2,0,TRUE,TRUE,"","","","","N","N","N",48.4758445425796,FALSE
"N","moderate",0.25,500,45,2,2,2,2,0,TRUE,TRUE,"","","","","N","N","N",93.7122004284302,FALSE
"N","moderate",0.25,500,46,2,2,2,2,0,TRUE,TRUE,"","","","","N","N","N",69.6709137824701,FALSE
"N","moderate",0.25,500,47,2,2,2,2,0,TRUE,TRUE,"","","","","N","N","N",58.79064619361,FALSE
"N","moderate",0.25,500,48,2,2,2,2,0,TRUE,TRUE,"","","","","N","N","N",62.2779392500006,FALSE
"N","moderate",0.25,500,49,2,2,2,2,0,TRUE,TRUE,"","","","","N","N","N",72.7307734614797,FALSE
"N","moderate",0.25,500,50,2,2,2,2,0,TRUE,TRUE,"","","","","N","N","N",74.77846485993,FALSE
"N","moderate",0.25,500,51,2,2,2,2,0,TRUE,TRUE,"","","","","N","N","N",84.9639996616197,FALSE
"N","moderate",0.25,500,52,2,2,2,2,0,TRUE,TRUE,"","","","","N","N","N",53.8186671777003,FALSE
"N","moderate",0.25,500,53,2,2,2,2,0,TRUE,TRUE,"","","","","N","N","N",53.1605996118105,FALSE
"N","moderate",0.25,500,54,2,2,2,2,0,TRUE,TRUE,"","","","","N","N","N",47.6815325347798,FALSE
"N","moderate",0.25,500,55,2,2,2,2,0,TRUE,TRUE,"","","","","N","N","N",63.9271709205796,FALSE
"N","moderate",0.25,500,56,2,2,2,2,0,TRUE,TRUE,"","","","","N","N","N",66.1138526599698,FALSE
"N","moderate",0.25,500,57,2,2,2,2,0,TRUE,TRUE,"","","","","N","N","N",76.3155022503397,FALSE
"N","moderate",0.25,500,58,2,2,2,2,0,TRUE,TRUE,"","","","","N","N","N",96.3279885325301,FALSE
"N","moderate",0.25,500,59,2,2,2,2,0,TRUE,TRUE,"","","","","N","N","N",78.9401472150403,FALSE
"N","moderate",0.25,500,60,2,2,2,2,0,TRUE,TRUE,"","","","","N","N","N",50.6508097483093,FALSE
"N","moderate",0.25,500,61,2,2,2,2,0,TRUE,TRUE,"","","","","N","N","N",49.3624829781602,FALSE
"N","moderate",0.25,500,62,2,2,2,2,0,TRUE,TRUE,"","","","","N","N","N",63.4283281005401,FALSE
"N","moderate",0.25,500,63,2,2,2,2,0,TRUE,TRUE,"","","","","N","N","N",72.7990379872408,FALSE
"N","moderate",0.25,500,64,2,2,2,2,0,TRUE,TRUE,"","","","","N","N","N",55.3241090756001,FALSE
"N","moderate",0.25,500,65,2,2,2,2,0,TRUE,TRUE,"","","","","N","N","N",76.6853867464006,FALSE
"N","moderate",0.25,500,66,2,2,2,2,0,TRUE,TRUE,"","","","","N","N","N",60.6901756115603,FALSE
"N","moderate",0.25,500,67,2,2,2,2,0,TRUE,TRUE,"","","","","N","N","N",55.3323176773401,FALSE
"N","moderate",0.25,500,68,2,2,2,2,0,TRUE,TRUE,"","","","","N","N","N",55.0556188521095,FALSE
"N","moderate",0.25,500,69,2,2,2,2,0,TRUE,TRUE,"","","","","N","N","N",69.3571965219598,FALSE
"N","moderate",0.25,500,70,2,2,2,2,0,TRUE,TRUE,"","","","","N","N","N",40.0752250654004,FALSE
"N","moderate",0.25,500,71,2,2,2,2,0,TRUE,TRUE,"","","","","N","N","N",32.1669961275802,FALSE
"N","moderate",0.25,500,72,2,2,2,2,0,TRUE,TRUE,"","","","","N","N","N",71.69449690487,FALSE
"N","moderate",0.25,500,73,2,2,2,2,0,TRUE,TRUE,"","","","","N","N","N",54.0168599086801,FALSE
"N","moderate",0.25,500,74,2,2,2,2,0,TRUE,TRUE,"","","","","N","N","N",77.4250168364106,FALSE
"N","moderate",0.25,500,75,2,2,2,2,0,TRUE,TRUE,"","","","","N","N","N",49.7915824756601,FALSE
"N","moderate",0.25,500,76,2,2,2,2,0,TRUE,TRUE,"","","","","N","N","N",71.9799057213404,FALSE
"N","moderate",0.25,500,77,2,2,2,2,0,TRUE,TRUE,"","","","","N","N","N",67.5386106876995,FALSE
"N","moderate",0.25,500,78,2,2,2,2,0,TRUE,TRUE,"","","","","N","N","N",33.8214959472398,FALSE
"N","moderate",0.25,500,79,2,2,2,2,0,TRUE,TRUE,"","","","","N","N","N",67.2841679312805,FALSE
"N","moderate",0.25,500,80,2,2,2,2,0,TRUE,TRUE,"","","","","N","N","N",56.0824638061604,FALSE
"N","moderate",0.25,500,81,2,2,2,2,0,TRUE,TRUE,"","","","","N","N","N",89.0842886857399,FALSE
"N","moderate",0.25,500,82,2,2,2,2,0,TRUE,TRUE,"","","","","N","N","N",59.3441423718205,FALSE
"N","moderate",0.25,500,83,2,2,2,2,0,TRUE,TRUE,"","","","","N","N","N",66.4519765510895,FALSE
"N","moderate",0.25,500,84,2,2,2,2,0,TRUE,TRUE,"","","","","N","N","N",66.17426647922,FALSE
"N","moderate",0.25,500,85,2,2,2,2,0,TRUE,TRUE,"","","","","N","N","N",69.2332219298396,FALSE
"N","moderate",0.25,500,86,2,2,2,2,0,TRUE,TRUE,"","","","","N","N","N",86.1997067157499,FALSE
"N","moderate",0.25,500,87,2,2,2,2,0,TRUE,TRUE,"","","","","N","N","N",72.6193547627799,FALSE
"N","moderate",0.25,500,88,2,2,2,2,0,TRUE,TRUE,"","","","","N","N","N",59.97006660019,FALSE
"N","moderate",0.25,500,89,2,2,2,2,0,TRUE,TRUE,"","","","","N","N","N",64.9230432984605,FALSE
"N","moderate",0.25,500,90,2,2,2,2,0,TRUE,TRUE,"","","","","N","N","N",60.7737516003999,FALSE
"N","moderate",0.25,500,91,2,2,2,2,0,TRUE,TRUE,"","","","","N","N","N",90.2733291818595,FALSE
"N","moderate",0.25,500,92,2,2,2,2,0,TRUE,TRUE,"","","","","N","N","N",84.0247660588993,FALSE
"N","moderate",0.25,500,93,2,2,2,2,0,TRUE,TRUE,"","","","","N","N","N",49.6561049980501,FALSE
"N","moderate",0.25,500,94,2,2,2,2,0,TRUE,TRUE,"","","","","N","N","N",48.8755325537104,FALSE
"N","moderate",0.25,500,95,2,2,2,2,0,TRUE,TRUE,"","","","","N","N","N",81.9131380430399,FALSE
"N","moderate",0.25,500,96,2,2,2,2,0,TRUE,TRUE,"","","","","N","N","N",97.5851286592597,FALSE
"N","moderate",0.25,500,97,2,2,2,2,0,TRUE,TRUE,"","","","","N","N","N",74.4882133097199,FALSE
"N","moderate",0.25,500,98,2,2,2,2,0,TRUE,TRUE,"","","","","N","N","N",83.8672050733594,FALSE
"N","moderate",0.25,500,99,2,2,2,2,0,TRUE,TRUE,"","","","","N","N","N",63.3965065018001,FALSE
"N","moderate",0.25,500,100,2,2,2,2,0,TRUE,TRUE,"","","","","N","N","N",77.5400202948995,FALSE
