"model","parameter","term","estimate","std_error","true_value","intercept_includes_fitted_smooth_mean","scenario","n","d","rep"
"gamlss.longitudinal","mu","intercept",0.768055440987615,0.0162118652758215,0.758461068795626,TRUE,"n500_d4",500,4,1
"gamlss.longitudinal","mu","x1",0.123912508698022,0.00975675879627462,0.12,FALSE,"n500_d4",500,4,1
"gamlss.longitudinal","mu","x2",-0.123755047257385,0.021963406060203,-0.1,FALSE,"n500_d4",500,4,1
"gamlss.longitudinal","mu","t",0.178213801591707,0.0136508384948862,0.18,FALSE,"n500_d4",500,4,1
"gamlss.longitudinal","sigma","intercept",-1.20191033950926,0.0438874075079171,-1.21169478285005,TRUE,"n500_d4",500,4,1
"gamlss.longitudinal","sigma","x1",0.220748859583103,0.0228113923270878,0.18,FALSE,"n500_d4",500,4,1
"gamlss.longitudinal","sigma","x2",0.0881496247697094,0.0512890380134809,0.12,FALSE,"n500_d4",500,4,1
"gamlss.longitudinal","sigma","t",0.133298516943096,0.0322918599826456,0.15,FALSE,"n500_d4",500,4,1
"gamlss.longitudinal","nu","intercept",-0.0687195592698634,0.0993108150795922,0,TRUE,"n500_d4",500,4,1
"gamlss.longitudinal","nu","x1",0.103639916305061,0.049000213499103,0.1,FALSE,"n500_d4",500,4,1
"gamlss.longitudinal","nu","x2",-0.157597627053712,0.110238612204089,-0.08,FALSE,"n500_d4",500,4,1
"gamlss.longitudinal","nu","t",0.14315936036555,0.0882774042588854,0.12,FALSE,"n500_d4",500,4,1
"gamlss.longitudinal","tau","intercept",0.438768629579033,0.0917949396858157,0.5,TRUE,"n500_d4",500,4,1
"gamlss.longitudinal","tau","x1",-0.174151498530265,0.0563346915407295,-0.08,FALSE,"n500_d4",500,4,1
"gamlss.longitudinal","tau","x2",0.291496380655245,0.115122219786279,0.1,FALSE,"n500_d4",500,4,1
"gamlss.longitudinal","tau","t",0.0567200305692608,0.112526004866917,0.11,FALSE,"n500_d4",500,4,1
"gamlss.longitudinal","theta","intercept",1.10968255231619,0.0616503255746078,1.03933526489266,TRUE,"n500_d4",500,4,1
"gamlss.longitudinal","theta","x1",0.280926777646749,0.0312875046618376,0.25,FALSE,"n500_d4",500,4,1
"gamlss.longitudinal","theta","x2",-0.272431286557059,0.0722472330912867,-0.1,FALSE,"n500_d4",500,4,1
"gamlss.longitudinal","theta","t",0.20027701957465,0.110880032054332,0.2,FALSE,"n500_d4",500,4,1
"gamlss.longitudinal","zeta","intercept",0.485768479032036,0.666483313109712,0.5,TRUE,"n500_d4",500,4,1
"gamlss.longitudinal","zeta","x1",-0.962547710346902,0.572219275539152,0.12,FALSE,"n500_d4",500,4,1
"gamlss.longitudinal","zeta","x2",-0.922771798771543,0.835793294121156,-0.1,FALSE,"n500_d4",500,4,1
"gamlss.longitudinal","zeta","t",0.0655554664062102,1.39368092372903,0.1,FALSE,"n500_d4",500,4,1
"gamlss2","mu","intercept",0.775962558916518,0.0137921323215079,0.758461068795626,FALSE,"n500_d4",500,4,1
"gamlss2","mu","x1",0.123958803937094,0.00688318423779229,0.12,FALSE,"n500_d4",500,4,1
"gamlss2","mu","x2",-0.137790355644733,0.0146865495674379,-0.1,FALSE,"n500_d4",500,4,1
"gamlss2","mu","t",0.175258281510518,0.0193448466247722,0.18,FALSE,"n500_d4",500,4,1
"gamlss2","sigma","intercept",-1.22072696348608,0.0325813209174444,-1.21169478285005,FALSE,"n500_d4",500,4,1
"gamlss2","sigma","x1",0.227194774896758,0.0160410290470978,0.18,FALSE,"n500_d4",500,4,1
"gamlss2","sigma","x2",0.101401312857873,0.0344105184809474,0.12,FALSE,"n500_d4",500,4,1
"gamlss2","sigma","t",0.138895089064443,0.0435740687049048,0.15,FALSE,"n500_d4",500,4,1
"gamlss2","nu","intercept",0.139099774190836,0.110176287347793,0,FALSE,"n500_d4",500,4,1
"gamlss2","nu","x1",0.0103078062838851,0.0506699724154898,0.1,FALSE,"n500_d4",500,4,1
"gamlss2","nu","x2",-0.456697085711839,0.109135745841467,-0.08,FALSE,"n500_d4",500,4,1
"gamlss2","nu","t",0.134027170152534,0.13674149741343,0.12,FALSE,"n500_d4",500,4,1
"gamlss2","tau","intercept",0.549163547569649,0.101971792220958,0.5,FALSE,"n500_d4",500,4,1
"gamlss2","tau","x1",-0.085504659804548,0.0605652555238918,-0.08,FALSE,"n500_d4",500,4,1
"gamlss2","tau","x2",0.178675069201212,0.114429083030497,0.1,FALSE,"n500_d4",500,4,1
"gamlss2","tau","t",0.0519726312616202,0.15043019021726,0.11,FALSE,"n500_d4",500,4,1
"gamlss2","theta","intercept",NA,NA,NA,FALSE,"n500_d4",500,4,1
"gamlss2","theta","x1",NA,NA,NA,FALSE,"n500_d4",500,4,1
"gamlss2","theta","x2",NA,NA,NA,FALSE,"n500_d4",500,4,1
"gamlss2","theta","t",NA,NA,NA,FALSE,"n500_d4",500,4,1
"gamlss2","zeta","intercept",NA,NA,NA,FALSE,"n500_d4",500,4,1
"gamlss2","zeta","x1",NA,NA,NA,FALSE,"n500_d4",500,4,1
"gamlss2","zeta","x2",NA,NA,NA,FALSE,"n500_d4",500,4,1
"gamlss2","zeta","t",NA,NA,NA,FALSE,"n500_d4",500,4,1
"gamlss.longitudinal","mu","intercept",0.78272017950618,0.0162717823060961,0.778570258248327,TRUE,"n500_d4",500,4,2
"gamlss.longitudinal","mu","x1",0.113611309436867,0.0117350672338288,0.12,FALSE,"n500_d4",500,4,2
"gamlss.longitudinal","mu","x2",-0.0955752290949378,0.0227927611087919,-0.1,FALSE,"n500_d4",500,4,2
"gamlss.longitudinal","mu","t",0.194546978458411,0.0145604632512059,0.18,FALSE,"n500_d4",500,4,2
"gamlss.longitudinal","sigma","intercept",-1.29758467726021,0.0389231641056867,-1.21267355603985,TRUE,"n500_d4",500,4,2
"gamlss.longitudinal","sigma","x1",0.193560974376046,0.0261684609169636,0.18,FALSE,"n500_d4",500,4,2
"gamlss.longitudinal","sigma","x2",0.201345955502143,0.0494828151579591,0.12,FALSE,"n500_d4",500,4,2
"gamlss.longitudinal","sigma","t",0.22660161944096,0.0325453816307774,0.15,FALSE,"n500_d4",500,4,2
"gamlss.longitudinal","nu","intercept",-0.160487944917319,0.0929024117997745,0,TRUE,"n500_d4",500,4,2
"gamlss.longitudinal","nu","x1",0.0707010264486751,0.0502831340024198,0.1,FALSE,"n500_d4",500,4,2
"gamlss.longitudinal","nu","x2",0.041575861274299,0.0982899671419786,-0.08,FALSE,"n500_d4",500,4,2
"gamlss.longitudinal","nu","t",0.236075188208584,0.0892837904605268,0.12,FALSE,"n500_d4",500,4,2
"gamlss.longitudinal","tau","intercept",0.59468863859785,0.0932484410418824,0.5,TRUE,"n500_d4",500,4,2
"gamlss.longitudinal","tau","x1",-0.0562510326162554,0.0558994974305535,-0.08,FALSE,"n500_d4",500,4,2
"gamlss.longitudinal","tau","x2",0.0910172632679204,0.108702953346763,0.1,FALSE,"n500_d4",500,4,2
"gamlss.longitudinal","tau","t",0.119986845090518,0.117430257869826,0.11,FALSE,"n500_d4",500,4,2
"gamlss.longitudinal","theta","intercept",0.898479021884038,0.0632922618347912,1.03793159889431,TRUE,"n500_d4",500,4,2
"gamlss.longitudinal","theta","x1",0.257018607538457,0.036958731424587,0.25,FALSE,"n500_d4",500,4,2
"gamlss.longitudinal","theta","x2",-0.0145979267150105,0.0720388393282931,-0.1,FALSE,"n500_d4",500,4,2
"gamlss.longitudinal","theta","t",0.509909908042325,0.106479619542154,0.2,FALSE,"n500_d4",500,4,2
"gamlss.longitudinal","zeta","intercept",0.608659233890932,0.655256305746026,0.5,TRUE,"n500_d4",500,4,2
"gamlss.longitudinal","zeta","x1",-0.171238929841641,0.340068441523031,0.12,FALSE,"n500_d4",500,4,2
"gamlss.longitudinal","zeta","x2",-1.24686786140836,0.760773551599358,-0.1,FALSE,"n500_d4",500,4,2
"gamlss.longitudinal","zeta","t",2.20998006289644,1.35156809930079,0.1,FALSE,"n500_d4",500,4,2
"gamlss2","mu","intercept",0.778206292299662,0.0136373762830476,0.778570258248327,FALSE,"n500_d4",500,4,2
"gamlss2","mu","x1",0.116000684163858,0.00795449458857773,0.12,FALSE,"n500_d4",500,4,2
"gamlss2","mu","x2",-0.100285075830142,0.0152043122901415,-0.1,FALSE,"n500_d4",500,4,2
"gamlss2","mu","t",0.192644714416349,0.0197058414862811,0.18,FALSE,"n500_d4",500,4,2
"gamlss2","sigma","intercept",-1.31746391304959,0.0323410683320723,-1.21267355603985,FALSE,"n500_d4",500,4,2
"gamlss2","sigma","x1",0.198722500873388,0.017563461746603,0.18,FALSE,"n500_d4",500,4,2
"gamlss2","sigma","x2",0.219031338362347,0.0329957669224093,0.12,FALSE,"n500_d4",500,4,2
"gamlss2","sigma","t",0.239728580204702,0.0437297533313413,0.15,FALSE,"n500_d4",500,4,2
"gamlss2","nu","intercept",-0.179057879431765,0.115942203027239,0,FALSE,"n500_d4",500,4,2
"gamlss2","nu","x1",0.126939825203666,0.0572104388982913,0.1,FALSE,"n500_d4",500,4,2
"gamlss2","nu","x2",0.0143911266131293,0.109619208071289,-0.08,FALSE,"n500_d4",500,4,2
"gamlss2","nu","t",0.196226887010124,0.139297312284025,0.12,FALSE,"n500_d4",500,4,2
"gamlss2","tau","intercept",0.597811597005241,0.102495223069492,0.5,FALSE,"n500_d4",500,4,2
"gamlss2","tau","x1",-0.180105903340566,0.0645313368295798,-0.08,FALSE,"n500_d4",500,4,2
"gamlss2","tau","x2",0.135917491973598,0.109114679348455,0.1,FALSE,"n500_d4",500,4,2
"gamlss2","tau","t",0.0669917545346333,0.142640746553658,0.11,FALSE,"n500_d4",500,4,2
"gamlss2","theta","intercept",NA,NA,NA,FALSE,"n500_d4",500,4,2
"gamlss2","theta","x1",NA,NA,NA,FALSE,"n500_d4",500,4,2
"gamlss2","theta","x2",NA,NA,NA,FALSE,"n500_d4",500,4,2
"gamlss2","theta","t",NA,NA,NA,FALSE,"n500_d4",500,4,2
"gamlss2","zeta","intercept",NA,NA,NA,FALSE,"n500_d4",500,4,2
"gamlss2","zeta","x1",NA,NA,NA,FALSE,"n500_d4",500,4,2
"gamlss2","zeta","x2",NA,NA,NA,FALSE,"n500_d4",500,4,2
"gamlss2","zeta","t",NA,NA,NA,FALSE,"n500_d4",500,4,2
"gamlss.longitudinal","mu","intercept",0.791864592055594,0.0190104285843196,0.807748074214535,TRUE,"n500_d4",500,4,3
"gamlss.longitudinal","mu","x1",0.144809179337239,0.0117601920638563,0.12,FALSE,"n500_d4",500,4,3
"gamlss.longitudinal","mu","x2",-0.0713669823792749,0.0241929300069014,-0.1,FALSE,"n500_d4",500,4,3
"gamlss.longitudinal","mu","t",0.186166512890686,0.0141592999106022,0.18,FALSE,"n500_d4",500,4,3
"gamlss.longitudinal","sigma","intercept",-1.15515039941461,0.0403888028042976,-1.21545673206851,TRUE,"n500_d4",500,4,3
"gamlss.longitudinal","sigma","x1",0.14944399959502,0.0257107131130529,0.18,FALSE,"n500_d4",500,4,3
"gamlss.longitudinal","sigma","x2",0.0608634939334311,0.0507948769745206,0.12,FALSE,"n500_d4",500,4,3
"gamlss.longitudinal","sigma","t",0.153268644527416,0.0321233165924655,0.15,FALSE,"n500_d4",500,4,3
"gamlss.longitudinal","nu","intercept",-0.291128327943387,0.0890728042925962,0,TRUE,"n500_d4",500,4,3
"gamlss.longitudinal","nu","x1",0.185181087196869,0.0552604820777697,0.1,FALSE,"n500_d4",500,4,3
"gamlss.longitudinal","nu","x2",0.169789576763891,0.101200634908348,-0.08,FALSE,"n500_d4",500,4,3
"gamlss.longitudinal","nu","t",0.280130754453714,0.0888276168111838,0.12,FALSE,"n500_d4",500,4,3
"gamlss.longitudinal","tau","intercept",0.602857050908745,0.0886947885194448,0.5,TRUE,"n500_d4",500,4,3
"gamlss.longitudinal","tau","x1",-0.0680582271777277,0.0501085992105349,-0.08,FALSE,"n500_d4",500,4,3
"gamlss.longitudinal","tau","x2",0.0213067129633197,0.104304517879884,0.1,FALSE,"n500_d4",500,4,3
"gamlss.longitudinal","tau","t",0.0274260018649103,0.0989468533667832,0.11,FALSE,"n500_d4",500,4,3
"gamlss.longitudinal","theta","intercept",1.11051261013158,0.0621781316396484,1.04717699910042,TRUE,"n500_d4",500,4,3
"gamlss.longitudinal","theta","x1",0.23953117438626,0.033662870950002,0.25,FALSE,"n500_d4",500,4,3
"gamlss.longitudinal","theta","x2",-0.256017736037088,0.0701326143796476,-0.1,FALSE,"n500_d4",500,4,3
"gamlss.longitudinal","theta","t",0.368038408526165,0.1059217226012,0.2,FALSE,"n500_d4",500,4,3
"gamlss.longitudinal","zeta","intercept",0.586942725006569,0.68690012471692,0.5,TRUE,"n500_d4",500,4,3
"gamlss.longitudinal","zeta","x1",0.0574899264939326,0.374307576851176,0.12,FALSE,"n500_d4",500,4,3
"gamlss.longitudinal","zeta","x2",-1.88754416050227,1.03315872831641,-0.1,FALSE,"n500_d4",500,4,3
"gamlss.longitudinal","zeta","t",2.35819819656122,1.74088047893148,0.1,FALSE,"n500_d4",500,4,3
"gamlss2","mu","intercept",0.788252841137377,0.0149882243444195,0.807748074214535,FALSE,"n500_d4",500,4,3
"gamlss2","mu","x1",0.145833747575255,0.00786854150967,0.12,FALSE,"n500_d4",500,4,3
"gamlss2","mu","x2",-0.0652344979836385,0.0160449996645428,-0.1,FALSE,"n500_d4",500,4,3
"gamlss2","mu","t",0.185084284504421,0.0211326144691216,0.18,FALSE,"n500_d4",500,4,3
"gamlss2","sigma","intercept",-1.12320884139449,0.0354059545738119,-1.21545673206851,FALSE,"n500_d4",500,4,3
"gamlss2","sigma","x1",0.137234743697902,0.0177192085013997,0.18,FALSE,"n500_d4",500,4,3
"gamlss2","sigma","x2",0.0345053284124539,0.0345984150183148,0.12,FALSE,"n500_d4",500,4,3
"gamlss2","sigma","t",0.137071002164473,0.0462812695246484,0.15,FALSE,"n500_d4",500,4,3
"gamlss2","nu","intercept",-0.213902733511808,0.115561664336669,0,FALSE,"n500_d4",500,4,3
"gamlss2","nu","x1",0.162078815704202,0.05926984593681,0.1,FALSE,"n500_d4",500,4,3
"gamlss2","nu","x2",0.104912425457949,0.108763523708018,-0.08,FALSE,"n500_d4",500,4,3
"gamlss2","nu","t",0.207394890285257,0.144521319373564,0.12,FALSE,"n500_d4",500,4,3
"gamlss2","tau","intercept",0.503324532970809,0.110823298015894,0.5,FALSE,"n500_d4",500,4,3
"gamlss2","tau","x1",-0.134848334715244,0.0534102334343982,-0.08,FALSE,"n500_d4",500,4,3
"gamlss2","tau","x2",-0.0320288788823284,0.104793480776573,0.1,FALSE,"n500_d4",500,4,3
"gamlss2","tau","t",0.170131724035876,0.140209615118205,0.11,FALSE,"n500_d4",500,4,3
"gamlss2","theta","intercept",NA,NA,NA,FALSE,"n500_d4",500,4,3
"gamlss2","theta","x1",NA,NA,NA,FALSE,"n500_d4",500,4,3
"gamlss2","theta","x2",NA,NA,NA,FALSE,"n500_d4",500,4,3
"gamlss2","theta","t",NA,NA,NA,FALSE,"n500_d4",500,4,3
"gamlss2","zeta","intercept",NA,NA,NA,FALSE,"n500_d4",500,4,3
"gamlss2","zeta","x1",NA,NA,NA,FALSE,"n500_d4",500,4,3
"gamlss2","zeta","x2",NA,NA,NA,FALSE,"n500_d4",500,4,3
"gamlss2","zeta","t",NA,NA,NA,FALSE,"n500_d4",500,4,3
"gamlss.longitudinal","mu","intercept",0.74858746367653,0.0166118282271312,0.781952965353195,TRUE,"n500_d4",500,4,4
"gamlss.longitudinal","mu","x1",0.120483005948607,0.0107721128397289,0.12,FALSE,"n500_d4",500,4,4
"gamlss.longitudinal","mu","x2",-0.0878174197670702,0.0232967893379189,-0.1,FALSE,"n500_d4",500,4,4
"gamlss.longitudinal","mu","t",0.191456503543757,0.0138792072825066,0.18,FALSE,"n500_d4",500,4,4
"gamlss.longitudinal","sigma","intercept",-1.16424634550217,0.0413222296153046,-1.20383139920899,TRUE,"n500_d4",500,4,4
"gamlss.longitudinal","sigma","x1",0.2220811425475,0.0269176637630567,0.18,FALSE,"n500_d4",500,4,4
"gamlss.longitudinal","sigma","x2",0.111416772682659,0.0542241933213447,0.12,FALSE,"n500_d4",500,4,4
"gamlss.longitudinal","sigma","t",0.131578478361867,0.0318221632755823,0.15,FALSE,"n500_d4",500,4,4
"gamlss.longitudinal","nu","intercept",-0.0385094501760353,0.0834051849262334,0,TRUE,"n500_d4",500,4,4
"gamlss.longitudinal","nu","x1",0.0165780410222517,0.0440082973122647,0.1,FALSE,"n500_d4",500,4,4
"gamlss.longitudinal","nu","x2",-0.120627589990029,0.0933170367375483,-0.08,FALSE,"n500_d4",500,4,4
"gamlss.longitudinal","nu","t",0.194843748513739,0.0847851772161789,0.12,FALSE,"n500_d4",500,4,4
"gamlss.longitudinal","tau","intercept",0.531715418830011,0.0886192375989907,0.5,TRUE,"n500_d4",500,4,4
"gamlss.longitudinal","tau","x1",0.0397852328571848,0.0501878518056595,-0.08,FALSE,"n500_d4",500,4,4
"gamlss.longitudinal","tau","x2",-0.0170710358907784,0.10754396992746,0.1,FALSE,"n500_d4",500,4,4
"gamlss.longitudinal","tau","t",0.134985883208435,0.110359659771468,0.11,FALSE,"n500_d4",500,4,4
"gamlss.longitudinal","theta","intercept",1.03455207105451,0.0643000868231829,1.03514978833209,TRUE,"n500_d4",500,4,4
"gamlss.longitudinal","theta","x1",0.335403871840156,0.0364827425303609,0.25,FALSE,"n500_d4",500,4,4
"gamlss.longitudinal","theta","x2",-0.0903052455446146,0.0747900137033892,-0.1,FALSE,"n500_d4",500,4,4
"gamlss.longitudinal","theta","t",0.209750224232575,0.121423743842345,0.2,FALSE,"n500_d4",500,4,4
"gamlss.longitudinal","zeta","intercept",-0.401422127499268,0.819391199441036,0.5,TRUE,"n500_d4",500,4,4
"gamlss.longitudinal","zeta","x1",0.395544186462261,0.495036321262462,0.12,FALSE,"n500_d4",500,4,4
"gamlss.longitudinal","zeta","x2",-0.759061674131445,1.04673852135556,-0.1,FALSE,"n500_d4",500,4,4
"gamlss.longitudinal","zeta","t",1.96793912147654,1.98683378488372,0.1,FALSE,"n500_d4",500,4,4
"gamlss2","mu","intercept",0.747818489987703,0.0143223704192392,0.781952965353195,FALSE,"n500_d4",500,4,4
"gamlss2","mu","x1",0.128125193718864,0.00714898173437445,0.12,FALSE,"n500_d4",500,4,4
"gamlss2","mu","x2",-0.0893910648915272,0.0159572694627057,-0.1,FALSE,"n500_d4",500,4,4
"gamlss2","mu","t",0.202819258929139,0.019822001913275,0.18,FALSE,"n500_d4",500,4,4
"gamlss2","sigma","intercept",-1.184812768133,0.0326910697700002,-1.20383139920899,FALSE,"n500_d4",500,4,4
"gamlss2","sigma","x1",0.215120257696163,0.0172457758284917,0.18,FALSE,"n500_d4",500,4,4
"gamlss2","sigma","x2",0.135238529497083,0.0336392047987988,0.12,FALSE,"n500_d4",500,4,4
"gamlss2","sigma","t",0.137449473513721,0.0440777498144401,0.15,FALSE,"n500_d4",500,4,4
"gamlss2","nu","intercept",-0.114979729592588,0.102126590883156,0,FALSE,"n500_d4",500,4,4
"gamlss2","nu","x1",0.0302159145788782,0.0471711732217619,0.1,FALSE,"n500_d4",500,4,4
"gamlss2","nu","x2",-0.111695894141079,0.0956259230880598,-0.08,FALSE,"n500_d4",500,4,4
"gamlss2","nu","t",0.253684387577267,0.124640407390115,0.12,FALSE,"n500_d4",500,4,4
"gamlss2","tau","intercept",0.544288080475641,0.0974191756609544,0.5,FALSE,"n500_d4",500,4,4
"gamlss2","tau","x1",0.0918071837912359,0.0554883597615503,-0.08,FALSE,"n500_d4",500,4,4
"gamlss2","tau","x2",0.0319700604107333,0.108132691218455,0.1,FALSE,"n500_d4",500,4,4
"gamlss2","tau","t",0.174998458631791,0.140114307431565,0.11,FALSE,"n500_d4",500,4,4
"gamlss2","theta","intercept",NA,NA,NA,FALSE,"n500_d4",500,4,4
"gamlss2","theta","x1",NA,NA,NA,FALSE,"n500_d4",500,4,4
"gamlss2","theta","x2",NA,NA,NA,FALSE,"n500_d4",500,4,4
"gamlss2","theta","t",NA,NA,NA,FALSE,"n500_d4",500,4,4
"gamlss2","zeta","intercept",NA,NA,NA,FALSE,"n500_d4",500,4,4
"gamlss2","zeta","x1",NA,NA,NA,FALSE,"n500_d4",500,4,4
"gamlss2","zeta","x2",NA,NA,NA,FALSE,"n500_d4",500,4,4
"gamlss2","zeta","t",NA,NA,NA,FALSE,"n500_d4",500,4,4
"gamlss.longitudinal","mu","intercept",0.792624657348858,0.0170889285051963,0.770560576037636,TRUE,"n500_d4",500,4,5
"gamlss.longitudinal","mu","x1",0.122129036067763,0.00984426485493554,0.12,FALSE,"n500_d4",500,4,5
"gamlss.longitudinal","mu","x2",-0.10327897032986,0.0215445743242511,-0.1,FALSE,"n500_d4",500,4,5
"gamlss.longitudinal","mu","t",0.162969782870458,0.0130421232805334,0.18,FALSE,"n500_d4",500,4,5
"gamlss.longitudinal","sigma","intercept",-1.21491743834741,0.0427355396980803,-1.23071174530132,TRUE,"n500_d4",500,4,5
"gamlss.longitudinal","sigma","x1",0.202276443220033,0.024067039888109,0.18,FALSE,"n500_d4",500,4,5
"gamlss.longitudinal","sigma","x2",0.134864844537415,0.0528887828570978,0.12,FALSE,"n500_d4",500,4,5
"gamlss.longitudinal","sigma","t",0.134194232605177,0.0324967194990775,0.15,FALSE,"n500_d4",500,4,5
"gamlss.longitudinal","nu","intercept",0.194814757605549,0.0975882420002244,0,TRUE,"n500_d4",500,4,5
"gamlss.longitudinal","nu","x1",0.102976207462682,0.058197087180053,0.1,FALSE,"n500_d4",500,4,5
"gamlss.longitudinal","nu","x2",-0.250653923098773,0.1142598159339,-0.08,FALSE,"n500_d4",500,4,5
"gamlss.longitudinal","nu","t",0.0639751020651728,0.091678628353339,0.12,FALSE,"n500_d4",500,4,5
"gamlss.longitudinal","tau","intercept",0.542320714436008,0.0917281662969314,0.5,TRUE,"n500_d4",500,4,5
"gamlss.longitudinal","tau","x1",-0.213041619935841,0.04978668529499,-0.08,FALSE,"n500_d4",500,4,5
"gamlss.longitudinal","tau","x2",0.145192941630117,0.107294349826953,0.1,FALSE,"n500_d4",500,4,5
"gamlss.longitudinal","tau","t",-0.0353915339510833,0.107442265236671,0.11,FALSE,"n500_d4",500,4,5
"gamlss.longitudinal","theta","intercept",1.14295079027565,0.0650555469771437,1.05206239213572,TRUE,"n500_d4",500,4,5
"gamlss.longitudinal","theta","x1",0.231107650322082,0.0359775940853467,0.25,FALSE,"n500_d4",500,4,5
"gamlss.longitudinal","theta","x2",-0.245519964236279,0.0741363958065925,-0.1,FALSE,"n500_d4",500,4,5
"gamlss.longitudinal","theta","t",0.167573902569418,0.112243820092808,0.2,FALSE,"n500_d4",500,4,5
"gamlss.longitudinal","zeta","intercept",0.325777665905866,0.64991658122436,0.5,TRUE,"n500_d4",500,4,5
"gamlss.longitudinal","zeta","x1",-0.668530948043342,0.671811406163955,0.12,FALSE,"n500_d4",500,4,5
"gamlss.longitudinal","zeta","x2",-2.03603256821092,1.68429647414196,-0.1,FALSE,"n500_d4",500,4,5
"gamlss.longitudinal","zeta","t",0.626733272479883,1.66966902188711,0.1,FALSE,"n500_d4",500,4,5
"gamlss2","mu","intercept",0.797855663465771,0.0145350384274736,0.770560576037636,FALSE,"n500_d4",500,4,5
"gamlss2","mu","x1",0.130259147257985,0.00663735843928641,0.12,FALSE,"n500_d4",500,4,5
"gamlss2","mu","x2",-0.0934112677397377,0.0142786379533254,-0.1,FALSE,"n500_d4",500,4,5
"gamlss2","mu","t",0.151068881547916,0.0182061415966936,0.18,FALSE,"n500_d4",500,4,5
"gamlss2","sigma","intercept",-1.2192339946332,0.033804646004083,-1.23071174530132,FALSE,"n500_d4",500,4,5
"gamlss2","sigma","x1",0.196870811056596,0.0166436184255845,0.18,FALSE,"n500_d4",500,4,5
"gamlss2","sigma","x2",0.134553248320286,0.0348312650633115,0.12,FALSE,"n500_d4",500,4,5
"gamlss2","sigma","t",0.121314462261587,0.0444864610777191,0.15,FALSE,"n500_d4",500,4,5
"gamlss2","nu","intercept",0.248843758967146,0.117200757960405,0,FALSE,"n500_d4",500,4,5
"gamlss2","nu","x1",0.153592129885992,0.0587918470295583,0.1,FALSE,"n500_d4",500,4,5
"gamlss2","nu","x2",-0.295171439762844,0.117483215845729,-0.08,FALSE,"n500_d4",500,4,5
"gamlss2","nu","t",0.0173193825487245,0.14646138847735,0.12,FALSE,"n500_d4",500,4,5
"gamlss2","tau","intercept",0.529734991110802,0.0969909016031953,0.5,FALSE,"n500_d4",500,4,5
"gamlss2","tau","x1",-0.266546924976174,0.0530155151475329,-0.08,FALSE,"n500_d4",500,4,5
"gamlss2","tau","x2",0.216126365345564,0.108569666426937,0.1,FALSE,"n500_d4",500,4,5
"gamlss2","tau","t",-0.0984767657399903,0.1380769806639,0.11,FALSE,"n500_d4",500,4,5
"gamlss2","theta","intercept",NA,NA,NA,FALSE,"n500_d4",500,4,5
"gamlss2","theta","x1",NA,NA,NA,FALSE,"n500_d4",500,4,5
"gamlss2","theta","x2",NA,NA,NA,FALSE,"n500_d4",500,4,5
"gamlss2","theta","t",NA,NA,NA,FALSE,"n500_d4",500,4,5
"gamlss2","zeta","intercept",NA,NA,NA,FALSE,"n500_d4",500,4,5
"gamlss2","zeta","x1",NA,NA,NA,FALSE,"n500_d4",500,4,5
"gamlss2","zeta","x2",NA,NA,NA,FALSE,"n500_d4",500,4,5
"gamlss2","zeta","t",NA,NA,NA,FALSE,"n500_d4",500,4,5
"gamlss.longitudinal","mu","intercept",0.765080720789638,0.0174039433934182,0.77130711430271,TRUE,"n500_d4",500,4,6
"gamlss.longitudinal","mu","x1",0.130192433233775,0.0108032126823679,0.12,FALSE,"n500_d4",500,4,6
"gamlss.longitudinal","mu","x2",-0.0833069104593469,0.0240670157034791,-0.1,FALSE,"n500_d4",500,4,6
"gamlss.longitudinal","mu","t",0.169883249040123,0.0150255470628076,0.18,FALSE,"n500_d4",500,4,6
"gamlss.longitudinal","sigma","intercept",-1.20829562586333,0.0384213843971768,-1.2028217868409,TRUE,"n500_d4",500,4,6
"gamlss.longitudinal","sigma","x1",0.178831896025349,0.0240416344325831,0.18,FALSE,"n500_d4",500,4,6
"gamlss.longitudinal","sigma","x2",0.0641138115042881,0.0477068260505399,0.12,FALSE,"n500_d4",500,4,6
"gamlss.longitudinal","sigma","t",0.212566078146553,0.0325072407712949,0.15,FALSE,"n500_d4",500,4,6
"gamlss.longitudinal","nu","intercept",-0.0747757057624313,0.0871228197931954,0,TRUE,"n500_d4",500,4,6
"gamlss.longitudinal","nu","x1",0.023024308235461,0.0504852721284445,0.1,FALSE,"n500_d4",500,4,6
"gamlss.longitudinal","nu","x2",0.108180684242532,0.0966801752275084,-0.08,FALSE,"n500_d4",500,4,6
"gamlss.longitudinal","nu","t",0.0650591942633532,0.097202796199672,0.12,FALSE,"n500_d4",500,4,6
"gamlss.longitudinal","tau","intercept",0.65785810253513,0.0949378017161854,0.5,TRUE,"n500_d4",500,4,6
"gamlss.longitudinal","tau","x1",-0.0315609878636548,0.0630024293245097,-0.08,FALSE,"n500_d4",500,4,6
"gamlss.longitudinal","tau","x2",0.115387820566622,0.107623312604322,0.1,FALSE,"n500_d4",500,4,6
"gamlss.longitudinal","tau","t",0.0194500627012637,0.120640050088611,0.11,FALSE,"n500_d4",500,4,6
"gamlss.longitudinal","theta","intercept",0.958282718434124,0.0605001947901426,1.03505738260658,TRUE,"n500_d4",500,4,6
"gamlss.longitudinal","theta","x1",0.280124838542352,0.0344833268658081,0.25,FALSE,"n500_d4",500,4,6
"gamlss.longitudinal","theta","x2",-0.0738191034082135,0.0686848796557184,-0.1,FALSE,"n500_d4",500,4,6
"gamlss.longitudinal","theta","t",0.363875844829208,0.104760866047282,0.2,FALSE,"n500_d4",500,4,6
"gamlss.longitudinal","zeta","intercept",0.780090810610602,0.527099811336571,0.5,TRUE,"n500_d4",500,4,6
"gamlss.longitudinal","zeta","x1",0.368495034763751,0.349394367723214,0.12,FALSE,"n500_d4",500,4,6
"gamlss.longitudinal","zeta","x2",0.117098684762206,0.565630606698588,-0.1,FALSE,"n500_d4",500,4,6
"gamlss.longitudinal","zeta","t",0.295274582991323,1.00912330002701,0.1,FALSE,"n500_d4",500,4,6
"gamlss2","mu","intercept",0.760715569803311,0.0141874344783846,0.77130711430271,FALSE,"n500_d4",500,4,6
"gamlss2","mu","x1",0.129995945235498,0.00774768635930831,0.12,FALSE,"n500_d4",500,4,6
"gamlss2","mu","x2",-0.0737860988833807,0.0158717536621937,-0.1,FALSE,"n500_d4",500,4,6
"gamlss2","mu","t",0.1751159068604,0.0207240332351269,0.18,FALSE,"n500_d4",500,4,6
"gamlss2","sigma","intercept",-1.21493000130638,0.0306221638785342,-1.2028217868409,FALSE,"n500_d4",500,4,6
"gamlss2","sigma","x1",0.175923999921335,0.0158184968191662,0.18,FALSE,"n500_d4",500,4,6
"gamlss2","sigma","x2",0.0755551681517236,0.0314214767558822,0.12,FALSE,"n500_d4",500,4,6
"gamlss2","sigma","t",0.202877787369032,0.0404173874144134,0.15,FALSE,"n500_d4",500,4,6
"gamlss2","nu","intercept",-0.255854861179016,0.104086272328769,0,FALSE,"n500_d4",500,4,6
"gamlss2","nu","x1",0.0128934923324399,0.0507948115646631,0.1,FALSE,"n500_d4",500,4,6
"gamlss2","nu","x2",0.297680554238776,0.100723656604054,-0.08,FALSE,"n500_d4",500,4,6
"gamlss2","nu","t",0.190060706136371,0.133790258332128,0.12,FALSE,"n500_d4",500,4,6
"gamlss2","tau","intercept",0.704729066874123,0.109772644225218,0.5,FALSE,"n500_d4",500,4,6
"gamlss2","tau","x1",-0.10945132974212,0.0591813423959305,-0.08,FALSE,"n500_d4",500,4,6
"gamlss2","tau","x2",0.182070941551396,0.116585050364963,0.1,FALSE,"n500_d4",500,4,6
"gamlss2","tau","t",0.0699587899469738,0.150357191924924,0.11,FALSE,"n500_d4",500,4,6
"gamlss2","theta","intercept",NA,NA,NA,FALSE,"n500_d4",500,4,6
"gamlss2","theta","x1",NA,NA,NA,FALSE,"n500_d4",500,4,6
"gamlss2","theta","x2",NA,NA,NA,FALSE,"n500_d4",500,4,6
"gamlss2","theta","t",NA,NA,NA,FALSE,"n500_d4",500,4,6
"gamlss2","zeta","intercept",NA,NA,NA,FALSE,"n500_d4",500,4,6
"gamlss2","zeta","x1",NA,NA,NA,FALSE,"n500_d4",500,4,6
"gamlss2","zeta","x2",NA,NA,NA,FALSE,"n500_d4",500,4,6
"gamlss2","zeta","t",NA,NA,NA,FALSE,"n500_d4",500,4,6
"gamlss.longitudinal","mu","intercept",0.817074437361576,0.016869294632982,0.819395931585334,TRUE,"n500_d4",500,4,7
"gamlss.longitudinal","mu","x1",0.122353482918466,0.0108691081337196,0.12,FALSE,"n500_d4",500,4,7
"gamlss.longitudinal","mu","x2",-0.100855367790166,0.0225979764073238,-0.1,FALSE,"n500_d4",500,4,7
"gamlss.longitudinal","mu","t",0.174347043496923,0.0142374990458355,0.18,FALSE,"n500_d4",500,4,7
"gamlss.longitudinal","sigma","intercept",-1.21383450135004,0.0458701021020139,-1.215040711572,TRUE,"n500_d4",500,4,7
"gamlss.longitudinal","sigma","x1",0.183002185686924,0.0273516683328703,0.18,FALSE,"n500_d4",500,4,7
"gamlss.longitudinal","sigma","x2",0.0901223296765752,0.0552941410295929,0.12,FALSE,"n500_d4",500,4,7
"gamlss.longitudinal","sigma","t",0.166079790431443,0.0364431809532641,0.15,FALSE,"n500_d4",500,4,7
"gamlss.longitudinal","nu","intercept",-0.0133923239720284,0.0926539508758831,0,TRUE,"n500_d4",500,4,7
"gamlss.longitudinal","nu","x1",0.198348760140924,0.0514761288352029,0.1,FALSE,"n500_d4",500,4,7
"gamlss.longitudinal","nu","x2",-0.171079506811065,0.100831016305492,-0.08,FALSE,"n500_d4",500,4,7
"gamlss.longitudinal","nu","t",0.125890651854506,0.100334829220899,0.12,FALSE,"n500_d4",500,4,7
"gamlss.longitudinal","tau","intercept",0.404250937961547,0.0875136402074468,0.5,TRUE,"n500_d4",500,4,7
"gamlss.longitudinal","tau","x1",-0.0182046029518525,0.0539011366039644,-0.08,FALSE,"n500_d4",500,4,7
"gamlss.longitudinal","tau","x2",0.0984155581348453,0.1009835659181,0.1,FALSE,"n500_d4",500,4,7
"gamlss.longitudinal","tau","t",0.169167303035232,0.109153685977557,0.11,FALSE,"n500_d4",500,4,7
"gamlss.longitudinal","theta","intercept",1.11200595906983,0.0630405815549167,1.04999572497203,TRUE,"n500_d4",500,4,7
"gamlss.longitudinal","theta","x1",0.251700920393933,0.0354572356963005,0.25,FALSE,"n500_d4",500,4,7
"gamlss.longitudinal","theta","x2",-0.212455654057783,0.0732753362228105,-0.1,FALSE,"n500_d4",500,4,7
"gamlss.longitudinal","theta","t",0.168045987933756,0.107425531029179,0.2,FALSE,"n500_d4",500,4,7
"gamlss.longitudinal","zeta","intercept",1.21670441530262,0.536634067821832,0.5,TRUE,"n500_d4",500,4,7
"gamlss.longitudinal","zeta","x1",0.0967757425536796,0.335543752930325,0.12,FALSE,"n500_d4",500,4,7
"gamlss.longitudinal","zeta","x2",-0.624608361319317,0.65361222533038,-0.1,FALSE,"n500_d4",500,4,7
"gamlss.longitudinal","zeta","t",-0.925879173650608,1.10014622725442,0.1,FALSE,"n500_d4",500,4,7
"gamlss2","mu","intercept",0.819620909629457,0.0135700522234128,0.819395931585334,FALSE,"n500_d4",500,4,7
"gamlss2","mu","x1",0.130639606905875,0.00728858387522726,0.12,FALSE,"n500_d4",500,4,7
"gamlss2","mu","x2",-0.103649003677669,0.0144887641315751,-0.1,FALSE,"n500_d4",500,4,7
"gamlss2","mu","t",0.179152942789275,0.0192081176520715,0.18,FALSE,"n500_d4",500,4,7
"gamlss2","sigma","intercept",-1.24121870508869,0.0348525848050742,-1.215040711572,FALSE,"n500_d4",500,4,7
"gamlss2","sigma","x1",0.181880058611866,0.0183212052979237,0.18,FALSE,"n500_d4",500,4,7
"gamlss2","sigma","x2",0.0879684678454549,0.0345582259464095,0.12,FALSE,"n500_d4",500,4,7
"gamlss2","sigma","t",0.191538695633236,0.0454328924174253,0.15,FALSE,"n500_d4",500,4,7
"gamlss2","nu","intercept",-0.013309568125263,0.111780306708663,0,FALSE,"n500_d4",500,4,7
"gamlss2","nu","x1",0.305685292754903,0.0642315019690775,0.1,FALSE,"n500_d4",500,4,7
"gamlss2","nu","x2",-0.0745505768451409,0.108790463093508,-0.08,FALSE,"n500_d4",500,4,7
"gamlss2","nu","t",0.107464059542726,0.141618511016574,0.12,FALSE,"n500_d4",500,4,7
"gamlss2","tau","intercept",0.421167509729781,0.0968509330087107,0.5,FALSE,"n500_d4",500,4,7
"gamlss2","tau","x1",0.0241422672568496,0.0592424364845749,-0.08,FALSE,"n500_d4",500,4,7
"gamlss2","tau","x2",0.177005920984126,0.103603575598619,0.1,FALSE,"n500_d4",500,4,7
"gamlss2","tau","t",0.175989487090218,0.133537943045375,0.11,FALSE,"n500_d4",500,4,7
"gamlss2","theta","intercept",NA,NA,NA,FALSE,"n500_d4",500,4,7
"gamlss2","theta","x1",NA,NA,NA,FALSE,"n500_d4",500,4,7
"gamlss2","theta","x2",NA,NA,NA,FALSE,"n500_d4",500,4,7
"gamlss2","theta","t",NA,NA,NA,FALSE,"n500_d4",500,4,7
"gamlss2","zeta","intercept",NA,NA,NA,FALSE,"n500_d4",500,4,7
"gamlss2","zeta","x1",NA,NA,NA,FALSE,"n500_d4",500,4,7
"gamlss2","zeta","x2",NA,NA,NA,FALSE,"n500_d4",500,4,7
"gamlss2","zeta","t",NA,NA,NA,FALSE,"n500_d4",500,4,7
"gamlss.longitudinal","mu","intercept",0.816855932064362,0.0171151508972528,0.82351233443934,TRUE,"n500_d4",500,4,8
"gamlss.longitudinal","mu","x1",0.117470212831572,0.0120555232334766,0.12,FALSE,"n500_d4",500,4,8
"gamlss.longitudinal","mu","x2",-0.093466409639606,0.0224147030082303,-0.1,FALSE,"n500_d4",500,4,8
"gamlss.longitudinal","mu","t",0.172299455694468,0.0141149293059443,0.18,FALSE,"n500_d4",500,4,8
"gamlss.longitudinal","sigma","intercept",-1.20512736651467,0.0418660199894809,-1.20986984304098,TRUE,"n500_d4",500,4,8
"gamlss.longitudinal","sigma","x1",0.170780836230285,0.027212493941851,0.18,FALSE,"n500_d4",500,4,8
"gamlss.longitudinal","sigma","x2",0.0380348203196363,0.0502077245773927,0.12,FALSE,"n500_d4",500,4,8
"gamlss.longitudinal","sigma","t",0.171627806569404,0.033674368193435,0.15,FALSE,"n500_d4",500,4,8
"gamlss.longitudinal","nu","intercept",-0.0584782732634342,0.0932288160453921,0,TRUE,"n500_d4",500,4,8
"gamlss.longitudinal","nu","x1",0.185836859041477,0.0595587895278613,0.1,FALSE,"n500_d4",500,4,8
"gamlss.longitudinal","nu","x2",-0.0857677329448013,0.100916275419321,-0.08,FALSE,"n500_d4",500,4,8
"gamlss.longitudinal","nu","t",0.17313128797303,0.101293735297032,0.12,FALSE,"n500_d4",500,4,8
"gamlss.longitudinal","tau","intercept",0.570184686204632,0.0835831178520496,0.5,TRUE,"n500_d4",500,4,8
"gamlss.longitudinal","tau","x1",-0.0473727096419304,0.0575141423091495,-0.08,FALSE,"n500_d4",500,4,8
"gamlss.longitudinal","tau","x2",0.0990941570189786,0.104563182874031,0.1,FALSE,"n500_d4",500,4,8
"gamlss.longitudinal","tau","t",0.0737894623117499,0.111433096713393,0.11,FALSE,"n500_d4",500,4,8
"gamlss.longitudinal","theta","intercept",1.07633805145536,0.0616011464929561,1.04862332665928,TRUE,"n500_d4",500,4,8
"gamlss.longitudinal","theta","x1",0.283655079433526,0.0356205318467902,0.25,FALSE,"n500_d4",500,4,8
"gamlss.longitudinal","theta","x2",-0.131814843329135,0.0700396485467424,-0.1,FALSE,"n500_d4",500,4,8
"gamlss.longitudinal","theta","t",0.2423323938674,0.09894588284022,0.2,FALSE,"n500_d4",500,4,8
"gamlss.longitudinal","zeta","intercept",1.53227218727689,0.616604302597934,0.5,TRUE,"n500_d4",500,4,8
"gamlss.longitudinal","zeta","x1",0.913514998055831,0.556273450987497,0.12,FALSE,"n500_d4",500,4,8
"gamlss.longitudinal","zeta","x2",0.0458783132142857,0.691518221388173,-0.1,FALSE,"n500_d4",500,4,8
"gamlss.longitudinal","zeta","t",-1.96258579481392,1.23559221871141,0.1,FALSE,"n500_d4",500,4,8
"gamlss2","mu","intercept",0.816764994634029,0.0136410103390687,0.82351233443934,FALSE,"n500_d4",500,4,8
"gamlss2","mu","x1",0.121934611344127,0.008209832708851,0.12,FALSE,"n500_d4",500,4,8
"gamlss2","mu","x2",-0.0978493821842431,0.0146717586684526,-0.1,FALSE,"n500_d4",500,4,8
"gamlss2","mu","t",0.174370778081684,0.0193944513256926,0.18,FALSE,"n500_d4",500,4,8
"gamlss2","sigma","intercept",-1.20702104006093,0.0328914010483967,-1.20986984304098,FALSE,"n500_d4",500,4,8
"gamlss2","sigma","x1",0.182323563575711,0.0187717620648208,0.18,FALSE,"n500_d4",500,4,8
"gamlss2","sigma","x2",0.0283620383850097,0.0330256157324461,0.12,FALSE,"n500_d4",500,4,8
"gamlss2","sigma","t",0.173105664946264,0.0425014052337019,0.15,FALSE,"n500_d4",500,4,8
"gamlss2","nu","intercept",-0.0102916919091987,0.109811512989173,0,FALSE,"n500_d4",500,4,8
"gamlss2","nu","x1",0.130727039432374,0.062857077080795,0.1,FALSE,"n500_d4",500,4,8
"gamlss2","nu","x2",-0.154608488807091,0.108547269606264,-0.08,FALSE,"n500_d4",500,4,8
"gamlss2","nu","t",0.105193488335818,0.135361381101054,0.12,FALSE,"n500_d4",500,4,8
"gamlss2","tau","intercept",0.482722233758601,0.0926127283095813,0.5,FALSE,"n500_d4",500,4,8
"gamlss2","tau","x1",-0.0265141996345658,0.0593335757081746,-0.08,FALSE,"n500_d4",500,4,8
"gamlss2","tau","x2",0.294180141327027,0.106267502769613,0.1,FALSE,"n500_d4",500,4,8
"gamlss2","tau","t",0.131015427975016,0.136051763136853,0.11,FALSE,"n500_d4",500,4,8
"gamlss2","theta","intercept",NA,NA,NA,FALSE,"n500_d4",500,4,8
"gamlss2","theta","x1",NA,NA,NA,FALSE,"n500_d4",500,4,8
"gamlss2","theta","x2",NA,NA,NA,FALSE,"n500_d4",500,4,8
"gamlss2","theta","t",NA,NA,NA,FALSE,"n500_d4",500,4,8
"gamlss2","zeta","intercept",NA,NA,NA,FALSE,"n500_d4",500,4,8
"gamlss2","zeta","x1",NA,NA,NA,FALSE,"n500_d4",500,4,8
"gamlss2","zeta","x2",NA,NA,NA,FALSE,"n500_d4",500,4,8
"gamlss2","zeta","t",NA,NA,NA,FALSE,"n500_d4",500,4,8
"gamlss.longitudinal","mu","intercept",0.784849366030894,0.0163420983245504,0.767681495733233,TRUE,"n500_d4",500,4,9
"gamlss.longitudinal","mu","x1",0.12389909125172,0.0116919178486632,0.12,FALSE,"n500_d4",500,4,9
"gamlss.longitudinal","mu","x2",-0.108748957649615,0.0224076578270376,-0.1,FALSE,"n500_d4",500,4,9
"gamlss.longitudinal","mu","t",0.159150473772016,0.0139579249563731,0.18,FALSE,"n500_d4",500,4,9
"gamlss.longitudinal","sigma","intercept",-1.23909485197989,0.0465506308725174,-1.21441099987967,TRUE,"n500_d4",500,4,9
"gamlss.longitudinal","sigma","x1",0.228015708158646,0.0256778741791192,0.18,FALSE,"n500_d4",500,4,9
"gamlss.longitudinal","sigma","x2",0.139579008966193,0.0535697881978681,0.12,FALSE,"n500_d4",500,4,9
"gamlss.longitudinal","sigma","t",0.194766402219936,0.0332294707780034,0.15,FALSE,"n500_d4",500,4,9
"gamlss.longitudinal","nu","intercept",0.0540519372108419,0.0976486125393991,0,TRUE,"n500_d4",500,4,9
"gamlss.longitudinal","nu","x1",0.107599478419615,0.0486499533713447,0.1,FALSE,"n500_d4",500,4,9
"gamlss.longitudinal","nu","x2",-0.0574825544312772,0.0966130505363075,-0.08,FALSE,"n500_d4",500,4,9
"gamlss.longitudinal","nu","t",-0.00471898553176103,0.0923728051417421,0.12,FALSE,"n500_d4",500,4,9
"gamlss.longitudinal","tau","intercept",0.359748263759884,0.0928354724458905,0.5,TRUE,"n500_d4",500,4,9
"gamlss.longitudinal","tau","x1",-0.00745435383044554,0.0546644496308436,-0.08,FALSE,"n500_d4",500,4,9
"gamlss.longitudinal","tau","x2",0.290418987588006,0.104672522392404,0.1,FALSE,"n500_d4",500,4,9
"gamlss.longitudinal","tau","t",0.216520341451466,0.118025639785476,0.11,FALSE,"n500_d4",500,4,9
"gamlss.longitudinal","theta","intercept",1.01986769405322,0.0637623863919778,1.03866410379005,TRUE,"n500_d4",500,4,9
"gamlss.longitudinal","theta","x1",0.307738767639571,0.0356405820363905,0.25,FALSE,"n500_d4",500,4,9
"gamlss.longitudinal","theta","x2",-0.154960228767837,0.0713889069290636,-0.1,FALSE,"n500_d4",500,4,9
"gamlss.longitudinal","theta","t",0.427134067655684,0.101909905251251,0.2,FALSE,"n500_d4",500,4,9
"gamlss.longitudinal","zeta","intercept",-0.480196276860034,0.735139560343714,0.5,TRUE,"n500_d4",500,4,9
"gamlss.longitudinal","zeta","x1",0.167135748403413,0.297330551501401,0.12,FALSE,"n500_d4",500,4,9
"gamlss.longitudinal","zeta","x2",0.983507936368212,0.68840371394224,-0.1,FALSE,"n500_d4",500,4,9
"gamlss.longitudinal","zeta","t",1.93210502916032,1.17807260137517,0.1,FALSE,"n500_d4",500,4,9
"gamlss2","mu","intercept",0.787069222976625,0.0134032303496344,0.767681495733233,FALSE,"n500_d4",500,4,9
"gamlss2","mu","x1",0.124243879545396,0.00769739357251636,0.12,FALSE,"n500_d4",500,4,9
"gamlss2","mu","x2",-0.114284345037143,0.0148096370271074,-0.1,FALSE,"n500_d4",500,4,9
"gamlss2","mu","t",0.166984543438017,0.0192017221817129,0.18,FALSE,"n500_d4",500,4,9
"gamlss2","sigma","intercept",-1.25623581326538,0.0320020933183954,-1.21441099987967,FALSE,"n500_d4",500,4,9
"gamlss2","sigma","x1",0.235617140249257,0.0169563590505948,0.18,FALSE,"n500_d4",500,4,9
"gamlss2","sigma","x2",0.155637514499556,0.0326035724930022,0.12,FALSE,"n500_d4",500,4,9
"gamlss2","sigma","t",0.19897339986676,0.0420843104059448,0.15,FALSE,"n500_d4",500,4,9
"gamlss2","nu","intercept",0.209203122559869,0.105192128199182,0,FALSE,"n500_d4",500,4,9
"gamlss2","nu","x1",0.0514834238441255,0.046908063614102,0.1,FALSE,"n500_d4",500,4,9
"gamlss2","nu","x2",-0.209911415469535,0.096255088476299,-0.08,FALSE,"n500_d4",500,4,9
"gamlss2","nu","t",0.00374929996360864,0.121864059057205,0.12,FALSE,"n500_d4",500,4,9
"gamlss2","tau","intercept",0.557411012800265,0.104845765798801,0.5,FALSE,"n500_d4",500,4,9
"gamlss2","tau","x1",0.0550350895158831,0.0596835770715874,-0.08,FALSE,"n500_d4",500,4,9
"gamlss2","tau","x2",0.17681953122676,0.114139676691997,0.1,FALSE,"n500_d4",500,4,9
"gamlss2","tau","t",0.193085778986217,0.151979392965795,0.11,FALSE,"n500_d4",500,4,9
"gamlss2","theta","intercept",NA,NA,NA,FALSE,"n500_d4",500,4,9
"gamlss2","theta","x1",NA,NA,NA,FALSE,"n500_d4",500,4,9
"gamlss2","theta","x2",NA,NA,NA,FALSE,"n500_d4",500,4,9
"gamlss2","theta","t",NA,NA,NA,FALSE,"n500_d4",500,4,9
"gamlss2","zeta","intercept",NA,NA,NA,FALSE,"n500_d4",500,4,9
"gamlss2","zeta","x1",NA,NA,NA,FALSE,"n500_d4",500,4,9
"gamlss2","zeta","x2",NA,NA,NA,FALSE,"n500_d4",500,4,9
"gamlss2","zeta","t",NA,NA,NA,FALSE,"n500_d4",500,4,9
"gamlss.longitudinal","mu","intercept",0.797452036546995,0.0163039923522522,0.793381906971634,TRUE,"n500_d4",500,4,10
"gamlss.longitudinal","mu","x1",0.11301729217884,0.011219064334212,0.12,FALSE,"n500_d4",500,4,10
"gamlss.longitudinal","mu","x2",-0.114892278065653,0.0212921163128621,-0.1,FALSE,"n500_d4",500,4,10
"gamlss.longitudinal","mu","t",0.175539120697309,0.0136922619384129,0.18,FALSE,"n500_d4",500,4,10
"gamlss.longitudinal","sigma","intercept",-1.12280864617484,0.0161709760203698,-1.20533974831077,TRUE,"n500_d4",500,4,10
"gamlss.longitudinal","sigma","x1",0.210231068664484,0.0254825053780784,0.18,FALSE,"n500_d4",500,4,10
"gamlss.longitudinal","sigma","x2",0.0355972217529045,0.0380482740891448,0.12,FALSE,"n500_d4",500,4,10
"gamlss.longitudinal","sigma","t",0.131634715553778,0.0314081721970005,0.15,FALSE,"n500_d4",500,4,10
"gamlss.longitudinal","nu","intercept",-0.0767369570285564,0.0949995634024997,0,TRUE,"n500_d4",500,4,10
"gamlss.longitudinal","nu","x1",0.110283874468192,0.0508328757307555,0.1,FALSE,"n500_d4",500,4,10
"gamlss.longitudinal","nu","x2",-0.0538137419485784,0.0947921354076328,-0.08,FALSE,"n500_d4",500,4,10
"gamlss.longitudinal","nu","t",0.188721306814856,0.0886972169706064,0.12,FALSE,"n500_d4",500,4,10
"gamlss.longitudinal","tau","intercept",0.340696049715762,0.0135410626935488,0.5,TRUE,"n500_d4",500,4,10
"gamlss.longitudinal","tau","x1",0.0293532942605993,0.05458942153377,-0.08,FALSE,"n500_d4",500,4,10
"gamlss.longitudinal","tau","x2",0.320971358242077,0.065216114381421,0.1,FALSE,"n500_d4",500,4,10
"gamlss.longitudinal","tau","t",0.149591048954026,0.112577917041984,0.11,FALSE,"n500_d4",500,4,10
"gamlss.longitudinal","theta","intercept",1.11407317161404,0.0542585564841749,1.04044408954803,TRUE,"n500_d4",500,4,10
"gamlss.longitudinal","theta","x1",0.295722420406348,0.0293063202863899,0.25,FALSE,"n500_d4",500,4,10
"gamlss.longitudinal","theta","x2",-0.163249557572076,0.0665098477190803,-0.1,FALSE,"n500_d4",500,4,10
"gamlss.longitudinal","theta","t",0.153026092492862,0.112736347167881,0.2,FALSE,"n500_d4",500,4,10
"gamlss.longitudinal","zeta","intercept",-2.2975125863747,10.3570953795548,0.5,TRUE,"n500_d4",500,4,10
"gamlss.longitudinal","zeta","x1",1.02555362647292,1.77151295007725,0.12,FALSE,"n500_d4",500,4,10
"gamlss.longitudinal","zeta","x2",3.0464603956836,11.3084209844235,-0.1,FALSE,"n500_d4",500,4,10
"gamlss.longitudinal","zeta","t",-0.216699253943893,1.69726631338227,0.1,FALSE,"n500_d4",500,4,10
"gamlss2","mu","intercept",0.799236528769778,0.0132964657077136,0.793381906971634,FALSE,"n500_d4",500,4,10
"gamlss2","mu","x1",0.117349587856645,0.00631702425838344,0.12,FALSE,"n500_d4",500,4,10
"gamlss2","mu","x2",-0.124303178036728,0.0138960087601256,-0.1,FALSE,"n500_d4",500,4,10
"gamlss2","mu","t",0.1791341221016,0.0197007185867807,0.18,FALSE,"n500_d4",500,4,10
"gamlss2","sigma","intercept",-1.14577963265193,0.0364026708294793,-1.20533974831077,FALSE,"n500_d4",500,4,10
"gamlss2","sigma","x1",0.222679602564843,0.0171554292161696,0.18,FALSE,"n500_d4",500,4,10
"gamlss2","sigma","x2",0.0474408625369342,0.0354074536925262,0.12,FALSE,"n500_d4",500,4,10
"gamlss2","sigma","t",0.133906619502977,0.0448103773170749,0.15,FALSE,"n500_d4",500,4,10
"gamlss2","nu","intercept",-0.0544651828383911,0.110140430495778,0,FALSE,"n500_d4",500,4,10
"gamlss2","nu","x1",0.167383437592534,0.0522372263257912,0.1,FALSE,"n500_d4",500,4,10
"gamlss2","nu","x2",-0.180663393337782,0.104358071806246,-0.08,FALSE,"n500_d4",500,4,10
"gamlss2","nu","t",0.175861832002925,0.129813090571142,0.12,FALSE,"n500_d4",500,4,10
"gamlss2","tau","intercept",0.269143628956295,0.0964652853228138,0.5,FALSE,"n500_d4",500,4,10
"gamlss2","tau","x1",0.110515603333868,0.05990081799932,-0.08,FALSE,"n500_d4",500,4,10
"gamlss2","tau","x2",0.481257662136142,0.113246751179061,0.1,FALSE,"n500_d4",500,4,10
"gamlss2","tau","t",0.136961149424618,0.142101696004241,0.11,FALSE,"n500_d4",500,4,10
"gamlss2","theta","intercept",NA,NA,NA,FALSE,"n500_d4",500,4,10
"gamlss2","theta","x1",NA,NA,NA,FALSE,"n500_d4",500,4,10
"gamlss2","theta","x2",NA,NA,NA,FALSE,"n500_d4",500,4,10
"gamlss2","theta","t",NA,NA,NA,FALSE,"n500_d4",500,4,10
"gamlss2","zeta","intercept",NA,NA,NA,FALSE,"n500_d4",500,4,10
"gamlss2","zeta","x1",NA,NA,NA,FALSE,"n500_d4",500,4,10
"gamlss2","zeta","x2",NA,NA,NA,FALSE,"n500_d4",500,4,10
"gamlss2","zeta","t",NA,NA,NA,FALSE,"n500_d4",500,4,10
"gamlss.longitudinal","mu","intercept",0.785994502299639,0.0184642335220949,0.784770019338618,TRUE,"n500_d4",500,4,11
"gamlss.longitudinal","mu","x1",0.116596437193901,0.0112256235908047,0.12,FALSE,"n500_d4",500,4,11
"gamlss.longitudinal","mu","x2",-0.0918231658214908,0.0242732715573681,-0.1,FALSE,"n500_d4",500,4,11
"gamlss.longitudinal","mu","t",0.200920106883147,0.0138098162363265,0.18,FALSE,"n500_d4",500,4,11
"gamlss.longitudinal","sigma","intercept",-1.14943091300942,0.0446822709598107,-1.21822944896035,TRUE,"n500_d4",500,4,11
"gamlss.longitudinal","sigma","x1",0.142529063846674,0.0251099457830486,0.18,FALSE,"n500_d4",500,4,11
"gamlss.longitudinal","sigma","x2",0.00132745175586003,0.053033835351067,0.12,FALSE,"n500_d4",500,4,11
"gamlss.longitudinal","sigma","t",0.155635850925224,0.0317496809536018,0.15,FALSE,"n500_d4",500,4,11
"gamlss.longitudinal","nu","intercept",-0.072355625034438,0.0920066846947267,0,TRUE,"n500_d4",500,4,11
"gamlss.longitudinal","nu","x1",0.150231464887262,0.0531207302780948,0.1,FALSE,"n500_d4",500,4,11
"gamlss.longitudinal","nu","x2",-0.0119259071369675,0.100626116620504,-0.08,FALSE,"n500_d4",500,4,11
"gamlss.longitudinal","nu","t",0.130685820086076,0.0918484842506599,0.12,FALSE,"n500_d4",500,4,11
"gamlss.longitudinal","tau","intercept",0.393223170541562,0.0847977844548912,0.5,TRUE,"n500_d4",500,4,11
"gamlss.longitudinal","tau","x1",-0.134817953178618,0.0546430374337028,-0.08,FALSE,"n500_d4",500,4,11
"gamlss.longitudinal","tau","x2",0.301027052393016,0.103133398863285,0.1,FALSE,"n500_d4",500,4,11
"gamlss.longitudinal","tau","t",0.118952561466032,0.0953826317564609,0.11,FALSE,"n500_d4",500,4,11
"gamlss.longitudinal","theta","intercept",1.06187924094325,0.068308906229309,1.04656834783924,TRUE,"n500_d4",500,4,11
"gamlss.longitudinal","theta","x1",0.205873292090702,0.0373873739841007,0.25,FALSE,"n500_d4",500,4,11
"gamlss.longitudinal","theta","x2",-0.153291984773036,0.0772896617320117,-0.1,FALSE,"n500_d4",500,4,11
"gamlss.longitudinal","theta","t",0.304253096979122,0.110752210369563,0.2,FALSE,"n500_d4",500,4,11
"gamlss.longitudinal","zeta","intercept",-1.138127008042,1.23885935402135,0.5,TRUE,"n500_d4",500,4,11
"gamlss.longitudinal","zeta","x1",-0.591364439510102,0.549228751519845,0.12,FALSE,"n500_d4",500,4,11
"gamlss.longitudinal","zeta","x2",1.13043582881746,0.998915380231077,-0.1,FALSE,"n500_d4",500,4,11
"gamlss.longitudinal","zeta","t",2.109868732653,1.56607759769894,0.1,FALSE,"n500_d4",500,4,11
"gamlss2","mu","intercept",0.785145351073237,0.014225938947491,0.784770019338618,FALSE,"n500_d4",500,4,11
"gamlss2","mu","x1",0.118228825727308,0.00751639929451894,0.12,FALSE,"n500_d4",500,4,11
"gamlss2","mu","x2",-0.0894248020136406,0.0156580095642938,-0.1,FALSE,"n500_d4",500,4,11
"gamlss2","mu","t",0.202066290384711,0.0203769581425249,0.18,FALSE,"n500_d4",500,4,11
"gamlss2","sigma","intercept",-1.14470986643157,0.0351532445909624,-1.21822944896035,FALSE,"n500_d4",500,4,11
"gamlss2","sigma","x1",0.127750981224069,0.0184616222655905,0.18,FALSE,"n500_d4",500,4,11
"gamlss2","sigma","x2",0.000992953368080024,0.0355311833188772,0.12,FALSE,"n500_d4",500,4,11
"gamlss2","sigma","t",0.14102518980232,0.0449930099380198,0.15,FALSE,"n500_d4",500,4,11
"gamlss2","nu","intercept",0.120128915580912,0.10976020912405,0,FALSE,"n500_d4",500,4,11
"gamlss2","nu","x1",0.121874233639788,0.0613390636790185,0.1,FALSE,"n500_d4",500,4,11
"gamlss2","nu","x2",-0.122633292442662,0.10669941149407,-0.08,FALSE,"n500_d4",500,4,11
"gamlss2","nu","t",-0.0281141958719103,0.140405254051003,0.12,FALSE,"n500_d4",500,4,11
"gamlss2","tau","intercept",0.376578016406808,0.0924564893732474,0.5,FALSE,"n500_d4",500,4,11
"gamlss2","tau","x1",-0.103456584567112,0.0537543442479987,-0.08,FALSE,"n500_d4",500,4,11
"gamlss2","tau","x2",0.336294418165918,0.0981153160821741,0.1,FALSE,"n500_d4",500,4,11
"gamlss2","tau","t",0.0759488986094666,0.129015768086773,0.11,FALSE,"n500_d4",500,4,11
"gamlss2","theta","intercept",NA,NA,NA,FALSE,"n500_d4",500,4,11
"gamlss2","theta","x1",NA,NA,NA,FALSE,"n500_d4",500,4,11
"gamlss2","theta","x2",NA,NA,NA,FALSE,"n500_d4",500,4,11
"gamlss2","theta","t",NA,NA,NA,FALSE,"n500_d4",500,4,11
"gamlss2","zeta","intercept",NA,NA,NA,FALSE,"n500_d4",500,4,11
"gamlss2","zeta","x1",NA,NA,NA,FALSE,"n500_d4",500,4,11
"gamlss2","zeta","x2",NA,NA,NA,FALSE,"n500_d4",500,4,11
"gamlss2","zeta","t",NA,NA,NA,FALSE,"n500_d4",500,4,11
"gamlss.longitudinal","mu","intercept",0.794061861701347,0.0161426716355602,0.793596431756631,TRUE,"n500_d4",500,4,12
"gamlss.longitudinal","mu","x1",0.127068890490017,0.0115527048456531,0.12,FALSE,"n500_d4",500,4,12
"gamlss.longitudinal","mu","x2",-0.110891067086088,0.0233245159153634,-0.1,FALSE,"n500_d4",500,4,12
"gamlss.longitudinal","mu","t",0.18877332363189,0.0149445249108943,0.18,FALSE,"n500_d4",500,4,12
"gamlss.longitudinal","sigma","intercept",-1.2401945920621,0.042947904082796,-1.20195232052042,TRUE,"n500_d4",500,4,12
"gamlss.longitudinal","sigma","x1",0.13736608076033,0.0270835209620026,0.18,FALSE,"n500_d4",500,4,12
"gamlss.longitudinal","sigma","x2",0.133146012268945,0.052799343276213,0.12,FALSE,"n500_d4",500,4,12
"gamlss.longitudinal","sigma","t",0.187254417562721,0.0369929515869898,0.15,FALSE,"n500_d4",500,4,12
"gamlss.longitudinal","nu","intercept",-0.246609854382255,0.0971983240633391,0,TRUE,"n500_d4",500,4,12
"gamlss.longitudinal","nu","x1",0.167296055855169,0.0549501042813702,0.1,FALSE,"n500_d4",500,4,12
"gamlss.longitudinal","nu","x2",-0.0173386639815746,0.104599041497694,-0.08,FALSE,"n500_d4",500,4,12
"gamlss.longitudinal","nu","t",0.385202362511706,0.111480594374792,0.12,FALSE,"n500_d4",500,4,12
"gamlss.longitudinal","tau","intercept",0.565624721313753,0.091706946875469,0.5,TRUE,"n500_d4",500,4,12
"gamlss.longitudinal","tau","x1",0.0187995601945655,0.0551782404754516,-0.08,FALSE,"n500_d4",500,4,12
"gamlss.longitudinal","tau","x2",0.0275799543252166,0.106367558564601,0.1,FALSE,"n500_d4",500,4,12
"gamlss.longitudinal","tau","t",0.0700328207667787,0.11756263383439,0.11,FALSE,"n500_d4",500,4,12
"gamlss.longitudinal","theta","intercept",1.01778656736217,0.0600861188411371,1.03660326691904,TRUE,"n500_d4",500,4,12
"gamlss.longitudinal","theta","x1",0.245338703658083,0.0354112538445686,0.25,FALSE,"n500_d4",500,4,12
"gamlss.longitudinal","theta","x2",-0.152471626398808,0.070731081866287,-0.1,FALSE,"n500_d4",500,4,12
"gamlss.longitudinal","theta","t",0.243297274645235,0.105068878995457,0.2,FALSE,"n500_d4",500,4,12
"gamlss.longitudinal","zeta","intercept",1.4370579070172,0.635981784367925,0.5,TRUE,"n500_d4",500,4,12
"gamlss.longitudinal","zeta","x1",0.708674732606052,0.398870118460862,0.12,FALSE,"n500_d4",500,4,12
"gamlss.longitudinal","zeta","x2",-0.452807647092547,0.732414016147286,-0.1,FALSE,"n500_d4",500,4,12
"gamlss.longitudinal","zeta","t",-1.26149455180515,1.2829650391085,0.1,FALSE,"n500_d4",500,4,12
"gamlss2","mu","intercept",0.794157650184298,0.0131885469963917,0.793596431756631,FALSE,"n500_d4",500,4,12
"gamlss2","mu","x1",0.130041334808778,0.00769986478020524,0.12,FALSE,"n500_d4",500,4,12
"gamlss2","mu","x2",-0.114871726000509,0.0151752113392031,-0.1,FALSE,"n500_d4",500,4,12
"gamlss2","mu","t",0.194474782327084,0.0197786949808775,0.18,FALSE,"n500_d4",500,4,12
"gamlss2","sigma","intercept",-1.27418680885009,0.032796911686697,-1.20195232052042,FALSE,"n500_d4",500,4,12
"gamlss2","sigma","x1",0.133748756522083,0.0172046789934898,0.18,FALSE,"n500_d4",500,4,12
"gamlss2","sigma","x2",0.136035946000262,0.0330873582998956,0.12,FALSE,"n500_d4",500,4,12
"gamlss2","sigma","t",0.202339390672843,0.0435238311373459,0.15,FALSE,"n500_d4",500,4,12
"gamlss2","nu","intercept",-0.38716212364409,0.11524945316399,0,FALSE,"n500_d4",500,4,12
"gamlss2","nu","x1",0.208915719562109,0.061714921113357,0.1,FALSE,"n500_d4",500,4,12
"gamlss2","nu","x2",0.0067991647490151,0.108227397704411,-0.08,FALSE,"n500_d4",500,4,12
"gamlss2","nu","t",0.534342553805149,0.139871673695832,0.12,FALSE,"n500_d4",500,4,12
"gamlss2","tau","intercept",0.577894375086749,0.0997943959993532,0.5,FALSE,"n500_d4",500,4,12
"gamlss2","tau","x1",0.0825848033817691,0.0595928844798192,-0.08,FALSE,"n500_d4",500,4,12
"gamlss2","tau","x2",0.0373741774574057,0.10780611945557,0.1,FALSE,"n500_d4",500,4,12
"gamlss2","tau","t",0.16107428102043,0.136001224037535,0.11,FALSE,"n500_d4",500,4,12
"gamlss2","theta","intercept",NA,NA,NA,FALSE,"n500_d4",500,4,12
"gamlss2","theta","x1",NA,NA,NA,FALSE,"n500_d4",500,4,12
"gamlss2","theta","x2",NA,NA,NA,FALSE,"n500_d4",500,4,12
"gamlss2","theta","t",NA,NA,NA,FALSE,"n500_d4",500,4,12
"gamlss2","zeta","intercept",NA,NA,NA,FALSE,"n500_d4",500,4,12
"gamlss2","zeta","x1",NA,NA,NA,FALSE,"n500_d4",500,4,12
"gamlss2","zeta","x2",NA,NA,NA,FALSE,"n500_d4",500,4,12
"gamlss2","zeta","t",NA,NA,NA,FALSE,"n500_d4",500,4,12
"gamlss.longitudinal","mu","intercept",0.800574000129739,0.0163154195453015,0.799346696909814,TRUE,"n500_d4",500,4,13
"gamlss.longitudinal","mu","x1",0.1248558826946,0.0121915623429807,0.12,FALSE,"n500_d4",500,4,13
"gamlss.longitudinal","mu","x2",-0.0953865261540552,0.0234684970368837,-0.1,FALSE,"n500_d4",500,4,13
"gamlss.longitudinal","mu","t",0.182954434483285,0.0143981010459672,0.18,FALSE,"n500_d4",500,4,13
"gamlss.longitudinal","sigma","intercept",-1.24166714814123,0.039909279613731,-1.206269620863,TRUE,"n500_d4",500,4,13
"gamlss.longitudinal","sigma","x1",0.148263928507148,0.0258395652978294,0.18,FALSE,"n500_d4",500,4,13
"gamlss.longitudinal","sigma","x2",0.131499686619565,0.0523044107102976,0.12,FALSE,"n500_d4",500,4,13
"gamlss.longitudinal","sigma","t",0.160005831037371,0.0372625433776843,0.15,FALSE,"n500_d4",500,4,13
"gamlss.longitudinal","nu","intercept",-0.0613391586818294,0.0950044728781616,0,TRUE,"n500_d4",500,4,13
"gamlss.longitudinal","nu","x1",0.197373519478115,0.0446423810886556,0.1,FALSE,"n500_d4",500,4,13
"gamlss.longitudinal","nu","x2",0.00518424558751586,0.100668101844667,-0.08,FALSE,"n500_d4",500,4,13
"gamlss.longitudinal","nu","t",0.201714924939244,0.110321449870712,0.12,FALSE,"n500_d4",500,4,13
"gamlss.longitudinal","tau","intercept",0.5488211072143,0.0853875970159979,0.5,TRUE,"n500_d4",500,4,13
"gamlss.longitudinal","tau","x1",0.0930448910048726,0.0482667413218814,-0.08,FALSE,"n500_d4",500,4,13
"gamlss.longitudinal","tau","x2",0.169152430460681,0.103250388690214,0.1,FALSE,"n500_d4",500,4,13
"gamlss.longitudinal","tau","t",-0.0509324926535358,0.12262713798562,0.11,FALSE,"n500_d4",500,4,13
"gamlss.longitudinal","theta","intercept",0.93447124842134,0.0569353983873162,1.04008882789975,TRUE,"n500_d4",500,4,13
"gamlss.longitudinal","theta","x1",0.236296397684982,0.0324901734312774,0.25,FALSE,"n500_d4",500,4,13
"gamlss.longitudinal","theta","x2",-0.0216097826884544,0.0686077369966753,-0.1,FALSE,"n500_d4",500,4,13
"gamlss.longitudinal","theta","t",0.373343702547792,0.0973817562284613,0.2,FALSE,"n500_d4",500,4,13
"gamlss.longitudinal","zeta","intercept",0.556482227627006,0.624215159360065,0.5,TRUE,"n500_d4",500,4,13
"gamlss.longitudinal","zeta","x1",1.12048902443011,0.453947543959927,0.12,FALSE,"n500_d4",500,4,13
"gamlss.longitudinal","zeta","x2",-0.039203104543823,0.725701487853455,-0.1,FALSE,"n500_d4",500,4,13
"gamlss.longitudinal","zeta","t",1.70451793172834,1.20813886419026,0.1,FALSE,"n500_d4",500,4,13
"gamlss2","mu","intercept",0.803853981223713,0.0137047721419998,0.799346696909814,FALSE,"n500_d4",500,4,13
"gamlss2","mu","x1",0.126428634498174,0.00755116799987583,0.12,FALSE,"n500_d4",500,4,13
"gamlss2","mu","x2",-0.097991107700206,0.0151129167623806,-0.1,FALSE,"n500_d4",500,4,13
"gamlss2","mu","t",0.183350490329753,0.0197338661555873,0.18,FALSE,"n500_d4",500,4,13
"gamlss2","sigma","intercept",-1.25584686865965,0.0318060216521694,-1.206269620863,FALSE,"n500_d4",500,4,13
"gamlss2","sigma","x1",0.160145560546913,0.0168230273336287,0.18,FALSE,"n500_d4",500,4,13
"gamlss2","sigma","x2",0.12471464260978,0.0340746335843539,0.12,FALSE,"n500_d4",500,4,13
"gamlss2","sigma","t",0.183912398549039,0.0431628778548708,0.15,FALSE,"n500_d4",500,4,13
"gamlss2","nu","intercept",0.0075567140608215,0.105276690920697,0,FALSE,"n500_d4",500,4,13
"gamlss2","nu","x1",0.158219387588038,0.0486626661563006,0.1,FALSE,"n500_d4",500,4,13
"gamlss2","nu","x2",-0.165600336330379,0.107215281550261,-0.08,FALSE,"n500_d4",500,4,13
"gamlss2","nu","t",0.295396029497854,0.134698524640354,0.12,FALSE,"n500_d4",500,4,13
"gamlss2","tau","intercept",0.521016611607652,0.0926744298051974,0.5,FALSE,"n500_d4",500,4,13
"gamlss2","tau","x1",0.118669624720983,0.0580194653381345,-0.08,FALSE,"n500_d4",500,4,13
"gamlss2","tau","x2",0.46061354302567,0.112240816654328,0.1,FALSE,"n500_d4",500,4,13
"gamlss2","tau","t",-0.109553797806533,0.144541155307458,0.11,FALSE,"n500_d4",500,4,13
"gamlss2","theta","intercept",NA,NA,NA,FALSE,"n500_d4",500,4,13
"gamlss2","theta","x1",NA,NA,NA,FALSE,"n500_d4",500,4,13
"gamlss2","theta","x2",NA,NA,NA,FALSE,"n500_d4",500,4,13
"gamlss2","theta","t",NA,NA,NA,FALSE,"n500_d4",500,4,13
"gamlss2","zeta","intercept",NA,NA,NA,FALSE,"n500_d4",500,4,13
"gamlss2","zeta","x1",NA,NA,NA,FALSE,"n500_d4",500,4,13
"gamlss2","zeta","x2",NA,NA,NA,FALSE,"n500_d4",500,4,13
"gamlss2","zeta","t",NA,NA,NA,FALSE,"n500_d4",500,4,13
"gamlss.longitudinal","mu","intercept",0.822850045982693,0.0172274255364327,0.820521268295158,TRUE,"n500_d4",500,4,14
"gamlss.longitudinal","mu","x1",0.117271346987675,0.0105224678463041,0.12,FALSE,"n500_d4",500,4,14
"gamlss.longitudinal","mu","x2",-0.117296328704364,0.0229554056147691,-0.1,FALSE,"n500_d4",500,4,14
"gamlss.longitudinal","mu","t",0.176388494674767,0.014017481848922,0.18,FALSE,"n500_d4",500,4,14
"gamlss.longitudinal","sigma","intercept",-1.18256397970501,0.0449696077173762,-1.20449276860898,TRUE,"n500_d4",500,4,14
"gamlss.longitudinal","sigma","x1",0.179947639409565,0.0234868520344339,0.18,FALSE,"n500_d4",500,4,14
"gamlss.longitudinal","sigma","x2",0.108917959248245,0.0507897359918808,0.12,FALSE,"n500_d4",500,4,14
"gamlss.longitudinal","sigma","t",0.133171584036292,0.0331333021973321,0.15,FALSE,"n500_d4",500,4,14
"gamlss.longitudinal","nu","intercept",-0.0852325201122294,0.0954965313136641,0,TRUE,"n500_d4",500,4,14
"gamlss.longitudinal","nu","x1",0.0746458037887208,0.0479668590062881,0.1,FALSE,"n500_d4",500,4,14
"gamlss.longitudinal","nu","x2",-0.0509578402718028,0.0999984087936335,-0.08,FALSE,"n500_d4",500,4,14
"gamlss.longitudinal","nu","t",0.174627242383223,0.098875254274052,0.12,FALSE,"n500_d4",500,4,14
"gamlss.longitudinal","tau","intercept",0.342372691536406,0.0905176068000411,0.5,TRUE,"n500_d4",500,4,14
"gamlss.longitudinal","tau","x1",-0.0109674865977982,0.0538584339629635,-0.08,FALSE,"n500_d4",500,4,14
"gamlss.longitudinal","tau","x2",0.193992938689601,0.109624973144596,0.1,FALSE,"n500_d4",500,4,14
"gamlss.longitudinal","tau","t",0.396260148544431,0.121437046040238,0.11,FALSE,"n500_d4",500,4,14
"gamlss.longitudinal","theta","intercept",1.15905110534256,0.0613044919978438,1.04166077142437,TRUE,"n500_d4",500,4,14
"gamlss.longitudinal","theta","x1",0.273620106003576,0.0341637339269451,0.25,FALSE,"n500_d4",500,4,14
"gamlss.longitudinal","theta","x2",-0.171027963696014,0.0710284073065899,-0.1,FALSE,"n500_d4",500,4,14
"gamlss.longitudinal","theta","t",-0.0108035477894682,0.106310453153747,0.2,FALSE,"n500_d4",500,4,14
"gamlss.longitudinal","zeta","intercept",1.58931142257058,0.686043174899736,0.5,TRUE,"n500_d4",500,4,14
"gamlss.longitudinal","zeta","x1",0.0745956201297903,0.336431830888885,0.12,FALSE,"n500_d4",500,4,14
"gamlss.longitudinal","zeta","x2",-1.59642396439601,0.864750357992617,-0.1,FALSE,"n500_d4",500,4,14
"gamlss.longitudinal","zeta","t",-1.46387244032359,1.28071583122833,0.1,FALSE,"n500_d4",500,4,14
"gamlss2","mu","intercept",0.821320241039215,0.0143531638643164,0.820521268295158,FALSE,"n500_d4",500,4,14
"gamlss2","mu","x1",0.116578663294189,0.0074723316952342,0.12,FALSE,"n500_d4",500,4,14
"gamlss2","mu","x2",-0.123192015002224,0.0155666213560395,-0.1,FALSE,"n500_d4",500,4,14
"gamlss2","mu","t",0.180263775712077,0.0201251058386277,0.18,FALSE,"n500_d4",500,4,14
"gamlss2","sigma","intercept",-1.19634930174852,0.0325491480653892,-1.20449276860898,FALSE,"n500_d4",500,4,14
"gamlss2","sigma","x1",0.184572372089286,0.0157198736860144,0.18,FALSE,"n500_d4",500,4,14
"gamlss2","sigma","x2",0.0990645718033015,0.0318455313465241,0.12,FALSE,"n500_d4",500,4,14
"gamlss2","sigma","t",0.151579487882454,0.0421730199344789,0.15,FALSE,"n500_d4",500,4,14
"gamlss2","nu","intercept",-0.232765341307082,0.106837134096624,0,FALSE,"n500_d4",500,4,14
"gamlss2","nu","x1",0.0226786222865389,0.0487866238109201,0.1,FALSE,"n500_d4",500,4,14
"gamlss2","nu","x2",-0.0501634392580084,0.0995939954671317,-0.08,FALSE,"n500_d4",500,4,14
"gamlss2","nu","t",0.273142262250075,0.132715552352,0.12,FALSE,"n500_d4",500,4,14
"gamlss2","tau","intercept",0.513851867900461,0.105460005251558,0.5,FALSE,"n500_d4",500,4,14
"gamlss2","tau","x1",0.0106863900966418,0.0583026674882631,-0.08,FALSE,"n500_d4",500,4,14
"gamlss2","tau","x2",0.264141269392091,0.111427656139177,0.1,FALSE,"n500_d4",500,4,14
"gamlss2","tau","t",0.191091744985951,0.149131459248976,0.11,FALSE,"n500_d4",500,4,14
"gamlss2","theta","intercept",NA,NA,NA,FALSE,"n500_d4",500,4,14
"gamlss2","theta","x1",NA,NA,NA,FALSE,"n500_d4",500,4,14
"gamlss2","theta","x2",NA,NA,NA,FALSE,"n500_d4",500,4,14
"gamlss2","theta","t",NA,NA,NA,FALSE,"n500_d4",500,4,14
"gamlss2","zeta","intercept",NA,NA,NA,FALSE,"n500_d4",500,4,14
"gamlss2","zeta","x1",NA,NA,NA,FALSE,"n500_d4",500,4,14
"gamlss2","zeta","x2",NA,NA,NA,FALSE,"n500_d4",500,4,14
"gamlss2","zeta","t",NA,NA,NA,FALSE,"n500_d4",500,4,14
"gamlss.longitudinal","mu","intercept",0.764229588279055,0.0170592265477026,0.757400257226049,TRUE,"n500_d4",500,4,15
"gamlss.longitudinal","mu","x1",0.120897938224978,0.0113787302843503,0.12,FALSE,"n500_d4",500,4,15
"gamlss.longitudinal","mu","x2",-0.126887217280513,0.022464787197254,-0.1,FALSE,"n500_d4",500,4,15
"gamlss.longitudinal","mu","t",0.187686259155152,0.0144521876715102,0.18,FALSE,"n500_d4",500,4,15
"gamlss.longitudinal","sigma","intercept",-1.24450094512812,0.0386784174063819,-1.20338043316805,TRUE,"n500_d4",500,4,15
"gamlss.longitudinal","sigma","x1",0.209380905388817,0.0274253748903168,0.18,FALSE,"n500_d4",500,4,15
"gamlss.longitudinal","sigma","x2",0.127589634884719,0.051272844541737,0.12,FALSE,"n500_d4",500,4,15
"gamlss.longitudinal","sigma","t",0.154185187125277,0.0353609311907538,0.15,FALSE,"n500_d4",500,4,15
"gamlss.longitudinal","nu","intercept",-0.196907514796718,0.0936966301293853,0,TRUE,"n500_d4",500,4,15
"gamlss.longitudinal","nu","x1",0.0556369050529196,0.056809717144339,0.1,FALSE,"n500_d4",500,4,15
"gamlss.longitudinal","nu","x2",0.181778819508874,0.10065618654618,-0.08,FALSE,"n500_d4",500,4,15
"gamlss.longitudinal","nu","t",0.250032679023877,0.095604105896479,0.12,FALSE,"n500_d4",500,4,15
"gamlss.longitudinal","tau","intercept",0.668141314086808,0.0868278789833279,0.5,TRUE,"n500_d4",500,4,15
"gamlss.longitudinal","tau","x1",-0.0970717580127587,0.0609507687714396,-0.08,FALSE,"n500_d4",500,4,15
"gamlss.longitudinal","tau","x2",0.0598935105707419,0.107944253743803,0.1,FALSE,"n500_d4",500,4,15
"gamlss.longitudinal","tau","t",-0.113187121052187,0.111785804990518,0.11,FALSE,"n500_d4",500,4,15
"gamlss.longitudinal","theta","intercept",0.944850062912424,0.0586977406723831,1.03008145289401,TRUE,"n500_d4",500,4,15
"gamlss.longitudinal","theta","x1",0.237363115862393,0.0375786066477666,0.25,FALSE,"n500_d4",500,4,15
"gamlss.longitudinal","theta","x2",-0.0929810218049615,0.0706393390106977,-0.1,FALSE,"n500_d4",500,4,15
"gamlss.longitudinal","theta","t",0.349970902625401,0.107814063278189,0.2,FALSE,"n500_d4",500,4,15
"gamlss.longitudinal","zeta","intercept",0.950092314239158,0.466065960473534,0.5,TRUE,"n500_d4",500,4,15
"gamlss.longitudinal","zeta","x1",-0.144957713723868,0.416805657265801,0.12,FALSE,"n500_d4",500,4,15
"gamlss.longitudinal","zeta","x2",-0.0963522671885692,0.651769731722412,-0.1,FALSE,"n500_d4",500,4,15
"gamlss.longitudinal","zeta","t",-1.13432963865094,1.08893175406996,0.1,FALSE,"n500_d4",500,4,15
"gamlss2","mu","intercept",0.7625121901039,0.0136157202856653,0.757400257226049,FALSE,"n500_d4",500,4,15
"gamlss2","mu","x1",0.121106616708238,0.00760606270292659,0.12,FALSE,"n500_d4",500,4,15
"gamlss2","mu","x2",-0.111300627101858,0.014751184607961,-0.1,FALSE,"n500_d4",500,4,15
"gamlss2","mu","t",0.18718442490566,0.0190929434034352,0.18,FALSE,"n500_d4",500,4,15
"gamlss2","sigma","intercept",-1.24532631501373,0.0301636956201382,-1.20338043316805,FALSE,"n500_d4",500,4,15
"gamlss2","sigma","x1",0.215314747922317,0.0179928316476783,0.18,FALSE,"n500_d4",500,4,15
"gamlss2","sigma","x2",0.132543370736252,0.0333641394023628,0.12,FALSE,"n500_d4",500,4,15
"gamlss2","sigma","t",0.128122908714269,0.0426003305720329,0.15,FALSE,"n500_d4",500,4,15
"gamlss2","nu","intercept",-0.18911896606886,0.105967251695634,0,FALSE,"n500_d4",500,4,15
"gamlss2","nu","x1",-0.00823978895593278,0.0611054800819499,0.1,FALSE,"n500_d4",500,4,15
"gamlss2","nu","x2",0.340352257577265,0.106264989342685,-0.08,FALSE,"n500_d4",500,4,15
"gamlss2","nu","t",0.22013422033439,0.13519387019329,0.12,FALSE,"n500_d4",500,4,15
"gamlss2","tau","intercept",0.788472725996382,0.100372999879341,0.5,FALSE,"n500_d4",500,4,15
"gamlss2","tau","x1",-0.122288007155498,0.0631943712637591,-0.08,FALSE,"n500_d4",500,4,15
"gamlss2","tau","x2",0.031775857758506,0.11226186352048,0.1,FALSE,"n500_d4",500,4,15
"gamlss2","tau","t",-0.193371613388426,0.137246975123077,0.11,FALSE,"n500_d4",500,4,15
"gamlss2","theta","intercept",NA,NA,NA,FALSE,"n500_d4",500,4,15
"gamlss2","theta","x1",NA,NA,NA,FALSE,"n500_d4",500,4,15
"gamlss2","theta","x2",NA,NA,NA,FALSE,"n500_d4",500,4,15
"gamlss2","theta","t",NA,NA,NA,FALSE,"n500_d4",500,4,15
"gamlss2","zeta","intercept",NA,NA,NA,FALSE,"n500_d4",500,4,15
"gamlss2","zeta","x1",NA,NA,NA,FALSE,"n500_d4",500,4,15
"gamlss2","zeta","x2",NA,NA,NA,FALSE,"n500_d4",500,4,15
"gamlss2","zeta","t",NA,NA,NA,FALSE,"n500_d4",500,4,15
"gamlss.longitudinal","mu","intercept",0.777448499403349,0.0180981100723106,0.788018687271743,TRUE,"n500_d4",500,4,16
"gamlss.longitudinal","mu","x1",0.126352748401261,0.0111705106318636,0.12,FALSE,"n500_d4",500,4,16
"gamlss.longitudinal","mu","x2",-0.0933128101720351,0.0257354793281469,-0.1,FALSE,"n500_d4",500,4,16
"gamlss.longitudinal","mu","t",0.157806825671496,0.0145630145667075,0.18,FALSE,"n500_d4",500,4,16
"gamlss.longitudinal","sigma","intercept",-1.11964271637092,0.039108347675946,-1.19852005490343,TRUE,"n500_d4",500,4,16
"gamlss.longitudinal","sigma","x1",0.215160484824624,0.023473968169391,0.18,FALSE,"n500_d4",500,4,16
"gamlss.longitudinal","sigma","x2",0.115049401683208,0.0519383657057008,0.12,FALSE,"n500_d4",500,4,16
"gamlss.longitudinal","sigma","t",0.148637885157447,0.0312187808093098,0.15,FALSE,"n500_d4",500,4,16
"gamlss.longitudinal","nu","intercept",-0.0943869410720195,0.0804283965124053,0,TRUE,"n500_d4",500,4,16
"gamlss.longitudinal","nu","x1",0.0735977236242721,0.0482577873978072,0.1,FALSE,"n500_d4",500,4,16
"gamlss.longitudinal","nu","x2",0.0910586839608428,0.0918706907936019,-0.08,FALSE,"n500_d4",500,4,16
"gamlss.longitudinal","nu","t",0.0350225259292725,0.0735661576931912,0.12,FALSE,"n500_d4",500,4,16
"gamlss.longitudinal","tau","intercept",0.571476906022785,0.0854353624215402,0.5,TRUE,"n500_d4",500,4,16
"gamlss.longitudinal","tau","x1",-0.0658042563439005,0.0502253003558236,-0.08,FALSE,"n500_d4",500,4,16
"gamlss.longitudinal","tau","x2",0.106783165223318,0.114512963452043,0.1,FALSE,"n500_d4",500,4,16
"gamlss.longitudinal","tau","t",0.0166523011148012,0.11241223755444,0.11,FALSE,"n500_d4",500,4,16
"gamlss.longitudinal","theta","intercept",1.09274542126767,0.0593644969472135,1.03287122199942,TRUE,"n500_d4",500,4,16
"gamlss.longitudinal","theta","x1",0.295999670537342,0.0323907795059722,0.25,FALSE,"n500_d4",500,4,16
"gamlss.longitudinal","theta","x2",-0.187355718634188,0.0730103391249968,-0.1,FALSE,"n500_d4",500,4,16
"gamlss.longitudinal","theta","t",0.291582311731798,0.10781119383696,0.2,FALSE,"n500_d4",500,4,16
"gamlss.longitudinal","zeta","intercept",0.60122977740525,0.519247701709275,0.5,TRUE,"n500_d4",500,4,16
"gamlss.longitudinal","zeta","x1",0.044909006417116,0.313945829410794,0.12,FALSE,"n500_d4",500,4,16
"gamlss.longitudinal","zeta","x2",0.222765921525218,0.716399125146145,-0.1,FALSE,"n500_d4",500,4,16
"gamlss.longitudinal","zeta","t",-0.926959330989216,1.19497679354861,0.1,FALSE,"n500_d4",500,4,16
"gamlss2","mu","intercept",0.774351159712589,0.0138549357466291,0.788018687271743,FALSE,"n500_d4",500,4,16
"gamlss2","mu","x1",0.132463323293386,NA,0.12,FALSE,"n500_d4",500,4,16
"gamlss2","mu","x2",-0.0789993045578069,0.0171477498452684,-0.1,FALSE,"n500_d4",500,4,16
"gamlss2","mu","t",0.160974993352777,0.014083998023709,0.18,FALSE,"n500_d4",500,4,16
"gamlss2","sigma","intercept",-1.10788164377235,0.0354018068428556,-1.19852005490343,FALSE,"n500_d4",500,4,16
"gamlss2","sigma","x1",0.227666690752925,0.0165730834209886,0.18,FALSE,"n500_d4",500,4,16
"gamlss2","sigma","x2",0.144128829590268,0.0364166704043437,0.12,FALSE,"n500_d4",500,4,16
"gamlss2","sigma","t",0.165329289844861,0.0477452087976932,0.15,FALSE,"n500_d4",500,4,16
"gamlss2","nu","intercept",-0.0367207709257913,0.101327587327228,0,FALSE,"n500_d4",500,4,16
"gamlss2","nu","x1",0.140464811041441,0.0450876892931172,0.1,FALSE,"n500_d4",500,4,16
"gamlss2","nu","x2",0.077811239858217,0.101459618179164,-0.08,FALSE,"n500_d4",500,4,16
"gamlss2","nu","t",-0.0160362178209017,0.128129653832606,0.12,FALSE,"n500_d4",500,4,16
"gamlss2","tau","intercept",0.378995563676641,0.0940277100659297,0.5,FALSE,"n500_d4",500,4,16
"gamlss2","tau","x1",-0.1045915070312,0.0460168485465142,-0.08,FALSE,"n500_d4",500,4,16
"gamlss2","tau","x2",0.230741819733295,0.107764436451034,0.1,FALSE,"n500_d4",500,4,16
"gamlss2","tau","t",0.0121458753101089,0.12918589022133,0.11,FALSE,"n500_d4",500,4,16
"gamlss2","theta","intercept",NA,NA,NA,FALSE,"n500_d4",500,4,16
"gamlss2","theta","x1",NA,NA,NA,FALSE,"n500_d4",500,4,16
"gamlss2","theta","x2",NA,NA,NA,FALSE,"n500_d4",500,4,16
"gamlss2","theta","t",NA,NA,NA,FALSE,"n500_d4",500,4,16
"gamlss2","zeta","intercept",NA,NA,NA,FALSE,"n500_d4",500,4,16
"gamlss2","zeta","x1",NA,NA,NA,FALSE,"n500_d4",500,4,16
"gamlss2","zeta","x2",NA,NA,NA,FALSE,"n500_d4",500,4,16
"gamlss2","zeta","t",NA,NA,NA,FALSE,"n500_d4",500,4,16
"gamlss.longitudinal","mu","intercept",0.811532932931337,0.0155698017038207,0.792963977535213,TRUE,"n500_d4",500,4,17
"gamlss.longitudinal","mu","x1",0.108557747972104,0.0100705012765659,0.12,FALSE,"n500_d4",500,4,17
"gamlss.longitudinal","mu","x2",-0.137684440685583,0.0205895505994922,-0.1,FALSE,"n500_d4",500,4,17
"gamlss.longitudinal","mu","t",0.161888942741028,0.013699449567683,0.18,FALSE,"n500_d4",500,4,17
"gamlss.longitudinal","sigma","intercept",-1.12168065116535,0.0470121959131208,-1.20741613720243,TRUE,"n500_d4",500,4,17
"gamlss.longitudinal","sigma","x1",0.214776199591431,0.0234078846914079,0.18,FALSE,"n500_d4",500,4,17
"gamlss.longitudinal","sigma","x2",0.0265371272358312,0.05200859887167,0.12,FALSE,"n500_d4",500,4,17
"gamlss.longitudinal","sigma","t",0.128272148276231,0.0336855939570707,0.15,FALSE,"n500_d4",500,4,17
"gamlss.longitudinal","nu","intercept",0.183478681677041,0.0948991935898848,0,TRUE,"n500_d4",500,4,17
"gamlss.longitudinal","nu","x1",0.104541973719254,0.0435271352587218,0.1,FALSE,"n500_d4",500,4,17
"gamlss.longitudinal","nu","x2",-0.345270700388807,0.0953850329595557,-0.08,FALSE,"n500_d4",500,4,17
"gamlss.longitudinal","nu","t",0.0225773246871032,0.0923410241048024,0.12,FALSE,"n500_d4",500,4,17
"gamlss.longitudinal","tau","intercept",0.361642140365134,0.0947609894764225,0.5,TRUE,"n500_d4",500,4,17
"gamlss.longitudinal","tau","x1",-0.0607225535041541,0.0483624148499782,-0.08,FALSE,"n500_d4",500,4,17
"gamlss.longitudinal","tau","x2",0.273178877004942,0.103323039994874,0.1,FALSE,"n500_d4",500,4,17
"gamlss.longitudinal","tau","t",0.181629731349301,0.113957051438674,0.11,FALSE,"n500_d4",500,4,17
"gamlss.longitudinal","theta","intercept",1.12169134876942,0.0661822477735268,1.04055654682977,TRUE,"n500_d4",500,4,17
"gamlss.longitudinal","theta","x1",0.298213172754211,0.0325975579425355,0.25,FALSE,"n500_d4",500,4,17
"gamlss.longitudinal","theta","x2",-0.250785699455495,0.0720267237487501,-0.1,FALSE,"n500_d4",500,4,17
"gamlss.longitudinal","theta","t",0.238399946743608,0.11365398038843,0.2,FALSE,"n500_d4",500,4,17
"gamlss.longitudinal","zeta","intercept",-0.423047606011981,0.856116066574683,0.5,TRUE,"n500_d4",500,4,17
"gamlss.longitudinal","zeta","x1",0.432645827213212,0.283313556879295,0.12,FALSE,"n500_d4",500,4,17
"gamlss.longitudinal","zeta","x2",0.494772807671863,0.733213269907571,-0.1,FALSE,"n500_d4",500,4,17
"gamlss.longitudinal","zeta","t",1.58235916459423,1.3620704807679,0.1,FALSE,"n500_d4",500,4,17
"gamlss2","mu","intercept",0.81437420253961,0.0162556667097411,0.792963977535213,FALSE,"n500_d4",500,4,17
"gamlss2","mu","x1",0.112560706059905,0.00875537987028061,0.12,FALSE,"n500_d4",500,4,17
"gamlss2","mu","x2",-0.142173122379312,0.0148069326679098,-0.1,FALSE,"n500_d4",500,4,17
"gamlss2","mu","t",0.16314482946781,0.0192835398216951,0.18,FALSE,"n500_d4",500,4,17
"gamlss2","sigma","intercept",-1.12459582768933,0.0354742380728416,-1.20741613720243,FALSE,"n500_d4",500,4,17
"gamlss2","sigma","x1",0.214111914698377,0.0156766883952932,0.18,FALSE,"n500_d4",500,4,17
"gamlss2","sigma","x2",0.00718483425538982,0.034765886519709,0.12,FALSE,"n500_d4",500,4,17
"gamlss2","sigma","t",0.137601214499664,0.0431476598201948,0.15,FALSE,"n500_d4",500,4,17
"gamlss2","nu","intercept",0.102445462463928,0.115499733252872,0,FALSE,"n500_d4",500,4,17
"gamlss2","nu","x1",0.196407329065943,0.0599662806905595,0.1,FALSE,"n500_d4",500,4,17
"gamlss2","nu","x2",-0.315605509520159,0.10750089565794,-0.08,FALSE,"n500_d4",500,4,17
"gamlss2","nu","t",-0.00497160010753601,0.131186587477848,0.12,FALSE,"n500_d4",500,4,17
"gamlss2","tau","intercept",0.336047413015011,0.108139251784629,0.5,FALSE,"n500_d4",500,4,17
"gamlss2","tau","x1",-0.0916993313399015,0.0544375228647057,-0.08,FALSE,"n500_d4",500,4,17
"gamlss2","tau","x2",0.407098584199249,0.113453471209647,0.1,FALSE,"n500_d4",500,4,17
"gamlss2","tau","t",0.217296455274376,0.145410490278568,0.11,FALSE,"n500_d4",500,4,17
"gamlss2","theta","intercept",NA,NA,NA,FALSE,"n500_d4",500,4,17
"gamlss2","theta","x1",NA,NA,NA,FALSE,"n500_d4",500,4,17
"gamlss2","theta","x2",NA,NA,NA,FALSE,"n500_d4",500,4,17
"gamlss2","theta","t",NA,NA,NA,FALSE,"n500_d4",500,4,17
"gamlss2","zeta","intercept",NA,NA,NA,FALSE,"n500_d4",500,4,17
"gamlss2","zeta","x1",NA,NA,NA,FALSE,"n500_d4",500,4,17
"gamlss2","zeta","x2",NA,NA,NA,FALSE,"n500_d4",500,4,17
"gamlss2","zeta","t",NA,NA,NA,FALSE,"n500_d4",500,4,17
"gamlss.longitudinal","mu","intercept",0.803781953491479,0.0162816746399983,0.790126722424265,TRUE,"n500_d4",500,4,18
"gamlss.longitudinal","mu","x1",0.117630579599238,0.0119279141480882,0.12,FALSE,"n500_d4",500,4,18
"gamlss.longitudinal","mu","x2",-0.104581300107669,0.0226212690173068,-0.1,FALSE,"n500_d4",500,4,18
"gamlss.longitudinal","mu","t",0.176904551590878,0.0136878309532161,0.18,FALSE,"n500_d4",500,4,18
"gamlss.longitudinal","sigma","intercept",-1.2318887201271,0.0429797064467193,-1.21592991726191,TRUE,"n500_d4",500,4,18
"gamlss.longitudinal","sigma","x1",0.158841207147113,0.0264943166960389,0.18,FALSE,"n500_d4",500,4,18
"gamlss.longitudinal","sigma","x2",0.0539073726672219,0.0514535300535414,0.12,FALSE,"n500_d4",500,4,18
"gamlss.longitudinal","sigma","t",0.121290344247913,0.0355530548684211,0.15,FALSE,"n500_d4",500,4,18
"gamlss.longitudinal","nu","intercept",0.0789983844714139,0.100779744055196,0,TRUE,"n500_d4",500,4,18
"gamlss.longitudinal","nu","x1",0.163517936769818,0.0600594812738416,0.1,FALSE,"n500_d4",500,4,18
"gamlss.longitudinal","nu","x2",-0.187361786361755,0.107530672915226,-0.08,FALSE,"n500_d4",500,4,18
"gamlss.longitudinal","nu","t",0.0496966085272189,0.108056540289299,0.12,FALSE,"n500_d4",500,4,18
"gamlss.longitudinal","tau","intercept",0.475899182946686,0.0838686417070752,0.5,TRUE,"n500_d4",500,4,18
"gamlss.longitudinal","tau","x1",-0.0184081629310307,0.0579666062882852,-0.08,FALSE,"n500_d4",500,4,18
"gamlss.longitudinal","tau","x2",0.183089783421113,0.100737486715136,0.1,FALSE,"n500_d4",500,4,18
"gamlss.longitudinal","tau","t",0.0832675196477512,0.100842914200022,0.11,FALSE,"n500_d4",500,4,18
"gamlss.longitudinal","theta","intercept",1.05973288467701,0.0610222233703347,1.04036183227272,TRUE,"n500_d4",500,4,18
"gamlss.longitudinal","theta","x1",0.251052813349203,0.0350971534548566,0.25,FALSE,"n500_d4",500,4,18
"gamlss.longitudinal","theta","x2",-0.187449881820257,0.0704018615166326,-0.1,FALSE,"n500_d4",500,4,18
"gamlss.longitudinal","theta","t",0.165743692518998,0.101810858285692,0.2,FALSE,"n500_d4",500,4,18
"gamlss.longitudinal","zeta","intercept",0.822580442035187,0.556133773115721,0.5,TRUE,"n500_d4",500,4,18
"gamlss.longitudinal","zeta","x1",0.335707926608014,0.351596978139869,0.12,FALSE,"n500_d4",500,4,18
"gamlss.longitudinal","zeta","x2",0.542323208595872,0.645609687560205,-0.1,FALSE,"n500_d4",500,4,18
"gamlss.longitudinal","zeta","t",-0.325473006166609,1.05418245236301,0.1,FALSE,"n500_d4",500,4,18
"gamlss2","mu","intercept",0.796105064366828,0.0139077377482272,0.790126722424265,FALSE,"n500_d4",500,4,18
"gamlss2","mu","x1",0.12066864343763,0.00851051638870181,0.12,FALSE,"n500_d4",500,4,18
"gamlss2","mu","x2",-0.0996450973634034,0.0152136990623865,-0.1,FALSE,"n500_d4",500,4,18
"gamlss2","mu","t",0.186058021781247,0.0205853136231092,0.18,FALSE,"n500_d4",500,4,18
"gamlss2","sigma","intercept",-1.18233093086427,0.0379536013067737,-1.21592991726191,FALSE,"n500_d4",500,4,18
"gamlss2","sigma","x1",0.135636271407274,0.0212831084749747,0.18,FALSE,"n500_d4",500,4,18
"gamlss2","sigma","x2",0.0355911651250225,0.0379285829135317,0.12,FALSE,"n500_d4",500,4,18
"gamlss2","sigma","t",0.135759814341426,0.048641224485009,0.15,FALSE,"n500_d4",500,4,18
"gamlss2","nu","intercept",-0.249510139821511,0.121054514448344,0,FALSE,"n500_d4",500,4,18
"gamlss2","nu","x1",0.0842608391572399,0.0688572469122256,0.1,FALSE,"n500_d4",500,4,18
"gamlss2","nu","x2",0.149383719345989,0.118437489951506,-0.08,FALSE,"n500_d4",500,4,18
"gamlss2","nu","t",0.117735161239685,0.152176591686714,0.12,FALSE,"n500_d4",500,4,18
"gamlss2","tau","intercept",0.383568634060631,0.0962332187617093,0.5,FALSE,"n500_d4",500,4,18
"gamlss2","tau","x1",0.0304478588858778,0.0563930797110604,-0.08,FALSE,"n500_d4",500,4,18
"gamlss2","tau","x2",0.109051318091853,0.0981427619214233,0.1,FALSE,"n500_d4",500,4,18
"gamlss2","tau","t",0.00117179964582323,0.127073041136839,0.11,FALSE,"n500_d4",500,4,18
"gamlss2","theta","intercept",NA,NA,NA,FALSE,"n500_d4",500,4,18
"gamlss2","theta","x1",NA,NA,NA,FALSE,"n500_d4",500,4,18
"gamlss2","theta","x2",NA,NA,NA,FALSE,"n500_d4",500,4,18
"gamlss2","theta","t",NA,NA,NA,FALSE,"n500_d4",500,4,18
"gamlss2","zeta","intercept",NA,NA,NA,FALSE,"n500_d4",500,4,18
"gamlss2","zeta","x1",NA,NA,NA,FALSE,"n500_d4",500,4,18
"gamlss2","zeta","x2",NA,NA,NA,FALSE,"n500_d4",500,4,18
"gamlss2","zeta","t",NA,NA,NA,FALSE,"n500_d4",500,4,18
"gamlss.longitudinal","mu","intercept",0.813567430430543,0.0143949177110046,0.792156062653329,TRUE,"n500_d4",500,4,19
"gamlss.longitudinal","mu","x1",0.127475949116895,0.0108473597506497,0.12,FALSE,"n500_d4",500,4,19
"gamlss.longitudinal","mu","x2",-0.125068297212028,0.0216058836266412,-0.1,FALSE,"n500_d4",500,4,19
"gamlss.longitudinal","mu","t",0.182228626371929,0.0136690779610303,0.18,FALSE,"n500_d4",500,4,19
"gamlss.longitudinal","sigma","intercept",-1.21805347781006,0.0451472886798399,-1.21269737219673,TRUE,"n500_d4",500,4,19
"gamlss.longitudinal","sigma","x1",0.19316825523725,0.02840856127599,0.18,FALSE,"n500_d4",500,4,19
"gamlss.longitudinal","sigma","x2",0.0837627486924166,0.0566872715967613,0.12,FALSE,"n500_d4",500,4,19
"gamlss.longitudinal","sigma","t",0.197254819435713,0.0365850326160872,0.15,FALSE,"n500_d4",500,4,19
"gamlss.longitudinal","nu","intercept",-0.0705654101389296,0.101211192520459,0,TRUE,"n500_d4",500,4,19
"gamlss.longitudinal","nu","x1",0.122111333082773,0.0604889445319358,0.1,FALSE,"n500_d4",500,4,19
"gamlss.longitudinal","nu","x2",-0.10523165978902,0.110473600674329,-0.08,FALSE,"n500_d4",500,4,19
"gamlss.longitudinal","nu","t",0.138128437524268,0.0974869139817947,0.12,FALSE,"n500_d4",500,4,19
"gamlss.longitudinal","tau","intercept",0.386021137623731,0.082190754255553,0.5,TRUE,"n500_d4",500,4,19
"gamlss.longitudinal","tau","x1",-0.114453963994804,0.0498078265266546,-0.08,FALSE,"n500_d4",500,4,19
"gamlss.longitudinal","tau","x2",0.0686980367469222,0.0994684963109318,0.1,FALSE,"n500_d4",500,4,19
"gamlss.longitudinal","tau","t",0.0562628413972748,0.100451300321082,0.11,FALSE,"n500_d4",500,4,19
"gamlss.longitudinal","theta","intercept",1.00815772962788,0.0635647886312984,1.04432219866932,TRUE,"n500_d4",500,4,19
"gamlss.longitudinal","theta","x1",0.255818078272777,0.0363841384564562,0.25,FALSE,"n500_d4",500,4,19
"gamlss.longitudinal","theta","x2",-0.188824343663261,0.0726653488875967,-0.1,FALSE,"n500_d4",500,4,19
"gamlss.longitudinal","theta","t",0.326523686029326,0.113972426493933,0.2,FALSE,"n500_d4",500,4,19
"gamlss.longitudinal","zeta","intercept",0.505360690158315,0.619340180167453,0.5,TRUE,"n500_d4",500,4,19
"gamlss.longitudinal","zeta","x1",-0.58759430668853,0.386644093984018,0.12,FALSE,"n500_d4",500,4,19
"gamlss.longitudinal","zeta","x2",-0.124020068340138,0.686555454617859,-0.1,FALSE,"n500_d4",500,4,19
"gamlss.longitudinal","zeta","t",0.168318373734367,1.29039304065441,0.1,FALSE,"n500_d4",500,4,19
"gamlss2","mu","intercept",0.809509249906794,0.0132534968416991,0.792156062653329,FALSE,"n500_d4",500,4,19
"gamlss2","mu","x1",0.128079431215479,0.00700217519829957,0.12,FALSE,"n500_d4",500,4,19
"gamlss2","mu","x2",-0.118975154644818,0.0147944187885494,-0.1,FALSE,"n500_d4",500,4,19
"gamlss2","mu","t",0.185497659251834,0.0194029888299797,0.18,FALSE,"n500_d4",500,4,19
"gamlss2","sigma","intercept",-1.2161164816796,0.0347676836534001,-1.21269737219673,FALSE,"n500_d4",500,4,19
"gamlss2","sigma","x1",0.194985967357514,0.0194898852647112,0.18,FALSE,"n500_d4",500,4,19
"gamlss2","sigma","x2",0.0990759959042197,0.0367646261840468,0.12,FALSE,"n500_d4",500,4,19
"gamlss2","sigma","t",0.155740974481637,0.047673846037714,0.15,FALSE,"n500_d4",500,4,19
"gamlss2","nu","intercept",-0.0886344243843858,0.113547853323,0,FALSE,"n500_d4",500,4,19
"gamlss2","nu","x1",0.0423526820980162,0.0623710588155533,0.1,FALSE,"n500_d4",500,4,19
"gamlss2","nu","x2",-0.179460922861955,0.11102025193712,-0.08,FALSE,"n500_d4",500,4,19
"gamlss2","nu","t",0.241931062549751,0.143820877248178,0.12,FALSE,"n500_d4",500,4,19
"gamlss2","tau","intercept",0.435218235820516,0.0841274544161775,0.5,FALSE,"n500_d4",500,4,19
"gamlss2","tau","x1",-0.134691176586883,0.0486126480425881,-0.08,FALSE,"n500_d4",500,4,19
"gamlss2","tau","x2",0.0414345306314838,0.0959804418296498,0.1,FALSE,"n500_d4",500,4,19
"gamlss2","tau","t",0.0286456717154297,0.120867979869098,0.11,FALSE,"n500_d4",500,4,19
"gamlss2","theta","intercept",NA,NA,NA,FALSE,"n500_d4",500,4,19
"gamlss2","theta","x1",NA,NA,NA,FALSE,"n500_d4",500,4,19
"gamlss2","theta","x2",NA,NA,NA,FALSE,"n500_d4",500,4,19
"gamlss2","theta","t",NA,NA,NA,FALSE,"n500_d4",500,4,19
"gamlss2","zeta","intercept",NA,NA,NA,FALSE,"n500_d4",500,4,19
"gamlss2","zeta","x1",NA,NA,NA,FALSE,"n500_d4",500,4,19
"gamlss2","zeta","x2",NA,NA,NA,FALSE,"n500_d4",500,4,19
"gamlss2","zeta","t",NA,NA,NA,FALSE,"n500_d4",500,4,19
"gamlss.longitudinal","mu","intercept",0.794773105293615,0.0167114490482926,0.790830311731517,TRUE,"n500_d4",500,4,20
"gamlss.longitudinal","mu","x1",0.117502815024045,0.0115083823912424,0.12,FALSE,"n500_d4",500,4,20
"gamlss.longitudinal","mu","x2",-0.0809892429879904,0.0229287843587118,-0.1,FALSE,"n500_d4",500,4,20
"gamlss.longitudinal","mu","t",0.1731483272533,0.0143340461629721,0.18,FALSE,"n500_d4",500,4,20
"gamlss.longitudinal","sigma","intercept",-1.26899226671076,0.0424843684911415,-1.22138345044881,TRUE,"n500_d4",500,4,20
"gamlss.longitudinal","sigma","x1",0.174417206021399,0.0255524795536141,0.18,FALSE,"n500_d4",500,4,20
"gamlss.longitudinal","sigma","x2",0.137401894136929,0.0510935165291852,0.12,FALSE,"n500_d4",500,4,20
"gamlss.longitudinal","sigma","t",0.187550444250296,0.032889623479507,0.15,FALSE,"n500_d4",500,4,20
"gamlss.longitudinal","nu","intercept",-0.122361300968497,0.0971412909602429,0,TRUE,"n500_d4",500,4,20
"gamlss.longitudinal","nu","x1",0.0619344508270634,0.0517613535918281,0.1,FALSE,"n500_d4",500,4,20
"gamlss.longitudinal","nu","x2",0.0774719969491015,0.106407878925816,-0.08,FALSE,"n500_d4",500,4,20
"gamlss.longitudinal","nu","t",0.105465408629681,0.0971019958783111,0.12,FALSE,"n500_d4",500,4,20
"gamlss.longitudinal","tau","intercept",0.506641710908367,0.0858473872272113,0.5,TRUE,"n500_d4",500,4,20
"gamlss.longitudinal","tau","x1",-0.0924510819629206,0.0549125371393901,-0.08,FALSE,"n500_d4",500,4,20
"gamlss.longitudinal","tau","x2",0.137637169900233,0.103404121808616,0.1,FALSE,"n500_d4",500,4,20
"gamlss.longitudinal","tau","t",0.097768285335872,0.112606767939955,0.11,FALSE,"n500_d4",500,4,20
"gamlss.longitudinal","theta","intercept",1.01566066825438,0.0620822320081501,1.04879345537538,TRUE,"n500_d4",500,4,20
"gamlss.longitudinal","theta","x1",0.231952954419369,0.0374001323264225,0.25,FALSE,"n500_d4",500,4,20
"gamlss.longitudinal","theta","x2",-0.0997926476359806,0.0729878475180156,-0.1,FALSE,"n500_d4",500,4,20
"gamlss.longitudinal","theta","t",0.151572797797747,0.11185441315455,0.2,FALSE,"n500_d4",500,4,20
"gamlss.longitudinal","zeta","intercept",0.722933268787612,0.647968395805783,0.5,TRUE,"n500_d4",500,4,20
"gamlss.longitudinal","zeta","x1",-0.532847454747441,0.498183656757246,0.12,FALSE,"n500_d4",500,4,20
"gamlss.longitudinal","zeta","x2",0.0730065713111084,0.74352400265002,-0.1,FALSE,"n500_d4",500,4,20
"gamlss.longitudinal","zeta","t",-1.06754030249848,1.33756137202499,0.1,FALSE,"n500_d4",500,4,20
"gamlss2","mu","intercept",0.792752508519939,0.0131860061220032,0.790830311731517,FALSE,"n500_d4",500,4,20
"gamlss2","mu","x1",0.120310438663632,0.00735965157104507,0.12,FALSE,"n500_d4",500,4,20
"gamlss2","mu","x2",-0.0769031551206182,0.0147595558419171,-0.1,FALSE,"n500_d4",500,4,20
"gamlss2","mu","t",0.166879168450245,0.0194937080944878,0.18,FALSE,"n500_d4",500,4,20
"gamlss2","sigma","intercept",-1.29657917282597,0.0343442397228824,-1.22138345044881,FALSE,"n500_d4",500,4,20
"gamlss2","sigma","x1",0.175160294543081,0.0170232597651853,0.18,FALSE,"n500_d4",500,4,20
"gamlss2","sigma","x2",0.145320208394875,0.0340580568760122,0.12,FALSE,"n500_d4",500,4,20
"gamlss2","sigma","t",0.207264326734919,0.0444519859321669,0.15,FALSE,"n500_d4",500,4,20
"gamlss2","nu","intercept",-0.0462971616310407,0.116060549693081,0,FALSE,"n500_d4",500,4,20
"gamlss2","nu","x1",0.0291506078938058,0.0543846629702297,0.1,FALSE,"n500_d4",500,4,20
"gamlss2","nu","x2",0.129930462810239,0.112839908330256,-0.08,FALSE,"n500_d4",500,4,20
"gamlss2","nu","t",-0.0683897269330686,0.146497823314831,0.12,FALSE,"n500_d4",500,4,20
"gamlss2","tau","intercept",0.454275073555454,0.0964418282433388,0.5,FALSE,"n500_d4",500,4,20
"gamlss2","tau","x1",-0.106672774330197,0.0549926304995891,-0.08,FALSE,"n500_d4",500,4,20
"gamlss2","tau","x2",0.201781799456125,0.107822834335526,0.1,FALSE,"n500_d4",500,4,20
"gamlss2","tau","t",0.131196516190133,0.143799444874314,0.11,FALSE,"n500_d4",500,4,20
"gamlss2","theta","intercept",NA,NA,NA,FALSE,"n500_d4",500,4,20
"gamlss2","theta","x1",NA,NA,NA,FALSE,"n500_d4",500,4,20
"gamlss2","theta","x2",NA,NA,NA,FALSE,"n500_d4",500,4,20
"gamlss2","theta","t",NA,NA,NA,FALSE,"n500_d4",500,4,20
"gamlss2","zeta","intercept",NA,NA,NA,FALSE,"n500_d4",500,4,20
"gamlss2","zeta","x1",NA,NA,NA,FALSE,"n500_d4",500,4,20
"gamlss2","zeta","x2",NA,NA,NA,FALSE,"n500_d4",500,4,20
"gamlss2","zeta","t",NA,NA,NA,FALSE,"n500_d4",500,4,20
"gamlss.longitudinal","mu","intercept",0.803555747669397,0.017645022155901,0.811965425456118,TRUE,"n500_d4",500,4,21
"gamlss.longitudinal","mu","x1",0.106677423345583,0.0110847739031281,0.12,FALSE,"n500_d4",500,4,21
"gamlss.longitudinal","mu","x2",-0.116620295083484,0.0233750509300067,-0.1,FALSE,"n500_d4",500,4,21
"gamlss.longitudinal","mu","t",0.168067095038377,0.0140201208705965,0.18,FALSE,"n500_d4",500,4,21
"gamlss.longitudinal","sigma","intercept",-1.19068682917197,0.0408431266577323,-1.20632442838195,TRUE,"n500_d4",500,4,21
"gamlss.longitudinal","sigma","x1",0.140326854288161,0.0235895522962916,0.18,FALSE,"n500_d4",500,4,21
"gamlss.longitudinal","sigma","x2",0.0653011987506822,0.048709370628684,0.12,FALSE,"n500_d4",500,4,21
"gamlss.longitudinal","sigma","t",0.118341787424362,0.0329081901606254,0.15,FALSE,"n500_d4",500,4,21
"gamlss.longitudinal","nu","intercept",0.00124947422604698,0.100186467685338,0,TRUE,"n500_d4",500,4,21
"gamlss.longitudinal","nu","x1",0.0674206136491397,0.0529222139993988,0.1,FALSE,"n500_d4",500,4,21
"gamlss.longitudinal","nu","x2",-0.130274515464141,0.104561138042336,-0.08,FALSE,"n500_d4",500,4,21
"gamlss.longitudinal","nu","t",0.118494022285583,0.101417611944242,0.12,FALSE,"n500_d4",500,4,21
"gamlss.longitudinal","tau","intercept",0.599492391931211,0.0936649672165476,0.5,TRUE,"n500_d4",500,4,21
"gamlss.longitudinal","tau","x1",-0.0756592368045982,0.05698682803376,-0.08,FALSE,"n500_d4",500,4,21
"gamlss.longitudinal","tau","x2",0.23209947440809,0.110183311636933,0.1,FALSE,"n500_d4",500,4,21
"gamlss.longitudinal","tau","t",0.028154531980478,0.117817205963776,0.11,FALSE,"n500_d4",500,4,21
"gamlss.longitudinal","theta","intercept",1.0455343539807,0.0638020549550388,1.0447839666136,TRUE,"n500_d4",500,4,21
"gamlss.longitudinal","theta","x1",0.247207929902314,0.0345289103987663,0.25,FALSE,"n500_d4",500,4,21
"gamlss.longitudinal","theta","x2",-0.0804277613164879,0.0711463155216966,-0.1,FALSE,"n500_d4",500,4,21
"gamlss.longitudinal","theta","t",0.102605005608493,0.10762419652297,0.2,FALSE,"n500_d4",500,4,21
"gamlss.longitudinal","zeta","intercept",-0.308338005968292,0.801493861829307,0.5,TRUE,"n500_d4",500,4,21
"gamlss.longitudinal","zeta","x1",0.332834679116341,0.324374659278259,0.12,FALSE,"n500_d4",500,4,21
"gamlss.longitudinal","zeta","x2",0.822819541541736,0.757229829171454,-0.1,FALSE,"n500_d4",500,4,21
"gamlss.longitudinal","zeta","t",0.541736879234842,1.07032715083236,0.1,FALSE,"n500_d4",500,4,21
"gamlss2","mu","intercept",0.803050369088598,0.0144977124545986,0.811965425456118,FALSE,"n500_d4",500,4,21
"gamlss2","mu","x1",0.107469122854276,0.00736342136975409,0.12,FALSE,"n500_d4",500,4,21
"gamlss2","mu","x2",-0.116351619072472,0.0152642593665824,-0.1,FALSE,"n500_d4",500,4,21
"gamlss2","mu","t",0.176048311119606,0.0199022494171247,0.18,FALSE,"n500_d4",500,4,21
"gamlss2","sigma","intercept",-1.19010737787329,0.0307492163364912,-1.20632442838195,FALSE,"n500_d4",500,4,21
"gamlss2","sigma","x1",0.125280967403914,0.0161908022852168,0.18,FALSE,"n500_d4",500,4,21
"gamlss2","sigma","x2",0.0782706839064216,0.0317971937506276,0.12,FALSE,"n500_d4",500,4,21
"gamlss2","sigma","t",0.0897020983246428,0.040965224941689,0.15,FALSE,"n500_d4",500,4,21
"gamlss2","nu","intercept",-0.0147763680132654,0.109848457165625,0,FALSE,"n500_d4",500,4,21
"gamlss2","nu","x1",-0.0292185949074136,0.0569287707068163,0.1,FALSE,"n500_d4",500,4,21
"gamlss2","nu","x2",0.0270660781079929,0.105285069344186,-0.08,FALSE,"n500_d4",500,4,21
"gamlss2","nu","t",0.0805433650371486,0.135262367356411,0.12,FALSE,"n500_d4",500,4,21
"gamlss2","tau","intercept",0.621676446480482,0.101568916950406,0.5,FALSE,"n500_d4",500,4,21
"gamlss2","tau","x1",0.00751329009614671,0.0617629656857323,-0.08,FALSE,"n500_d4",500,4,21
"gamlss2","tau","x2",0.249681620027891,0.109822769043883,0.1,FALSE,"n500_d4",500,4,21
"gamlss2","tau","t",0.0972941528478225,0.147455120956461,0.11,FALSE,"n500_d4",500,4,21
"gamlss2","theta","intercept",NA,NA,NA,FALSE,"n500_d4",500,4,21
"gamlss2","theta","x1",NA,NA,NA,FALSE,"n500_d4",500,4,21
"gamlss2","theta","x2",NA,NA,NA,FALSE,"n500_d4",500,4,21
"gamlss2","theta","t",NA,NA,NA,FALSE,"n500_d4",500,4,21
"gamlss2","zeta","intercept",NA,NA,NA,FALSE,"n500_d4",500,4,21
"gamlss2","zeta","x1",NA,NA,NA,FALSE,"n500_d4",500,4,21
"gamlss2","zeta","x2",NA,NA,NA,FALSE,"n500_d4",500,4,21
"gamlss2","zeta","t",NA,NA,NA,FALSE,"n500_d4",500,4,21
"gamlss.longitudinal","mu","intercept",0.780778909953312,0.0182293811759221,0.792417169475383,TRUE,"n500_d4",500,4,22
"gamlss.longitudinal","mu","x1",0.096763928261084,0.0128226816339762,0.12,FALSE,"n500_d4",500,4,22
"gamlss.longitudinal","mu","x2",-0.112532895517791,0.0261638435501828,-0.1,FALSE,"n500_d4",500,4,22
"gamlss.longitudinal","mu","t",0.17964817629549,0.0150233873713823,0.18,FALSE,"n500_d4",500,4,22
"gamlss.longitudinal","sigma","intercept",-1.1258972752928,0.0433372318951678,-1.20020625261704,TRUE,"n500_d4",500,4,22
"gamlss.longitudinal","sigma","x1",0.138465625016192,0.0262653644232958,0.18,FALSE,"n500_d4",500,4,22
"gamlss.longitudinal","sigma","x2",0.0672907025347314,0.0512493781697195,0.12,FALSE,"n500_d4",500,4,22
"gamlss.longitudinal","sigma","t",0.144663793427339,0.0347280592305533,0.15,FALSE,"n500_d4",500,4,22
"gamlss.longitudinal","nu","intercept",0.0028926854609589,0.0897362665240347,0,TRUE,"n500_d4",500,4,22
"gamlss.longitudinal","nu","x1",0.0366848642252918,0.051558874907911,0.1,FALSE,"n500_d4",500,4,22
"gamlss.longitudinal","nu","x2",0.00457653302812069,0.0970830039363028,-0.08,FALSE,"n500_d4",500,4,22
"gamlss.longitudinal","nu","t",-0.0112860300400685,0.100100063571459,0.12,FALSE,"n500_d4",500,4,22
"gamlss.longitudinal","tau","intercept",0.440534399192627,0.0832585987288132,0.5,TRUE,"n500_d4",500,4,22
"gamlss.longitudinal","tau","x1",-0.0896215507224768,0.052239485035118,-0.08,FALSE,"n500_d4",500,4,22
"gamlss.longitudinal","tau","x2",0.169574201462029,0.100043186275872,0.1,FALSE,"n500_d4",500,4,22
"gamlss.longitudinal","tau","t",0.212659788114889,0.115186891630473,0.11,FALSE,"n500_d4",500,4,22
"gamlss.longitudinal","theta","intercept",1.10903098558939,0.058596989346033,1.03033953000806,TRUE,"n500_d4",500,4,22
"gamlss.longitudinal","theta","x1",0.211431420759153,0.0352813152920994,0.25,FALSE,"n500_d4",500,4,22
"gamlss.longitudinal","theta","x2",-0.148907127369675,0.0722528771563423,-0.1,FALSE,"n500_d4",500,4,22
"gamlss.longitudinal","theta","t",0.205939004694699,0.10445699866505,0.2,FALSE,"n500_d4",500,4,22
"gamlss.longitudinal","zeta","intercept",0.674748806343328,0.67849512072472,0.5,TRUE,"n500_d4",500,4,22
"gamlss.longitudinal","zeta","x1",0.972154898407882,0.625703105011453,0.12,FALSE,"n500_d4",500,4,22
"gamlss.longitudinal","zeta","x2",-0.580878428749896,0.780485632577104,-0.1,FALSE,"n500_d4",500,4,22
"gamlss.longitudinal","zeta","t",0.222493914914368,1.457193137201,0.1,FALSE,"n500_d4",500,4,22
"gamlss2","mu","intercept",0.777404738002614,0.0146584272026409,0.792417169475383,FALSE,"n500_d4",500,4,22
"gamlss2","mu","x1",0.104991774270485,0.00799066228147475,0.12,FALSE,"n500_d4",500,4,22
"gamlss2","mu","x2",-0.102641119210779,0.0165290756426694,-0.1,FALSE,"n500_d4",500,4,22
"gamlss2","mu","t",0.183313562638793,0.0214835114893428,0.18,FALSE,"n500_d4",500,4,22
"gamlss2","sigma","intercept",-1.1573174667795,0.0316804307959833,-1.20020625261704,FALSE,"n500_d4",500,4,22
"gamlss2","sigma","x1",0.148153748985146,0.0167537542801988,0.18,FALSE,"n500_d4",500,4,22
"gamlss2","sigma","x2",0.0933437863940268,0.031814801734359,0.12,FALSE,"n500_d4",500,4,22
"gamlss2","sigma","t",0.160185260343965,0.0425526236836921,0.15,FALSE,"n500_d4",500,4,22
"gamlss2","nu","intercept",-0.0791532265386664,0.103502542431491,0,FALSE,"n500_d4",500,4,22
"gamlss2","nu","x1",0.120836366021302,0.0547698195391469,0.1,FALSE,"n500_d4",500,4,22
"gamlss2","nu","x2",0.146181755040989,0.101887390963768,-0.08,FALSE,"n500_d4",500,4,22
"gamlss2","nu","t",0.0604291818019197,0.133179067184762,0.12,FALSE,"n500_d4",500,4,22
"gamlss2","tau","intercept",0.554609337959369,0.093637964335988,0.5,FALSE,"n500_d4",500,4,22
"gamlss2","tau","x1",-0.212651890109679,0.0540833389562416,-0.08,FALSE,"n500_d4",500,4,22
"gamlss2","tau","x2",0.148232359270661,0.107458229921075,0.1,FALSE,"n500_d4",500,4,22
"gamlss2","tau","t",0.165867618819787,0.135996274267165,0.11,FALSE,"n500_d4",500,4,22
"gamlss2","theta","intercept",NA,NA,NA,FALSE,"n500_d4",500,4,22
"gamlss2","theta","x1",NA,NA,NA,FALSE,"n500_d4",500,4,22
"gamlss2","theta","x2",NA,NA,NA,FALSE,"n500_d4",500,4,22
"gamlss2","theta","t",NA,NA,NA,FALSE,"n500_d4",500,4,22
"gamlss2","zeta","intercept",NA,NA,NA,FALSE,"n500_d4",500,4,22
"gamlss2","zeta","x1",NA,NA,NA,FALSE,"n500_d4",500,4,22
"gamlss2","zeta","x2",NA,NA,NA,FALSE,"n500_d4",500,4,22
"gamlss2","zeta","t",NA,NA,NA,FALSE,"n500_d4",500,4,22
"gamlss.longitudinal","mu","intercept",0.824737395291945,0.0162204864038143,0.786086656261271,TRUE,"n500_d4",500,4,23
"gamlss.longitudinal","mu","x1",0.135006175506924,0.0124339061583063,0.12,FALSE,"n500_d4",500,4,23
"gamlss.longitudinal","mu","x2",-0.121189155563029,0.0229509950967857,-0.1,FALSE,"n500_d4",500,4,23
"gamlss.longitudinal","mu","t",0.169903771876969,0.0136960218376344,0.18,FALSE,"n500_d4",500,4,23
"gamlss.longitudinal","sigma","intercept",-1.27769917711509,0.0421191234208164,-1.21131213409665,TRUE,"n500_d4",500,4,23
"gamlss.longitudinal","sigma","x1",0.123571790767653,0.0267823904729798,0.18,FALSE,"n500_d4",500,4,23
"gamlss.longitudinal","sigma","x2",0.169397854254744,0.0493867182417762,0.12,FALSE,"n500_d4",500,4,23
"gamlss.longitudinal","sigma","t",0.177736341936493,0.0342913577409149,0.15,FALSE,"n500_d4",500,4,23
"gamlss.longitudinal","nu","intercept",-0.0770191027404333,0.102024814222366,0,TRUE,"n500_d4",500,4,23
"gamlss.longitudinal","nu","x1",0.205111869432939,0.062014023861254,0.1,FALSE,"n500_d4",500,4,23
"gamlss.longitudinal","nu","x2",-0.114202224246112,0.105542998758901,-0.08,FALSE,"n500_d4",500,4,23
"gamlss.longitudinal","nu","t",0.201410602710499,0.102792360315736,0.12,FALSE,"n500_d4",500,4,23
"gamlss.longitudinal","tau","intercept",0.430995103138838,0.0829013511935867,0.5,TRUE,"n500_d4",500,4,23
"gamlss.longitudinal","tau","x1",-0.0877998661510957,0.0574370908799643,-0.08,FALSE,"n500_d4",500,4,23
"gamlss.longitudinal","tau","x2",0.0632457622497129,0.104434619123575,0.1,FALSE,"n500_d4",500,4,23
"gamlss.longitudinal","tau","t",0.385644485313007,0.112820329386298,0.11,FALSE,"n500_d4",500,4,23
"gamlss.longitudinal","theta","intercept",1.05547506008739,0.0591352867821155,1.04228279777484,TRUE,"n500_d4",500,4,23
"gamlss.longitudinal","theta","x1",0.193638402103372,0.036831320793001,0.25,FALSE,"n500_d4",500,4,23
"gamlss.longitudinal","theta","x2",-0.114796981009413,0.0726006462323972,-0.1,FALSE,"n500_d4",500,4,23
"gamlss.longitudinal","theta","t",0.142466572124517,0.10711782965652,0.2,FALSE,"n500_d4",500,4,23
"gamlss.longitudinal","zeta","intercept",0.720490828088536,0.529657302235758,0.5,TRUE,"n500_d4",500,4,23
"gamlss.longitudinal","zeta","x1",0.762182666785173,0.454842239346508,0.12,FALSE,"n500_d4",500,4,23
"gamlss.longitudinal","zeta","x2",-0.546513492801768,0.725280126351297,-0.1,FALSE,"n500_d4",500,4,23
"gamlss.longitudinal","zeta","t",-0.250231001105319,1.23441735160587,0.1,FALSE,"n500_d4",500,4,23
"gamlss2","mu","intercept",0.826846143821002,0.0131265368096623,0.786086656261271,FALSE,"n500_d4",500,4,23
"gamlss2","mu","x1",0.145418072330965,0.00812680444650995,0.12,FALSE,"n500_d4",500,4,23
"gamlss2","mu","x2",-0.129228284408215,0.0148563124691239,-0.1,FALSE,"n500_d4",500,4,23
"gamlss2","mu","t",0.174546853916695,0.0193856106816695,0.18,FALSE,"n500_d4",500,4,23
"gamlss2","sigma","intercept",-1.29345579631427,0.0333317931530455,-1.21131213409665,FALSE,"n500_d4",500,4,23
"gamlss2","sigma","x1",0.119001140518092,0.0175476181842212,0.18,FALSE,"n500_d4",500,4,23
"gamlss2","sigma","x2",0.169548301552203,0.0339533723949407,0.12,FALSE,"n500_d4",500,4,23
"gamlss2","sigma","t",0.185203744510326,0.0434263910373866,0.15,FALSE,"n500_d4",500,4,23
"gamlss2","nu","intercept",-0.084609760739145,0.116173966265003,0,FALSE,"n500_d4",500,4,23
"gamlss2","nu","x1",0.292489560217483,0.0623627899146068,0.1,FALSE,"n500_d4",500,4,23
"gamlss2","nu","x2",-0.158431380788997,0.107090166370987,-0.08,FALSE,"n500_d4",500,4,23
"gamlss2","nu","t",0.292852538777423,0.140799040226558,0.12,FALSE,"n500_d4",500,4,23
"gamlss2","tau","intercept",0.507042177086246,0.0941865847799248,0.5,FALSE,"n500_d4",500,4,23
"gamlss2","tau","x1",-0.060659988369681,0.0583135493989971,-0.08,FALSE,"n500_d4",500,4,23
"gamlss2","tau","x2",0.0183810245811822,0.108239412204458,0.1,FALSE,"n500_d4",500,4,23
"gamlss2","tau","t",0.317519068959346,0.138133536539907,0.11,FALSE,"n500_d4",500,4,23
"gamlss2","theta","intercept",NA,NA,NA,FALSE,"n500_d4",500,4,23
"gamlss2","theta","x1",NA,NA,NA,FALSE,"n500_d4",500,4,23
"gamlss2","theta","x2",NA,NA,NA,FALSE,"n500_d4",500,4,23
"gamlss2","theta","t",NA,NA,NA,FALSE,"n500_d4",500,4,23
"gamlss2","zeta","intercept",NA,NA,NA,FALSE,"n500_d4",500,4,23
"gamlss2","zeta","x1",NA,NA,NA,FALSE,"n500_d4",500,4,23
"gamlss2","zeta","x2",NA,NA,NA,FALSE,"n500_d4",500,4,23
"gamlss2","zeta","t",NA,NA,NA,FALSE,"n500_d4",500,4,23
"gamlss.longitudinal","mu","intercept",0.754219196938899,0.0165514143223039,0.765508995584308,TRUE,"n500_d4",500,4,24
"gamlss.longitudinal","mu","x1",0.132689326898909,0.0109563427445784,0.12,FALSE,"n500_d4",500,4,24
"gamlss.longitudinal","mu","x2",-0.0621722299364025,0.0220159199094707,-0.1,FALSE,"n500_d4",500,4,24
"gamlss.longitudinal","mu","t",0.181391358878615,0.0136357795614347,0.18,FALSE,"n500_d4",500,4,24
"gamlss.longitudinal","sigma","intercept",-1.2455654312944,0.0461272420310285,-1.22177635393549,TRUE,"n500_d4",500,4,24
"gamlss.longitudinal","sigma","x1",0.147002783133344,0.028252412396974,0.18,FALSE,"n500_d4",500,4,24
"gamlss.longitudinal","sigma","x2",0.123576067986232,0.0530632702220019,0.12,FALSE,"n500_d4",500,4,24
"gamlss.longitudinal","sigma","t",0.15902224675487,0.0343543107928468,0.15,FALSE,"n500_d4",500,4,24
"gamlss.longitudinal","nu","intercept",0.219897643173978,0.0977889774920277,0,TRUE,"n500_d4",500,4,24
"gamlss.longitudinal","nu","x1",0.0100662124078899,0.0610283308450066,0.1,FALSE,"n500_d4",500,4,24
"gamlss.longitudinal","nu","x2",-0.305134158506273,0.109296422402906,-0.08,FALSE,"n500_d4",500,4,24
"gamlss.longitudinal","nu","t",0.041737724013567,0.0976672038318033,0.12,FALSE,"n500_d4",500,4,24
"gamlss.longitudinal","tau","intercept",0.456023629410668,0.0963104477239413,0.5,TRUE,"n500_d4",500,4,24
"gamlss.longitudinal","tau","x1",-0.0934786676098913,0.0575234440575771,-0.08,FALSE,"n500_d4",500,4,24
"gamlss.longitudinal","tau","x2",0.0287496476772808,0.110451985026915,0.1,FALSE,"n500_d4",500,4,24
"gamlss.longitudinal","tau","t",0.217135351331415,0.107368236450869,0.11,FALSE,"n500_d4",500,4,24
"gamlss.longitudinal","theta","intercept",0.968877419353046,0.0684286043610663,1.04837443921577,TRUE,"n500_d4",500,4,24
"gamlss.longitudinal","theta","x1",0.276972240567125,0.0390343992469625,0.25,FALSE,"n500_d4",500,4,24
"gamlss.longitudinal","theta","x2",-0.0188629647101769,0.0745341518436163,-0.1,FALSE,"n500_d4",500,4,24
"gamlss.longitudinal","theta","t",0.293936879753859,0.110043667856821,0.2,FALSE,"n500_d4",500,4,24
"gamlss.longitudinal","zeta","intercept",-0.282404768174142,1.00375898844518,0.5,TRUE,"n500_d4",500,4,24
"gamlss.longitudinal","zeta","x1",0.349953297663773,0.457927117655214,0.12,FALSE,"n500_d4",500,4,24
"gamlss.longitudinal","zeta","x2",0.632673374017765,0.870479762939187,-0.1,FALSE,"n500_d4",500,4,24
"gamlss.longitudinal","zeta","t",0.684895597759568,1.35540656019381,0.1,FALSE,"n500_d4",500,4,24
"gamlss2","mu","intercept",0.771732627511001,0.0133635428374706,0.765508995584308,FALSE,"n500_d4",500,4,24
"gamlss2","mu","x1",0.134549675262367,0.00769783164412503,0.12,FALSE,"n500_d4",500,4,24
"gamlss2","mu","x2",-0.0845579953328841,0.0147737213425705,-0.1,FALSE,"n500_d4",500,4,24
"gamlss2","mu","t",0.185039472024207,0.0200948506583614,0.18,FALSE,"n500_d4",500,4,24
"gamlss2","sigma","intercept",-1.23571912872292,0.041264375011697,-1.22177635393549,FALSE,"n500_d4",500,4,24
"gamlss2","sigma","x1",0.147080089218514,0.0215645829318114,0.18,FALSE,"n500_d4",500,4,24
"gamlss2","sigma","x2",0.118673570249755,0.0395741282652191,0.12,FALSE,"n500_d4",500,4,24
"gamlss2","sigma","t",0.184575883659421,0.0509524749636116,0.15,FALSE,"n500_d4",500,4,24
"gamlss2","nu","intercept",0.17463873170037,0.125909573178577,0,FALSE,"n500_d4",500,4,24
"gamlss2","nu","x1",0.00716702436100771,0.0684378745025819,0.1,FALSE,"n500_d4",500,4,24
"gamlss2","nu","x2",-0.136690603759423,0.122810349190246,-0.08,FALSE,"n500_d4",500,4,24
"gamlss2","nu","t",0.0678704733794701,0.150697118360091,0.12,FALSE,"n500_d4",500,4,24
"gamlss2","tau","intercept",0.225337883728908,0.0906413872373789,0.5,FALSE,"n500_d4",500,4,24
"gamlss2","tau","x1",-0.101767470773601,0.0551754430381529,-0.08,FALSE,"n500_d4",500,4,24
"gamlss2","tau","x2",0.109981815988434,0.0977748973425962,0.1,FALSE,"n500_d4",500,4,24
"gamlss2","tau","t",0.166308686727597,0.120617103307412,0.11,FALSE,"n500_d4",500,4,24
"gamlss2","theta","intercept",NA,NA,NA,FALSE,"n500_d4",500,4,24
"gamlss2","theta","x1",NA,NA,NA,FALSE,"n500_d4",500,4,24
"gamlss2","theta","x2",NA,NA,NA,FALSE,"n500_d4",500,4,24
"gamlss2","theta","t",NA,NA,NA,FALSE,"n500_d4",500,4,24
"gamlss2","zeta","intercept",NA,NA,NA,FALSE,"n500_d4",500,4,24
"gamlss2","zeta","x1",NA,NA,NA,FALSE,"n500_d4",500,4,24
"gamlss2","zeta","x2",NA,NA,NA,FALSE,"n500_d4",500,4,24
"gamlss2","zeta","t",NA,NA,NA,FALSE,"n500_d4",500,4,24
"gamlss.longitudinal","mu","intercept",0.776443019088706,0.0183290020609963,0.774647218238742,TRUE,"n500_d4",500,4,25
"gamlss.longitudinal","mu","x1",0.101793435106059,0.0127610817509315,0.12,FALSE,"n500_d4",500,4,25
"gamlss.longitudinal","mu","x2",-0.0864488530575351,0.0241543433443614,-0.1,FALSE,"n500_d4",500,4,25
"gamlss.longitudinal","mu","t",0.181087412626509,0.0143060246797058,0.18,FALSE,"n500_d4",500,4,25
"gamlss.longitudinal","sigma","intercept",-1.18437980967125,0.042078997299583,-1.21238119208257,TRUE,"n500_d4",500,4,25
"gamlss.longitudinal","sigma","x1",0.159168095243487,0.0279650686323345,0.18,FALSE,"n500_d4",500,4,25
"gamlss.longitudinal","sigma","x2",0.0519432218976727,0.0516426724104247,0.12,FALSE,"n500_d4",500,4,25
"gamlss.longitudinal","sigma","t",0.115543810751088,0.0356668566512228,0.15,FALSE,"n500_d4",500,4,25
"gamlss.longitudinal","nu","intercept",-0.0466414508789691,0.100503619797206,0,TRUE,"n500_d4",500,4,25
"gamlss.longitudinal","nu","x1",0.177722767651144,0.0539988260615786,0.1,FALSE,"n500_d4",500,4,25
"gamlss.longitudinal","nu","x2",0.0376988914268018,0.105013984561788,-0.08,FALSE,"n500_d4",500,4,25
"gamlss.longitudinal","nu","t",0.132390846792744,0.113531414174299,0.12,FALSE,"n500_d4",500,4,25
"gamlss.longitudinal","tau","intercept",0.556220473856846,0.0927782099900593,0.5,TRUE,"n500_d4",500,4,25
"gamlss.longitudinal","tau","x1",-0.0591822903737762,0.0543711680680886,-0.08,FALSE,"n500_d4",500,4,25
"gamlss.longitudinal","tau","x2",0.0375029094328868,0.104421993666428,0.1,FALSE,"n500_d4",500,4,25
"gamlss.longitudinal","tau","t",0.0989159337488542,0.113692808767411,0.11,FALSE,"n500_d4",500,4,25
"gamlss.longitudinal","theta","intercept",1.06428252446927,0.0608688723635331,1.04297167514227,TRUE,"n500_d4",500,4,25
"gamlss.longitudinal","theta","x1",0.198812994791052,0.036171044486615,0.25,FALSE,"n500_d4",500,4,25
"gamlss.longitudinal","theta","x2",-0.160479528485917,0.0694661514957977,-0.1,FALSE,"n500_d4",500,4,25
"gamlss.longitudinal","theta","t",0.210845227776614,0.101615530506025,0.2,FALSE,"n500_d4",500,4,25
"gamlss.longitudinal","zeta","intercept",1.04508134652169,0.575271047349121,0.5,TRUE,"n500_d4",500,4,25
"gamlss.longitudinal","zeta","x1",0.457175621071127,0.332371823555804,0.12,FALSE,"n500_d4",500,4,25
"gamlss.longitudinal","zeta","x2",0.0336179344377246,0.636556471341624,-0.1,FALSE,"n500_d4",500,4,25
"gamlss.longitudinal","zeta","t",-0.364678225033512,1.10062560604006,0.1,FALSE,"n500_d4",500,4,25
"gamlss2","mu","intercept",0.777489284932289,0.0145373432869337,0.774647218238742,FALSE,"n500_d4",500,4,25
"gamlss2","mu","x1",0.110338392646092,0.0077934697001775,0.12,FALSE,"n500_d4",500,4,25
"gamlss2","mu","x2",-0.0786494352840598,0.0151169727911192,-0.1,FALSE,"n500_d4",500,4,25
"gamlss2","mu","t",0.176427991657173,0.0198352316539734,0.18,FALSE,"n500_d4",500,4,25
"gamlss2","sigma","intercept",-1.19680603183312,0.0308653596679923,-1.21238119208257,FALSE,"n500_d4",500,4,25
"gamlss2","sigma","x1",0.157421888765536,0.0173002612586283,0.18,FALSE,"n500_d4",500,4,25
"gamlss2","sigma","x2",0.0579602304616305,0.0330010153230264,0.12,FALSE,"n500_d4",500,4,25
"gamlss2","sigma","t",0.11875655934738,0.0419815110034243,0.15,FALSE,"n500_d4",500,4,25
"gamlss2","nu","intercept",-0.0260645084716737,0.10796232635914,0,FALSE,"n500_d4",500,4,25
"gamlss2","nu","x1",0.171097102830053,0.0543366035792851,0.1,FALSE,"n500_d4",500,4,25
"gamlss2","nu","x2",0.0513848968825834,0.106173594205576,-0.08,FALSE,"n500_d4",500,4,25
"gamlss2","nu","t",0.0258351876372436,0.136735752050174,0.12,FALSE,"n500_d4",500,4,25
"gamlss2","tau","intercept",0.689527780400366,0.105849890341445,0.5,FALSE,"n500_d4",500,4,25
"gamlss2","tau","x1",0.029008978356534,0.0622460825774701,-0.08,FALSE,"n500_d4",500,4,25
"gamlss2","tau","x2",-0.0499137277266308,0.115278218153701,0.1,FALSE,"n500_d4",500,4,25
"gamlss2","tau","t",0.138891538112647,0.138642095267716,0.11,FALSE,"n500_d4",500,4,25
"gamlss2","theta","intercept",NA,NA,NA,FALSE,"n500_d4",500,4,25
"gamlss2","theta","x1",NA,NA,NA,FALSE,"n500_d4",500,4,25
"gamlss2","theta","x2",NA,NA,NA,FALSE,"n500_d4",500,4,25
"gamlss2","theta","t",NA,NA,NA,FALSE,"n500_d4",500,4,25
"gamlss2","zeta","intercept",NA,NA,NA,FALSE,"n500_d4",500,4,25
"gamlss2","zeta","x1",NA,NA,NA,FALSE,"n500_d4",500,4,25
"gamlss2","zeta","x2",NA,NA,NA,FALSE,"n500_d4",500,4,25
"gamlss2","zeta","t",NA,NA,NA,FALSE,"n500_d4",500,4,25
"gamlss.longitudinal","mu","intercept",0.802121383756371,0.0145766041687228,0.808349792836581,TRUE,"n500_d4",500,4,26
"gamlss.longitudinal","mu","x1",0.116434761500045,0.00952833095474001,0.12,FALSE,"n500_d4",500,4,26
"gamlss.longitudinal","mu","x2",-0.109951249411783,0.0212748467743529,-0.1,FALSE,"n500_d4",500,4,26
"gamlss.longitudinal","mu","t",0.195800324477116,0.0135483431810408,0.18,FALSE,"n500_d4",500,4,26
"gamlss.longitudinal","sigma","intercept",-1.26394831427869,0.0414539941848477,-1.22004401188917,TRUE,"n500_d4",500,4,26
"gamlss.longitudinal","sigma","x1",0.131090501553274,0.0252399761688589,0.18,FALSE,"n500_d4",500,4,26
"gamlss.longitudinal","sigma","x2",0.0962990120610056,0.0495797598425116,0.12,FALSE,"n500_d4",500,4,26
"gamlss.longitudinal","sigma","t",0.15492094992082,0.0345440095109416,0.15,FALSE,"n500_d4",500,4,26
"gamlss.longitudinal","nu","intercept",-0.0776902929187653,0.0997336375514281,0,TRUE,"n500_d4",500,4,26
"gamlss.longitudinal","nu","x1",0.0924417771446354,0.0574795576452217,0.1,FALSE,"n500_d4",500,4,26
"gamlss.longitudinal","nu","x2",-0.225965453257928,0.107853047518213,-0.08,FALSE,"n500_d4",500,4,26
"gamlss.longitudinal","nu","t",0.324272472224092,0.0949533355650689,0.12,FALSE,"n500_d4",500,4,26
"gamlss.longitudinal","tau","intercept",0.51795256945943,0.0914432469538027,0.5,TRUE,"n500_d4",500,4,26
"gamlss.longitudinal","tau","x1",-0.0937000244249684,0.0600954817306755,-0.08,FALSE,"n500_d4",500,4,26
"gamlss.longitudinal","tau","x2",-0.0394648935005464,0.104002947355976,0.1,FALSE,"n500_d4",500,4,26
"gamlss.longitudinal","tau","t",0.26722375801013,0.110596045965531,0.11,FALSE,"n500_d4",500,4,26
"gamlss.longitudinal","theta","intercept",1.08349019402501,0.0617418717225768,1.05422816194287,TRUE,"n500_d4",500,4,26
"gamlss.longitudinal","theta","x1",0.213807195677546,0.0358100950115548,0.25,FALSE,"n500_d4",500,4,26
"gamlss.longitudinal","theta","x2",-0.0734584327330725,0.0705108293620099,-0.1,FALSE,"n500_d4",500,4,26
"gamlss.longitudinal","theta","t",-0.0940422906371062,0.108334555303279,0.2,FALSE,"n500_d4",500,4,26
"gamlss.longitudinal","zeta","intercept",0.762397146290077,0.580261585859439,0.5,TRUE,"n500_d4",500,4,26
"gamlss.longitudinal","zeta","x1",0.0422315555764907,0.364102910639302,0.12,FALSE,"n500_d4",500,4,26
"gamlss.longitudinal","zeta","x2",0.432697553633972,0.665541776719145,-0.1,FALSE,"n500_d4",500,4,26
"gamlss.longitudinal","zeta","t",-1.4127196382281,1.19505366830648,0.1,FALSE,"n500_d4",500,4,26
"gamlss2","mu","intercept",0.801654821369722,0.010177260013908,0.808349792836581,FALSE,"n500_d4",500,4,26
"gamlss2","mu","x1",0.114915476323188,0.00607064657849594,0.12,FALSE,"n500_d4",500,4,26
"gamlss2","mu","x2",-0.108515581609595,0.0142946971926246,-0.1,FALSE,"n500_d4",500,4,26
"gamlss2","mu","t",0.197119729494081,0.0175098464016875,0.18,FALSE,"n500_d4",500,4,26
"gamlss2","sigma","intercept",-1.27261567299245,0.0328923601140732,-1.22004401188917,FALSE,"n500_d4",500,4,26
"gamlss2","sigma","x1",0.133198040269201,0.0131218596263538,0.18,FALSE,"n500_d4",500,4,26
"gamlss2","sigma","x2",0.0949456634354006,0.0309357926011124,0.12,FALSE,"n500_d4",500,4,26
"gamlss2","sigma","t",0.166551589441608,0.0436776534002152,0.15,FALSE,"n500_d4",500,4,26
"gamlss2","nu","intercept",-0.0935167185718756,0.112856012510013,0,FALSE,"n500_d4",500,4,26
"gamlss2","nu","x1",0.051685324667985,0.0545038688492226,0.1,FALSE,"n500_d4",500,4,26
"gamlss2","nu","x2",-0.243686036382347,0.112083996746258,-0.08,FALSE,"n500_d4",500,4,26
"gamlss2","nu","t",0.397112339985407,0.136418708943519,0.12,FALSE,"n500_d4",500,4,26
"gamlss2","tau","intercept",0.527125266343613,0.103975336763145,0.5,FALSE,"n500_d4",500,4,26
"gamlss2","tau","x1",-0.164854716767714,0.0600192857118687,-0.08,FALSE,"n500_d4",500,4,26
"gamlss2","tau","x2",0.0223731455509501,0.109898805059263,0.1,FALSE,"n500_d4",500,4,26
"gamlss2","tau","t",0.274121923670557,0.137723056283287,0.11,FALSE,"n500_d4",500,4,26
"gamlss2","theta","intercept",NA,NA,NA,FALSE,"n500_d4",500,4,26
"gamlss2","theta","x1",NA,NA,NA,FALSE,"n500_d4",500,4,26
"gamlss2","theta","x2",NA,NA,NA,FALSE,"n500_d4",500,4,26
"gamlss2","theta","t",NA,NA,NA,FALSE,"n500_d4",500,4,26
"gamlss2","zeta","intercept",NA,NA,NA,FALSE,"n500_d4",500,4,26
"gamlss2","zeta","x1",NA,NA,NA,FALSE,"n500_d4",500,4,26
"gamlss2","zeta","x2",NA,NA,NA,FALSE,"n500_d4",500,4,26
"gamlss2","zeta","t",NA,NA,NA,FALSE,"n500_d4",500,4,26
"gamlss.longitudinal","mu","intercept",0.768725962544601,0.0161865774846223,0.774453876166528,TRUE,"n500_d4",500,4,27
"gamlss.longitudinal","mu","x1",0.122840931567886,0.0103474165238635,0.12,FALSE,"n500_d4",500,4,27
"gamlss.longitudinal","mu","x2",-0.101946104916886,0.0218978336004842,-0.1,FALSE,"n500_d4",500,4,27
"gamlss.longitudinal","mu","t",0.197804540313176,0.0142400852892598,0.18,FALSE,"n500_d4",500,4,27
"gamlss.longitudinal","sigma","intercept",-1.24568701030081,0.0465469303716949,-1.2079256964009,TRUE,"n500_d4",500,4,27
"gamlss.longitudinal","sigma","x1",0.184520279997969,0.0262683413316369,0.18,FALSE,"n500_d4",500,4,27
"gamlss.longitudinal","sigma","x2",0.0944266888284969,0.054333311089879,0.12,FALSE,"n500_d4",500,4,27
"gamlss.longitudinal","sigma","t",0.193796879015183,0.0362635372405683,0.15,FALSE,"n500_d4",500,4,27
"gamlss.longitudinal","nu","intercept",0.0203840848148358,0.102042434268336,0,TRUE,"n500_d4",500,4,27
"gamlss.longitudinal","nu","x1",0.094514892899891,0.0517090913972437,0.1,FALSE,"n500_d4",500,4,27
"gamlss.longitudinal","nu","x2",-0.0172565820534196,0.101945984086953,-0.08,FALSE,"n500_d4",500,4,27
"gamlss.longitudinal","nu","t",0.1326490135742,0.0954729676433944,0.12,FALSE,"n500_d4",500,4,27
"gamlss.longitudinal","tau","intercept",0.529389670497348,0.0988367146456237,0.5,TRUE,"n500_d4",500,4,27
"gamlss.longitudinal","tau","x1",-0.0555288227614569,0.0495406297845695,-0.08,FALSE,"n500_d4",500,4,27
"gamlss.longitudinal","tau","x2",0.106735290079362,0.10830925107169,0.1,FALSE,"n500_d4",500,4,27
"gamlss.longitudinal","tau","t",0.0757271786319478,0.115510625709615,0.11,FALSE,"n500_d4",500,4,27
"gamlss.longitudinal","theta","intercept",0.964209611615091,0.0665363133246996,1.03959126094827,TRUE,"n500_d4",500,4,27
"gamlss.longitudinal","theta","x1",0.238099136798175,0.0355588935403637,0.25,FALSE,"n500_d4",500,4,27
"gamlss.longitudinal","theta","x2",-0.0881907873381083,0.0750679282164682,-0.1,FALSE,"n500_d4",500,4,27
"gamlss.longitudinal","theta","t",0.322465076287306,0.113265022539073,0.2,FALSE,"n500_d4",500,4,27
"gamlss.longitudinal","zeta","intercept",0.551501790875616,0.649654158129139,0.5,TRUE,"n500_d4",500,4,27
"gamlss.longitudinal","zeta","x1",0.339265403842286,0.356602515557849,0.12,FALSE,"n500_d4",500,4,27
"gamlss.longitudinal","zeta","x2",-0.296960869102664,0.733122048681673,-0.1,FALSE,"n500_d4",500,4,27
"gamlss.longitudinal","zeta","t",-0.0769319849001446,1.2201575482404,0.1,FALSE,"n500_d4",500,4,27
"gamlss2","mu","intercept",0.768686869040806,0.0128011750184527,0.774453876166528,FALSE,"n500_d4",500,4,27
"gamlss2","mu","x1",0.121682946355558,0.00679892459009009,0.12,FALSE,"n500_d4",500,4,27
"gamlss2","mu","x2",-0.0912719799054311,0.0141111674437248,-0.1,FALSE,"n500_d4",500,4,27
"gamlss2","mu","t",0.20696799095989,0.0180953954837665,0.18,FALSE,"n500_d4",500,4,27
"gamlss2","sigma","intercept",-1.26881753938028,0.0361755156898232,-1.2079256964009,FALSE,"n500_d4",500,4,27
"gamlss2","sigma","x1",0.187235473001143,0.0175284656789981,0.18,FALSE,"n500_d4",500,4,27
"gamlss2","sigma","x2",0.116458941180717,0.0355399264076801,0.12,FALSE,"n500_d4",500,4,27
"gamlss2","sigma","t",0.189255139149851,0.0451354504715559,0.15,FALSE,"n500_d4",500,4,27
"gamlss2","nu","intercept",0.20479818618001,0.119604450544829,0,FALSE,"n500_d4",500,4,27
"gamlss2","nu","x1",0.107619472263527,0.0623499053389751,0.1,FALSE,"n500_d4",500,4,27
"gamlss2","nu","x2",-0.0743569213527055,0.111036278375629,-0.08,FALSE,"n500_d4",500,4,27
"gamlss2","nu","t",0.0913337962567611,0.14169904485791,0.12,FALSE,"n500_d4",500,4,27
"gamlss2","tau","intercept",0.428841071158651,0.101306761476247,0.5,FALSE,"n500_d4",500,4,27
"gamlss2","tau","x1",-0.101446961243404,0.0514102519284343,-0.08,FALSE,"n500_d4",500,4,27
"gamlss2","tau","x2",0.316144238315675,0.1109593023162,0.1,FALSE,"n500_d4",500,4,27
"gamlss2","tau","t",0.0497268010423541,0.135955218847648,0.11,FALSE,"n500_d4",500,4,27
"gamlss2","theta","intercept",NA,NA,NA,FALSE,"n500_d4",500,4,27
"gamlss2","theta","x1",NA,NA,NA,FALSE,"n500_d4",500,4,27
"gamlss2","theta","x2",NA,NA,NA,FALSE,"n500_d4",500,4,27
"gamlss2","theta","t",NA,NA,NA,FALSE,"n500_d4",500,4,27
"gamlss2","zeta","intercept",NA,NA,NA,FALSE,"n500_d4",500,4,27
"gamlss2","zeta","x1",NA,NA,NA,FALSE,"n500_d4",500,4,27
"gamlss2","zeta","x2",NA,NA,NA,FALSE,"n500_d4",500,4,27
"gamlss2","zeta","t",NA,NA,NA,FALSE,"n500_d4",500,4,27
"gamlss.longitudinal","mu","intercept",0.785776219671033,0.014673548356488,0.813455290593922,TRUE,"n500_d4",500,4,28
"gamlss.longitudinal","mu","x1",0.116061077096658,0.0114057209946578,0.12,FALSE,"n500_d4",500,4,28
"gamlss.longitudinal","mu","x2",-0.0556754923015719,0.0216056817025967,-0.1,FALSE,"n500_d4",500,4,28
"gamlss.longitudinal","mu","t",0.13903332491419,0.0138043025306989,0.18,FALSE,"n500_d4",500,4,28
"gamlss.longitudinal","sigma","intercept",-1.24205616265195,0.0482399109322571,-1.21620627579328,TRUE,"n500_d4",500,4,28
"gamlss.longitudinal","sigma","x1",0.145404887306991,0.030280349760967,0.18,FALSE,"n500_d4",500,4,28
"gamlss.longitudinal","sigma","x2",0.142294271752253,0.0562219586909699,0.12,FALSE,"n500_d4",500,4,28
"gamlss.longitudinal","sigma","t",0.16527883102186,0.0346535423393338,0.15,FALSE,"n500_d4",500,4,28
"gamlss.longitudinal","nu","intercept",0.0616534582284616,0.106007099096353,0,TRUE,"n500_d4",500,4,28
"gamlss.longitudinal","nu","x1",0.112195078253618,0.0610529714610072,0.1,FALSE,"n500_d4",500,4,28
"gamlss.longitudinal","nu","x2",0.00611980441994319,0.107854342291226,-0.08,FALSE,"n500_d4",500,4,28
"gamlss.longitudinal","nu","t",-0.053248249635455,0.105379875846404,0.12,FALSE,"n500_d4",500,4,28
"gamlss.longitudinal","tau","intercept",0.320511852828153,0.0910219619154767,0.5,TRUE,"n500_d4",500,4,28
"gamlss.longitudinal","tau","x1",-0.0151501050304214,0.0576650036818007,-0.08,FALSE,"n500_d4",500,4,28
"gamlss.longitudinal","tau","x2",0.212854623823632,0.107140777298885,0.1,FALSE,"n500_d4",500,4,28
"gamlss.longitudinal","tau","t",0.197034612274398,0.11111833877293,0.11,FALSE,"n500_d4",500,4,28
"gamlss.longitudinal","theta","intercept",1.07980379292086,0.0650210961540988,1.04606288725693,TRUE,"n500_d4",500,4,28
"gamlss.longitudinal","theta","x1",0.184595216176357,0.0387288344953673,0.25,FALSE,"n500_d4",500,4,28
"gamlss.longitudinal","theta","x2",-0.217759003627364,0.0739346045569497,-0.1,FALSE,"n500_d4",500,4,28
"gamlss.longitudinal","theta","t",0.198024005246179,0.119750553842708,0.2,FALSE,"n500_d4",500,4,28
"gamlss.longitudinal","zeta","intercept",0.345367613021047,0.987246924797586,0.5,TRUE,"n500_d4",500,4,28
"gamlss.longitudinal","zeta","x1",0.59833193895108,0.414893256534388,0.12,FALSE,"n500_d4",500,4,28
"gamlss.longitudinal","zeta","x2",-1.99965039087795,1.96267549591402,-0.1,FALSE,"n500_d4",500,4,28
"gamlss.longitudinal","zeta","t",0.846257464637124,2.50016669515564,0.1,FALSE,"n500_d4",500,4,28
"gamlss2","mu","intercept",0.78471989740814,0.0132563330644839,0.813455290593922,FALSE,"n500_d4",500,4,28
"gamlss2","mu","x1",0.118126659707179,0.00767427682456309,0.12,FALSE,"n500_d4",500,4,28
"gamlss2","mu","x2",-0.0473499489223149,0.0146073472092001,-0.1,FALSE,"n500_d4",500,4,28
"gamlss2","mu","t",0.138996299926215,0.018893722632503,0.18,FALSE,"n500_d4",500,4,28
"gamlss2","sigma","intercept",-1.24383264531738,0.0359583866770861,-1.21620627579328,FALSE,"n500_d4",500,4,28
"gamlss2","sigma","x1",0.157048860019615,0.0200777483985171,0.18,FALSE,"n500_d4",500,4,28
"gamlss2","sigma","x2",0.142906749577854,0.035200839328238,0.12,FALSE,"n500_d4",500,4,28
"gamlss2","sigma","t",0.149998048522968,0.0448725282361807,0.15,FALSE,"n500_d4",500,4,28
"gamlss2","nu","intercept",0.0293495018770743,0.120968169589968,0,FALSE,"n500_d4",500,4,28
"gamlss2","nu","x1",0.118533787093492,0.0645603686470825,0.1,FALSE,"n500_d4",500,4,28
"gamlss2","nu","x2",0.0279582722880322,0.115626625190084,-0.08,FALSE,"n500_d4",500,4,28
"gamlss2","nu","t",-0.0849838728573503,0.145335164737718,0.12,FALSE,"n500_d4",500,4,28
"gamlss2","tau","intercept",0.386932028221895,0.098425027307321,0.5,FALSE,"n500_d4",500,4,28
"gamlss2","tau","x1",-0.0577419036321671,0.0636933275745865,-0.08,FALSE,"n500_d4",500,4,28
"gamlss2","tau","x2",0.260559604563264,0.107493728255186,0.1,FALSE,"n500_d4",500,4,28
"gamlss2","tau","t",0.131063189472455,0.13376750846644,0.11,FALSE,"n500_d4",500,4,28
"gamlss2","theta","intercept",NA,NA,NA,FALSE,"n500_d4",500,4,28
"gamlss2","theta","x1",NA,NA,NA,FALSE,"n500_d4",500,4,28
"gamlss2","theta","x2",NA,NA,NA,FALSE,"n500_d4",500,4,28
"gamlss2","theta","t",NA,NA,NA,FALSE,"n500_d4",500,4,28
"gamlss2","zeta","intercept",NA,NA,NA,FALSE,"n500_d4",500,4,28
"gamlss2","zeta","x1",NA,NA,NA,FALSE,"n500_d4",500,4,28
"gamlss2","zeta","x2",NA,NA,NA,FALSE,"n500_d4",500,4,28
"gamlss2","zeta","t",NA,NA,NA,FALSE,"n500_d4",500,4,28
"gamlss.longitudinal","mu","intercept",0.817972022437028,0.0163881402505652,0.794643128244609,TRUE,"n500_d4",500,4,29
"gamlss.longitudinal","mu","x1",0.122274987909283,0.0104891555729736,0.12,FALSE,"n500_d4",500,4,29
"gamlss.longitudinal","mu","x2",-0.092536392766105,0.0225010136869577,-0.1,FALSE,"n500_d4",500,4,29
"gamlss.longitudinal","mu","t",0.145047672052895,0.0143913274261667,0.18,FALSE,"n500_d4",500,4,29
"gamlss.longitudinal","sigma","intercept",-1.20477656056895,0.0427226746466651,-1.22292379238685,TRUE,"n500_d4",500,4,29
"gamlss.longitudinal","sigma","x1",0.207871519279621,0.0262708071682341,0.18,FALSE,"n500_d4",500,4,29
"gamlss.longitudinal","sigma","x2",0.119454914586838,0.0513000003578067,0.12,FALSE,"n500_d4",500,4,29
"gamlss.longitudinal","sigma","t",0.142177903921519,0.0330477403186978,0.15,FALSE,"n500_d4",500,4,29
"gamlss.longitudinal","nu","intercept",-0.0385120830073241,0.0926541874824803,0,TRUE,"n500_d4",500,4,29
"gamlss.longitudinal","nu","x1",0.148689697179742,0.0456883794629589,0.1,FALSE,"n500_d4",500,4,29
"gamlss.longitudinal","nu","x2",-0.071588441485435,0.0996023734169588,-0.08,FALSE,"n500_d4",500,4,29
"gamlss.longitudinal","nu","t",0.162403712213856,0.0935944143548667,0.12,FALSE,"n500_d4",500,4,29
"gamlss.longitudinal","tau","intercept",0.506038144031222,0.102999071145756,0.5,TRUE,"n500_d4",500,4,29
"gamlss.longitudinal","tau","x1",-0.022760132759346,0.0616072654982986,-0.08,FALSE,"n500_d4",500,4,29
"gamlss.longitudinal","tau","x2",0.0373647932943738,0.115157544915415,0.1,FALSE,"n500_d4",500,4,29
"gamlss.longitudinal","tau","t",0.210023377053551,0.122644093565125,0.11,FALSE,"n500_d4",500,4,29
"gamlss.longitudinal","theta","intercept",1.08523357305761,0.0621396167130184,1.05015852428805,TRUE,"n500_d4",500,4,29
"gamlss.longitudinal","theta","x1",0.282707804240355,0.0358649789138695,0.25,FALSE,"n500_d4",500,4,29
"gamlss.longitudinal","theta","x2",-0.0931769042683964,0.0709851609747084,-0.1,FALSE,"n500_d4",500,4,29
"gamlss.longitudinal","theta","t",0.0871523383336542,0.10748622613348,0.2,FALSE,"n500_d4",500,4,29
"gamlss.longitudinal","zeta","intercept",0.531185744217798,0.590666249577164,0.5,TRUE,"n500_d4",500,4,29
"gamlss.longitudinal","zeta","x1",-0.416200181225699,0.364894551985703,0.12,FALSE,"n500_d4",500,4,29
"gamlss.longitudinal","zeta","x2",0.0955651887881007,0.650880986982414,-0.1,FALSE,"n500_d4",500,4,29
"gamlss.longitudinal","zeta","t",-0.00845088785752397,1.11060455602249,0.1,FALSE,"n500_d4",500,4,29
"gamlss2","mu","intercept",0.81748759767711,0.0137810368244787,0.794643128244609,FALSE,"n500_d4",500,4,29
"gamlss2","mu","x1",0.123358087439955,0.00711577166610053,0.12,FALSE,"n500_d4",500,4,29
"gamlss2","mu","x2",-0.0935740745554133,0.0147370811530187,-0.1,FALSE,"n500_d4",500,4,29
"gamlss2","mu","t",0.149641750223256,0.0197261327346906,0.18,FALSE,"n500_d4",500,4,29
"gamlss2","sigma","intercept",-1.20146286032411,0.0333460177491241,-1.22292379238685,FALSE,"n500_d4",500,4,29
"gamlss2","sigma","x1",0.195393809630659,0.0177100514855057,0.18,FALSE,"n500_d4",500,4,29
"gamlss2","sigma","x2",0.1116362300364,0.0332121610674514,0.12,FALSE,"n500_d4",500,4,29
"gamlss2","sigma","t",0.128817546404462,0.0427492777106193,0.15,FALSE,"n500_d4",500,4,29
"gamlss2","nu","intercept",-0.0566438215019995,0.10729604722125,0,FALSE,"n500_d4",500,4,29
"gamlss2","nu","x1",0.0846095930305295,0.0480584485902648,0.1,FALSE,"n500_d4",500,4,29
"gamlss2","nu","x2",-0.115322288477395,0.102663792405123,-0.08,FALSE,"n500_d4",500,4,29
"gamlss2","nu","t",0.17274357014124,0.130013091790152,0.12,FALSE,"n500_d4",500,4,29
"gamlss2","tau","intercept",0.505553905146028,0.110053828800851,0.5,FALSE,"n500_d4",500,4,29
"gamlss2","tau","x1",-0.0212890293175304,0.0669376268965977,-0.08,FALSE,"n500_d4",500,4,29
"gamlss2","tau","x2",0.174699722026134,0.118084583197368,0.1,FALSE,"n500_d4",500,4,29
"gamlss2","tau","t",0.194124278519975,0.154235427036968,0.11,FALSE,"n500_d4",500,4,29
"gamlss2","theta","intercept",NA,NA,NA,FALSE,"n500_d4",500,4,29
"gamlss2","theta","x1",NA,NA,NA,FALSE,"n500_d4",500,4,29
"gamlss2","theta","x2",NA,NA,NA,FALSE,"n500_d4",500,4,29
"gamlss2","theta","t",NA,NA,NA,FALSE,"n500_d4",500,4,29
"gamlss2","zeta","intercept",NA,NA,NA,FALSE,"n500_d4",500,4,29
"gamlss2","zeta","x1",NA,NA,NA,FALSE,"n500_d4",500,4,29
"gamlss2","zeta","x2",NA,NA,NA,FALSE,"n500_d4",500,4,29
"gamlss2","zeta","t",NA,NA,NA,FALSE,"n500_d4",500,4,29
"gamlss.longitudinal","mu","intercept",0.737027009903045,0.0174200320409134,0.757730272672871,TRUE,"n500_d4",500,4,30
"gamlss.longitudinal","mu","x1",0.105213096546868,0.0113880618926878,0.12,FALSE,"n500_d4",500,4,30
"gamlss.longitudinal","mu","x2",-0.0739381897442242,0.0238393638730306,-0.1,FALSE,"n500_d4",500,4,30
"gamlss.longitudinal","mu","t",0.192013605736022,0.014694263859475,0.18,FALSE,"n500_d4",500,4,30
"gamlss.longitudinal","sigma","intercept",-1.20771712447282,0.0410481154420489,-1.20088146869999,TRUE,"n500_d4",500,4,30
"gamlss.longitudinal","sigma","x1",0.157477071856428,0.0277156982706014,0.18,FALSE,"n500_d4",500,4,30
"gamlss.longitudinal","sigma","x2",0.115167774508818,0.0523776031842133,0.12,FALSE,"n500_d4",500,4,30
"gamlss.longitudinal","sigma","t",0.15924750516799,0.0360856436674584,0.15,FALSE,"n500_d4",500,4,30
"gamlss.longitudinal","nu","intercept",-0.0126077593327302,0.0893735405440554,0,TRUE,"n500_d4",500,4,30
"gamlss.longitudinal","nu","x1",0.0800358895591504,0.0524124291130445,0.1,FALSE,"n500_d4",500,4,30
"gamlss.longitudinal","nu","x2",-0.057221002852039,0.100840491002975,-0.08,FALSE,"n500_d4",500,4,30
"gamlss.longitudinal","nu","t",0.0961207165489067,0.102071229174273,0.12,FALSE,"n500_d4",500,4,30
"gamlss.longitudinal","tau","intercept",0.598993722890133,0.0857384282142278,0.5,TRUE,"n500_d4",500,4,30
"gamlss.longitudinal","tau","x1",-0.087716914806827,0.0591457904492123,-0.08,FALSE,"n500_d4",500,4,30
"gamlss.longitudinal","tau","x2",-0.0357259688775702,0.10432589428738,0.1,FALSE,"n500_d4",500,4,30
"gamlss.longitudinal","tau","t",0.0179297106104698,0.112424300107068,0.11,FALSE,"n500_d4",500,4,30
"gamlss.longitudinal","theta","intercept",1.03946826752912,0.0626309091145952,1.03396781970821,TRUE,"n500_d4",500,4,30
"gamlss.longitudinal","theta","x1",0.162808894254203,0.0389615519570834,0.25,FALSE,"n500_d4",500,4,30
"gamlss.longitudinal","theta","x2",-0.144832296722825,0.0727122995462214,-0.1,FALSE,"n500_d4",500,4,30
"gamlss.longitudinal","theta","t",0.176203393872132,0.111873687548783,0.2,FALSE,"n500_d4",500,4,30
"gamlss.longitudinal","zeta","intercept",1.22711047112191,0.628812011651487,0.5,TRUE,"n500_d4",500,4,30
"gamlss.longitudinal","zeta","x1",-0.225139527261563,0.419487220486219,0.12,FALSE,"n500_d4",500,4,30
"gamlss.longitudinal","zeta","x2",-0.748936236218465,0.706326251743881,-0.1,FALSE,"n500_d4",500,4,30
"gamlss.longitudinal","zeta","t",-0.862384810052486,1.29936381342412,0.1,FALSE,"n500_d4",500,4,30
"gamlss2","mu","intercept",0.740255383108885,0.0140168126803272,0.757730272672871,FALSE,"n500_d4",500,4,30
"gamlss2","mu","x1",0.106209141005827,0.00713312662006524,0.12,FALSE,"n500_d4",500,4,30
"gamlss2","mu","x2",-0.0784178239294251,0.014978048543091,-0.1,FALSE,"n500_d4",500,4,30
"gamlss2","mu","t",0.194345261806942,0.0196284165639686,0.18,FALSE,"n500_d4",500,4,30
"gamlss2","sigma","intercept",-1.23104437979857,0.0317108997726285,-1.20088146869999,FALSE,"n500_d4",500,4,30
"gamlss2","sigma","x1",0.154539389347455,0.0173934707908211,0.18,FALSE,"n500_d4",500,4,30
"gamlss2","sigma","x2",0.135170831402202,0.0347398607095246,0.12,FALSE,"n500_d4",500,4,30
"gamlss2","sigma","t",0.155991243103614,0.0434477985424383,0.15,FALSE,"n500_d4",500,4,30
"gamlss2","nu","intercept",0.0436345570912883,0.102939632293378,0,FALSE,"n500_d4",500,4,30
"gamlss2","nu","x1",-0.0520322314602237,0.0519438345538678,0.1,FALSE,"n500_d4",500,4,30
"gamlss2","nu","x2",-0.061977054687862,0.105893087873292,-0.08,FALSE,"n500_d4",500,4,30
"gamlss2","nu","t",0.0594560654274294,0.133034991994873,0.12,FALSE,"n500_d4",500,4,30
"gamlss2","tau","intercept",0.673149604946511,0.103729723098613,0.5,FALSE,"n500_d4",500,4,30
"gamlss2","tau","x1",0.0230701019767777,0.0550399661816189,-0.08,FALSE,"n500_d4",500,4,30
"gamlss2","tau","x2",-0.0539857917101153,0.113925825468506,0.1,FALSE,"n500_d4",500,4,30
"gamlss2","tau","t",0.011672665658922,0.140677365521937,0.11,FALSE,"n500_d4",500,4,30
"gamlss2","theta","intercept",NA,NA,NA,FALSE,"n500_d4",500,4,30
"gamlss2","theta","x1",NA,NA,NA,FALSE,"n500_d4",500,4,30
"gamlss2","theta","x2",NA,NA,NA,FALSE,"n500_d4",500,4,30
"gamlss2","theta","t",NA,NA,NA,FALSE,"n500_d4",500,4,30
"gamlss2","zeta","intercept",NA,NA,NA,FALSE,"n500_d4",500,4,30
"gamlss2","zeta","x1",NA,NA,NA,FALSE,"n500_d4",500,4,30
"gamlss2","zeta","x2",NA,NA,NA,FALSE,"n500_d4",500,4,30
"gamlss2","zeta","t",NA,NA,NA,FALSE,"n500_d4",500,4,30
"gamlss.longitudinal","mu","intercept",0.782555272697403,0.0162824105501556,0.799782912534822,TRUE,"n500_d4",500,4,31
"gamlss.longitudinal","mu","x1",0.123384614060494,0.0107629893047634,0.12,FALSE,"n500_d4",500,4,31
"gamlss.longitudinal","mu","x2",-0.0808662783369915,0.0231528273634925,-0.1,FALSE,"n500_d4",500,4,31
"gamlss.longitudinal","mu","t",0.186007653051184,0.0148977431000388,0.18,FALSE,"n500_d4",500,4,31
"gamlss.longitudinal","sigma","intercept",-1.255423470424,0.0418211393943613,-1.19590793382056,TRUE,"n500_d4",500,4,31
"gamlss.longitudinal","sigma","x1",0.160066079250108,0.0238317132404623,0.18,FALSE,"n500_d4",500,4,31
"gamlss.longitudinal","sigma","x2",0.155332299011893,0.0488798299906767,0.12,FALSE,"n500_d4",500,4,31
"gamlss.longitudinal","sigma","t",0.222127645720992,0.0342763154303291,0.15,FALSE,"n500_d4",500,4,31
"gamlss.longitudinal","nu","intercept",-0.0502713300904537,0.0978744658379526,0,TRUE,"n500_d4",500,4,31
"gamlss.longitudinal","nu","x1",0.0782190606809088,0.050888340624841,0.1,FALSE,"n500_d4",500,4,31
"gamlss.longitudinal","nu","x2",-0.116595517354724,0.101139580138023,-0.08,FALSE,"n500_d4",500,4,31
"gamlss.longitudinal","nu","t",0.326450145293078,0.0924548954385946,0.12,FALSE,"n500_d4",500,4,31
"gamlss.longitudinal","tau","intercept",0.465614218839043,0.0905461909401529,0.5,TRUE,"n500_d4",500,4,31
"gamlss.longitudinal","tau","x1",-0.066178286895204,0.0504706459685762,-0.08,FALSE,"n500_d4",500,4,31
"gamlss.longitudinal","tau","x2",0.159464306693258,0.103385846826866,0.1,FALSE,"n500_d4",500,4,31
"gamlss.longitudinal","tau","t",0.197047927641461,0.109708916361227,0.11,FALSE,"n500_d4",500,4,31
"gamlss.longitudinal","theta","intercept",0.943214868844294,0.06206437210309,1.03560515110928,TRUE,"n500_d4",500,4,31
"gamlss.longitudinal","theta","x1",0.185747068307443,0.0343619009012038,0.25,FALSE,"n500_d4",500,4,31
"gamlss.longitudinal","theta","x2",-0.0600886282626376,0.0696339967591591,-0.1,FALSE,"n500_d4",500,4,31
"gamlss.longitudinal","theta","t",0.39046484063835,0.105904734187534,0.2,FALSE,"n500_d4",500,4,31
"gamlss.longitudinal","zeta","intercept",-0.0532716791042338,0.606070287617957,0.5,TRUE,"n500_d4",500,4,31
"gamlss.longitudinal","zeta","x1",-0.100179621524631,0.310228688168989,0.12,FALSE,"n500_d4",500,4,31
"gamlss.longitudinal","zeta","x2",0.564645236036271,0.652351459214289,-0.1,FALSE,"n500_d4",500,4,31
"gamlss.longitudinal","zeta","t",1.90302288660586,1.21172179282679,0.1,FALSE,"n500_d4",500,4,31
"gamlss2","mu","intercept",0.781282735413475,0.0129712674872809,0.799782912534822,FALSE,"n500_d4",500,4,31
"gamlss2","mu","x1",0.11994324498101,0.00722852360402534,0.12,FALSE,"n500_d4",500,4,31
"gamlss2","mu","x2",-0.0870863922942682,0.0150890470150496,-0.1,FALSE,"n500_d4",500,4,31
"gamlss2","mu","t",0.193637827052274,0.0200861559784041,0.18,FALSE,"n500_d4",500,4,31
"gamlss2","sigma","intercept",-1.24346051016665,0.0364189085421803,-1.19590793382056,FALSE,"n500_d4",500,4,31
"gamlss2","sigma","x1",0.160489028372332,0.0163533328226731,0.18,FALSE,"n500_d4",500,4,31
"gamlss2","sigma","x2",0.137422192001564,0.034698916000503,0.12,FALSE,"n500_d4",500,4,31
"gamlss2","sigma","t",0.208214138741168,0.0454047225048491,0.15,FALSE,"n500_d4",500,4,31
"gamlss2","nu","intercept",-0.105378589578903,0.119944661486835,0,FALSE,"n500_d4",500,4,31
"gamlss2","nu","x1",0.0558564044800394,0.0515018497409894,0.1,FALSE,"n500_d4",500,4,31
"gamlss2","nu","x2",-0.0525491228413053,0.10756928528651,-0.08,FALSE,"n500_d4",500,4,31
"gamlss2","nu","t",0.32262679081266,0.138718384642142,0.12,FALSE,"n500_d4",500,4,31
"gamlss2","tau","intercept",0.341493613154252,0.101434526220514,0.5,FALSE,"n500_d4",500,4,31
"gamlss2","tau","x1",-0.110544373403832,0.049245253368772,-0.08,FALSE,"n500_d4",500,4,31
"gamlss2","tau","x2",0.175553710509288,0.107485199194425,0.1,FALSE,"n500_d4",500,4,31
"gamlss2","tau","t",0.324599661806507,0.134345118995295,0.11,FALSE,"n500_d4",500,4,31
"gamlss2","theta","intercept",NA,NA,NA,FALSE,"n500_d4",500,4,31
"gamlss2","theta","x1",NA,NA,NA,FALSE,"n500_d4",500,4,31
"gamlss2","theta","x2",NA,NA,NA,FALSE,"n500_d4",500,4,31
"gamlss2","theta","t",NA,NA,NA,FALSE,"n500_d4",500,4,31
"gamlss2","zeta","intercept",NA,NA,NA,FALSE,"n500_d4",500,4,31
"gamlss2","zeta","x1",NA,NA,NA,FALSE,"n500_d4",500,4,31
"gamlss2","zeta","x2",NA,NA,NA,FALSE,"n500_d4",500,4,31
"gamlss2","zeta","t",NA,NA,NA,FALSE,"n500_d4",500,4,31
"gamlss.longitudinal","mu","intercept",0.747232572410674,0.0165626283085405,0.780570836653399,TRUE,"n500_d4",500,4,32
"gamlss.longitudinal","mu","x1",0.113397713766156,0.0105343006670679,0.12,FALSE,"n500_d4",500,4,32
"gamlss.longitudinal","mu","x2",-0.0562315696095816,0.0232451657549176,-0.1,FALSE,"n500_d4",500,4,32
"gamlss.longitudinal","mu","t",0.200431206640863,0.0133711579272321,0.18,FALSE,"n500_d4",500,4,32
"gamlss.longitudinal","sigma","intercept",-1.20985789303558,0.0421763287483646,-1.22469636600746,TRUE,"n500_d4",500,4,32
"gamlss.longitudinal","sigma","x1",0.169447149922351,0.0263106541277422,0.18,FALSE,"n500_d4",500,4,32
"gamlss.longitudinal","sigma","x2",0.123447687501594,0.0538707727486568,0.12,FALSE,"n500_d4",500,4,32
"gamlss.longitudinal","sigma","t",0.101834339379475,0.0334788891192366,0.15,FALSE,"n500_d4",500,4,32
"gamlss.longitudinal","nu","intercept",0.037536528014137,0.0992577001581983,0,TRUE,"n500_d4",500,4,32
"gamlss.longitudinal","nu","x1",0.0962574808196938,0.0549806002645469,0.1,FALSE,"n500_d4",500,4,32
"gamlss.longitudinal","nu","x2",-0.116568649312594,0.104406779089992,-0.08,FALSE,"n500_d4",500,4,32
"gamlss.longitudinal","nu","t",0.200849382904159,0.105351988372878,0.12,FALSE,"n500_d4",500,4,32
"gamlss.longitudinal","tau","intercept",0.603231260230154,0.0996913669446015,0.5,TRUE,"n500_d4",500,4,32
"gamlss.longitudinal","tau","x1",-0.0507048562815263,0.0542474810929306,-0.08,FALSE,"n500_d4",500,4,32
"gamlss.longitudinal","tau","x2",0.0243729568176051,0.107725589171769,0.1,FALSE,"n500_d4",500,4,32
"gamlss.longitudinal","tau","t",-0.0445716762275311,0.118193743130572,0.11,FALSE,"n500_d4",500,4,32
"gamlss.longitudinal","theta","intercept",1.03288699886523,0.0655805943948675,1.04978839156744,TRUE,"n500_d4",500,4,32
"gamlss.longitudinal","theta","x1",0.236854975980339,0.0370091220401506,0.25,FALSE,"n500_d4",500,4,32
"gamlss.longitudinal","theta","x2",-0.0892131585753261,0.0746223161587619,-0.1,FALSE,"n500_d4",500,4,32
"gamlss.longitudinal","theta","t",0.177513715723345,0.113828100927617,0.2,FALSE,"n500_d4",500,4,32
"gamlss.longitudinal","zeta","intercept",-0.0888436921315811,0.847205529664513,0.5,TRUE,"n500_d4",500,4,32
"gamlss.longitudinal","zeta","x1",0.520306376376546,0.546613618138152,0.12,FALSE,"n500_d4",500,4,32
"gamlss.longitudinal","zeta","x2",-0.639336767049155,1.00626674985035,-0.1,FALSE,"n500_d4",500,4,32
"gamlss.longitudinal","zeta","t",0.181936080244142,1.59079519152112,0.1,FALSE,"n500_d4",500,4,32
"gamlss2","mu","intercept",0.74527911491896,0.0134814157089276,0.780570836653399,FALSE,"n500_d4",500,4,32
"gamlss2","mu","x1",0.119995863852788,0.00692226014215608,0.12,FALSE,"n500_d4",500,4,32
"gamlss2","mu","x2",-0.0638742804641326,0.0150313360317308,-0.1,FALSE,"n500_d4",500,4,32
"gamlss2","mu","t",0.223361079777004,0.0193256021488741,0.18,FALSE,"n500_d4",500,4,32
"gamlss2","sigma","intercept",-1.21920462771986,0.0324691212196572,-1.22469636600746,FALSE,"n500_d4",500,4,32
"gamlss2","sigma","x1",0.162063502495652,0.0164816169864793,0.18,FALSE,"n500_d4",500,4,32
"gamlss2","sigma","x2",0.113291666052573,0.0330855584283185,0.12,FALSE,"n500_d4",500,4,32
"gamlss2","sigma","t",0.0983197194839779,0.0427007946837405,0.15,FALSE,"n500_d4",500,4,32
"gamlss2","nu","intercept",0.122555639366781,0.112695581254811,0,FALSE,"n500_d4",500,4,32
"gamlss2","nu","x1",0.109800021019208,0.0557306466057639,0.1,FALSE,"n500_d4",500,4,32
"gamlss2","nu","x2",-0.280399727542806,0.105426149136071,-0.08,FALSE,"n500_d4",500,4,32
"gamlss2","nu","t",0.207510779214889,0.140575673762109,0.12,FALSE,"n500_d4",500,4,32
"gamlss2","tau","intercept",0.549728426609738,0.108527412765347,0.5,FALSE,"n500_d4",500,4,32
"gamlss2","tau","x1",-0.0360001490436139,0.0606828187329058,-0.08,FALSE,"n500_d4",500,4,32
"gamlss2","tau","x2",0.235755964075456,0.117580336101631,0.1,FALSE,"n500_d4",500,4,32
"gamlss2","tau","t",0.077019746355306,0.151181390359771,0.11,FALSE,"n500_d4",500,4,32
"gamlss2","theta","intercept",NA,NA,NA,FALSE,"n500_d4",500,4,32
"gamlss2","theta","x1",NA,NA,NA,FALSE,"n500_d4",500,4,32
"gamlss2","theta","x2",NA,NA,NA,FALSE,"n500_d4",500,4,32
"gamlss2","theta","t",NA,NA,NA,FALSE,"n500_d4",500,4,32
"gamlss2","zeta","intercept",NA,NA,NA,FALSE,"n500_d4",500,4,32
"gamlss2","zeta","x1",NA,NA,NA,FALSE,"n500_d4",500,4,32
"gamlss2","zeta","x2",NA,NA,NA,FALSE,"n500_d4",500,4,32
"gamlss2","zeta","t",NA,NA,NA,FALSE,"n500_d4",500,4,32
"gamlss.longitudinal","mu","intercept",0.769549905817649,0.015636935780649,0.780196921555194,TRUE,"n500_d4",500,4,33
"gamlss.longitudinal","mu","x1",0.11531254471514,0.0108655663074754,0.12,FALSE,"n500_d4",500,4,33
"gamlss.longitudinal","mu","x2",-0.102698508484799,0.02137541172214,-0.1,FALSE,"n500_d4",500,4,33
"gamlss.longitudinal","mu","t",0.18787605523333,0.0143547007541671,0.18,FALSE,"n500_d4",500,4,33
"gamlss.longitudinal","sigma","intercept",-1.19265985151772,0.0453550271198311,-1.19672223855532,TRUE,"n500_d4",500,4,33
"gamlss.longitudinal","sigma","x1",0.202042824050874,0.0247984957320906,0.18,FALSE,"n500_d4",500,4,33
"gamlss.longitudinal","sigma","x2",0.0766106136335529,0.0513600071880473,0.12,FALSE,"n500_d4",500,4,33
"gamlss.longitudinal","sigma","t",0.132168348301654,0.0346870176900897,0.15,FALSE,"n500_d4",500,4,33
"gamlss.longitudinal","nu","intercept",0.0163034415367621,0.0959354062374657,0,TRUE,"n500_d4",500,4,33
"gamlss.longitudinal","nu","x1",0.0906385108862923,0.0582997051805251,0.1,FALSE,"n500_d4",500,4,33
"gamlss.longitudinal","nu","x2",-0.0767338743562648,0.105420087475086,-0.08,FALSE,"n500_d4",500,4,33
"gamlss.longitudinal","nu","t",0.17723589041836,0.0893029136810372,0.12,FALSE,"n500_d4",500,4,33
"gamlss.longitudinal","tau","intercept",0.35664075324169,0.0834275923231684,0.5,TRUE,"n500_d4",500,4,33
"gamlss.longitudinal","tau","x1",-0.182275051318676,0.0583956290836997,-0.08,FALSE,"n500_d4",500,4,33
"gamlss.longitudinal","tau","x2",0.219289621543263,0.105097598793994,0.1,FALSE,"n500_d4",500,4,33
"gamlss.longitudinal","tau","t",0.238193738039698,0.102869591195454,0.11,FALSE,"n500_d4",500,4,33
"gamlss.longitudinal","theta","intercept",1.08792373830965,0.0623152167570826,1.03094304990632,TRUE,"n500_d4",500,4,33
"gamlss.longitudinal","theta","x1",0.229894522433182,0.0379847027064122,0.25,FALSE,"n500_d4",500,4,33
"gamlss.longitudinal","theta","x2",-0.224997480923828,0.0717099043865936,-0.1,FALSE,"n500_d4",500,4,33
"gamlss.longitudinal","theta","t",0.0695638521175897,0.109100171041545,0.2,FALSE,"n500_d4",500,4,33
"gamlss.longitudinal","zeta","intercept",0.856069797546342,0.636542213222386,0.5,TRUE,"n500_d4",500,4,33
"gamlss.longitudinal","zeta","x1",-0.602068852321086,0.466584900937337,0.12,FALSE,"n500_d4",500,4,33
"gamlss.longitudinal","zeta","x2",-1.37605330188323,0.918019294643016,-0.1,FALSE,"n500_d4",500,4,33
"gamlss.longitudinal","zeta","t",-0.0402125845810349,1.29130216238972,0.1,FALSE,"n500_d4",500,4,33
"gamlss2","mu","intercept",0.771969814556925,0.0139605459419298,0.780196921555194,FALSE,"n500_d4",500,4,33
"gamlss2","mu","x1",0.114776236700741,0.00753390597741841,0.12,FALSE,"n500_d4",500,4,33
"gamlss2","mu","x2",-0.11213295144074,0.0145336967459961,-0.1,FALSE,"n500_d4",500,4,33
"gamlss2","mu","t",0.189325344681465,0.0193263765006206,0.18,FALSE,"n500_d4",500,4,33
"gamlss2","sigma","intercept",-1.20056347078643,0.0343337432275901,-1.19672223855532,FALSE,"n500_d4",500,4,33
"gamlss2","sigma","x1",0.191240233080941,0.017895191892869,0.18,FALSE,"n500_d4",500,4,33
"gamlss2","sigma","x2",0.0742861262822886,0.034461657543796,0.12,FALSE,"n500_d4",500,4,33
"gamlss2","sigma","t",0.128676219572744,0.0441588026055439,0.15,FALSE,"n500_d4",500,4,33
"gamlss2","nu","intercept",-0.0730030019210566,0.112526438167101,0,FALSE,"n500_d4",500,4,33
"gamlss2","nu","x1",0.138771368332011,0.0610337631079286,0.1,FALSE,"n500_d4",500,4,33
"gamlss2","nu","x2",-0.134029067458245,0.107204905132745,-0.08,FALSE,"n500_d4",500,4,33
"gamlss2","nu","t",0.24602294804442,0.135955911845366,0.12,FALSE,"n500_d4",500,4,33
"gamlss2","tau","intercept",0.50119656292817,0.0952509558614416,0.5,FALSE,"n500_d4",500,4,33
"gamlss2","tau","x1",-0.128802007020994,0.058884871654245,-0.08,FALSE,"n500_d4",500,4,33
"gamlss2","tau","x2",0.014260626886981,0.105095820209551,0.1,FALSE,"n500_d4",500,4,33
"gamlss2","tau","t",0.190557072020081,0.132148104943398,0.11,FALSE,"n500_d4",500,4,33
"gamlss2","theta","intercept",NA,NA,NA,FALSE,"n500_d4",500,4,33
"gamlss2","theta","x1",NA,NA,NA,FALSE,"n500_d4",500,4,33
"gamlss2","theta","x2",NA,NA,NA,FALSE,"n500_d4",500,4,33
"gamlss2","theta","t",NA,NA,NA,FALSE,"n500_d4",500,4,33
"gamlss2","zeta","intercept",NA,NA,NA,FALSE,"n500_d4",500,4,33
"gamlss2","zeta","x1",NA,NA,NA,FALSE,"n500_d4",500,4,33
"gamlss2","zeta","x2",NA,NA,NA,FALSE,"n500_d4",500,4,33
"gamlss2","zeta","t",NA,NA,NA,FALSE,"n500_d4",500,4,33
"gamlss.longitudinal","mu","intercept",0.789373421546783,0.019032428908948,0.796510569380286,TRUE,"n500_d4",500,4,34
"gamlss.longitudinal","mu","x1",0.125488222060997,0.0115291879446432,0.12,FALSE,"n500_d4",500,4,34
"gamlss.longitudinal","mu","x2",-0.106422041550741,0.0234180371366242,-0.1,FALSE,"n500_d4",500,4,34
"gamlss.longitudinal","mu","t",0.171818182725687,0.0146179412169192,0.18,FALSE,"n500_d4",500,4,34
"gamlss.longitudinal","sigma","intercept",-1.07960304443821,0.0441498722430753,-1.2083546728727,TRUE,"n500_d4",500,4,34
"gamlss.longitudinal","sigma","x1",0.223935522861954,0.0264186541518758,0.18,FALSE,"n500_d4",500,4,34
"gamlss.longitudinal","sigma","x2",-0.00232527548328809,0.0507426606841902,0.12,FALSE,"n500_d4",500,4,34
"gamlss.longitudinal","sigma","t",0.165496934719205,0.0319912341015228,0.15,FALSE,"n500_d4",500,4,34
"gamlss.longitudinal","nu","intercept",-0.042569400632937,0.0869844850305721,0,TRUE,"n500_d4",500,4,34
"gamlss.longitudinal","nu","x1",0.10797597760229,0.050667358340476,0.1,FALSE,"n500_d4",500,4,34
"gamlss.longitudinal","nu","x2",-0.0683204628385233,0.0932352104249121,-0.08,FALSE,"n500_d4",500,4,34
"gamlss.longitudinal","nu","t",0.145387631894881,0.0865681533403017,0.12,FALSE,"n500_d4",500,4,34
"gamlss.longitudinal","tau","intercept",0.422138908832017,0.084500861670188,0.5,TRUE,"n500_d4",500,4,34
"gamlss.longitudinal","tau","x1",-0.113825497502762,0.0527842096661113,-0.08,FALSE,"n500_d4",500,4,34
"gamlss.longitudinal","tau","x2",0.36941319444304,0.102185710253426,0.1,FALSE,"n500_d4",500,4,34
"gamlss.longitudinal","tau","t",0.0952051805557252,0.100665034907921,0.11,FALSE,"n500_d4",500,4,34
"gamlss.longitudinal","theta","intercept",1.21734308929532,0.0590437335531528,1.0415240000533,TRUE,"n500_d4",500,4,34
"gamlss.longitudinal","theta","x1",0.320047220880164,0.0345080459293729,0.25,FALSE,"n500_d4",500,4,34
"gamlss.longitudinal","theta","x2",-0.160844541369878,0.0706320195671404,-0.1,FALSE,"n500_d4",500,4,34
"gamlss.longitudinal","theta","t",0.0934380259823205,0.103899521426633,0.2,FALSE,"n500_d4",500,4,34
"gamlss.longitudinal","zeta","intercept",0.876021265074191,0.566111916839538,0.5,TRUE,"n500_d4",500,4,34
"gamlss.longitudinal","zeta","x1",0.271943156646939,0.345395752104085,0.12,FALSE,"n500_d4",500,4,34
"gamlss.longitudinal","zeta","x2",0.77723395790082,0.645508695210559,-0.1,FALSE,"n500_d4",500,4,34
"gamlss.longitudinal","zeta","t",-1.05382859490272,1.14429546061689,0.1,FALSE,"n500_d4",500,4,34
"gamlss2","mu","intercept",0.789927123551364,0.0150669305633372,0.796510569380286,FALSE,"n500_d4",500,4,34
"gamlss2","mu","x1",0.124646022630074,0.00749473412259388,0.12,FALSE,"n500_d4",500,4,34
"gamlss2","mu","x2",-0.112867667234041,0.015417252363135,-0.1,FALSE,"n500_d4",500,4,34
"gamlss2","mu","t",0.173527161143504,0.0203559895524922,0.18,FALSE,"n500_d4",500,4,34
"gamlss2","sigma","intercept",-1.09143929782312,0.0324592812087428,-1.2083546728727,FALSE,"n500_d4",500,4,34
"gamlss2","sigma","x1",0.22664349435574,0.0179621221628012,0.18,FALSE,"n500_d4",500,4,34
"gamlss2","sigma","x2",0.0308009097106543,0.0332188716610836,0.12,FALSE,"n500_d4",500,4,34
"gamlss2","sigma","t",0.132901554209852,0.0434176415367348,0.15,FALSE,"n500_d4",500,4,34
"gamlss2","nu","intercept",-0.128979364606773,0.101034248039559,0,FALSE,"n500_d4",500,4,34
"gamlss2","nu","x1",0.0899983831584671,0.0551013353593433,0.1,FALSE,"n500_d4",500,4,34
"gamlss2","nu","x2",-0.105242526987079,0.100679491555578,-0.08,FALSE,"n500_d4",500,4,34
"gamlss2","nu","t",0.193823983136971,0.130073433847653,0.12,FALSE,"n500_d4",500,4,34
"gamlss2","tau","intercept",0.569410043901387,0.0954362665795943,0.5,FALSE,"n500_d4",500,4,34
"gamlss2","tau","x1",-0.118407255334036,0.059815493077845,-0.08,FALSE,"n500_d4",500,4,34
"gamlss2","tau","x2",0.140284880859728,0.105084295955227,0.1,FALSE,"n500_d4",500,4,34
"gamlss2","tau","t",0.0482177038883137,0.135884232730022,0.11,FALSE,"n500_d4",500,4,34
"gamlss2","theta","intercept",NA,NA,NA,FALSE,"n500_d4",500,4,34
"gamlss2","theta","x1",NA,NA,NA,FALSE,"n500_d4",500,4,34
"gamlss2","theta","x2",NA,NA,NA,FALSE,"n500_d4",500,4,34
"gamlss2","theta","t",NA,NA,NA,FALSE,"n500_d4",500,4,34
"gamlss2","zeta","intercept",NA,NA,NA,FALSE,"n500_d4",500,4,34
"gamlss2","zeta","x1",NA,NA,NA,FALSE,"n500_d4",500,4,34
"gamlss2","zeta","x2",NA,NA,NA,FALSE,"n500_d4",500,4,34
"gamlss2","zeta","t",NA,NA,NA,FALSE,"n500_d4",500,4,34
"gamlss.longitudinal","mu","intercept",0.772073553523212,0.0154654056569692,0.743089596365851,TRUE,"n500_d4",500,4,35
"gamlss.longitudinal","mu","x1",0.127423304457802,0.0113514190190619,0.12,FALSE,"n500_d4",500,4,35
"gamlss.longitudinal","mu","x2",-0.104812776167302,0.024213044330794,-0.1,FALSE,"n500_d4",500,4,35
"gamlss.longitudinal","mu","t",0.170214059671889,0.0135767976631909,0.18,FALSE,"n500_d4",500,4,35
"gamlss.longitudinal","sigma","intercept",-1.23260834850626,0.0444848856032015,-1.2158179344335,TRUE,"n500_d4",500,4,35
"gamlss.longitudinal","sigma","x1",0.19428158300657,0.0272936146772785,0.18,FALSE,"n500_d4",500,4,35
"gamlss.longitudinal","sigma","x2",0.187899779122559,0.0531892251436136,0.12,FALSE,"n500_d4",500,4,35
"gamlss.longitudinal","sigma","t",0.0987250157581684,0.0343684204197743,0.15,FALSE,"n500_d4",500,4,35
"gamlss.longitudinal","nu","intercept",0.129917018896259,0.0993512493901839,0,TRUE,"n500_d4",500,4,35
"gamlss.longitudinal","nu","x1",0.0611178791058203,0.0526278425124352,0.1,FALSE,"n500_d4",500,4,35
"gamlss.longitudinal","nu","x2",-0.183348959499142,0.105883706897074,-0.08,FALSE,"n500_d4",500,4,35
"gamlss.longitudinal","nu","t",-0.0288427503640803,0.0898946318232612,0.12,FALSE,"n500_d4",500,4,35
"gamlss.longitudinal","tau","intercept",0.365406088043329,0.0884259220952149,0.5,TRUE,"n500_d4",500,4,35
"gamlss.longitudinal","tau","x1",-0.11044615881987,0.0569508068891878,-0.08,FALSE,"n500_d4",500,4,35
"gamlss.longitudinal","tau","x2",0.222634245495688,0.102200474194255,0.1,FALSE,"n500_d4",500,4,35
"gamlss.longitudinal","tau","t",0.180808182991203,0.107308008733152,0.11,FALSE,"n500_d4",500,4,35
"gamlss.longitudinal","theta","intercept",1.06462725640953,0.0593772995219702,1.04052243710145,TRUE,"n500_d4",500,4,35
"gamlss.longitudinal","theta","x1",0.199590657311925,0.0380284920226241,0.25,FALSE,"n500_d4",500,4,35
"gamlss.longitudinal","theta","x2",-0.00622745412801662,0.0715070320913851,-0.1,FALSE,"n500_d4",500,4,35
"gamlss.longitudinal","theta","t",0.0617210883657636,0.105474519109144,0.2,FALSE,"n500_d4",500,4,35
"gamlss.longitudinal","zeta","intercept",0.911632471536431,0.554381533228275,0.5,TRUE,"n500_d4",500,4,35
"gamlss.longitudinal","zeta","x1",-0.181544425786242,0.336155848022251,0.12,FALSE,"n500_d4",500,4,35
"gamlss.longitudinal","zeta","x2",0.644337548234232,0.684476592648681,-0.1,FALSE,"n500_d4",500,4,35
"gamlss.longitudinal","zeta","t",-1.98643928963539,1.24088282886653,0.1,FALSE,"n500_d4",500,4,35
"gamlss2","mu","intercept",0.776537823883057,0.0131620979926475,0.743089596365851,FALSE,"n500_d4",500,4,35
"gamlss2","mu","x1",0.130138194367666,0.0075687831810215,0.12,FALSE,"n500_d4",500,4,35
"gamlss2","mu","x2",-0.115985807688154,0.0150071934376935,-0.1,FALSE,"n500_d4",500,4,35
"gamlss2","mu","t",0.169685885709986,0.0191901364750441,0.18,FALSE,"n500_d4",500,4,35
"gamlss2","sigma","intercept",-1.24338982940077,0.0340944471407416,-1.2158179344335,FALSE,"n500_d4",500,4,35
"gamlss2","sigma","x1",0.187910667404395,0.0178872778062201,0.18,FALSE,"n500_d4",500,4,35
"gamlss2","sigma","x2",0.189910245069622,0.0337851728879791,0.12,FALSE,"n500_d4",500,4,35
"gamlss2","sigma","t",0.0933974329006564,0.0433322850121236,0.15,FALSE,"n500_d4",500,4,35
"gamlss2","nu","intercept",0.0799611868025295,0.11549734546138,0,FALSE,"n500_d4",500,4,35
"gamlss2","nu","x1",0.183590837329887,0.051963873120942,0.1,FALSE,"n500_d4",500,4,35
"gamlss2","nu","x2",-0.200082683025425,0.109828630690175,-0.08,FALSE,"n500_d4",500,4,35
"gamlss2","nu","t",0.11112496540274,0.132353559433936,0.12,FALSE,"n500_d4",500,4,35
"gamlss2","tau","intercept",0.426050184967548,0.101509983122962,0.5,FALSE,"n500_d4",500,4,35
"gamlss2","tau","x1",-0.0823189679140402,0.0573801468673127,-0.08,FALSE,"n500_d4",500,4,35
"gamlss2","tau","x2",0.327637637892974,0.115354387192744,0.1,FALSE,"n500_d4",500,4,35
"gamlss2","tau","t",0.182378443201645,0.137952358667344,0.11,FALSE,"n500_d4",500,4,35
"gamlss2","theta","intercept",NA,NA,NA,FALSE,"n500_d4",500,4,35
"gamlss2","theta","x1",NA,NA,NA,FALSE,"n500_d4",500,4,35
"gamlss2","theta","x2",NA,NA,NA,FALSE,"n500_d4",500,4,35
"gamlss2","theta","t",NA,NA,NA,FALSE,"n500_d4",500,4,35
"gamlss2","zeta","intercept",NA,NA,NA,FALSE,"n500_d4",500,4,35
"gamlss2","zeta","x1",NA,NA,NA,FALSE,"n500_d4",500,4,35
"gamlss2","zeta","x2",NA,NA,NA,FALSE,"n500_d4",500,4,35
"gamlss2","zeta","t",NA,NA,NA,FALSE,"n500_d4",500,4,35
"gamlss.longitudinal","mu","intercept",0.794290553477861,0.0156060260161282,0.789653908540191,TRUE,"n500_d4",500,4,36
"gamlss.longitudinal","mu","x1",0.118594231432626,0.010623533109677,0.12,FALSE,"n500_d4",500,4,36
"gamlss.longitudinal","mu","x2",-0.0943392584951752,0.0219051651163806,-0.1,FALSE,"n500_d4",500,4,36
"gamlss.longitudinal","mu","t",0.168331348827089,0.014298404810708,0.18,FALSE,"n500_d4",500,4,36
"gamlss.longitudinal","sigma","intercept",-1.25849755174431,0.0473213136319853,-1.20210022153212,TRUE,"n500_d4",500,4,36
"gamlss.longitudinal","sigma","x1",0.159667521988641,0.0279745564771816,0.18,FALSE,"n500_d4",500,4,36
"gamlss.longitudinal","sigma","x2",0.142899105488945,0.0503552498050097,0.12,FALSE,"n500_d4",500,4,36
"gamlss.longitudinal","sigma","t",0.17695154234712,0.0358843203987786,0.15,FALSE,"n500_d4",500,4,36
"gamlss.longitudinal","nu","intercept",0.0983579091240481,0.0965358479102382,0,TRUE,"n500_d4",500,4,36
"gamlss.longitudinal","nu","x1",0.206415673866482,0.051630504052022,0.1,FALSE,"n500_d4",500,4,36
"gamlss.longitudinal","nu","x2",-0.219434903599137,0.0962559657795325,-0.08,FALSE,"n500_d4",500,4,36
"gamlss.longitudinal","nu","t",0.0609368784529903,0.0984303702356035,0.12,FALSE,"n500_d4",500,4,36
"gamlss.longitudinal","tau","intercept",0.394722866251267,0.0890128744587218,0.5,TRUE,"n500_d4",500,4,36
"gamlss.longitudinal","tau","x1",-0.022566411286496,0.0627303168229846,-0.08,FALSE,"n500_d4",500,4,36
"gamlss.longitudinal","tau","x2",0.177909477147246,0.104838087536733,0.1,FALSE,"n500_d4",500,4,36
"gamlss.longitudinal","tau","t",0.314937261408246,0.105673993965074,0.11,FALSE,"n500_d4",500,4,36
"gamlss.longitudinal","theta","intercept",0.994427808414193,0.0653839053546827,1.03625597465071,TRUE,"n500_d4",500,4,36
"gamlss.longitudinal","theta","x1",0.30157845703232,0.0356069673539762,0.25,FALSE,"n500_d4",500,4,36
"gamlss.longitudinal","theta","x2",-0.189917189606017,0.0683408377054866,-0.1,FALSE,"n500_d4",500,4,36
"gamlss.longitudinal","theta","t",0.353321484090023,0.106796625280052,0.2,FALSE,"n500_d4",500,4,36
"gamlss.longitudinal","zeta","intercept",-0.9281938229778,1.58624692692828,0.5,TRUE,"n500_d4",500,4,36
"gamlss.longitudinal","zeta","x1",0.317503191795949,0.729977626950455,0.12,FALSE,"n500_d4",500,4,36
"gamlss.longitudinal","zeta","x2",-0.258983866131322,0.821724536237688,-0.1,FALSE,"n500_d4",500,4,36
"gamlss.longitudinal","zeta","t",4.95594933533235,2.76060634078457,0.1,FALSE,"n500_d4",500,4,36
"gamlss2","mu","intercept",0.800063715176188,0.0126258788042323,0.789653908540191,FALSE,"n500_d4",500,4,36
"gamlss2","mu","x1",0.123283997574941,0.00701812668101502,0.12,FALSE,"n500_d4",500,4,36
"gamlss2","mu","x2",-0.104835975386308,0.0144683424629042,-0.1,FALSE,"n500_d4",500,4,36
"gamlss2","mu","t",0.175375294032066,0.0187458134302246,0.18,FALSE,"n500_d4",500,4,36
"gamlss2","sigma","intercept",-1.26132668283033,0.0345386687223109,-1.20210022153212,FALSE,"n500_d4",500,4,36
"gamlss2","sigma","x1",0.150237650040993,0.0184805420108045,0.18,FALSE,"n500_d4",500,4,36
"gamlss2","sigma","x2",0.141882817198367,0.034459754125551,0.12,FALSE,"n500_d4",500,4,36
"gamlss2","sigma","t",0.165243933514905,0.0442787173480099,0.15,FALSE,"n500_d4",500,4,36
"gamlss2","nu","intercept",0.147287599785314,0.116334942990005,0,FALSE,"n500_d4",500,4,36
"gamlss2","nu","x1",0.186129493755708,0.0592227361722726,0.1,FALSE,"n500_d4",500,4,36
"gamlss2","nu","x2",-0.296250257094065,0.110206324518757,-0.08,FALSE,"n500_d4",500,4,36
"gamlss2","nu","t",0.126540294437752,0.135049998158754,0.12,FALSE,"n500_d4",500,4,36
"gamlss2","tau","intercept",0.370733396057456,0.0914494896034508,0.5,FALSE,"n500_d4",500,4,36
"gamlss2","tau","x1",-0.0449058897338083,0.0624753849400696,-0.08,FALSE,"n500_d4",500,4,36
"gamlss2","tau","x2",0.265451849890287,0.105836843277849,0.1,FALSE,"n500_d4",500,4,36
"gamlss2","tau","t",0.266163334953478,0.133564670681379,0.11,FALSE,"n500_d4",500,4,36
"gamlss2","theta","intercept",NA,NA,NA,FALSE,"n500_d4",500,4,36
"gamlss2","theta","x1",NA,NA,NA,FALSE,"n500_d4",500,4,36
"gamlss2","theta","x2",NA,NA,NA,FALSE,"n500_d4",500,4,36
"gamlss2","theta","t",NA,NA,NA,FALSE,"n500_d4",500,4,36
"gamlss2","zeta","intercept",NA,NA,NA,FALSE,"n500_d4",500,4,36
"gamlss2","zeta","x1",NA,NA,NA,FALSE,"n500_d4",500,4,36
"gamlss2","zeta","x2",NA,NA,NA,FALSE,"n500_d4",500,4,36
"gamlss2","zeta","t",NA,NA,NA,FALSE,"n500_d4",500,4,36
"gamlss.longitudinal","mu","intercept",0.772766722549391,0.0174935187664476,0.78089632811946,TRUE,"n500_d4",500,4,37
"gamlss.longitudinal","mu","x1",0.118714379490672,0.0107718232260459,0.12,FALSE,"n500_d4",500,4,37
"gamlss.longitudinal","mu","x2",-0.114135937857654,0.0232898934867376,-0.1,FALSE,"n500_d4",500,4,37
"gamlss.longitudinal","mu","t",0.182978340403669,0.0151791846005987,0.18,FALSE,"n500_d4",500,4,37
"gamlss.longitudinal","sigma","intercept",-1.22811972175043,0.0396153975450729,-1.20789579350349,TRUE,"n500_d4",500,4,37
"gamlss.longitudinal","sigma","x1",0.170506246406222,0.0237387224326854,0.18,FALSE,"n500_d4",500,4,37
"gamlss.longitudinal","sigma","x2",0.0789693594402138,0.048508817710704,0.12,FALSE,"n500_d4",500,4,37
"gamlss.longitudinal","sigma","t",0.195395715361608,0.0338314900748733,0.15,FALSE,"n500_d4",500,4,37
"gamlss.longitudinal","nu","intercept",0.045340443951622,0.0876287227028699,0,TRUE,"n500_d4",500,4,37
"gamlss.longitudinal","nu","x1",0.0676480286455034,0.043310295251521,0.1,FALSE,"n500_d4",500,4,37
"gamlss.longitudinal","nu","x2",0.0436225727232738,0.0937880475246982,-0.08,FALSE,"n500_d4",500,4,37
"gamlss.longitudinal","nu","t",-0.0111958935533337,0.0992592964620348,0.12,FALSE,"n500_d4",500,4,37
"gamlss.longitudinal","tau","intercept",0.631076672177029,0.10006361529101,0.5,TRUE,"n500_d4",500,4,37
"gamlss.longitudinal","tau","x1",0.0203862819050852,0.0508159203782087,-0.08,FALSE,"n500_d4",500,4,37
"gamlss.longitudinal","tau","x2",0.0997986325442695,0.107404273982336,0.1,FALSE,"n500_d4",500,4,37
"gamlss.longitudinal","tau","t",0.102746508453095,0.128147969926309,0.11,FALSE,"n500_d4",500,4,37
"gamlss.longitudinal","theta","intercept",1.02916940928777,0.0608471851915198,1.04004598441467,TRUE,"n500_d4",500,4,37
"gamlss.longitudinal","theta","x1",0.170445495129335,0.0336281792310507,0.25,FALSE,"n500_d4",500,4,37
"gamlss.longitudinal","theta","x2",-0.174914274959639,0.0713278916777691,-0.1,FALSE,"n500_d4",500,4,37
"gamlss.longitudinal","theta","t",0.196480176927905,0.108738082019183,0.2,FALSE,"n500_d4",500,4,37
"gamlss.longitudinal","zeta","intercept",1.48315930820955,0.566888146543921,0.5,TRUE,"n500_d4",500,4,37
"gamlss.longitudinal","zeta","x1",0.0730367627127878,0.335055039019384,0.12,FALSE,"n500_d4",500,4,37
"gamlss.longitudinal","zeta","x2",-1.31533446402496,0.710202246518854,-0.1,FALSE,"n500_d4",500,4,37
"gamlss.longitudinal","zeta","t",-0.734594713087166,1.24663308525533,0.1,FALSE,"n500_d4",500,4,37
"gamlss2","mu","intercept",0.77645184206483,0.0140416894272395,0.78089632811946,FALSE,"n500_d4",500,4,37
"gamlss2","mu","x1",0.120079201984256,0.00688670983413377,0.12,FALSE,"n500_d4",500,4,37
"gamlss2","mu","x2",-0.114147445676178,0.0149375537885581,-0.1,FALSE,"n500_d4",500,4,37
"gamlss2","mu","t",0.183336055394689,0.0198780933589327,0.18,FALSE,"n500_d4",500,4,37
"gamlss2","sigma","intercept",-1.2303911241898,0.0310977136872775,-1.20789579350349,FALSE,"n500_d4",500,4,37
"gamlss2","sigma","x1",0.160777487240106,0.0158280256379764,0.18,FALSE,"n500_d4",500,4,37
"gamlss2","sigma","x2",0.0799540145694721,0.032208994340962,0.12,FALSE,"n500_d4",500,4,37
"gamlss2","sigma","t",0.184776808570137,0.0413084391970404,0.15,FALSE,"n500_d4",500,4,37
"gamlss2","nu","intercept",0.120682888209559,0.102285729867753,0,FALSE,"n500_d4",500,4,37
"gamlss2","nu","x1",0.0582927676631174,0.0444535515293955,0.1,FALSE,"n500_d4",500,4,37
"gamlss2","nu","x2",-0.0461924748531514,0.096877059950198,-0.08,FALSE,"n500_d4",500,4,37
"gamlss2","nu","t",-0.10721181390165,0.12653679300073,0.12,FALSE,"n500_d4",500,4,37
"gamlss2","tau","intercept",0.691122820117021,0.106384680144763,0.5,FALSE,"n500_d4",500,4,37
"gamlss2","tau","x1",0.078833139489587,0.0503023394206996,-0.08,FALSE,"n500_d4",500,4,37
"gamlss2","tau","x2",0.0696540985359484,0.110262576986404,0.1,FALSE,"n500_d4",500,4,37
"gamlss2","tau","t",0.0585500872025324,0.148496094566677,0.11,FALSE,"n500_d4",500,4,37
"gamlss2","theta","intercept",NA,NA,NA,FALSE,"n500_d4",500,4,37
"gamlss2","theta","x1",NA,NA,NA,FALSE,"n500_d4",500,4,37
"gamlss2","theta","x2",NA,NA,NA,FALSE,"n500_d4",500,4,37
"gamlss2","theta","t",NA,NA,NA,FALSE,"n500_d4",500,4,37
"gamlss2","zeta","intercept",NA,NA,NA,FALSE,"n500_d4",500,4,37
"gamlss2","zeta","x1",NA,NA,NA,FALSE,"n500_d4",500,4,37
"gamlss2","zeta","x2",NA,NA,NA,FALSE,"n500_d4",500,4,37
"gamlss2","zeta","t",NA,NA,NA,FALSE,"n500_d4",500,4,37
"gamlss.longitudinal","mu","intercept",0.777405016659598,0.0172391014451353,0.767469810435765,TRUE,"n500_d4",500,4,38
"gamlss.longitudinal","mu","x1",0.112655729050606,0.0112958880406934,0.12,FALSE,"n500_d4",500,4,38
"gamlss.longitudinal","mu","x2",-0.0716827708946854,0.0230759275014058,-0.1,FALSE,"n500_d4",500,4,38
"gamlss.longitudinal","mu","t",0.212771143442869,0.0149768142780402,0.18,FALSE,"n500_d4",500,4,38
"gamlss.longitudinal","sigma","intercept",-1.2304454813473,0.0430472578683774,-1.19875801010249,TRUE,"n500_d4",500,4,38
"gamlss.longitudinal","sigma","x1",0.17414621610369,0.0245138764053646,0.18,FALSE,"n500_d4",500,4,38
"gamlss.longitudinal","sigma","x2",0.121443671952857,0.050412754223456,0.12,FALSE,"n500_d4",500,4,38
"gamlss.longitudinal","sigma","t",0.166700952935829,0.0339058636181015,0.15,FALSE,"n500_d4",500,4,38
"gamlss.longitudinal","nu","intercept",-0.0366607332597902,0.0972311430349547,0,TRUE,"n500_d4",500,4,38
"gamlss.longitudinal","nu","x1",0.176777314883389,0.053111539657876,0.1,FALSE,"n500_d4",500,4,38
"gamlss.longitudinal","nu","x2",0.104040035003183,0.098201243001474,-0.08,FALSE,"n500_d4",500,4,38
"gamlss.longitudinal","nu","t",0.0718831273430486,0.0882863833929836,0.12,FALSE,"n500_d4",500,4,38
"gamlss.longitudinal","tau","intercept",0.490098760600224,0.0890199820221476,0.5,TRUE,"n500_d4",500,4,38
"gamlss.longitudinal","tau","x1",-0.026294329099632,0.0520702965188158,-0.08,FALSE,"n500_d4",500,4,38
"gamlss.longitudinal","tau","x2",0.216147595275615,0.103122910010187,0.1,FALSE,"n500_d4",500,4,38
"gamlss.longitudinal","tau","t",0.13397414298017,0.107154233160864,0.11,FALSE,"n500_d4",500,4,38
"gamlss.longitudinal","theta","intercept",0.89562022951045,0.0646393284611802,1.03307045050075,TRUE,"n500_d4",500,4,38
"gamlss.longitudinal","theta","x1",0.248164366579683,0.0350970480208024,0.25,FALSE,"n500_d4",500,4,38
"gamlss.longitudinal","theta","x2",-0.0614621054952254,0.0719801739112082,-0.1,FALSE,"n500_d4",500,4,38
"gamlss.longitudinal","theta","t",0.372376315853408,0.110420111987386,0.2,FALSE,"n500_d4",500,4,38
"gamlss.longitudinal","zeta","intercept",0.344501597656696,0.653708156426573,0.5,TRUE,"n500_d4",500,4,38
"gamlss.longitudinal","zeta","x1",0.440547994370538,0.385191809463545,0.12,FALSE,"n500_d4",500,4,38
"gamlss.longitudinal","zeta","x2",0.834631273033796,0.711535224231971,-0.1,FALSE,"n500_d4",500,4,38
"gamlss.longitudinal","zeta","t",-0.549810392990139,1.24521227675286,0.1,FALSE,"n500_d4",500,4,38
"gamlss2","mu","intercept",0.77202167871248,0.014132101651618,0.767469810435765,FALSE,"n500_d4",500,4,38
"gamlss2","mu","x1",0.125348693736161,0.00716328491799502,0.12,FALSE,"n500_d4",500,4,38
"gamlss2","mu","x2",-0.0512557449708687,0.0149178685747094,-0.1,FALSE,"n500_d4",500,4,38
"gamlss2","mu","t",0.216286147964395,0.0196423796827059,0.18,FALSE,"n500_d4",500,4,38
"gamlss2","sigma","intercept",-1.2298436333932,0.0343461845183458,-1.19875801010249,FALSE,"n500_d4",500,4,38
"gamlss2","sigma","x1",0.170936401239772,0.0164869764847329,0.18,FALSE,"n500_d4",500,4,38
"gamlss2","sigma","x2",0.110829123980832,0.0349277763854577,0.12,FALSE,"n500_d4",500,4,38
"gamlss2","sigma","t",0.147450072667039,0.0428702475014569,0.15,FALSE,"n500_d4",500,4,38
"gamlss2","nu","intercept",-0.0832830605362938,0.11511072215136,0,FALSE,"n500_d4",500,4,38
"gamlss2","nu","x1",0.189669810000144,0.055324782466697,0.1,FALSE,"n500_d4",500,4,38
"gamlss2","nu","x2",0.312592402625778,0.10858552591719,-0.08,FALSE,"n500_d4",500,4,38
"gamlss2","nu","t",0.0243299974374488,0.131637741731896,0.12,FALSE,"n500_d4",500,4,38
"gamlss2","tau","intercept",0.473724555120148,0.0989052062809608,0.5,FALSE,"n500_d4",500,4,38
"gamlss2","tau","x1",-0.0442276716100509,0.0525083119957405,-0.08,FALSE,"n500_d4",500,4,38
"gamlss2","tau","x2",0.279489668224859,0.108693803671964,0.1,FALSE,"n500_d4",500,4,38
"gamlss2","tau","t",0.09593015198263,0.131570022817689,0.11,FALSE,"n500_d4",500,4,38
"gamlss2","theta","intercept",NA,NA,NA,FALSE,"n500_d4",500,4,38
"gamlss2","theta","x1",NA,NA,NA,FALSE,"n500_d4",500,4,38
"gamlss2","theta","x2",NA,NA,NA,FALSE,"n500_d4",500,4,38
"gamlss2","theta","t",NA,NA,NA,FALSE,"n500_d4",500,4,38
"gamlss2","zeta","intercept",NA,NA,NA,FALSE,"n500_d4",500,4,38
"gamlss2","zeta","x1",NA,NA,NA,FALSE,"n500_d4",500,4,38
"gamlss2","zeta","x2",NA,NA,NA,FALSE,"n500_d4",500,4,38
"gamlss2","zeta","t",NA,NA,NA,FALSE,"n500_d4",500,4,38
"gamlss.longitudinal","mu","intercept",0.808724298328971,0.0158851176831595,0.802030945067994,TRUE,"n500_d4",500,4,39
"gamlss.longitudinal","mu","x1",0.110483247081899,0.0106236993395836,0.12,FALSE,"n500_d4",500,4,39
"gamlss.longitudinal","mu","x2",-0.103966106102398,0.022747945230642,-0.1,FALSE,"n500_d4",500,4,39
"gamlss.longitudinal","mu","t",0.18200977541607,0.0143081607208857,0.18,FALSE,"n500_d4",500,4,39
"gamlss.longitudinal","sigma","intercept",-1.20128173397101,0.0458434974428529,-1.21885877011549,TRUE,"n500_d4",500,4,39
"gamlss.longitudinal","sigma","x1",0.176960325903014,0.0284661582260287,0.18,FALSE,"n500_d4",500,4,39
"gamlss.longitudinal","sigma","x2",0.0713576968234223,0.0547200658365251,0.12,FALSE,"n500_d4",500,4,39
"gamlss.longitudinal","sigma","t",0.184751564305504,0.0348423431007771,0.15,FALSE,"n500_d4",500,4,39
"gamlss.longitudinal","nu","intercept",-0.146345834427431,0.0938120280409205,0,TRUE,"n500_d4",500,4,39
"gamlss.longitudinal","nu","x1",0.0611916730483966,0.0565470184957181,0.1,FALSE,"n500_d4",500,4,39
"gamlss.longitudinal","nu","x2",0.118812746899953,0.103028123130212,-0.08,FALSE,"n500_d4",500,4,39
"gamlss.longitudinal","nu","t",0.170635080547322,0.101315500315597,0.12,FALSE,"n500_d4",500,4,39
"gamlss.longitudinal","tau","intercept",0.31396234134609,0.0817406752220617,0.5,TRUE,"n500_d4",500,4,39
"gamlss.longitudinal","tau","x1",-0.0336787913807273,0.056252825162238,-0.08,FALSE,"n500_d4",500,4,39
"gamlss.longitudinal","tau","x2",0.268380961742213,0.101006504787051,0.1,FALSE,"n500_d4",500,4,39
"gamlss.longitudinal","tau","t",0.170410672083796,0.103764557936038,0.11,FALSE,"n500_d4",500,4,39
"gamlss.longitudinal","theta","intercept",1.10134633220822,0.0630784271909544,1.04725574044228,TRUE,"n500_d4",500,4,39
"gamlss.longitudinal","theta","x1",0.266934672829415,0.036058000317375,0.25,FALSE,"n500_d4",500,4,39
"gamlss.longitudinal","theta","x2",-0.100006347194884,0.0721312705667338,-0.1,FALSE,"n500_d4",500,4,39
"gamlss.longitudinal","theta","t",0.164762674392786,0.108568382180683,0.2,FALSE,"n500_d4",500,4,39
"gamlss.longitudinal","zeta","intercept",0.719716713358517,0.558251286417265,0.5,TRUE,"n500_d4",500,4,39
"gamlss.longitudinal","zeta","x1",-0.0172702949337744,0.316195037396499,0.12,FALSE,"n500_d4",500,4,39
"gamlss.longitudinal","zeta","x2",0.495561427994734,0.608656711960775,-0.1,FALSE,"n500_d4",500,4,39
"gamlss.longitudinal","zeta","t",-0.28042275785191,1.09988501484765,0.1,FALSE,"n500_d4",500,4,39
"gamlss2","mu","intercept",0.800425596420782,0.0155620521655517,0.802030945067994,FALSE,"n500_d4",500,4,39
"gamlss2","mu","x1",0.108278076791883,0.00711854782252664,0.12,FALSE,"n500_d4",500,4,39
"gamlss2","mu","x2",-0.104594938677799,0.0155454797963874,-0.1,FALSE,"n500_d4",500,4,39
"gamlss2","mu","t",0.190237373648258,0.020979758702631,0.18,FALSE,"n500_d4",500,4,39
"gamlss2","sigma","intercept",-1.21329947505843,0.0364343698448608,-1.21885877011549,FALSE,"n500_d4",500,4,39
"gamlss2","sigma","x1",0.17813936539805,0.0213635683569896,0.18,FALSE,"n500_d4",500,4,39
"gamlss2","sigma","x2",0.0710791440696796,0.0362300433925995,0.12,FALSE,"n500_d4",500,4,39
"gamlss2","sigma","t",0.195932002879271,0.0458285396490639,0.15,FALSE,"n500_d4",500,4,39
"gamlss2","nu","intercept",-0.13887839515622,0.115433133606029,0,FALSE,"n500_d4",500,4,39
"gamlss2","nu","x1",-0.0103605947736723,0.0602756046469181,0.1,FALSE,"n500_d4",500,4,39
"gamlss2","nu","x2",0.0752415705934769,0.110624626078207,-0.08,FALSE,"n500_d4",500,4,39
"gamlss2","nu","t",0.119477211726618,0.141883064196178,0.12,FALSE,"n500_d4",500,4,39
"gamlss2","tau","intercept",0.27025647324768,0.0911649389981341,0.5,FALSE,"n500_d4",500,4,39
"gamlss2","tau","x1",3.2505645362419e-05,0.0635936573379709,-0.08,FALSE,"n500_d4",500,4,39
"gamlss2","tau","x2",0.342327775436907,0.104550139668199,0.1,FALSE,"n500_d4",500,4,39
"gamlss2","tau","t",0.171713716129116,0.126888706534445,0.11,FALSE,"n500_d4",500,4,39
"gamlss2","theta","intercept",NA,NA,NA,FALSE,"n500_d4",500,4,39
"gamlss2","theta","x1",NA,NA,NA,FALSE,"n500_d4",500,4,39
"gamlss2","theta","x2",NA,NA,NA,FALSE,"n500_d4",500,4,39
"gamlss2","theta","t",NA,NA,NA,FALSE,"n500_d4",500,4,39
"gamlss2","zeta","intercept",NA,NA,NA,FALSE,"n500_d4",500,4,39
"gamlss2","zeta","x1",NA,NA,NA,FALSE,"n500_d4",500,4,39
"gamlss2","zeta","x2",NA,NA,NA,FALSE,"n500_d4",500,4,39
"gamlss2","zeta","t",NA,NA,NA,FALSE,"n500_d4",500,4,39
"gamlss.longitudinal","mu","intercept",0.752438600215089,0.0167733543350999,0.787034776882891,TRUE,"n500_d4",500,4,40
"gamlss.longitudinal","mu","x1",0.110498557618853,0.0115579451900476,0.12,FALSE,"n500_d4",500,4,40
"gamlss.longitudinal","mu","x2",-0.0747760489418335,0.0232523126553832,-0.1,FALSE,"n500_d4",500,4,40
"gamlss.longitudinal","mu","t",0.192236084519827,0.0135307231158939,0.18,FALSE,"n500_d4",500,4,40
"gamlss.longitudinal","sigma","intercept",-1.28478186068919,0.039154694058587,-1.21344077997769,TRUE,"n500_d4",500,4,40
"gamlss.longitudinal","sigma","x1",0.16373007096859,0.025421377613958,0.18,FALSE,"n500_d4",500,4,40
"gamlss.longitudinal","sigma","x2",0.210050266026451,0.0473190297960881,0.12,FALSE,"n500_d4",500,4,40
"gamlss.longitudinal","sigma","t",0.0574567550007706,0.035440342814965,0.15,FALSE,"n500_d4",500,4,40
"gamlss.longitudinal","nu","intercept",-0.0786221114828672,0.107841058398719,0,TRUE,"n500_d4",500,4,40
"gamlss.longitudinal","nu","x1",0.112922479629942,0.0613228948175799,0.1,FALSE,"n500_d4",500,4,40
"gamlss.longitudinal","nu","x2",-0.106740427740597,0.113999863798594,-0.08,FALSE,"n500_d4",500,4,40
"gamlss.longitudinal","nu","t",0.149875055568067,0.114343189367468,0.12,FALSE,"n500_d4",500,4,40
"gamlss.longitudinal","tau","intercept",0.589175479706344,0.0846179743435998,0.5,TRUE,"n500_d4",500,4,40
"gamlss.longitudinal","tau","x1",-0.194491938845173,0.0537859524825819,-0.08,FALSE,"n500_d4",500,4,40
"gamlss.longitudinal","tau","x2",0.131807065992383,0.104066350987091,0.1,FALSE,"n500_d4",500,4,40
"gamlss.longitudinal","tau","t",0.0916455186875758,0.113879926024118,0.11,FALSE,"n500_d4",500,4,40
"gamlss.longitudinal","theta","intercept",1.05968088523824,0.0577234886641369,1.04489838682011,TRUE,"n500_d4",500,4,40
"gamlss.longitudinal","theta","x1",0.187786309995674,0.0365350964895463,0.25,FALSE,"n500_d4",500,4,40
"gamlss.longitudinal","theta","x2",-0.0109198573043076,0.0670351530096034,-0.1,FALSE,"n500_d4",500,4,40
"gamlss.longitudinal","theta","t",0.0548314258713934,0.101097201037271,0.2,FALSE,"n500_d4",500,4,40
"gamlss.longitudinal","zeta","intercept",1.72311648665239,0.65702803139669,0.5,TRUE,"n500_d4",500,4,40
"gamlss.longitudinal","zeta","x1",-0.368485496091026,0.411903108254239,0.12,FALSE,"n500_d4",500,4,40
"gamlss.longitudinal","zeta","x2",-0.171458123397218,0.692877270692923,-0.1,FALSE,"n500_d4",500,4,40
"gamlss.longitudinal","zeta","t",0.434700012112293,1.39446036402935,0.1,FALSE,"n500_d4",500,4,40
"gamlss2","mu","intercept",0.752787868265751,0.0135549123329373,0.787034776882891,FALSE,"n500_d4",500,4,40
"gamlss2","mu","x1",0.114552745036841,0.006863524930976,0.12,FALSE,"n500_d4",500,4,40
"gamlss2","mu","x2",-0.0691721063749091,0.0147109851998027,-0.1,FALSE,"n500_d4",500,4,40
"gamlss2","mu","t",0.190351922950413,0.0188550273647046,0.18,FALSE,"n500_d4",500,4,40
"gamlss2","sigma","intercept",-1.28096571308319,0.0317053678656275,-1.21344077997769,FALSE,"n500_d4",500,4,40
"gamlss2","sigma","x1",0.165745331531385,0.0179129147725936,0.18,FALSE,"n500_d4",500,4,40
"gamlss2","sigma","x2",0.208266926678633,0.031810130766903,0.12,FALSE,"n500_d4",500,4,40
"gamlss2","sigma","t",0.0391402474760493,0.0419167445834963,0.15,FALSE,"n500_d4",500,4,40
"gamlss2","nu","intercept",-0.0794493291216203,0.116945281322908,0,FALSE,"n500_d4",500,4,40
"gamlss2","nu","x1",0.108727451404411,0.0640082444450529,0.1,FALSE,"n500_d4",500,4,40
"gamlss2","nu","x2",-0.0700098754926916,0.11720906938957,-0.08,FALSE,"n500_d4",500,4,40
"gamlss2","nu","t",0.143237850204475,0.148060207926629,0.12,FALSE,"n500_d4",500,4,40
"gamlss2","tau","intercept",0.582525018976357,0.0937972222417357,0.5,FALSE,"n500_d4",500,4,40
"gamlss2","tau","x1",-0.257097020945269,0.0575901805539715,-0.08,FALSE,"n500_d4",500,4,40
"gamlss2","tau","x2",0.132128191220345,0.110591637136257,0.1,FALSE,"n500_d4",500,4,40
"gamlss2","tau","t",0.119529099457552,0.137693540543361,0.11,FALSE,"n500_d4",500,4,40
"gamlss2","theta","intercept",NA,NA,NA,FALSE,"n500_d4",500,4,40
"gamlss2","theta","x1",NA,NA,NA,FALSE,"n500_d4",500,4,40
"gamlss2","theta","x2",NA,NA,NA,FALSE,"n500_d4",500,4,40
"gamlss2","theta","t",NA,NA,NA,FALSE,"n500_d4",500,4,40
"gamlss2","zeta","intercept",NA,NA,NA,FALSE,"n500_d4",500,4,40
"gamlss2","zeta","x1",NA,NA,NA,FALSE,"n500_d4",500,4,40
"gamlss2","zeta","x2",NA,NA,NA,FALSE,"n500_d4",500,4,40
"gamlss2","zeta","t",NA,NA,NA,FALSE,"n500_d4",500,4,40
"gamlss.longitudinal","mu","intercept",0.843640068641198,0.0168426821894838,0.821832177394691,TRUE,"n500_d4",500,4,41
"gamlss.longitudinal","mu","x1",0.132825077594867,0.0112863300424884,0.12,FALSE,"n500_d4",500,4,41
"gamlss.longitudinal","mu","x2",-0.0990370594305515,0.0221539444296082,-0.1,FALSE,"n500_d4",500,4,41
"gamlss.longitudinal","mu","t",0.166976625604775,0.0141463681801259,0.18,FALSE,"n500_d4",500,4,41
"gamlss.longitudinal","sigma","intercept",-1.27210281432595,0.0415383758986436,-1.22326221103585,TRUE,"n500_d4",500,4,41
"gamlss.longitudinal","sigma","x1",0.202970600570262,0.0259175411673275,0.18,FALSE,"n500_d4",500,4,41
"gamlss.longitudinal","sigma","x2",0.134706715326419,0.0510452347720866,0.12,FALSE,"n500_d4",500,4,41
"gamlss.longitudinal","sigma","t",0.123709231787143,0.0357331883569938,0.15,FALSE,"n500_d4",500,4,41
"gamlss.longitudinal","nu","intercept",-0.146200322557069,0.107482139667551,0,TRUE,"n500_d4",500,4,41
"gamlss.longitudinal","nu","x1",0.113018881125158,0.0591346132306559,0.1,FALSE,"n500_d4",500,4,41
"gamlss.longitudinal","nu","x2",0.188960514592861,0.112746559316003,-0.08,FALSE,"n500_d4",500,4,41
"gamlss.longitudinal","nu","t",0.0733440891831755,0.115029201796202,0.12,FALSE,"n500_d4",500,4,41
"gamlss.longitudinal","tau","intercept",0.615064456298709,0.103309125390067,0.5,TRUE,"n500_d4",500,4,41
"gamlss.longitudinal","tau","x1",-0.0425136663911681,0.0581949042233164,-0.08,FALSE,"n500_d4",500,4,41
"gamlss.longitudinal","tau","x2",0.00977213741466,0.111953828274286,0.1,FALSE,"n500_d4",500,4,41
"gamlss.longitudinal","tau","t",0.0162516272397455,0.125450519125548,0.11,FALSE,"n500_d4",500,4,41
"gamlss.longitudinal","theta","intercept",1.04077582188779,0.0606628257153511,1.05347686747035,TRUE,"n500_d4",500,4,41
"gamlss.longitudinal","theta","x1",0.231999823532699,0.0357590838327274,0.25,FALSE,"n500_d4",500,4,41
"gamlss.longitudinal","theta","x2",-0.0959774091026092,0.0703390126695838,-0.1,FALSE,"n500_d4",500,4,41
"gamlss.longitudinal","theta","t",0.0788457314447241,0.101567595914049,0.2,FALSE,"n500_d4",500,4,41
"gamlss.longitudinal","zeta","intercept",1.3310729764262,0.587489951617266,0.5,TRUE,"n500_d4",500,4,41
"gamlss.longitudinal","zeta","x1",-0.219492779647518,0.37317969971959,0.12,FALSE,"n500_d4",500,4,41
"gamlss.longitudinal","zeta","x2",-0.566987881184358,0.668475421080908,-0.1,FALSE,"n500_d4",500,4,41
"gamlss.longitudinal","zeta","t",-0.292201729471393,1.00591608246895,0.1,FALSE,"n500_d4",500,4,41
"gamlss2","mu","intercept",0.846674444278644,0.0135880272874596,0.821832177394691,FALSE,"n500_d4",500,4,41
"gamlss2","mu","x1",0.13251416751222,0.00726186236599835,0.12,FALSE,"n500_d4",500,4,41
"gamlss2","mu","x2",-0.0919207308875436,0.0142013486922569,-0.1,FALSE,"n500_d4",500,4,41
"gamlss2","mu","t",0.1580736827046,0.0187822114987508,0.18,FALSE,"n500_d4",500,4,41
"gamlss2","sigma","intercept",-1.27018178823084,0.0321531771734141,-1.22326221103585,FALSE,"n500_d4",500,4,41
"gamlss2","sigma","x1",0.20930179223489,0.0168363654932312,0.18,FALSE,"n500_d4",500,4,41
"gamlss2","sigma","x2",0.134996135014387,0.0337501962226613,0.12,FALSE,"n500_d4",500,4,41
"gamlss2","sigma","t",0.0843954158801739,0.0427487794572347,0.15,FALSE,"n500_d4",500,4,41
"gamlss2","nu","intercept",-0.0960367464686831,0.122007780851498,0,FALSE,"n500_d4",500,4,41
"gamlss2","nu","x1",0.0140633474158791,0.0610181140236146,0.1,FALSE,"n500_d4",500,4,41
"gamlss2","nu","x2",0.12568782334345,0.120467231892053,-0.08,FALSE,"n500_d4",500,4,41
"gamlss2","nu","t",0.061343884117494,0.147540293042911,0.12,FALSE,"n500_d4",500,4,41
"gamlss2","tau","intercept",0.721524447026209,0.112417357907525,0.5,FALSE,"n500_d4",500,4,41
"gamlss2","tau","x1",-0.060845298786392,0.0576568498496846,-0.08,FALSE,"n500_d4",500,4,41
"gamlss2","tau","x2",-0.0899901633843094,0.11942241374619,0.1,FALSE,"n500_d4",500,4,41
"gamlss2","tau","t",0.0076736476005234,0.147771988910626,0.11,FALSE,"n500_d4",500,4,41
"gamlss2","theta","intercept",NA,NA,NA,FALSE,"n500_d4",500,4,41
"gamlss2","theta","x1",NA,NA,NA,FALSE,"n500_d4",500,4,41
"gamlss2","theta","x2",NA,NA,NA,FALSE,"n500_d4",500,4,41
"gamlss2","theta","t",NA,NA,NA,FALSE,"n500_d4",500,4,41
"gamlss2","zeta","intercept",NA,NA,NA,FALSE,"n500_d4",500,4,41
"gamlss2","zeta","x1",NA,NA,NA,FALSE,"n500_d4",500,4,41
"gamlss2","zeta","x2",NA,NA,NA,FALSE,"n500_d4",500,4,41
"gamlss2","zeta","t",NA,NA,NA,FALSE,"n500_d4",500,4,41
"gamlss.longitudinal","mu","intercept",0.799699889725918,0.0167833964141002,0.785531260252459,TRUE,"n500_d4",500,4,42
"gamlss.longitudinal","mu","x1",0.112648098647921,0.0125334408755946,0.12,FALSE,"n500_d4",500,4,42
"gamlss.longitudinal","mu","x2",-0.121443705668429,0.0238585366108799,-0.1,FALSE,"n500_d4",500,4,42
"gamlss.longitudinal","mu","t",0.171842006778195,0.0136136338393144,0.18,FALSE,"n500_d4",500,4,42
"gamlss.longitudinal","sigma","intercept",-1.24960168732975,0.0422910892163561,-1.21177452441519,TRUE,"n500_d4",500,4,42
"gamlss.longitudinal","sigma","x1",0.196453321847446,0.0278927211159695,0.18,FALSE,"n500_d4",500,4,42
"gamlss.longitudinal","sigma","x2",0.0875529018925089,0.0528497635467836,0.12,FALSE,"n500_d4",500,4,42
"gamlss.longitudinal","sigma","t",0.180918414457784,0.0359895983760744,0.15,FALSE,"n500_d4",500,4,42
"gamlss.longitudinal","nu","intercept",-0.0584275428207555,0.0960412043056331,0,TRUE,"n500_d4",500,4,42
"gamlss.longitudinal","nu","x1",0.109753636202076,0.0585208351206963,0.1,FALSE,"n500_d4",500,4,42
"gamlss.longitudinal","nu","x2",-0.073838033039153,0.108169476767444,-0.08,FALSE,"n500_d4",500,4,42
"gamlss.longitudinal","nu","t",0.250377910815394,0.108004477871376,0.12,FALSE,"n500_d4",500,4,42
"gamlss.longitudinal","tau","intercept",0.539534257081173,0.0979709229030714,0.5,TRUE,"n500_d4",500,4,42
"gamlss.longitudinal","tau","x1",-0.127056424357719,0.0655663682313741,-0.08,FALSE,"n500_d4",500,4,42
"gamlss.longitudinal","tau","x2",0.183553862946962,0.112499907255391,0.1,FALSE,"n500_d4",500,4,42
"gamlss.longitudinal","tau","t",-0.0938060329700641,0.118279152941005,0.11,FALSE,"n500_d4",500,4,42
"gamlss.longitudinal","theta","intercept",0.995630525430586,0.0614416519801754,1.04352870829779,TRUE,"n500_d4",500,4,42
"gamlss.longitudinal","theta","x1",0.251788423802846,0.0377817203001664,0.25,FALSE,"n500_d4",500,4,42
"gamlss.longitudinal","theta","x2",-0.0411454098972681,0.0703770114034285,-0.1,FALSE,"n500_d4",500,4,42
"gamlss.longitudinal","theta","t",0.347927180079124,0.101451155317114,0.2,FALSE,"n500_d4",500,4,42
"gamlss.longitudinal","zeta","intercept",-0.10991710408156,0.732783628385019,0.5,TRUE,"n500_d4",500,4,42
"gamlss.longitudinal","zeta","x1",-0.150314169960912,0.411546363991428,0.12,FALSE,"n500_d4",500,4,42
"gamlss.longitudinal","zeta","x2",1.56920147574488,0.839988434706678,-0.1,FALSE,"n500_d4",500,4,42
"gamlss.longitudinal","zeta","t",-0.0654465680396935,1.10097689146995,0.1,FALSE,"n500_d4",500,4,42
"gamlss2","mu","intercept",0.797731455294599,0.0132457578784198,0.785531260252459,FALSE,"n500_d4",500,4,42
"gamlss2","mu","x1",0.112574932814055,0.00796707437368676,0.12,FALSE,"n500_d4",500,4,42
"gamlss2","mu","x2",-0.118887176129369,0.0150703042471559,-0.1,FALSE,"n500_d4",500,4,42
"gamlss2","mu","t",0.180311852792269,0.019238024374968,0.18,FALSE,"n500_d4",500,4,42
"gamlss2","sigma","intercept",-1.25913706014484,0.0314341954999521,-1.21177452441519,FALSE,"n500_d4",500,4,42
"gamlss2","sigma","x1",0.187933113130857,0.017255692894026,0.18,FALSE,"n500_d4",500,4,42
"gamlss2","sigma","x2",0.084285741705054,0.0326138447791591,0.12,FALSE,"n500_d4",500,4,42
"gamlss2","sigma","t",0.181865382062633,0.0423205397581125,0.15,FALSE,"n500_d4",500,4,42
"gamlss2","nu","intercept",0.116598828566327,0.107478605845094,0,FALSE,"n500_d4",500,4,42
"gamlss2","nu","x1",0.036660327791751,0.0564686714911167,0.1,FALSE,"n500_d4",500,4,42
"gamlss2","nu","x2",-0.217055778726622,0.10745576093105,-0.08,FALSE,"n500_d4",500,4,42
"gamlss2","nu","t",0.359716777494038,0.14069946037967,0.12,FALSE,"n500_d4",500,4,42
"gamlss2","tau","intercept",0.587371529318729,0.10349083212281,0.5,FALSE,"n500_d4",500,4,42
"gamlss2","tau","x1",-0.0372752206312081,0.0612663232850247,-0.08,FALSE,"n500_d4",500,4,42
"gamlss2","tau","x2",0.412929531751333,0.116299275129241,0.1,FALSE,"n500_d4",500,4,42
"gamlss2","tau","t",-0.0908877862447507,0.146739969992098,0.11,FALSE,"n500_d4",500,4,42
"gamlss2","theta","intercept",NA,NA,NA,FALSE,"n500_d4",500,4,42
"gamlss2","theta","x1",NA,NA,NA,FALSE,"n500_d4",500,4,42
"gamlss2","theta","x2",NA,NA,NA,FALSE,"n500_d4",500,4,42
"gamlss2","theta","t",NA,NA,NA,FALSE,"n500_d4",500,4,42
"gamlss2","zeta","intercept",NA,NA,NA,FALSE,"n500_d4",500,4,42
"gamlss2","zeta","x1",NA,NA,NA,FALSE,"n500_d4",500,4,42
"gamlss2","zeta","x2",NA,NA,NA,FALSE,"n500_d4",500,4,42
"gamlss2","zeta","t",NA,NA,NA,FALSE,"n500_d4",500,4,42
"gamlss.longitudinal","mu","intercept",0.783975404309219,0.0159825827225903,0.792676520912698,TRUE,"n500_d4",500,4,43
"gamlss.longitudinal","mu","x1",0.110327044940706,0.00907571973580758,0.12,FALSE,"n500_d4",500,4,43
"gamlss.longitudinal","mu","x2",-0.0781378325968,0.0219858218509823,-0.1,FALSE,"n500_d4",500,4,43
"gamlss.longitudinal","mu","t",0.171474323866871,0.0132876558767468,0.18,FALSE,"n500_d4",500,4,43
"gamlss.longitudinal","sigma","intercept",-1.260106518426,0.046273555855495,-1.22495701815491,TRUE,"n500_d4",500,4,43
"gamlss.longitudinal","sigma","x1",0.215859239222545,0.0237293570536234,0.18,FALSE,"n500_d4",500,4,43
"gamlss.longitudinal","sigma","x2",0.200648399630445,0.0524706758526184,0.12,FALSE,"n500_d4",500,4,43
"gamlss.longitudinal","sigma","t",0.126756735665991,0.0330424070529254,0.15,FALSE,"n500_d4",500,4,43
"gamlss.longitudinal","nu","intercept",0.131080203038523,0.0994724676124198,0,TRUE,"n500_d4",500,4,43
"gamlss.longitudinal","nu","x1",0.00816159680374147,0.0396639117242273,0.1,FALSE,"n500_d4",500,4,43
"gamlss.longitudinal","nu","x2",-0.00551639098107312,0.0985869006427063,-0.08,FALSE,"n500_d4",500,4,43
"gamlss.longitudinal","nu","t",-0.0250926737934765,0.082726140688911,0.12,FALSE,"n500_d4",500,4,43
"gamlss.longitudinal","tau","intercept",0.387296372545379,0.0922162652184973,0.5,TRUE,"n500_d4",500,4,43
"gamlss.longitudinal","tau","x1",-0.0121672257084194,0.0471666424897484,-0.08,FALSE,"n500_d4",500,4,43
"gamlss.longitudinal","tau","x2",0.208796089797549,0.103813805787176,0.1,FALSE,"n500_d4",500,4,43
"gamlss.longitudinal","tau","t",0.235661781224079,0.107275349153438,0.11,FALSE,"n500_d4",500,4,43
"gamlss.longitudinal","theta","intercept",1.10948439445421,0.0691380452765479,1.05209501512219,TRUE,"n500_d4",500,4,43
"gamlss.longitudinal","theta","x1",0.298304483699434,0.0334607257520449,0.25,FALSE,"n500_d4",500,4,43
"gamlss.longitudinal","theta","x2",-0.0963479959905569,0.0729418471699654,-0.1,FALSE,"n500_d4",500,4,43
"gamlss.longitudinal","theta","t",0.15520342381826,0.112545044046662,0.2,FALSE,"n500_d4",500,4,43
"gamlss.longitudinal","zeta","intercept",-0.262492727965655,0.779126269649498,0.5,TRUE,"n500_d4",500,4,43
"gamlss.longitudinal","zeta","x1",0.0837907626508847,0.304872046896282,0.12,FALSE,"n500_d4",500,4,43
"gamlss.longitudinal","zeta","x2",0.742952857550935,0.689384724819773,-0.1,FALSE,"n500_d4",500,4,43
"gamlss.longitudinal","zeta","t",1.62289430137478,1.41662835972039,0.1,FALSE,"n500_d4",500,4,43
"gamlss2","mu","intercept",0.779004406825254,0.0101036990131229,0.792676520912698,FALSE,"n500_d4",500,4,43
"gamlss2","mu","x1",0.101488638881728,0.00619465441287372,0.12,FALSE,"n500_d4",500,4,43
"gamlss2","mu","x2",-0.066664838827282,0.0138090059605969,-0.1,FALSE,"n500_d4",500,4,43
"gamlss2","mu","t",0.171503801123246,0.0171793021476121,0.18,FALSE,"n500_d4",500,4,43
"gamlss2","sigma","intercept",-1.24687197797634,0.0359998619529164,-1.22495701815491,FALSE,"n500_d4",500,4,43
"gamlss2","sigma","x1",0.217105747366702,0.0161388476713546,0.18,FALSE,"n500_d4",500,4,43
"gamlss2","sigma","x2",0.189827066113116,0.0345073496993737,0.12,FALSE,"n500_d4",500,4,43
"gamlss2","sigma","t",0.102263444683435,0.0453101573462602,0.15,FALSE,"n500_d4",500,4,43
"gamlss2","nu","intercept",0.0528406650119298,0.118193877903179,0,FALSE,"n500_d4",500,4,43
"gamlss2","nu","x1",-0.0931403947850424,0.0436411980911236,0.1,FALSE,"n500_d4",500,4,43
"gamlss2","nu","x2",0.161464755759098,0.105720569759521,-0.08,FALSE,"n500_d4",500,4,43
"gamlss2","nu","t",-0.0431701496890788,0.131884162651322,0.12,FALSE,"n500_d4",500,4,43
"gamlss2","tau","intercept",0.301150179108057,0.0933743740449113,0.5,FALSE,"n500_d4",500,4,43
"gamlss2","tau","x1",-0.0911958395327428,0.0482191498994285,-0.08,FALSE,"n500_d4",500,4,43
"gamlss2","tau","x2",0.190046123748116,0.106311110847507,0.1,FALSE,"n500_d4",500,4,43
"gamlss2","tau","t",0.372846856800545,0.133699704917969,0.11,FALSE,"n500_d4",500,4,43
"gamlss2","theta","intercept",NA,NA,NA,FALSE,"n500_d4",500,4,43
"gamlss2","theta","x1",NA,NA,NA,FALSE,"n500_d4",500,4,43
"gamlss2","theta","x2",NA,NA,NA,FALSE,"n500_d4",500,4,43
"gamlss2","theta","t",NA,NA,NA,FALSE,"n500_d4",500,4,43
"gamlss2","zeta","intercept",NA,NA,NA,FALSE,"n500_d4",500,4,43
"gamlss2","zeta","x1",NA,NA,NA,FALSE,"n500_d4",500,4,43
"gamlss2","zeta","x2",NA,NA,NA,FALSE,"n500_d4",500,4,43
"gamlss2","zeta","t",NA,NA,NA,FALSE,"n500_d4",500,4,43
"gamlss.longitudinal","mu","intercept",0.788009619614789,0.0171653572753817,0.766485122364867,TRUE,"n500_d4",500,4,44
"gamlss.longitudinal","mu","x1",0.1111446057665,0.00993988909302694,0.12,FALSE,"n500_d4",500,4,44
"gamlss.longitudinal","mu","x2",-0.104531623610045,0.0222964274189844,-0.1,FALSE,"n500_d4",500,4,44
"gamlss.longitudinal","mu","t",0.158547369247069,0.0147593449718925,0.18,FALSE,"n500_d4",500,4,44
"gamlss.longitudinal","sigma","intercept",-1.24457475768601,0.0432543095891091,-1.20837506541305,TRUE,"n500_d4",500,4,44
"gamlss.longitudinal","sigma","x1",0.183866112095947,0.0240211221430067,0.18,FALSE,"n500_d4",500,4,44
"gamlss.longitudinal","sigma","x2",0.0700819571059861,0.0502751164492062,0.12,FALSE,"n500_d4",500,4,44
"gamlss.longitudinal","sigma","t",0.213831386523303,0.0353110078733053,0.15,FALSE,"n500_d4",500,4,44
"gamlss.longitudinal","nu","intercept",0.0119894147877733,0.0907476426360717,0,TRUE,"n500_d4",500,4,44
"gamlss.longitudinal","nu","x1",0.0552622781488223,0.0469731383245994,0.1,FALSE,"n500_d4",500,4,44
"gamlss.longitudinal","nu","x2",0.018385514719319,0.0993855866890364,-0.08,FALSE,"n500_d4",500,4,44
"gamlss.longitudinal","nu","t",0.0655178546346238,0.0986465826133084,0.12,FALSE,"n500_d4",500,4,44
"gamlss.longitudinal","tau","intercept",0.456360003467798,0.0889539113884563,0.5,TRUE,"n500_d4",500,4,44
"gamlss.longitudinal","tau","x1",-0.0224895723580978,0.0527875047833347,-0.08,FALSE,"n500_d4",500,4,44
"gamlss.longitudinal","tau","x2",0.123072716207645,0.104923501717647,0.1,FALSE,"n500_d4",500,4,44
"gamlss.longitudinal","tau","t",0.281733785258543,0.115254889653146,0.11,FALSE,"n500_d4",500,4,44
"gamlss.longitudinal","theta","intercept",1.06004067972449,0.0618178661849443,1.03750079580489,TRUE,"n500_d4",500,4,44
"gamlss.longitudinal","theta","x1",0.248549252750935,0.0342397722632421,0.25,FALSE,"n500_d4",500,4,44
"gamlss.longitudinal","theta","x2",-0.208448551517057,0.0701490711851071,-0.1,FALSE,"n500_d4",500,4,44
"gamlss.longitudinal","theta","t",0.287699736398075,0.109154763277176,0.2,FALSE,"n500_d4",500,4,44
"gamlss.longitudinal","zeta","intercept",1.0767482355277,0.545135799124889,0.5,TRUE,"n500_d4",500,4,44
"gamlss.longitudinal","zeta","x1",0.370195128064465,0.333467787434559,0.12,FALSE,"n500_d4",500,4,44
"gamlss.longitudinal","zeta","x2",-0.485880552951355,0.624627993799519,-0.1,FALSE,"n500_d4",500,4,44
"gamlss.longitudinal","zeta","t",0.0292870838274558,1.13481435529124,0.1,FALSE,"n500_d4",500,4,44
"gamlss2","mu","intercept",0.792961642658413,0.0136658603677796,0.766485122364867,FALSE,"n500_d4",500,4,44
"gamlss2","mu","x1",0.113992630628271,0.00695263382864824,0.12,FALSE,"n500_d4",500,4,44
"gamlss2","mu","x2",-0.0996197657663173,0.0143792257546035,-0.1,FALSE,"n500_d4",500,4,44
"gamlss2","mu","t",0.150707846517084,0.0191435870582982,0.18,FALSE,"n500_d4",500,4,44
"gamlss2","sigma","intercept",-1.26757642855945,0.0321646760571677,-1.20837506541305,FALSE,"n500_d4",500,4,44
"gamlss2","sigma","x1",0.190764721919933,0.015627307365982,0.18,FALSE,"n500_d4",500,4,44
"gamlss2","sigma","x2",0.0591266485651145,0.0326341727810782,0.12,FALSE,"n500_d4",500,4,44
"gamlss2","sigma","t",0.238959676433404,0.0411500856761128,0.15,FALSE,"n500_d4",500,4,44
"gamlss2","nu","intercept",0.0890834676535714,0.102873263863473,0,FALSE,"n500_d4",500,4,44
"gamlss2","nu","x1",-0.000145913129956069,0.0487934703334897,0.1,FALSE,"n500_d4",500,4,44
"gamlss2","nu","x2",-0.0918214008568846,0.105640550061344,-0.08,FALSE,"n500_d4",500,4,44
"gamlss2","nu","t",0.0137165152381384,0.130504062806545,0.12,FALSE,"n500_d4",500,4,44
"gamlss2","tau","intercept",0.545442985072253,0.0935036190413506,0.5,FALSE,"n500_d4",500,4,44
"gamlss2","tau","x1",-0.056234494859519,0.0578656984765498,-0.08,FALSE,"n500_d4",500,4,44
"gamlss2","tau","x2",0.200940764854277,0.112348193068873,0.1,FALSE,"n500_d4",500,4,44
"gamlss2","tau","t",0.204159701475726,0.142762414180434,0.11,FALSE,"n500_d4",500,4,44
"gamlss2","theta","intercept",NA,NA,NA,FALSE,"n500_d4",500,4,44
"gamlss2","theta","x1",NA,NA,NA,FALSE,"n500_d4",500,4,44
"gamlss2","theta","x2",NA,NA,NA,FALSE,"n500_d4",500,4,44
"gamlss2","theta","t",NA,NA,NA,FALSE,"n500_d4",500,4,44
"gamlss2","zeta","intercept",NA,NA,NA,FALSE,"n500_d4",500,4,44
"gamlss2","zeta","x1",NA,NA,NA,FALSE,"n500_d4",500,4,44
"gamlss2","zeta","x2",NA,NA,NA,FALSE,"n500_d4",500,4,44
"gamlss2","zeta","t",NA,NA,NA,FALSE,"n500_d4",500,4,44
"gamlss.longitudinal","mu","intercept",0.750152897818548,0.0137524059689654,0.754764568574067,TRUE,"n500_d4",500,4,45
"gamlss.longitudinal","mu","x1",0.108644728697229,0.00868145034197289,0.12,FALSE,"n500_d4",500,4,45
"gamlss.longitudinal","mu","x2",-0.098023789266566,0.0227710164225812,-0.1,FALSE,"n500_d4",500,4,45
"gamlss.longitudinal","mu","t",0.185819576735707,0.0147975269091681,0.18,FALSE,"n500_d4",500,4,45
"gamlss.longitudinal","sigma","intercept",-1.19971102931829,0.0424814172091746,-1.20357140334567,TRUE,"n500_d4",500,4,45
"gamlss.longitudinal","sigma","x1",0.179495798772515,0.0247834081808171,0.18,FALSE,"n500_d4",500,4,45
"gamlss.longitudinal","sigma","x2",0.167992223491398,0.0488070627228978,0.12,FALSE,"n500_d4",500,4,45
"gamlss.longitudinal","sigma","t",0.132663118236401,0.0341289605567026,0.15,FALSE,"n500_d4",500,4,45
"gamlss.longitudinal","nu","intercept",0.0739979152329666,0.0893906255786839,0,TRUE,"n500_d4",500,4,45
"gamlss.longitudinal","nu","x1",0.0961411510109679,0.0406620158147645,0.1,FALSE,"n500_d4",500,4,45
"gamlss.longitudinal","nu","x2",-0.121415381977609,0.0960936295599551,-0.08,FALSE,"n500_d4",500,4,45
"gamlss.longitudinal","nu","t",0.164842542481292,0.0780227788770837,0.12,FALSE,"n500_d4",500,4,45
"gamlss.longitudinal","tau","intercept",0.384212055237382,0.0948940024776236,0.5,TRUE,"n500_d4",500,4,45
"gamlss.longitudinal","tau","x1",-0.115761671090675,0.0531054032315763,-0.08,FALSE,"n500_d4",500,4,45
"gamlss.longitudinal","tau","x2",0.17161611133699,0.110998179999175,0.1,FALSE,"n500_d4",500,4,45
"gamlss.longitudinal","tau","t",0.326250057089792,0.112126252836627,0.11,FALSE,"n500_d4",500,4,45
"gamlss.longitudinal","theta","intercept",0.977428169494085,0.0643334589107915,1.03280069083701,TRUE,"n500_d4",500,4,45
"gamlss.longitudinal","theta","x1",0.281851595732322,0.0344235771196635,0.25,FALSE,"n500_d4",500,4,45
"gamlss.longitudinal","theta","x2",-0.0824484596789998,0.0708754059654449,-0.1,FALSE,"n500_d4",500,4,45
"gamlss.longitudinal","theta","t",0.110137089975182,0.110224221372328,0.2,FALSE,"n500_d4",500,4,45
"gamlss.longitudinal","zeta","intercept",0.620316154657312,0.63196827911034,0.5,TRUE,"n500_d4",500,4,45
"gamlss.longitudinal","zeta","x1",-0.235131255467982,0.404950257077091,0.12,FALSE,"n500_d4",500,4,45
"gamlss.longitudinal","zeta","x2",-0.321977875917656,0.69859530134256,-0.1,FALSE,"n500_d4",500,4,45
"gamlss.longitudinal","zeta","t",0.016893555907865,1.14639761697725,0.1,FALSE,"n500_d4",500,4,45
"gamlss2","mu","intercept",0.754726533896954,0.0139931563713442,0.754764568574067,FALSE,"n500_d4",500,4,45
"gamlss2","mu","x1",0.109234214294922,0.00761248197172848,0.12,FALSE,"n500_d4",500,4,45
"gamlss2","mu","x2",-0.103445482391776,0.0155382778253205,-0.1,FALSE,"n500_d4",500,4,45
"gamlss2","mu","t",0.187147325686085,0.0201526914851362,0.18,FALSE,"n500_d4",500,4,45
"gamlss2","sigma","intercept",-1.22259509885195,0.0343715729138839,-1.20357140334567,FALSE,"n500_d4",500,4,45
"gamlss2","sigma","x1",0.182370618260299,0.0176503591584175,0.18,FALSE,"n500_d4",500,4,45
"gamlss2","sigma","x2",0.179832952792541,0.0339475784531815,0.12,FALSE,"n500_d4",500,4,45
"gamlss2","sigma","t",0.149993036820712,0.0436485676416047,0.15,FALSE,"n500_d4",500,4,45
"gamlss2","nu","intercept",-0.146234183006849,0.11166435377028,0,FALSE,"n500_d4",500,4,45
"gamlss2","nu","x1",0.169398887124391,0.0480835559144819,0.1,FALSE,"n500_d4",500,4,45
"gamlss2","nu","x2",0.0796965815888336,0.102928964459312,-0.08,FALSE,"n500_d4",500,4,45
"gamlss2","nu","t",0.254692563407306,0.130108990495923,0.12,FALSE,"n500_d4",500,4,45
"gamlss2","tau","intercept",0.403833603259992,0.1005095054331,0.5,FALSE,"n500_d4",500,4,45
"gamlss2","tau","x1",-0.139428480151687,0.0550429773080449,-0.08,FALSE,"n500_d4",500,4,45
"gamlss2","tau","x2",0.163321698845317,0.111599019309548,0.1,FALSE,"n500_d4",500,4,45
"gamlss2","tau","t",0.317399379143504,0.142203381103081,0.11,FALSE,"n500_d4",500,4,45
"gamlss2","theta","intercept",NA,NA,NA,FALSE,"n500_d4",500,4,45
"gamlss2","theta","x1",NA,NA,NA,FALSE,"n500_d4",500,4,45
"gamlss2","theta","x2",NA,NA,NA,FALSE,"n500_d4",500,4,45
"gamlss2","theta","t",NA,NA,NA,FALSE,"n500_d4",500,4,45
"gamlss2","zeta","intercept",NA,NA,NA,FALSE,"n500_d4",500,4,45
"gamlss2","zeta","x1",NA,NA,NA,FALSE,"n500_d4",500,4,45
"gamlss2","zeta","x2",NA,NA,NA,FALSE,"n500_d4",500,4,45
"gamlss2","zeta","t",NA,NA,NA,FALSE,"n500_d4",500,4,45
"gamlss.longitudinal","mu","intercept",0.834824269927692,0.0169545390727121,0.804276903585524,TRUE,"n500_d4",500,4,46
"gamlss.longitudinal","mu","x1",0.146017500372795,0.0113266512825923,0.12,FALSE,"n500_d4",500,4,46
"gamlss.longitudinal","mu","x2",-0.107969469019995,0.0225017446032008,-0.1,FALSE,"n500_d4",500,4,46
"gamlss.longitudinal","mu","t",0.172357815953309,0.0135948846805901,0.18,FALSE,"n500_d4",500,4,46
"gamlss.longitudinal","sigma","intercept",-1.23657617047258,0.0424709245675451,-1.21544082927047,TRUE,"n500_d4",500,4,46
"gamlss.longitudinal","sigma","x1",0.195398810474246,0.0242490442535162,0.18,FALSE,"n500_d4",500,4,46
"gamlss.longitudinal","sigma","x2",0.150062111622456,0.0499644348515161,0.12,FALSE,"n500_d4",500,4,46
"gamlss.longitudinal","sigma","t",0.13088589214398,0.0316001406062928,0.15,FALSE,"n500_d4",500,4,46
"gamlss.longitudinal","nu","intercept",-0.0548401039856378,0.0948317545718335,0,TRUE,"n500_d4",500,4,46
"gamlss.longitudinal","nu","x1",0.108793822075057,0.0496679719231624,0.1,FALSE,"n500_d4",500,4,46
"gamlss.longitudinal","nu","x2",-0.0781542724316033,0.105951424615081,-0.08,FALSE,"n500_d4",500,4,46
"gamlss.longitudinal","nu","t",0.0413760445084517,0.0914469674531299,0.12,FALSE,"n500_d4",500,4,46
"gamlss.longitudinal","tau","intercept",0.549487598229722,0.0935220872131885,0.5,TRUE,"n500_d4",500,4,46
"gamlss.longitudinal","tau","x1",-0.113540431134316,0.0492968468166823,-0.08,FALSE,"n500_d4",500,4,46
"gamlss.longitudinal","tau","x2",0.201424590776919,0.106154338395388,0.1,FALSE,"n500_d4",500,4,46
"gamlss.longitudinal","tau","t",0.064884835285039,0.108057469880123,0.11,FALSE,"n500_d4",500,4,46
"gamlss.longitudinal","theta","intercept",1.07342798305686,0.0646020845498567,1.04846473558486,TRUE,"n500_d4",500,4,46
"gamlss.longitudinal","theta","x1",0.289719214315845,0.034022415422252,0.25,FALSE,"n500_d4",500,4,46
"gamlss.longitudinal","theta","x2",-0.0388089819206237,0.0716878115597815,-0.1,FALSE,"n500_d4",500,4,46
"gamlss.longitudinal","theta","t",0.0534212539817655,0.10747964216258,0.2,FALSE,"n500_d4",500,4,46
"gamlss.longitudinal","zeta","intercept",0.568260339074159,0.667299622302028,0.5,TRUE,"n500_d4",500,4,46
"gamlss.longitudinal","zeta","x1",0.19264845888539,0.26517282367324,0.12,FALSE,"n500_d4",500,4,46
"gamlss.longitudinal","zeta","x2",0.164627346320464,0.672359019353953,-0.1,FALSE,"n500_d4",500,4,46
"gamlss.longitudinal","zeta","t",-0.677995541892971,1.08337604489827,0.1,FALSE,"n500_d4",500,4,46
"gamlss2","mu","intercept",0.833686439485372,0.0138983907812105,0.804276903585524,FALSE,"n500_d4",500,4,46
"gamlss2","mu","x1",0.146621843443662,0.00740159908649415,0.12,FALSE,"n500_d4",500,4,46
"gamlss2","mu","x2",-0.106902137885477,0.0148096966195382,-0.1,FALSE,"n500_d4",500,4,46
"gamlss2","mu","t",0.173468995051283,0.0193568996515801,0.18,FALSE,"n500_d4",500,4,46
"gamlss2","sigma","intercept",-1.24898894039282,0.0325463709844945,-1.21544082927047,FALSE,"n500_d4",500,4,46
"gamlss2","sigma","x1",0.194611036000662,0.0162884186096217,0.18,FALSE,"n500_d4",500,4,46
"gamlss2","sigma","x2",0.162763193206556,0.0328117221751579,0.12,FALSE,"n500_d4",500,4,46
"gamlss2","sigma","t",0.129134044143072,0.0426875345669679,0.15,FALSE,"n500_d4",500,4,46
"gamlss2","nu","intercept",-0.102183901441967,0.113723710965489,0,FALSE,"n500_d4",500,4,46
"gamlss2","nu","x1",0.0763628792443188,0.0541804572808934,0.1,FALSE,"n500_d4",500,4,46
"gamlss2","nu","x2",-0.195415214481269,0.109188525295101,-0.08,FALSE,"n500_d4",500,4,46
"gamlss2","nu","t",0.154574200584739,0.138263279468473,0.12,FALSE,"n500_d4",500,4,46
"gamlss2","tau","intercept",0.605418297767915,0.0988405213336262,0.5,FALSE,"n500_d4",500,4,46
"gamlss2","tau","x1",-0.187607173818752,0.0528147965081895,-0.08,FALSE,"n500_d4",500,4,46
"gamlss2","tau","x2",0.183371189420171,0.105054857198478,0.1,FALSE,"n500_d4",500,4,46
"gamlss2","tau","t",0.0225000110994193,0.136400073789513,0.11,FALSE,"n500_d4",500,4,46
"gamlss2","theta","intercept",NA,NA,NA,FALSE,"n500_d4",500,4,46
"gamlss2","theta","x1",NA,NA,NA,FALSE,"n500_d4",500,4,46
"gamlss2","theta","x2",NA,NA,NA,FALSE,"n500_d4",500,4,46
"gamlss2","theta","t",NA,NA,NA,FALSE,"n500_d4",500,4,46
"gamlss2","zeta","intercept",NA,NA,NA,FALSE,"n500_d4",500,4,46
"gamlss2","zeta","x1",NA,NA,NA,FALSE,"n500_d4",500,4,46
"gamlss2","zeta","x2",NA,NA,NA,FALSE,"n500_d4",500,4,46
"gamlss2","zeta","t",NA,NA,NA,FALSE,"n500_d4",500,4,46
"gamlss.longitudinal","mu","intercept",0.802927768282256,0.0170835679924285,0.77657716115036,TRUE,"n500_d4",500,4,47
"gamlss.longitudinal","mu","x1",0.120752735410582,0.0113005350014747,0.12,FALSE,"n500_d4",500,4,47
"gamlss.longitudinal","mu","x2",-0.121485444850624,0.0242996265762028,-0.1,FALSE,"n500_d4",500,4,47
"gamlss.longitudinal","mu","t",0.198982087953658,0.0143909762373427,0.18,FALSE,"n500_d4",500,4,47
"gamlss.longitudinal","sigma","intercept",-1.19690670143095,0.0429513994199163,-1.21340101349535,TRUE,"n500_d4",500,4,47
"gamlss.longitudinal","sigma","x1",0.174334591823314,0.0240484640286005,0.18,FALSE,"n500_d4",500,4,47
"gamlss.longitudinal","sigma","x2",0.084479143672395,0.0519246308628887,0.12,FALSE,"n500_d4",500,4,47
"gamlss.longitudinal","sigma","t",0.188092198030349,0.0332641271294521,0.15,FALSE,"n500_d4",500,4,47
"gamlss.longitudinal","nu","intercept",-0.0332131832679497,0.0940944752479734,0,TRUE,"n500_d4",500,4,47
"gamlss.longitudinal","nu","x1",0.0932749854954785,0.0488702209524016,0.1,FALSE,"n500_d4",500,4,47
"gamlss.longitudinal","nu","x2",-0.0601664753564829,0.0995297517063264,-0.08,FALSE,"n500_d4",500,4,47
"gamlss.longitudinal","nu","t",0.270346875171617,0.0917044823412727,0.12,FALSE,"n500_d4",500,4,47
"gamlss.longitudinal","tau","intercept",0.527103247666673,0.0890710163823613,0.5,TRUE,"n500_d4",500,4,47
"gamlss.longitudinal","tau","x1",-0.0137604796294938,0.052565495713081,-0.08,FALSE,"n500_d4",500,4,47
"gamlss.longitudinal","tau","x2",0.225906369716239,0.106061647264933,0.1,FALSE,"n500_d4",500,4,47
"gamlss.longitudinal","tau","t",0.0167383145235634,0.106447003710543,0.11,FALSE,"n500_d4",500,4,47
"gamlss.longitudinal","theta","intercept",1.11017152870151,0.0607072086396819,1.04004166758597,TRUE,"n500_d4",500,4,47
"gamlss.longitudinal","theta","x1",0.294684540454463,0.0325018733913873,0.25,FALSE,"n500_d4",500,4,47
"gamlss.longitudinal","theta","x2",-0.124007806245188,0.0693779586536825,-0.1,FALSE,"n500_d4",500,4,47
"gamlss.longitudinal","theta","t",0.149630002581902,0.0982019962430158,0.2,FALSE,"n500_d4",500,4,47
"gamlss.longitudinal","zeta","intercept",0.0174862623160619,0.794428682455267,0.5,TRUE,"n500_d4",500,4,47
"gamlss.longitudinal","zeta","x1",0.496855769961441,0.413442285592272,0.12,FALSE,"n500_d4",500,4,47
"gamlss.longitudinal","zeta","x2",1.27723573690768,0.765303089210082,-0.1,FALSE,"n500_d4",500,4,47
"gamlss.longitudinal","zeta","t",1.63044661437771,1.28716442910565,0.1,FALSE,"n500_d4",500,4,47
"gamlss2","mu","intercept",0.803435466307542,0.0143425038514205,0.77657716115036,FALSE,"n500_d4",500,4,47
"gamlss2","mu","x1",0.131678981634994,0.00767020866145687,0.12,FALSE,"n500_d4",500,4,47
"gamlss2","mu","x2",-0.113305567421544,0.0156057294325135,-0.1,FALSE,"n500_d4",500,4,47
"gamlss2","mu","t",0.208773402828542,0.0204741968319997,0.18,FALSE,"n500_d4",500,4,47
"gamlss2","sigma","intercept",-1.19792299635693,0.0329063878509254,-1.21340101349535,FALSE,"n500_d4",500,4,47
"gamlss2","sigma","x1",0.177211639993935,0.0165257809466876,0.18,FALSE,"n500_d4",500,4,47
"gamlss2","sigma","x2",0.0640442470642644,0.0338744351336365,0.12,FALSE,"n500_d4",500,4,47
"gamlss2","sigma","t",0.180703380534505,0.0425115929919545,0.15,FALSE,"n500_d4",500,4,47
"gamlss2","nu","intercept",-0.11814060140352,0.110795837064054,0,FALSE,"n500_d4",500,4,47
"gamlss2","nu","x1",0.131708641375597,0.0480908728151334,0.1,FALSE,"n500_d4",500,4,47
"gamlss2","nu","x2",0.130165754705223,0.100873143084113,-0.08,FALSE,"n500_d4",500,4,47
"gamlss2","nu","t",0.31676630311041,0.128797988590339,0.12,FALSE,"n500_d4",500,4,47
"gamlss2","tau","intercept",0.553224091942901,0.103149014955969,0.5,FALSE,"n500_d4",500,4,47
"gamlss2","tau","x1",0.0331098665021628,0.0543937747605862,-0.08,FALSE,"n500_d4",500,4,47
"gamlss2","tau","x2",0.217385241866798,0.113257535704501,0.1,FALSE,"n500_d4",500,4,47
"gamlss2","tau","t",0.103898704211758,0.143225719152144,0.11,FALSE,"n500_d4",500,4,47
"gamlss2","theta","intercept",NA,NA,NA,FALSE,"n500_d4",500,4,47
"gamlss2","theta","x1",NA,NA,NA,FALSE,"n500_d4",500,4,47
"gamlss2","theta","x2",NA,NA,NA,FALSE,"n500_d4",500,4,47
"gamlss2","theta","t",NA,NA,NA,FALSE,"n500_d4",500,4,47
"gamlss2","zeta","intercept",NA,NA,NA,FALSE,"n500_d4",500,4,47
"gamlss2","zeta","x1",NA,NA,NA,FALSE,"n500_d4",500,4,47
"gamlss2","zeta","x2",NA,NA,NA,FALSE,"n500_d4",500,4,47
"gamlss2","zeta","t",NA,NA,NA,FALSE,"n500_d4",500,4,47
"gamlss.longitudinal","mu","intercept",0.819246955248318,0.0147729920859297,0.783192250277264,TRUE,"n500_d4",500,4,48
"gamlss.longitudinal","mu","x1",0.133111565844868,0.0102444958031693,0.12,FALSE,"n500_d4",500,4,48
"gamlss.longitudinal","mu","x2",-0.118350979199057,0.0208195204450105,-0.1,FALSE,"n500_d4",500,4,48
"gamlss.longitudinal","mu","t",0.15955215657061,0.0138058572947828,0.18,FALSE,"n500_d4",500,4,48
"gamlss.longitudinal","sigma","intercept",-1.30925364476945,0.0432601294311052,-1.21989534537203,TRUE,"n500_d4",500,4,48
"gamlss.longitudinal","sigma","x1",0.161965425005235,0.0281725794007109,0.18,FALSE,"n500_d4",500,4,48
"gamlss.longitudinal","sigma","x2",0.137689171236075,0.0508194866206899,0.12,FALSE,"n500_d4",500,4,48
"gamlss.longitudinal","sigma","t",0.188883317484423,0.0363204045040857,0.15,FALSE,"n500_d4",500,4,48
"gamlss.longitudinal","nu","intercept",0.0972065254238394,0.114157138327709,0,TRUE,"n500_d4",500,4,48
"gamlss.longitudinal","nu","x1",0.143726815267152,0.0669788779087518,0.1,FALSE,"n500_d4",500,4,48
"gamlss.longitudinal","nu","x2",-0.097631528873766,0.112144444454615,-0.08,FALSE,"n500_d4",500,4,48
"gamlss.longitudinal","nu","t",0.0749285034261631,0.117899933726986,0.12,FALSE,"n500_d4",500,4,48
"gamlss.longitudinal","tau","intercept",0.526182973282238,0.0929905753045595,0.5,TRUE,"n500_d4",500,4,48
"gamlss.longitudinal","tau","x1",-0.193175079813425,0.0541052509037992,-0.08,FALSE,"n500_d4",500,4,48
"gamlss.longitudinal","tau","x2",-0.00668048590221053,0.101936687723886,0.1,FALSE,"n500_d4",500,4,48
"gamlss.longitudinal","tau","t",0.130173648325325,0.113748969951239,0.11,FALSE,"n500_d4",500,4,48
"gamlss.longitudinal","theta","intercept",0.980093860783625,0.0631574887658717,1.04917861630785,TRUE,"n500_d4",500,4,48
"gamlss.longitudinal","theta","x1",0.247887854808834,0.0375469649100237,0.25,FALSE,"n500_d4",500,4,48
"gamlss.longitudinal","theta","x2",0.00122971548938899,0.0699787064123208,-0.1,FALSE,"n500_d4",500,4,48
"gamlss.longitudinal","theta","t",0.160076703152251,0.105268603327493,0.2,FALSE,"n500_d4",500,4,48
"gamlss.longitudinal","zeta","intercept",1.12574661916339,0.559086134646002,0.5,TRUE,"n500_d4",500,4,48
"gamlss.longitudinal","zeta","x1",0.0629910939767935,0.292975580769729,0.12,FALSE,"n500_d4",500,4,48
"gamlss.longitudinal","zeta","x2",-0.183217150192927,0.585154471815221,-0.1,FALSE,"n500_d4",500,4,48
"gamlss.longitudinal","zeta","t",-0.664576222423324,0.994897554778131,0.1,FALSE,"n500_d4",500,4,48
"gamlss2","mu","intercept",0.819474047315379,0.0136687546153726,0.783192250277264,FALSE,"n500_d4",500,4,48
"gamlss2","mu","x1",0.142076783955166,0.00739473415948742,0.12,FALSE,"n500_d4",500,4,48
"gamlss2","mu","x2",-0.120783500428007,0.0144189778161179,-0.1,FALSE,"n500_d4",500,4,48
"gamlss2","mu","t",0.166087899286482,0.0190666873435516,0.18,FALSE,"n500_d4",500,4,48
"gamlss2","sigma","intercept",-1.31867517963423,0.032736974662602,-1.21989534537203,FALSE,"n500_d4",500,4,48
"gamlss2","sigma","x1",0.153969450668079,0.0186838821920845,0.18,FALSE,"n500_d4",500,4,48
"gamlss2","sigma","x2",0.143868876468498,0.0331390846296585,0.12,FALSE,"n500_d4",500,4,48
"gamlss2","sigma","t",0.176653240809549,0.0438017667166449,0.15,FALSE,"n500_d4",500,4,48
"gamlss2","nu","intercept",0.0128709197446839,0.127702422598128,0,FALSE,"n500_d4",500,4,48
"gamlss2","nu","x1",0.198646992381659,0.0698324401913106,0.1,FALSE,"n500_d4",500,4,48
"gamlss2","nu","x2",-0.165739309019062,0.115472853342803,-0.08,FALSE,"n500_d4",500,4,48
"gamlss2","nu","t",0.186898132067498,0.151445203434412,0.12,FALSE,"n500_d4",500,4,48
"gamlss2","tau","intercept",0.636047893710309,0.105801755938359,0.5,FALSE,"n500_d4",500,4,48
"gamlss2","tau","x1",-0.157698610076203,0.0599961086753019,-0.08,FALSE,"n500_d4",500,4,48
"gamlss2","tau","x2",-0.0590030918353615,0.105572492996588,0.1,FALSE,"n500_d4",500,4,48
"gamlss2","tau","t",0.111942156708717,0.13842978704132,0.11,FALSE,"n500_d4",500,4,48
"gamlss2","theta","intercept",NA,NA,NA,FALSE,"n500_d4",500,4,48
"gamlss2","theta","x1",NA,NA,NA,FALSE,"n500_d4",500,4,48
"gamlss2","theta","x2",NA,NA,NA,FALSE,"n500_d4",500,4,48
"gamlss2","theta","t",NA,NA,NA,FALSE,"n500_d4",500,4,48
"gamlss2","zeta","intercept",NA,NA,NA,FALSE,"n500_d4",500,4,48
"gamlss2","zeta","x1",NA,NA,NA,FALSE,"n500_d4",500,4,48
"gamlss2","zeta","x2",NA,NA,NA,FALSE,"n500_d4",500,4,48
"gamlss2","zeta","t",NA,NA,NA,FALSE,"n500_d4",500,4,48
"gamlss.longitudinal","mu","intercept",0.836263178198869,0.0132582261114732,0.815946555868988,TRUE,"n500_d4",500,4,49
"gamlss.longitudinal","mu","x1",0.129322327866322,0.00939015699816056,0.12,FALSE,"n500_d4",500,4,49
"gamlss.longitudinal","mu","x2",-0.136678984011079,0.0217011800236621,-0.1,FALSE,"n500_d4",500,4,49
"gamlss.longitudinal","mu","t",0.174109767380627,0.0133662191655063,0.18,FALSE,"n500_d4",500,4,49
"gamlss.longitudinal","sigma","intercept",-1.17820761752845,0.0453129697399874,-1.21466745826177,TRUE,"n500_d4",500,4,49
"gamlss.longitudinal","sigma","x1",0.171359656326409,0.0235571073841142,0.18,FALSE,"n500_d4",500,4,49
"gamlss.longitudinal","sigma","x2",-0.0120202769880225,0.0514801461416503,0.12,FALSE,"n500_d4",500,4,49
"gamlss.longitudinal","sigma","t",0.152083463269608,0.0340738217966083,0.15,FALSE,"n500_d4",500,4,49
"gamlss.longitudinal","nu","intercept",-0.15943214618599,0.0988526833321492,0,TRUE,"n500_d4",500,4,49
"gamlss.longitudinal","nu","x1",0.143093724205021,0.0514945548502542,0.1,FALSE,"n500_d4",500,4,49
"gamlss.longitudinal","nu","x2",-0.047961416466603,0.108584007891229,-0.08,FALSE,"n500_d4",500,4,49
"gamlss.longitudinal","nu","t",0.241278023851499,0.0981350514352828,0.12,FALSE,"n500_d4",500,4,49
"gamlss.longitudinal","tau","intercept",0.431366657637013,0.0956570191927311,0.5,TRUE,"n500_d4",500,4,49
"gamlss.longitudinal","tau","x1",-0.138790183768606,0.0508374662100536,-0.08,FALSE,"n500_d4",500,4,49
"gamlss.longitudinal","tau","x2",0.182908990060939,0.104035442957506,0.1,FALSE,"n500_d4",500,4,49
"gamlss.longitudinal","tau","t",0.185988548756977,0.114000642653764,0.11,FALSE,"n500_d4",500,4,49
"gamlss.longitudinal","theta","intercept",1.15456340550595,0.0617347401875484,1.0505610653415,TRUE,"n500_d4",500,4,49
"gamlss.longitudinal","theta","x1",0.228422761954444,0.0332231366940482,0.25,FALSE,"n500_d4",500,4,49
"gamlss.longitudinal","theta","x2",-0.19323892387806,0.0703269261306543,-0.1,FALSE,"n500_d4",500,4,49
"gamlss.longitudinal","theta","t",0.0869428615738688,0.101147118535636,0.2,FALSE,"n500_d4",500,4,49
"gamlss.longitudinal","zeta","intercept",0.129256680983673,0.669356947460162,0.5,TRUE,"n500_d4",500,4,49
"gamlss.longitudinal","zeta","x1",-0.373934154072737,0.342699337626196,0.12,FALSE,"n500_d4",500,4,49
"gamlss.longitudinal","zeta","x2",1.06186728269125,0.676786882469526,-0.1,FALSE,"n500_d4",500,4,49
"gamlss.longitudinal","zeta","t",-0.113118619126156,1.13452663030487,0.1,FALSE,"n500_d4",500,4,49
"gamlss2","mu","intercept",0.827060265878544,0.0136904087108143,0.815946555868988,FALSE,"n500_d4",500,4,49
"gamlss2","mu","x1",0.128379200235289,0.0079986062229216,0.12,FALSE,"n500_d4",500,4,49
"gamlss2","mu","x2",-0.12549289721348,0.0145468016560474,-0.1,FALSE,"n500_d4",500,4,49
"gamlss2","mu","t",0.175564960482827,0.0192286855986259,0.18,FALSE,"n500_d4",500,4,49
"gamlss2","sigma","intercept",-1.20509834773926,0.0337339677344678,-1.21466745826177,FALSE,"n500_d4",500,4,49
"gamlss2","sigma","x1",0.182959961611134,0.016744186056925,0.18,FALSE,"n500_d4",500,4,49
"gamlss2","sigma","x2",-0.00914389639661972,0.0330273061485209,0.12,FALSE,"n500_d4",500,4,49
"gamlss2","sigma","t",0.173024455095205,0.0431673307970494,0.15,FALSE,"n500_d4",500,4,49
"gamlss2","nu","intercept",-0.185925371074183,0.117992719168233,0,FALSE,"n500_d4",500,4,49
"gamlss2","nu","x1",0.174433727135499,0.0514618261025624,0.1,FALSE,"n500_d4",500,4,49
"gamlss2","nu","x2",0.0347774138688802,0.113569827534097,-0.08,FALSE,"n500_d4",500,4,49
"gamlss2","nu","t",0.255250606253587,0.14391023141629,0.12,FALSE,"n500_d4",500,4,49
"gamlss2","tau","intercept",0.487850801651805,0.107600282534555,0.5,FALSE,"n500_d4",500,4,49
"gamlss2","tau","x1",-0.147024056371771,0.052157792940336,-0.08,FALSE,"n500_d4",500,4,49
"gamlss2","tau","x2",0.212260531927524,0.116960930181945,0.1,FALSE,"n500_d4",500,4,49
"gamlss2","tau","t",0.240824971267301,0.141793572542023,0.11,FALSE,"n500_d4",500,4,49
"gamlss2","theta","intercept",NA,NA,NA,FALSE,"n500_d4",500,4,49
"gamlss2","theta","x1",NA,NA,NA,FALSE,"n500_d4",500,4,49
"gamlss2","theta","x2",NA,NA,NA,FALSE,"n500_d4",500,4,49
"gamlss2","theta","t",NA,NA,NA,FALSE,"n500_d4",500,4,49
"gamlss2","zeta","intercept",NA,NA,NA,FALSE,"n500_d4",500,4,49
"gamlss2","zeta","x1",NA,NA,NA,FALSE,"n500_d4",500,4,49
"gamlss2","zeta","x2",NA,NA,NA,FALSE,"n500_d4",500,4,49
"gamlss2","zeta","t",NA,NA,NA,FALSE,"n500_d4",500,4,49
"gamlss.longitudinal","mu","intercept",0.776850389587999,0.0164981314146704,0.780770413358725,TRUE,"n500_d4",500,4,50
"gamlss.longitudinal","mu","x1",0.115215110144612,0.0099066262178589,0.12,FALSE,"n500_d4",500,4,50
"gamlss.longitudinal","mu","x2",-0.0925112490681256,0.0229455632849092,-0.1,FALSE,"n500_d4",500,4,50
"gamlss.longitudinal","mu","t",0.169182106371603,0.0144967947502702,0.18,FALSE,"n500_d4",500,4,50
"gamlss.longitudinal","sigma","intercept",-1.13887366995315,0.041221271579014,-1.19763184937346,TRUE,"n500_d4",500,4,50
"gamlss.longitudinal","sigma","x1",0.201050105171947,0.0260824032943554,0.18,FALSE,"n500_d4",500,4,50
"gamlss.longitudinal","sigma","x2",0.104512539655559,0.0501155451548183,0.12,FALSE,"n500_d4",500,4,50
"gamlss.longitudinal","sigma","t",0.102958259768515,0.0329093924055998,0.15,FALSE,"n500_d4",500,4,50
"gamlss.longitudinal","nu","intercept",-0.106248227344869,0.0927619664635688,0,TRUE,"n500_d4",500,4,50
"gamlss.longitudinal","nu","x1",0.176879018994185,0.0530224481341781,0.1,FALSE,"n500_d4",500,4,50
"gamlss.longitudinal","nu","x2",-0.128543662923766,0.106869145971031,-0.08,FALSE,"n500_d4",500,4,50
"gamlss.longitudinal","nu","t",0.103146012664813,0.0958404867574193,0.12,FALSE,"n500_d4",500,4,50
"gamlss.longitudinal","tau","intercept",0.565972357431395,0.0909668175202377,0.5,TRUE,"n500_d4",500,4,50
"gamlss.longitudinal","tau","x1",-0.173154316120198,0.0540895497971865,-0.08,FALSE,"n500_d4",500,4,50
"gamlss.longitudinal","tau","x2",0.199217267778147,0.114577733589198,0.1,FALSE,"n500_d4",500,4,50
"gamlss.longitudinal","tau","t",-0.00137555712100164,0.110933381604518,0.11,FALSE,"n500_d4",500,4,50
"gamlss.longitudinal","theta","intercept",0.980204583393405,0.0642806160669702,1.03149201596481,TRUE,"n500_d4",500,4,50
"gamlss.longitudinal","theta","x1",0.284848345575697,0.0346664410599814,0.25,FALSE,"n500_d4",500,4,50
"gamlss.longitudinal","theta","x2",-0.0497957713690643,0.0705469127120022,-0.1,FALSE,"n500_d4",500,4,50
"gamlss.longitudinal","theta","t",0.320847359288273,0.110119219414344,0.2,FALSE,"n500_d4",500,4,50
"gamlss.longitudinal","zeta","intercept",0.105937141533559,0.702527708184564,0.5,TRUE,"n500_d4",500,4,50
"gamlss.longitudinal","zeta","x1",0.314739604233175,0.363816082170303,0.12,FALSE,"n500_d4",500,4,50
"gamlss.longitudinal","zeta","x2",0.125193266341653,0.687466631601463,-0.1,FALSE,"n500_d4",500,4,50
"gamlss.longitudinal","zeta","t",1.17064354543012,1.26375115270841,0.1,FALSE,"n500_d4",500,4,50
"gamlss2","mu","intercept",0.776217092195622,0.0141460265921984,0.780770413358725,FALSE,"n500_d4",500,4,50
"gamlss2","mu","x1",0.118965515164321,0.00763953537951222,0.12,FALSE,"n500_d4",500,4,50
"gamlss2","mu","x2",-0.0926470789915292,0.0156921763525835,-0.1,FALSE,"n500_d4",500,4,50
"gamlss2","mu","t",0.171295415682654,0.0201711807669027,0.18,FALSE,"n500_d4",500,4,50
"gamlss2","sigma","intercept",-1.14508686609886,0.0345692111534162,-1.19763184937346,FALSE,"n500_d4",500,4,50
"gamlss2","sigma","x1",0.210876215938024,0.0184866867948381,0.18,FALSE,"n500_d4",500,4,50
"gamlss2","sigma","x2",0.0943939615287517,0.0360155250915997,0.12,FALSE,"n500_d4",500,4,50
"gamlss2","sigma","t",0.122063479210606,0.0432598908110144,0.15,FALSE,"n500_d4",500,4,50
"gamlss2","nu","intercept",-0.0430470362208289,0.109233422930518,0,FALSE,"n500_d4",500,4,50
"gamlss2","nu","x1",0.159211092676467,0.0588997234991784,0.1,FALSE,"n500_d4",500,4,50
"gamlss2","nu","x2",-0.110010677534867,0.115706641115082,-0.08,FALSE,"n500_d4",500,4,50
"gamlss2","nu","t",0.0293596074303267,0.131051730167949,0.12,FALSE,"n500_d4",500,4,50
"gamlss2","tau","intercept",0.454339304948462,0.098172494075428,0.5,FALSE,"n500_d4",500,4,50
"gamlss2","tau","x1",-0.144517037552973,0.0563597769785024,-0.08,FALSE,"n500_d4",500,4,50
"gamlss2","tau","x2",0.313906582766893,0.129566152577105,0.1,FALSE,"n500_d4",500,4,50
"gamlss2","tau","t",0.0963300839479561,0.140249795291379,0.11,FALSE,"n500_d4",500,4,50
"gamlss2","theta","intercept",NA,NA,NA,FALSE,"n500_d4",500,4,50
"gamlss2","theta","x1",NA,NA,NA,FALSE,"n500_d4",500,4,50
"gamlss2","theta","x2",NA,NA,NA,FALSE,"n500_d4",500,4,50
"gamlss2","theta","t",NA,NA,NA,FALSE,"n500_d4",500,4,50
"gamlss2","zeta","intercept",NA,NA,NA,FALSE,"n500_d4",500,4,50
"gamlss2","zeta","x1",NA,NA,NA,FALSE,"n500_d4",500,4,50
"gamlss2","zeta","x2",NA,NA,NA,FALSE,"n500_d4",500,4,50
"gamlss2","zeta","t",NA,NA,NA,FALSE,"n500_d4",500,4,50
"gamlss.longitudinal","mu","intercept",0.805778531673767,0.0167657665359212,0.795841546185975,TRUE,"n500_d4",500,4,51
"gamlss.longitudinal","mu","x1",0.123650959075597,0.0118480694087151,0.12,FALSE,"n500_d4",500,4,51
"gamlss.longitudinal","mu","x2",-0.0912184751149261,0.0244143861782203,-0.1,FALSE,"n500_d4",500,4,51
"gamlss.longitudinal","mu","t",0.187943196238678,0.0141619896150119,0.18,FALSE,"n500_d4",500,4,51
"gamlss.longitudinal","sigma","intercept",-1.27427397177002,0.0428264673548816,-1.22737518627433,TRUE,"n500_d4",500,4,51
"gamlss.longitudinal","sigma","x1",0.129757333150131,0.0260901206874171,0.18,FALSE,"n500_d4",500,4,51
"gamlss.longitudinal","sigma","x2",0.17729295117687,0.0504703351030939,0.12,FALSE,"n500_d4",500,4,51
"gamlss.longitudinal","sigma","t",0.144678841584315,0.0349818396283442,0.15,FALSE,"n500_d4",500,4,51
"gamlss.longitudinal","nu","intercept",-0.168726283773658,0.112030190361299,0,TRUE,"n500_d4",500,4,51
"gamlss.longitudinal","nu","x1",0.159819069894431,0.0559283699446109,0.1,FALSE,"n500_d4",500,4,51
"gamlss.longitudinal","nu","x2",0.0458592557517878,0.11222852744325,-0.08,FALSE,"n500_d4",500,4,51
"gamlss.longitudinal","nu","t",0.29891245054018,0.116641518196698,0.12,FALSE,"n500_d4",500,4,51
"gamlss.longitudinal","tau","intercept",0.457284311435723,0.0902441179076783,0.5,TRUE,"n500_d4",500,4,51
"gamlss.longitudinal","tau","x1",-0.0482893771892343,0.0530014424713785,-0.08,FALSE,"n500_d4",500,4,51
"gamlss.longitudinal","tau","x2",0.112455469486014,0.107051256898076,0.1,FALSE,"n500_d4",500,4,51
"gamlss.longitudinal","tau","t",0.259580426728333,0.123957377651445,0.11,FALSE,"n500_d4",500,4,51
"gamlss.longitudinal","theta","intercept",1.01184598669157,0.0608510350353604,1.05411071334057,TRUE,"n500_d4",500,4,51
"gamlss.longitudinal","theta","x1",0.223396858766923,0.0337663094640171,0.25,FALSE,"n500_d4",500,4,51
"gamlss.longitudinal","theta","x2",-0.0339121107957466,0.0683431389263823,-0.1,FALSE,"n500_d4",500,4,51
"gamlss.longitudinal","theta","t",0.233187551988684,0.101442934390078,0.2,FALSE,"n500_d4",500,4,51
"gamlss.longitudinal","zeta","intercept",0.385836903775954,0.593863607764959,0.5,TRUE,"n500_d4",500,4,51
"gamlss.longitudinal","zeta","x1",0.335824379937856,0.309816204354136,0.12,FALSE,"n500_d4",500,4,51
"gamlss.longitudinal","zeta","x2",-0.487622255927256,0.635426970064293,-0.1,FALSE,"n500_d4",500,4,51
"gamlss.longitudinal","zeta","t",2.59462090095599,1.25680726101311,0.1,FALSE,"n500_d4",500,4,51
"gamlss2","mu","intercept",0.804955013790712,0.0134304881274138,0.795841546185975,FALSE,"n500_d4",500,4,51
"gamlss2","mu","x1",0.123010158156769,0.00748809714755598,0.12,FALSE,"n500_d4",500,4,51
"gamlss2","mu","x2",-0.0864713502364539,0.015226702818128,-0.1,FALSE,"n500_d4",500,4,51
"gamlss2","mu","t",0.197969776266249,0.0199493712651176,0.18,FALSE,"n500_d4",500,4,51
"gamlss2","sigma","intercept",-1.29709268518094,0.033008135606524,-1.22737518627433,FALSE,"n500_d4",500,4,51
"gamlss2","sigma","x1",0.129520645642518,0.0173259636596987,0.18,FALSE,"n500_d4",500,4,51
"gamlss2","sigma","x2",0.188235204670308,0.0329377359095683,0.12,FALSE,"n500_d4",500,4,51
"gamlss2","sigma","t",0.151451706456862,0.0435823777911363,0.15,FALSE,"n500_d4",500,4,51
"gamlss2","nu","intercept",-0.0825780002692826,0.126551742860653,0,FALSE,"n500_d4",500,4,51
"gamlss2","nu","x1",0.0823100645837002,0.0573739686621366,0.1,FALSE,"n500_d4",500,4,51
"gamlss2","nu","x2",0.140772368947641,0.114787148237508,-0.08,FALSE,"n500_d4",500,4,51
"gamlss2","nu","t",0.20973499446706,0.149789876686561,0.12,FALSE,"n500_d4",500,4,51
"gamlss2","tau","intercept",0.570156537971716,0.10943463925983,0.5,FALSE,"n500_d4",500,4,51
"gamlss2","tau","x1",-0.0540266703119033,0.0570425695208986,-0.08,FALSE,"n500_d4",500,4,51
"gamlss2","tau","x2",0.0697158347785652,0.109814379774714,0.1,FALSE,"n500_d4",500,4,51
"gamlss2","tau","t",0.173122139208607,0.147007510117207,0.11,FALSE,"n500_d4",500,4,51
"gamlss2","theta","intercept",NA,NA,NA,FALSE,"n500_d4",500,4,51
"gamlss2","theta","x1",NA,NA,NA,FALSE,"n500_d4",500,4,51
"gamlss2","theta","x2",NA,NA,NA,FALSE,"n500_d4",500,4,51
"gamlss2","theta","t",NA,NA,NA,FALSE,"n500_d4",500,4,51
"gamlss2","zeta","intercept",NA,NA,NA,FALSE,"n500_d4",500,4,51
"gamlss2","zeta","x1",NA,NA,NA,FALSE,"n500_d4",500,4,51
"gamlss2","zeta","x2",NA,NA,NA,FALSE,"n500_d4",500,4,51
"gamlss2","zeta","t",NA,NA,NA,FALSE,"n500_d4",500,4,51
"gamlss.longitudinal","mu","intercept",0.750518656295573,0.0151426202865291,0.763780851231624,TRUE,"n500_d4",500,4,52
"gamlss.longitudinal","mu","x1",0.117480552824032,0.0104720344666132,0.12,FALSE,"n500_d4",500,4,52
"gamlss.longitudinal","mu","x2",-0.0931404691180559,0.0214438261672654,-0.1,FALSE,"n500_d4",500,4,52
"gamlss.longitudinal","mu","t",0.196968889726477,0.0132352231365477,0.18,FALSE,"n500_d4",500,4,52
"gamlss.longitudinal","sigma","intercept",-1.15903667769636,0.0469944338783194,-1.21227230690591,TRUE,"n500_d4",500,4,52
"gamlss.longitudinal","sigma","x1",0.187737818289852,0.0265302224536438,0.18,FALSE,"n500_d4",500,4,52
"gamlss.longitudinal","sigma","x2",0.0606984401476966,0.0535248508502999,0.12,FALSE,"n500_d4",500,4,52
"gamlss.longitudinal","sigma","t",0.0649816640568188,0.0354779232744708,0.15,FALSE,"n500_d4",500,4,52
"gamlss.longitudinal","nu","intercept",0.204075011092043,0.102179507179822,0,TRUE,"n500_d4",500,4,52
"gamlss.longitudinal","nu","x1",0.0716919144976474,0.0595139193203768,0.1,FALSE,"n500_d4",500,4,52
"gamlss.longitudinal","nu","x2",-0.239773692840493,0.110201517963894,-0.08,FALSE,"n500_d4",500,4,52
"gamlss.longitudinal","nu","t",0.0430452967881355,0.0976514797030036,0.12,FALSE,"n500_d4",500,4,52
"gamlss.longitudinal","tau","intercept",0.354935692469527,0.0955086683742422,0.5,TRUE,"n500_d4",500,4,52
"gamlss.longitudinal","tau","x1",-0.117789826910945,0.0544528177143323,-0.08,FALSE,"n500_d4",500,4,52
"gamlss.longitudinal","tau","x2",0.216756285898886,0.105938189998542,0.1,FALSE,"n500_d4",500,4,52
"gamlss.longitudinal","tau","t",0.118620662736121,0.11440957107204,0.11,FALSE,"n500_d4",500,4,52
"gamlss.longitudinal","theta","intercept",1.12683875155633,0.0620332903712077,1.03697531915842,TRUE,"n500_d4",500,4,52
"gamlss.longitudinal","theta","x1",0.252982852906139,0.0346314827918274,0.25,FALSE,"n500_d4",500,4,52
"gamlss.longitudinal","theta","x2",-0.115716345438815,0.0713792231995271,-0.1,FALSE,"n500_d4",500,4,52
"gamlss.longitudinal","theta","t",-0.147933242078026,0.107568332965476,0.2,FALSE,"n500_d4",500,4,52
"gamlss.longitudinal","zeta","intercept",0.16315752785048,0.625437800931988,0.5,TRUE,"n500_d4",500,4,52
"gamlss.longitudinal","zeta","x1",-0.753663669473605,0.399101658183009,0.12,FALSE,"n500_d4",500,4,52
"gamlss.longitudinal","zeta","x2",0.730589342568225,0.786949760350439,-0.1,FALSE,"n500_d4",500,4,52
"gamlss.longitudinal","zeta","t",-1.19076265403691,1.46598004129458,0.1,FALSE,"n500_d4",500,4,52
"gamlss2","mu","intercept",0.747718639013132,0.0113953334138648,0.763780851231624,FALSE,"n500_d4",500,4,52
"gamlss2","mu","x1",0.117473104327285,0.00645953098476103,0.12,FALSE,"n500_d4",500,4,52
"gamlss2","mu","x2",-0.0919398799996865,0.0139767918832138,-0.1,FALSE,"n500_d4",500,4,52
"gamlss2","mu","t",0.201496256816813,0.0183490245200098,0.18,FALSE,"n500_d4",500,4,52
"gamlss2","sigma","intercept",-1.14905497753094,0.0354993769931777,-1.21227230690591,FALSE,"n500_d4",500,4,52
"gamlss2","sigma","x1",0.186152185447076,0.0185706173413121,0.18,FALSE,"n500_d4",500,4,52
"gamlss2","sigma","x2",0.0613514720345118,0.0345094659420639,0.12,FALSE,"n500_d4",500,4,52
"gamlss2","sigma","t",0.0283096752357068,0.0454590283706388,0.15,FALSE,"n500_d4",500,4,52
"gamlss2","nu","intercept",0.0862539367163214,0.114386826782721,0,FALSE,"n500_d4",500,4,52
"gamlss2","nu","x1",-0.0367089911704726,0.0604127394752812,0.1,FALSE,"n500_d4",500,4,52
"gamlss2","nu","x2",-0.0984510857142041,0.110156701367239,-0.08,FALSE,"n500_d4",500,4,52
"gamlss2","nu","t",-0.029925733798481,0.144481922154051,0.12,FALSE,"n500_d4",500,4,52
"gamlss2","tau","intercept",0.402267343587631,0.105664235463014,0.5,FALSE,"n500_d4",500,4,52
"gamlss2","tau","x1",-0.149386434493844,0.0601583269930188,-0.08,FALSE,"n500_d4",500,4,52
"gamlss2","tau","x2",0.193510427188229,0.104286351126719,0.1,FALSE,"n500_d4",500,4,52
"gamlss2","tau","t",0.133584770089835,0.143593257511372,0.11,FALSE,"n500_d4",500,4,52
"gamlss2","theta","intercept",NA,NA,NA,FALSE,"n500_d4",500,4,52
"gamlss2","theta","x1",NA,NA,NA,FALSE,"n500_d4",500,4,52
"gamlss2","theta","x2",NA,NA,NA,FALSE,"n500_d4",500,4,52
"gamlss2","theta","t",NA,NA,NA,FALSE,"n500_d4",500,4,52
"gamlss2","zeta","intercept",NA,NA,NA,FALSE,"n500_d4",500,4,52
"gamlss2","zeta","x1",NA,NA,NA,FALSE,"n500_d4",500,4,52
"gamlss2","zeta","x2",NA,NA,NA,FALSE,"n500_d4",500,4,52
"gamlss2","zeta","t",NA,NA,NA,FALSE,"n500_d4",500,4,52
"gamlss.longitudinal","mu","intercept",0.837240922295463,0.0163433938399082,0.808323206378001,TRUE,"n500_d4",500,4,53
"gamlss.longitudinal","mu","x1",0.125890559760265,0.00996429314739334,0.12,FALSE,"n500_d4",500,4,53
"gamlss.longitudinal","mu","x2",-0.166477137050893,0.0222580870968786,-0.1,FALSE,"n500_d4",500,4,53
"gamlss.longitudinal","mu","t",0.189903129371602,0.0141300804383971,0.18,FALSE,"n500_d4",500,4,53
"gamlss.longitudinal","sigma","intercept",-1.27539255438066,0.0459688231952147,-1.20616284940983,TRUE,"n500_d4",500,4,53
"gamlss.longitudinal","sigma","x1",0.152555294404261,0.0286528276355483,0.18,FALSE,"n500_d4",500,4,53
"gamlss.longitudinal","sigma","x2",0.146668899346136,0.0549707665012509,0.12,FALSE,"n500_d4",500,4,53
"gamlss.longitudinal","sigma","t",0.162653063867862,0.0366306274274013,0.15,FALSE,"n500_d4",500,4,53
"gamlss.longitudinal","nu","intercept",0.165685133336233,0.109766344657743,0,TRUE,"n500_d4",500,4,53
"gamlss.longitudinal","nu","x1",0.1136738554628,0.0559645956235822,0.1,FALSE,"n500_d4",500,4,53
"gamlss.longitudinal","nu","x2",-0.197856540522195,0.117160228532166,-0.08,FALSE,"n500_d4",500,4,53
"gamlss.longitudinal","nu","t",0.118692056771591,0.112215703087643,0.12,FALSE,"n500_d4",500,4,53
"gamlss.longitudinal","tau","intercept",0.401851268349179,0.0974568035232356,0.5,TRUE,"n500_d4",500,4,53
"gamlss.longitudinal","tau","x1",-0.0161490780061771,0.0532679782938686,-0.08,FALSE,"n500_d4",500,4,53
"gamlss.longitudinal","tau","x2",0.250001789330659,0.107167849362086,0.1,FALSE,"n500_d4",500,4,53
"gamlss.longitudinal","tau","t",0.0264220774895028,0.118067415414768,0.11,FALSE,"n500_d4",500,4,53
"gamlss.longitudinal","theta","intercept",0.999513392158074,0.0639938883850186,1.0443117051994,TRUE,"n500_d4",500,4,53
"gamlss.longitudinal","theta","x1",0.220038465217616,0.0349561018098493,0.25,FALSE,"n500_d4",500,4,53
"gamlss.longitudinal","theta","x2",-0.0852428950356787,0.0719364575625328,-0.1,FALSE,"n500_d4",500,4,53
"gamlss.longitudinal","theta","t",0.201234168000244,0.107800173688232,0.2,FALSE,"n500_d4",500,4,53
"gamlss.longitudinal","zeta","intercept",0.481950619794536,0.708318185292303,0.5,TRUE,"n500_d4",500,4,53
"gamlss.longitudinal","zeta","x1",0.380647458519805,0.474050374599662,0.12,FALSE,"n500_d4",500,4,53
"gamlss.longitudinal","zeta","x2",-0.386375752810689,0.675445179080951,-0.1,FALSE,"n500_d4",500,4,53
"gamlss.longitudinal","zeta","t",0.509520133024652,1.15689821045659,0.1,FALSE,"n500_d4",500,4,53
"gamlss2","mu","intercept",0.838322740060388,0.0132711986506055,0.808323206378001,FALSE,"n500_d4",500,4,53
"gamlss2","mu","x1",0.128042487104803,0.00676807384251272,0.12,FALSE,"n500_d4",500,4,53
"gamlss2","mu","x2",-0.162452771781545,0.0146411891383031,-0.1,FALSE,"n500_d4",500,4,53
"gamlss2","mu","t",0.189474527807285,0.019290181687213,0.18,FALSE,"n500_d4",500,4,53
"gamlss2","sigma","intercept",-1.28186459413572,0.0341639236024854,-1.20616284940983,FALSE,"n500_d4",500,4,53
"gamlss2","sigma","x1",0.153914285567253,0.0178755478082716,0.18,FALSE,"n500_d4",500,4,53
"gamlss2","sigma","x2",0.142354748136697,0.0344434070481341,0.12,FALSE,"n500_d4",500,4,53
"gamlss2","sigma","t",0.156115656782917,0.0446743212984199,0.15,FALSE,"n500_d4",500,4,53
"gamlss2","nu","intercept",0.034855776053423,0.117247892572553,0,FALSE,"n500_d4",500,4,53
"gamlss2","nu","x1",0.130411891245204,0.055427831323725,0.1,FALSE,"n500_d4",500,4,53
"gamlss2","nu","x2",0.0859034620661848,0.114080916381049,-0.08,FALSE,"n500_d4",500,4,53
"gamlss2","nu","t",0.112107841694634,0.14241975930518,0.12,FALSE,"n500_d4",500,4,53
"gamlss2","tau","intercept",0.48631507457846,0.109830532004009,0.5,FALSE,"n500_d4",500,4,53
"gamlss2","tau","x1",0.0738944706639233,0.0549770817734871,-0.08,FALSE,"n500_d4",500,4,53
"gamlss2","tau","x2",0.173699086563384,0.110220535693129,0.1,FALSE,"n500_d4",500,4,53
"gamlss2","tau","t",0.131676196914398,0.144427427751488,0.11,FALSE,"n500_d4",500,4,53
"gamlss2","theta","intercept",NA,NA,NA,FALSE,"n500_d4",500,4,53
"gamlss2","theta","x1",NA,NA,NA,FALSE,"n500_d4",500,4,53
"gamlss2","theta","x2",NA,NA,NA,FALSE,"n500_d4",500,4,53
"gamlss2","theta","t",NA,NA,NA,FALSE,"n500_d4",500,4,53
"gamlss2","zeta","intercept",NA,NA,NA,FALSE,"n500_d4",500,4,53
"gamlss2","zeta","x1",NA,NA,NA,FALSE,"n500_d4",500,4,53
"gamlss2","zeta","x2",NA,NA,NA,FALSE,"n500_d4",500,4,53
"gamlss2","zeta","t",NA,NA,NA,FALSE,"n500_d4",500,4,53
"gamlss.longitudinal","mu","intercept",0.779493629315182,0.0154298681382601,0.774736287930645,TRUE,"n500_d4",500,4,54
"gamlss.longitudinal","mu","x1",0.0945023222432233,0.0107151979348058,0.12,FALSE,"n500_d4",500,4,54
"gamlss.longitudinal","mu","x2",-0.125995644451627,0.0212510721852122,-0.1,FALSE,"n500_d4",500,4,54
"gamlss.longitudinal","mu","t",0.174855605319871,0.0137730882231622,0.18,FALSE,"n500_d4",500,4,54
"gamlss.longitudinal","sigma","intercept",-1.2108395524984,0.0437167431444485,-1.21091261167722,TRUE,"n500_d4",500,4,54
"gamlss.longitudinal","sigma","x1",0.171945864562982,0.0257474435046003,0.18,FALSE,"n500_d4",500,4,54
"gamlss.longitudinal","sigma","x2",0.0981802374475621,0.0508403718344516,0.12,FALSE,"n500_d4",500,4,54
"gamlss.longitudinal","sigma","t",0.0950873646371067,0.0365833594628411,0.15,FALSE,"n500_d4",500,4,54
"gamlss.longitudinal","nu","intercept",0.174850890899298,0.098933451880199,0,TRUE,"n500_d4",500,4,54
"gamlss.longitudinal","nu","x1",0.0702008220761278,0.057249240046524,0.1,FALSE,"n500_d4",500,4,54
"gamlss.longitudinal","nu","x2",-0.167367254335185,0.105552232727625,-0.08,FALSE,"n500_d4",500,4,54
"gamlss.longitudinal","nu","t",-0.0993565697216035,0.104248174095455,0.12,FALSE,"n500_d4",500,4,54
"gamlss.longitudinal","tau","intercept",0.394667481177988,0.0876634050235923,0.5,TRUE,"n500_d4",500,4,54
"gamlss.longitudinal","tau","x1",-0.0904955703602365,0.054468259553241,-0.08,FALSE,"n500_d4",500,4,54
"gamlss.longitudinal","tau","x2",0.148039195372049,0.104425096165572,0.1,FALSE,"n500_d4",500,4,54
"gamlss.longitudinal","tau","t",0.290346851674772,0.121232818483234,0.11,FALSE,"n500_d4",500,4,54
"gamlss.longitudinal","theta","intercept",1.13008331982023,0.0583074886370367,1.03694253386773,TRUE,"n500_d4",500,4,54
"gamlss.longitudinal","theta","x1",0.266548939809389,0.0352597800282878,0.25,FALSE,"n500_d4",500,4,54
"gamlss.longitudinal","theta","x2",-0.133834130806244,0.0692738449623574,-0.1,FALSE,"n500_d4",500,4,54
"gamlss.longitudinal","theta","t",-0.0528713400310126,0.100735944501082,0.2,FALSE,"n500_d4",500,4,54
"gamlss.longitudinal","zeta","intercept",1.30153578405131,0.565849715428982,0.5,TRUE,"n500_d4",500,4,54
"gamlss.longitudinal","zeta","x1",-0.0926066824444783,0.341209835128039,0.12,FALSE,"n500_d4",500,4,54
"gamlss.longitudinal","zeta","x2",-0.822492193162601,0.645546796302587,-0.1,FALSE,"n500_d4",500,4,54
"gamlss.longitudinal","zeta","t",-0.381889072298649,1.02087838757161,0.1,FALSE,"n500_d4",500,4,54
"gamlss2","mu","intercept",0.786733316178117,0.0135237300219569,0.774736287930645,FALSE,"n500_d4",500,4,54
"gamlss2","mu","x1",0.0943272265325672,0.00745123944904076,0.12,FALSE,"n500_d4",500,4,54
"gamlss2","mu","x2",-0.126311188676332,0.0146386200849721,-0.1,FALSE,"n500_d4",500,4,54
"gamlss2","mu","t",0.166104260319096,0.0193404435128349,0.18,FALSE,"n500_d4",500,4,54
"gamlss2","sigma","intercept",-1.21975411197309,0.0334995270194813,-1.21091261167722,FALSE,"n500_d4",500,4,54
"gamlss2","sigma","x1",0.173782596962029,0.0174672757457189,0.18,FALSE,"n500_d4",500,4,54
"gamlss2","sigma","x2",0.109215638213555,0.033220316514258,0.12,FALSE,"n500_d4",500,4,54
"gamlss2","sigma","t",0.0936096667412361,0.0427040051894438,0.15,FALSE,"n500_d4",500,4,54
"gamlss2","nu","intercept",0.166358561767273,0.11719600315735,0,FALSE,"n500_d4",500,4,54
"gamlss2","nu","x1",-0.0413371563730178,0.0571879695342003,0.1,FALSE,"n500_d4",500,4,54
"gamlss2","nu","x2",-0.209744965347199,0.111706978865207,-0.08,FALSE,"n500_d4",500,4,54
"gamlss2","nu","t",0.000970146925755291,0.144046998125857,0.12,FALSE,"n500_d4",500,4,54
"gamlss2","tau","intercept",0.462623440334492,0.106146755073822,0.5,FALSE,"n500_d4",500,4,54
"gamlss2","tau","x1",-0.138065419863943,0.061868032107641,-0.08,FALSE,"n500_d4",500,4,54
"gamlss2","tau","x2",0.165348462053033,0.114097617563653,0.1,FALSE,"n500_d4",500,4,54
"gamlss2","tau","t",0.365311881516187,0.154274151000752,0.11,FALSE,"n500_d4",500,4,54
"gamlss2","theta","intercept",NA,NA,NA,FALSE,"n500_d4",500,4,54
"gamlss2","theta","x1",NA,NA,NA,FALSE,"n500_d4",500,4,54
"gamlss2","theta","x2",NA,NA,NA,FALSE,"n500_d4",500,4,54
"gamlss2","theta","t",NA,NA,NA,FALSE,"n500_d4",500,4,54
"gamlss2","zeta","intercept",NA,NA,NA,FALSE,"n500_d4",500,4,54
"gamlss2","zeta","x1",NA,NA,NA,FALSE,"n500_d4",500,4,54
"gamlss2","zeta","x2",NA,NA,NA,FALSE,"n500_d4",500,4,54
"gamlss2","zeta","t",NA,NA,NA,FALSE,"n500_d4",500,4,54
"gamlss.longitudinal","mu","intercept",0.732116185297982,0.0157393166362739,0.760442416835883,TRUE,"n500_d4",500,4,55
"gamlss.longitudinal","mu","x1",0.108903944577978,0.0102785360625856,0.12,FALSE,"n500_d4",500,4,55
"gamlss.longitudinal","mu","x2",-0.113491431206908,0.0219438724498109,-0.1,FALSE,"n500_d4",500,4,55
"gamlss.longitudinal","mu","t",0.188343541922143,0.0133551164475086,0.18,FALSE,"n500_d4",500,4,55
"gamlss.longitudinal","sigma","intercept",-1.26290932443134,0.0423927150132682,-1.22245173825881,TRUE,"n500_d4",500,4,55
"gamlss.longitudinal","sigma","x1",0.206598045694605,0.0271119184455563,0.18,FALSE,"n500_d4",500,4,55
"gamlss.longitudinal","sigma","x2",0.152422370911108,0.0523077324376947,0.12,FALSE,"n500_d4",500,4,55
"gamlss.longitudinal","sigma","t",0.194994972378067,0.0353778809607253,0.15,FALSE,"n500_d4",500,4,55
"gamlss.longitudinal","nu","intercept",-0.0232888216930083,0.0979526073336427,0,TRUE,"n500_d4",500,4,55
"gamlss.longitudinal","nu","x1",0.067384780372749,0.0538039726224264,0.1,FALSE,"n500_d4",500,4,55
"gamlss.longitudinal","nu","x2",-0.135916126831687,0.103500868145811,-0.08,FALSE,"n500_d4",500,4,55
"gamlss.longitudinal","nu","t",0.231570166253573,0.100580076447979,0.12,FALSE,"n500_d4",500,4,55
"gamlss.longitudinal","tau","intercept",0.511617552310322,0.0943536842229173,0.5,TRUE,"n500_d4",500,4,55
"gamlss.longitudinal","tau","x1",-0.136806873560023,0.0534753263707205,-0.08,FALSE,"n500_d4",500,4,55
"gamlss.longitudinal","tau","x2",0.178248228247857,0.1045921010549,0.1,FALSE,"n500_d4",500,4,55
"gamlss.longitudinal","tau","t",-0.0560826691334335,0.115900268613458,0.11,FALSE,"n500_d4",500,4,55
"gamlss.longitudinal","theta","intercept",0.997155413808599,0.0617623986001554,1.0448419519838,TRUE,"n500_d4",500,4,55
"gamlss.longitudinal","theta","x1",0.227413347916592,0.0366486513268775,0.25,FALSE,"n500_d4",500,4,55
"gamlss.longitudinal","theta","x2",0.00736321217390719,0.0715407182620635,-0.1,FALSE,"n500_d4",500,4,55
"gamlss.longitudinal","theta","t",0.227227488378542,0.106003788254553,0.2,FALSE,"n500_d4",500,4,55
"gamlss.longitudinal","zeta","intercept",0.0748257528011276,0.609777657181426,0.5,TRUE,"n500_d4",500,4,55
"gamlss.longitudinal","zeta","x1",-0.356605747306833,0.436995568680295,0.12,FALSE,"n500_d4",500,4,55
"gamlss.longitudinal","zeta","x2",0.433457670097506,0.680336320949764,-0.1,FALSE,"n500_d4",500,4,55
"gamlss.longitudinal","zeta","t",0.39346761192179,1.18093744425676,0.1,FALSE,"n500_d4",500,4,55
"gamlss2","mu","intercept",0.728223475808397,0.0130115283312852,0.760442416835883,FALSE,"n500_d4",500,4,55
"gamlss2","mu","x1",0.110846564998761,0.00672620844702507,0.12,FALSE,"n500_d4",500,4,55
"gamlss2","mu","x2",-0.113498160921922,0.0143642146129076,-0.1,FALSE,"n500_d4",500,4,55
"gamlss2","mu","t",0.196826835366524,0.0184779751621426,0.18,FALSE,"n500_d4",500,4,55
"gamlss2","sigma","intercept",-1.29074289489669,0.0321096988054881,-1.22245173825881,FALSE,"n500_d4",500,4,55
"gamlss2","sigma","x1",0.198909888132672,0.0179608512373741,0.18,FALSE,"n500_d4",500,4,55
"gamlss2","sigma","x2",0.17172724420671,0.0335561758445896,0.12,FALSE,"n500_d4",500,4,55
"gamlss2","sigma","t",0.206667485859819,0.0433790668151289,0.15,FALSE,"n500_d4",500,4,55
"gamlss2","nu","intercept",-0.0142812248857649,0.110162411167218,0,FALSE,"n500_d4",500,4,55
"gamlss2","nu","x1",0.0242960919969509,0.0530830577348934,0.1,FALSE,"n500_d4",500,4,55
"gamlss2","nu","x2",-0.2821483920294,0.109055447107068,-0.08,FALSE,"n500_d4",500,4,55
"gamlss2","nu","t",0.31835552390337,0.135555063111264,0.12,FALSE,"n500_d4",500,4,55
"gamlss2","tau","intercept",0.608901206783508,0.108232560959671,0.5,FALSE,"n500_d4",500,4,55
"gamlss2","tau","x1",-0.0138318500915998,0.0632216041844897,-0.08,FALSE,"n500_d4",500,4,55
"gamlss2","tau","x2",0.127822072037708,0.113167916962375,0.1,FALSE,"n500_d4",500,4,55
"gamlss2","tau","t",0.0573548614174702,0.150353600971557,0.11,FALSE,"n500_d4",500,4,55
"gamlss2","theta","intercept",NA,NA,NA,FALSE,"n500_d4",500,4,55
"gamlss2","theta","x1",NA,NA,NA,FALSE,"n500_d4",500,4,55
"gamlss2","theta","x2",NA,NA,NA,FALSE,"n500_d4",500,4,55
"gamlss2","theta","t",NA,NA,NA,FALSE,"n500_d4",500,4,55
"gamlss2","zeta","intercept",NA,NA,NA,FALSE,"n500_d4",500,4,55
"gamlss2","zeta","x1",NA,NA,NA,FALSE,"n500_d4",500,4,55
"gamlss2","zeta","x2",NA,NA,NA,FALSE,"n500_d4",500,4,55
"gamlss2","zeta","t",NA,NA,NA,FALSE,"n500_d4",500,4,55
"gamlss.longitudinal","mu","intercept",0.81041444789555,0.0154352296673465,0.802111996039376,TRUE,"n500_d4",500,4,56
"gamlss.longitudinal","mu","x1",0.116822512412744,0.0101838371306009,0.12,FALSE,"n500_d4",500,4,56
"gamlss.longitudinal","mu","x2",-0.122450407250982,0.0235205557116087,-0.1,FALSE,"n500_d4",500,4,56
"gamlss.longitudinal","mu","t",0.16644244858233,0.0147155566492558,0.18,FALSE,"n500_d4",500,4,56
"gamlss.longitudinal","sigma","intercept",-1.28783958681444,0.0430283223526763,-1.20244510017289,TRUE,"n500_d4",500,4,56
"gamlss.longitudinal","sigma","x1",0.17123733960926,0.0267442923264527,0.18,FALSE,"n500_d4",500,4,56
"gamlss.longitudinal","sigma","x2",0.222664242787429,0.0521863655652364,0.12,FALSE,"n500_d4",500,4,56
"gamlss.longitudinal","sigma","t",0.199359881455491,0.0354738306790454,0.15,FALSE,"n500_d4",500,4,56
"gamlss.longitudinal","nu","intercept",-0.127928870090915,0.102722383132396,0,TRUE,"n500_d4",500,4,56
"gamlss.longitudinal","nu","x1",0.0761270416259544,0.0469586704663995,0.1,FALSE,"n500_d4",500,4,56
"gamlss.longitudinal","nu","x2",0.00837824813524755,0.102489980334158,-0.08,FALSE,"n500_d4",500,4,56
"gamlss.longitudinal","nu","t",0.15807223989966,0.105902607640456,0.12,FALSE,"n500_d4",500,4,56
"gamlss.longitudinal","tau","intercept",0.379209867288521,0.0825553204440228,0.5,TRUE,"n500_d4",500,4,56
"gamlss.longitudinal","tau","x1",-0.0803144071586361,0.0490535783861028,-0.08,FALSE,"n500_d4",500,4,56
"gamlss.longitudinal","tau","x2",0.180128166709072,0.101849940686479,0.1,FALSE,"n500_d4",500,4,56
"gamlss.longitudinal","tau","t",0.228064635469593,0.107207010700781,0.11,FALSE,"n500_d4",500,4,56
"gamlss.longitudinal","theta","intercept",0.984315535006461,0.0600815529931662,1.03892281154573,TRUE,"n500_d4",500,4,56
"gamlss.longitudinal","theta","x1",0.236730149567204,0.034029863585123,0.25,FALSE,"n500_d4",500,4,56
"gamlss.longitudinal","theta","x2",0.0300764051083903,0.0698984584362156,-0.1,FALSE,"n500_d4",500,4,56
"gamlss.longitudinal","theta","t",0.128240829344631,0.102858246009804,0.2,FALSE,"n500_d4",500,4,56
"gamlss.longitudinal","zeta","intercept",1.06205278003513,0.612075931406805,0.5,TRUE,"n500_d4",500,4,56
"gamlss.longitudinal","zeta","x1",0.354908680281784,0.320685366382626,0.12,FALSE,"n500_d4",500,4,56
"gamlss.longitudinal","zeta","x2",0.625163066074524,0.641997398732232,-0.1,FALSE,"n500_d4",500,4,56
"gamlss.longitudinal","zeta","t",-1.5581028727645,1.12352069766997,0.1,FALSE,"n500_d4",500,4,56
"gamlss2","mu","intercept",0.808597998869337,0.0131187967553632,0.802111996039376,FALSE,"n500_d4",500,4,56
"gamlss2","mu","x1",0.116816845897383,0.00733392881964794,0.12,FALSE,"n500_d4",500,4,56
"gamlss2","mu","x2",-0.122923455694616,0.0155540720767592,-0.1,FALSE,"n500_d4",500,4,56
"gamlss2","mu","t",0.178949768466235,0.0199012602726557,0.18,FALSE,"n500_d4",500,4,56
"gamlss2","sigma","intercept",-1.29202424674718,0.0339081720915636,-1.20244510017289,FALSE,"n500_d4",500,4,56
"gamlss2","sigma","x1",0.173817416882513,0.0168380603666497,0.18,FALSE,"n500_d4",500,4,56
"gamlss2","sigma","x2",0.218728592588486,0.0339587351130805,0.12,FALSE,"n500_d4",500,4,56
"gamlss2","sigma","t",0.197385679210957,0.0428480673814128,0.15,FALSE,"n500_d4",500,4,56
"gamlss2","nu","intercept",0.0706701423947603,0.115325786717849,0,FALSE,"n500_d4",500,4,56
"gamlss2","nu","x1",0.0487829214392355,0.049017390907968,0.1,FALSE,"n500_d4",500,4,56
"gamlss2","nu","x2",-0.253463015660925,0.107821587292171,-0.08,FALSE,"n500_d4",500,4,56
"gamlss2","nu","t",0.215675215286613,0.13007014241566,0.12,FALSE,"n500_d4",500,4,56
"gamlss2","tau","intercept",0.354202377193661,0.0930517075953037,0.5,FALSE,"n500_d4",500,4,56
"gamlss2","tau","x1",-0.00585634281925395,0.0540796526925797,-0.08,FALSE,"n500_d4",500,4,56
"gamlss2","tau","x2",0.287473631690268,0.10369673341622,0.1,FALSE,"n500_d4",500,4,56
"gamlss2","tau","t",0.331302237072681,0.128780425023672,0.11,FALSE,"n500_d4",500,4,56
"gamlss2","theta","intercept",NA,NA,NA,FALSE,"n500_d4",500,4,56
"gamlss2","theta","x1",NA,NA,NA,FALSE,"n500_d4",500,4,56
"gamlss2","theta","x2",NA,NA,NA,FALSE,"n500_d4",500,4,56
"gamlss2","theta","t",NA,NA,NA,FALSE,"n500_d4",500,4,56
"gamlss2","zeta","intercept",NA,NA,NA,FALSE,"n500_d4",500,4,56
"gamlss2","zeta","x1",NA,NA,NA,FALSE,"n500_d4",500,4,56
"gamlss2","zeta","x2",NA,NA,NA,FALSE,"n500_d4",500,4,56
"gamlss2","zeta","t",NA,NA,NA,FALSE,"n500_d4",500,4,56
"gamlss.longitudinal","mu","intercept",0.772133549454845,0.0146931718941655,0.799486747626913,TRUE,"n500_d4",500,4,57
"gamlss.longitudinal","mu","x1",0.108997205849823,0.0096309024701123,0.12,FALSE,"n500_d4",500,4,57
"gamlss.longitudinal","mu","x2",-0.0598749086577052,0.0225273642182976,-0.1,FALSE,"n500_d4",500,4,57
"gamlss.longitudinal","mu","t",0.146529645232335,0.0126993151341805,0.18,FALSE,"n500_d4",500,4,57
"gamlss.longitudinal","sigma","intercept",-1.27129453567509,0.0435969681290137,-1.21708337815914,TRUE,"n500_d4",500,4,57
"gamlss.longitudinal","sigma","x1",0.193004301118802,0.0264057080896283,0.18,FALSE,"n500_d4",500,4,57
"gamlss.longitudinal","sigma","x2",0.218233090567711,0.0524803827638587,0.12,FALSE,"n500_d4",500,4,57
"gamlss.longitudinal","sigma","t",0.143762544843554,0.0324671368203867,0.15,FALSE,"n500_d4",500,4,57
"gamlss.longitudinal","nu","intercept",0.00656202702236699,0.0984913577666859,0,TRUE,"n500_d4",500,4,57
"gamlss.longitudinal","nu","x1",0.208044050390378,0.051417961500145,0.1,FALSE,"n500_d4",500,4,57
"gamlss.longitudinal","nu","x2",-0.0619882044738833,0.104246631498177,-0.08,FALSE,"n500_d4",500,4,57
"gamlss.longitudinal","nu","t",-0.0692308457964552,0.0913277655716431,0.12,FALSE,"n500_d4",500,4,57
"gamlss.longitudinal","tau","intercept",0.447692495617719,0.0874319071399825,0.5,TRUE,"n500_d4",500,4,57
"gamlss.longitudinal","tau","x1",-0.0566524362999522,0.0529556463033719,-0.08,FALSE,"n500_d4",500,4,57
"gamlss.longitudinal","tau","x2",0.177616699421711,0.10553326777761,0.1,FALSE,"n500_d4",500,4,57
"gamlss.longitudinal","tau","t",0.12114407084201,0.104948879016057,0.11,FALSE,"n500_d4",500,4,57
"gamlss.longitudinal","theta","intercept",1.1549028551339,0.0619080291775489,1.04884556799022,TRUE,"n500_d4",500,4,57
"gamlss.longitudinal","theta","x1",0.239535053187724,0.0360998829136383,0.25,FALSE,"n500_d4",500,4,57
"gamlss.longitudinal","theta","x2",-0.0764453263174287,0.0730662244931905,-0.1,FALSE,"n500_d4",500,4,57
"gamlss.longitudinal","theta","t",-0.090121350316563,0.112713245979868,0.2,FALSE,"n500_d4",500,4,57
"gamlss.longitudinal","zeta","intercept",0.866450166272897,0.593375740439257,0.5,TRUE,"n500_d4",500,4,57
"gamlss.longitudinal","zeta","x1",-0.239029316381693,0.447630520738554,0.12,FALSE,"n500_d4",500,4,57
"gamlss.longitudinal","zeta","x2",-0.424304132140479,0.781658404896351,-0.1,FALSE,"n500_d4",500,4,57
"gamlss.longitudinal","zeta","t",-2.15035204605554,1.59553126673673,0.1,FALSE,"n500_d4",500,4,57
"gamlss2","mu","intercept",0.773665204630462,0.0127873223973552,0.799486747626913,FALSE,"n500_d4",500,4,57
"gamlss2","mu","x1",0.112606250094198,0.00660549287456889,0.12,FALSE,"n500_d4",500,4,57
"gamlss2","mu","x2",-0.069897780560349,0.0147533326171962,-0.1,FALSE,"n500_d4",500,4,57
"gamlss2","mu","t",0.140919791510213,0.0184915713300216,0.18,FALSE,"n500_d4",500,4,57
"gamlss2","sigma","intercept",-1.26924811400729,0.0347902417467073,-1.21708337815914,FALSE,"n500_d4",500,4,57
"gamlss2","sigma","x1",0.196448827604308,0.0168893418839851,0.18,FALSE,"n500_d4",500,4,57
"gamlss2","sigma","x2",0.21212681451373,0.0346608213060846,0.12,FALSE,"n500_d4",500,4,57
"gamlss2","sigma","t",0.136380548938433,0.0441784139920115,0.15,FALSE,"n500_d4",500,4,57
"gamlss2","nu","intercept",-0.00664583978799188,0.118519460144424,0,FALSE,"n500_d4",500,4,57
"gamlss2","nu","x1",0.159705695939142,0.0551820244792155,0.1,FALSE,"n500_d4",500,4,57
"gamlss2","nu","x2",-0.0150193041683213,0.106292714491676,-0.08,FALSE,"n500_d4",500,4,57
"gamlss2","nu","t",-0.200436513585064,0.135139938675604,0.12,FALSE,"n500_d4",500,4,57
"gamlss2","tau","intercept",0.48796410279989,0.107966036579627,0.5,FALSE,"n500_d4",500,4,57
"gamlss2","tau","x1",-0.0571157765365682,0.0548620697245957,-0.08,FALSE,"n500_d4",500,4,57
"gamlss2","tau","x2",0.18112495150235,0.109251769766753,0.1,FALSE,"n500_d4",500,4,57
"gamlss2","tau","t",0.185332585857581,0.140200143016522,0.11,FALSE,"n500_d4",500,4,57
"gamlss2","theta","intercept",NA,NA,NA,FALSE,"n500_d4",500,4,57
"gamlss2","theta","x1",NA,NA,NA,FALSE,"n500_d4",500,4,57
"gamlss2","theta","x2",NA,NA,NA,FALSE,"n500_d4",500,4,57
"gamlss2","theta","t",NA,NA,NA,FALSE,"n500_d4",500,4,57
"gamlss2","zeta","intercept",NA,NA,NA,FALSE,"n500_d4",500,4,57
"gamlss2","zeta","x1",NA,NA,NA,FALSE,"n500_d4",500,4,57
"gamlss2","zeta","x2",NA,NA,NA,FALSE,"n500_d4",500,4,57
"gamlss2","zeta","t",NA,NA,NA,FALSE,"n500_d4",500,4,57
"gamlss.longitudinal","mu","intercept",0.768042267746022,0.0177862996997566,0.7677414897966,TRUE,"n500_d4",500,4,58
"gamlss.longitudinal","mu","x1",0.107485920246645,0.0122706259975394,0.12,FALSE,"n500_d4",500,4,58
"gamlss.longitudinal","mu","x2",-0.12386899353383,0.0242465494487365,-0.1,FALSE,"n500_d4",500,4,58
"gamlss.longitudinal","mu","t",0.157892495338834,0.0150019941622387,0.18,FALSE,"n500_d4",500,4,58
"gamlss.longitudinal","sigma","intercept",-1.14568300342891,0.0411644384229626,-1.19622701606998,TRUE,"n500_d4",500,4,58
"gamlss.longitudinal","sigma","x1",0.152148016240843,0.0253996323540222,0.18,FALSE,"n500_d4",500,4,58
"gamlss.longitudinal","sigma","x2",0.0539284448858142,0.0489726002823828,0.12,FALSE,"n500_d4",500,4,58
"gamlss.longitudinal","sigma","t",0.126847642635246,0.0334919045591984,0.15,FALSE,"n500_d4",500,4,58
"gamlss.longitudinal","nu","intercept",0.11429196437071,0.0913735395975448,0,TRUE,"n500_d4",500,4,58
"gamlss.longitudinal","nu","x1",0.0572705465851297,0.0518276439293603,0.1,FALSE,"n500_d4",500,4,58
"gamlss.longitudinal","nu","x2",-0.130517641799082,0.0960676992505779,-0.08,FALSE,"n500_d4",500,4,58
"gamlss.longitudinal","nu","t",-0.0547587103064704,0.101558958867294,0.12,FALSE,"n500_d4",500,4,58
"gamlss.longitudinal","tau","intercept",0.571602916805718,0.0884996723200012,0.5,TRUE,"n500_d4",500,4,58
"gamlss.longitudinal","tau","x1",-0.0948164141473902,0.0567467867908626,-0.08,FALSE,"n500_d4",500,4,58
"gamlss.longitudinal","tau","x2",0.236251363208752,0.108903250343161,0.1,FALSE,"n500_d4",500,4,58
"gamlss.longitudinal","tau","t",0.0631814554360992,0.117944174356936,0.11,FALSE,"n500_d4",500,4,58
"gamlss.longitudinal","theta","intercept",1.05584727499215,0.0624958218580218,1.0279352163742,TRUE,"n500_d4",500,4,58
"gamlss.longitudinal","theta","x1",0.230840456872713,0.034250281078369,0.25,FALSE,"n500_d4",500,4,58
"gamlss.longitudinal","theta","x2",-0.116611668246231,0.0713881930171404,-0.1,FALSE,"n500_d4",500,4,58
"gamlss.longitudinal","theta","t",0.102667427998064,0.108546508919869,0.2,FALSE,"n500_d4",500,4,58
"gamlss.longitudinal","zeta","intercept",0.337524638629516,0.659174853337444,0.5,TRUE,"n500_d4",500,4,58
"gamlss.longitudinal","zeta","x1",0.397526413897847,0.435740628583986,0.12,FALSE,"n500_d4",500,4,58
"gamlss.longitudinal","zeta","x2",0.0446081789863104,0.66394398558451,-0.1,FALSE,"n500_d4",500,4,58
"gamlss.longitudinal","zeta","t",0.0714647645349749,1.09911367401591,0.1,FALSE,"n500_d4",500,4,58
"gamlss2","mu","intercept",0.771396924169564,0.0146565004161466,0.7677414897966,FALSE,"n500_d4",500,4,58
"gamlss2","mu","x1",0.1106640302713,0.00790856223418015,0.12,FALSE,"n500_d4",500,4,58
"gamlss2","mu","x2",-0.1185133604533,0.0156814979306858,-0.1,FALSE,"n500_d4",500,4,58
"gamlss2","mu","t",0.152468766450885,0.0206795325016902,0.18,FALSE,"n500_d4",500,4,58
"gamlss2","sigma","intercept",-1.1431848502534,0.03116164953646,-1.19622701606998,FALSE,"n500_d4",500,4,58
"gamlss2","sigma","x1",0.151791242386716,0.0160684764559044,0.18,FALSE,"n500_d4",500,4,58
"gamlss2","sigma","x2",0.041846970132815,0.0317918006216294,0.12,FALSE,"n500_d4",500,4,58
"gamlss2","sigma","t",0.128096151773603,0.0411698957234004,0.15,FALSE,"n500_d4",500,4,58
"gamlss2","nu","intercept",0.0585624591668369,0.101659687557305,0,FALSE,"n500_d4",500,4,58
"gamlss2","nu","x1",0.0162171541504134,0.0565840736765239,0.1,FALSE,"n500_d4",500,4,58
"gamlss2","nu","x2",0.059800498277379,0.098395864328108,-0.08,FALSE,"n500_d4",500,4,58
"gamlss2","nu","t",-0.0517590743237565,0.127633713726989,0.12,FALSE,"n500_d4",500,4,58
"gamlss2","tau","intercept",0.589219075410984,0.0981253365659627,0.5,FALSE,"n500_d4",500,4,58
"gamlss2","tau","x1",-0.066252622110094,0.0571360890538099,-0.08,FALSE,"n500_d4",500,4,58
"gamlss2","tau","x2",0.226555771054934,0.108605993181006,0.1,FALSE,"n500_d4",500,4,58
"gamlss2","tau","t",0.15770227583299,0.140421024062873,0.11,FALSE,"n500_d4",500,4,58
"gamlss2","theta","intercept",NA,NA,NA,FALSE,"n500_d4",500,4,58
"gamlss2","theta","x1",NA,NA,NA,FALSE,"n500_d4",500,4,58
"gamlss2","theta","x2",NA,NA,NA,FALSE,"n500_d4",500,4,58
"gamlss2","theta","t",NA,NA,NA,FALSE,"n500_d4",500,4,58
"gamlss2","zeta","intercept",NA,NA,NA,FALSE,"n500_d4",500,4,58
"gamlss2","zeta","x1",NA,NA,NA,FALSE,"n500_d4",500,4,58
"gamlss2","zeta","x2",NA,NA,NA,FALSE,"n500_d4",500,4,58
"gamlss2","zeta","t",NA,NA,NA,FALSE,"n500_d4",500,4,58
"gamlss.longitudinal","mu","intercept",0.841772169607002,0.0175974603815317,0.81914227601759,TRUE,"n500_d4",500,4,59
"gamlss.longitudinal","mu","x1",0.128896822969515,0.0113588113883882,0.12,FALSE,"n500_d4",500,4,59
"gamlss.longitudinal","mu","x2",-0.141213415287046,0.0228754668994943,-0.1,FALSE,"n500_d4",500,4,59
"gamlss.longitudinal","mu","t",0.167937712462452,0.0140055130057411,0.18,FALSE,"n500_d4",500,4,59
"gamlss.longitudinal","sigma","intercept",-1.15423226715593,0.0464014865156591,-1.2127098124181,TRUE,"n500_d4",500,4,59
"gamlss.longitudinal","sigma","x1",0.200823182138896,0.028494939927195,0.18,FALSE,"n500_d4",500,4,59
"gamlss.longitudinal","sigma","x2",0.0906439587256832,0.0522488934499397,0.12,FALSE,"n500_d4",500,4,59
"gamlss.longitudinal","sigma","t",0.114570306183528,0.0333796521934862,0.15,FALSE,"n500_d4",500,4,59
"gamlss.longitudinal","nu","intercept",-0.0673227241921977,0.0925507558202186,0,TRUE,"n500_d4",500,4,59
"gamlss.longitudinal","nu","x1",0.123233854433234,0.047872066849782,0.1,FALSE,"n500_d4",500,4,59
"gamlss.longitudinal","nu","x2",-0.0812567225797889,0.0960350236864341,-0.08,FALSE,"n500_d4",500,4,59
"gamlss.longitudinal","nu","t",0.204449538026197,0.0877055919573436,0.12,FALSE,"n500_d4",500,4,59
"gamlss.longitudinal","tau","intercept",0.315647999819492,0.0920341041610073,0.5,TRUE,"n500_d4",500,4,59
"gamlss.longitudinal","tau","x1",0.0271398970917247,0.0628195647781798,-0.08,FALSE,"n500_d4",500,4,59
"gamlss.longitudinal","tau","x2",0.114916183912274,0.105633579428691,0.1,FALSE,"n500_d4",500,4,59
"gamlss.longitudinal","tau","t",0.407357469726035,0.11157219367344,0.11,FALSE,"n500_d4",500,4,59
"gamlss.longitudinal","theta","intercept",1.10478195012662,0.0650593228235498,1.04751173022341,TRUE,"n500_d4",500,4,59
"gamlss.longitudinal","theta","x1",0.265091293418643,0.0396437614148333,0.25,FALSE,"n500_d4",500,4,59
"gamlss.longitudinal","theta","x2",-0.0923863086585255,0.0729578288655445,-0.1,FALSE,"n500_d4",500,4,59
"gamlss.longitudinal","theta","t",0.0469336934111269,0.111988208921854,0.2,FALSE,"n500_d4",500,4,59
"gamlss.longitudinal","zeta","intercept",0.276246335415794,0.654253360003082,0.5,TRUE,"n500_d4",500,4,59
"gamlss.longitudinal","zeta","x1",0.0216120028732442,0.496103672281687,0.12,FALSE,"n500_d4",500,4,59
"gamlss.longitudinal","zeta","x2",0.292134480736567,0.740268459374211,-0.1,FALSE,"n500_d4",500,4,59
"gamlss.longitudinal","zeta","t",-0.557296726613198,1.19990594018161,0.1,FALSE,"n500_d4",500,4,59
"gamlss2","mu","intercept",0.837119539695786,0.0135205170060847,0.81914227601759,FALSE,"n500_d4",500,4,59
"gamlss2","mu","x1",0.12958859159639,0.0073479949057134,0.12,FALSE,"n500_d4",500,4,59
"gamlss2","mu","x2",-0.133379780831308,0.0147225588240573,-0.1,FALSE,"n500_d4",500,4,59
"gamlss2","mu","t",0.176056575902485,0.019449489424533,0.18,FALSE,"n500_d4",500,4,59
"gamlss2","sigma","intercept",-1.16619018994041,0.0358078154751042,-1.2127098124181,FALSE,"n500_d4",500,4,59
"gamlss2","sigma","x1",0.201288919470861,0.0170946179988898,0.18,FALSE,"n500_d4",500,4,59
"gamlss2","sigma","x2",0.089940248027427,0.03336656810855,0.12,FALSE,"n500_d4",500,4,59
"gamlss2","sigma","t",0.115574285069649,0.0447968180596067,0.15,FALSE,"n500_d4",500,4,59
"gamlss2","nu","intercept",-0.176726402240891,0.105512636447267,0,FALSE,"n500_d4",500,4,59
"gamlss2","nu","x1",0.0246802314229541,0.0496348837680296,0.1,FALSE,"n500_d4",500,4,59
"gamlss2","nu","x2",0.173080440505753,0.0970428697345114,-0.08,FALSE,"n500_d4",500,4,59
"gamlss2","nu","t",0.214146626478555,0.130983720552194,0.12,FALSE,"n500_d4",500,4,59
"gamlss2","tau","intercept",0.31648333935599,0.0972913994370431,0.5,FALSE,"n500_d4",500,4,59
"gamlss2","tau","x1",0.0263017089537392,0.0605356082739745,-0.08,FALSE,"n500_d4",500,4,59
"gamlss2","tau","x2",0.21130704569104,0.105999951408976,0.1,FALSE,"n500_d4",500,4,59
"gamlss2","tau","t",0.431906426915291,0.14208273769286,0.11,FALSE,"n500_d4",500,4,59
"gamlss2","theta","intercept",NA,NA,NA,FALSE,"n500_d4",500,4,59
"gamlss2","theta","x1",NA,NA,NA,FALSE,"n500_d4",500,4,59
"gamlss2","theta","x2",NA,NA,NA,FALSE,"n500_d4",500,4,59
"gamlss2","theta","t",NA,NA,NA,FALSE,"n500_d4",500,4,59
"gamlss2","zeta","intercept",NA,NA,NA,FALSE,"n500_d4",500,4,59
"gamlss2","zeta","x1",NA,NA,NA,FALSE,"n500_d4",500,4,59
"gamlss2","zeta","x2",NA,NA,NA,FALSE,"n500_d4",500,4,59
"gamlss2","zeta","t",NA,NA,NA,FALSE,"n500_d4",500,4,59
"gamlss.longitudinal","mu","intercept",0.769181208650435,0.0180559872992639,0.797209209261992,TRUE,"n500_d4",500,4,60
"gamlss.longitudinal","mu","x1",0.118794691813307,0.0116920006734751,0.12,FALSE,"n500_d4",500,4,60
"gamlss.longitudinal","mu","x2",-0.0852318079208011,0.0222015106829085,-0.1,FALSE,"n500_d4",500,4,60
"gamlss.longitudinal","mu","t",0.17288504246067,0.0137797779486242,0.18,FALSE,"n500_d4",500,4,60
"gamlss.longitudinal","sigma","intercept",-1.22112590087487,0.0467902696606363,-1.22290272677738,TRUE,"n500_d4",500,4,60
"gamlss.longitudinal","sigma","x1",0.200367777248583,0.0250753378540936,0.18,FALSE,"n500_d4",500,4,60
"gamlss.longitudinal","sigma","x2",0.107064374305538,0.0528220507573075,0.12,FALSE,"n500_d4",500,4,60
"gamlss.longitudinal","sigma","t",0.170230180058226,0.0323644485961783,0.15,FALSE,"n500_d4",500,4,60
"gamlss.longitudinal","nu","intercept",0.124021891593173,0.099824396518509,0,TRUE,"n500_d4",500,4,60
"gamlss.longitudinal","nu","x1",0.115491078912053,0.0471985021904082,0.1,FALSE,"n500_d4",500,4,60
"gamlss.longitudinal","nu","x2",-0.0784273603076251,0.109227839384015,-0.08,FALSE,"n500_d4",500,4,60
"gamlss.longitudinal","nu","t",0.0291277565097437,0.103010978888355,0.12,FALSE,"n500_d4",500,4,60
"gamlss.longitudinal","tau","intercept",0.38781623557707,0.0936748762589177,0.5,TRUE,"n500_d4",500,4,60
"gamlss.longitudinal","tau","x1",-0.162766485763932,0.0542776595550089,-0.08,FALSE,"n500_d4",500,4,60
"gamlss.longitudinal","tau","x2",0.298560859389213,0.111237717497411,0.1,FALSE,"n500_d4",500,4,60
"gamlss.longitudinal","tau","t",0.130004915056706,0.117922379105308,0.11,FALSE,"n500_d4",500,4,60
"gamlss.longitudinal","theta","intercept",0.944039837071804,0.0663438061948882,1.0526190500396,TRUE,"n500_d4",500,4,60
"gamlss.longitudinal","theta","x1",0.256972890472865,0.0352645394108547,0.25,FALSE,"n500_d4",500,4,60
"gamlss.longitudinal","theta","x2",0.0114838652588661,0.0727417057936958,-0.1,FALSE,"n500_d4",500,4,60
"gamlss.longitudinal","theta","t",0.336016148721072,0.115478672461937,0.2,FALSE,"n500_d4",500,4,60
"gamlss.longitudinal","zeta","intercept",-0.579106104607028,0.926684159210473,0.5,TRUE,"n500_d4",500,4,60
"gamlss.longitudinal","zeta","x1",-0.406968209253096,0.414986814421301,0.12,FALSE,"n500_d4",500,4,60
"gamlss.longitudinal","zeta","x2",0.947437896737771,1.05949054996919,-0.1,FALSE,"n500_d4",500,4,60
"gamlss.longitudinal","zeta","t",-0.874454942799232,1.68114623702367,0.1,FALSE,"n500_d4",500,4,60
"gamlss2","mu","intercept",0.768589720526971,0.0135776914311101,0.797209209261992,FALSE,"n500_d4",500,4,60
"gamlss2","mu","x1",0.11689313090393,0.00713159567760575,0.12,FALSE,"n500_d4",500,4,60
"gamlss2","mu","x2",-0.0853106736522077,0.0147930267191509,-0.1,FALSE,"n500_d4",500,4,60
"gamlss2","mu","t",0.177239616195833,0.0190821322689362,0.18,FALSE,"n500_d4",500,4,60
"gamlss2","sigma","intercept",-1.25435845635734,0.034651016271461,-1.22290272677738,FALSE,"n500_d4",500,4,60
"gamlss2","sigma","x1",0.20192272035397,0.0160877227480906,0.18,FALSE,"n500_d4",500,4,60
"gamlss2","sigma","x2",0.140942799658236,0.0347709748762689,0.12,FALSE,"n500_d4",500,4,60
"gamlss2","sigma","t",0.185198335413743,0.0418478126915748,0.15,FALSE,"n500_d4",500,4,60
"gamlss2","nu","intercept",0.237766602091247,0.11784510188693,0,FALSE,"n500_d4",500,4,60
"gamlss2","nu","x1",0.0386153473895316,0.0473566380087879,0.1,FALSE,"n500_d4",500,4,60
"gamlss2","nu","x2",-0.120630043590639,0.114429326777984,-0.08,FALSE,"n500_d4",500,4,60
"gamlss2","nu","t",-0.0542721328600539,0.138829195252287,0.12,FALSE,"n500_d4",500,4,60
"gamlss2","tau","intercept",0.501225686670069,0.109923200320712,0.5,FALSE,"n500_d4",500,4,60
"gamlss2","tau","x1",-0.144335352969041,0.0582074842196809,-0.08,FALSE,"n500_d4",500,4,60
"gamlss2","tau","x2",0.391204346205911,0.118964400074225,0.1,FALSE,"n500_d4",500,4,60
"gamlss2","tau","t",0.0506589385470715,0.150666275785807,0.11,FALSE,"n500_d4",500,4,60
"gamlss2","theta","intercept",NA,NA,NA,FALSE,"n500_d4",500,4,60
"gamlss2","theta","x1",NA,NA,NA,FALSE,"n500_d4",500,4,60
"gamlss2","theta","x2",NA,NA,NA,FALSE,"n500_d4",500,4,60
"gamlss2","theta","t",NA,NA,NA,FALSE,"n500_d4",500,4,60
"gamlss2","zeta","intercept",NA,NA,NA,FALSE,"n500_d4",500,4,60
"gamlss2","zeta","x1",NA,NA,NA,FALSE,"n500_d4",500,4,60
"gamlss2","zeta","x2",NA,NA,NA,FALSE,"n500_d4",500,4,60
"gamlss2","zeta","t",NA,NA,NA,FALSE,"n500_d4",500,4,60
"gamlss.longitudinal","mu","intercept",0.771972987107518,0.017277083070992,0.791938496970799,TRUE,"n500_d4",500,4,61
"gamlss.longitudinal","mu","x1",0.123496421766602,0.0106386516277198,0.12,FALSE,"n500_d4",500,4,61
"gamlss.longitudinal","mu","x2",-0.10155731827563,0.0218579886438809,-0.1,FALSE,"n500_d4",500,4,61
"gamlss.longitudinal","mu","t",0.187156492419495,0.0140553973025149,0.18,FALSE,"n500_d4",500,4,61
"gamlss.longitudinal","sigma","intercept",-1.20610857254549,0.0403771916438407,-1.21580744812281,TRUE,"n500_d4",500,4,61
"gamlss.longitudinal","sigma","x1",0.182890072700834,0.0247045123495087,0.18,FALSE,"n500_d4",500,4,61
"gamlss.longitudinal","sigma","x2",0.0279990489923704,0.0502151420232776,0.12,FALSE,"n500_d4",500,4,61
"gamlss.longitudinal","sigma","t",0.188994968078181,0.0335201214306428,0.15,FALSE,"n500_d4",500,4,61
"gamlss.longitudinal","nu","intercept",-0.0460204970864269,0.0905118013804964,0,TRUE,"n500_d4",500,4,61
"gamlss.longitudinal","nu","x1",0.0974253240752196,0.054119905673997,0.1,FALSE,"n500_d4",500,4,61
"gamlss.longitudinal","nu","x2",0.0526768079766572,0.103100908402044,-0.08,FALSE,"n500_d4",500,4,61
"gamlss.longitudinal","nu","t",0.0264228877358198,0.0989908295333764,0.12,FALSE,"n500_d4",500,4,61
"gamlss.longitudinal","tau","intercept",0.64641285878018,0.0941844637827696,0.5,TRUE,"n500_d4",500,4,61
"gamlss.longitudinal","tau","x1",-0.0875144398203448,0.0520457133329687,-0.08,FALSE,"n500_d4",500,4,61
"gamlss.longitudinal","tau","x2",-0.0608246019347452,0.108960705930436,0.1,FALSE,"n500_d4",500,4,61
"gamlss.longitudinal","tau","t",0.0300318129695452,0.110101123162264,0.11,FALSE,"n500_d4",500,4,61
"gamlss.longitudinal","theta","intercept",1.0566036767183,0.0639396040648197,1.04654200755335,TRUE,"n500_d4",500,4,61
"gamlss.longitudinal","theta","x1",0.260293743771195,0.0340276588500101,0.25,FALSE,"n500_d4",500,4,61
"gamlss.longitudinal","theta","x2",-0.116383691284042,0.0719059872409645,-0.1,FALSE,"n500_d4",500,4,61
"gamlss.longitudinal","theta","t",0.151684988434072,0.110731877631284,0.2,FALSE,"n500_d4",500,4,61
"gamlss.longitudinal","zeta","intercept",0.524738690272554,0.683289073075697,0.5,TRUE,"n500_d4",500,4,61
"gamlss.longitudinal","zeta","x1",0.00758570857914054,0.326341573880567,0.12,FALSE,"n500_d4",500,4,61
"gamlss.longitudinal","zeta","x2",0.825310676876067,0.840571933976181,-0.1,FALSE,"n500_d4",500,4,61
"gamlss.longitudinal","zeta","t",-1.92482980466661,1.37624040097597,0.1,FALSE,"n500_d4",500,4,61
"gamlss2","mu","intercept",0.770015131105272,0.0140917715015393,0.791938496970799,FALSE,"n500_d4",500,4,61
"gamlss2","mu","x1",0.126389832795434,0.00719703241061719,0.12,FALSE,"n500_d4",500,4,61
"gamlss2","mu","x2",-0.101044747301666,0.0147325991003528,-0.1,FALSE,"n500_d4",500,4,61
"gamlss2","mu","t",0.190820960005849,0.0192369931923836,0.18,FALSE,"n500_d4",500,4,61
"gamlss2","sigma","intercept",-1.2080652315934,0.0317818519145962,-1.21580744812281,FALSE,"n500_d4",500,4,61
"gamlss2","sigma","x1",0.190040820598736,0.0167097907404157,0.18,FALSE,"n500_d4",500,4,61
"gamlss2","sigma","x2",0.023445897564573,0.0325940452351847,0.12,FALSE,"n500_d4",500,4,61
"gamlss2","sigma","t",0.182485323954813,0.0423437692719949,0.15,FALSE,"n500_d4",500,4,61
"gamlss2","nu","intercept",-0.162344856544535,0.108534016958738,0,FALSE,"n500_d4",500,4,61
"gamlss2","nu","x1",0.144454652486786,0.0582584508946058,0.1,FALSE,"n500_d4",500,4,61
"gamlss2","nu","x2",0.0602256862825544,0.105952628953628,-0.08,FALSE,"n500_d4",500,4,61
"gamlss2","nu","t",0.159509325113661,0.140120985833695,0.12,FALSE,"n500_d4",500,4,61
"gamlss2","tau","intercept",0.642246859315983,0.102574768517479,0.5,FALSE,"n500_d4",500,4,61
"gamlss2","tau","x1",-0.119797389742605,0.0531741634010556,-0.08,FALSE,"n500_d4",500,4,61
"gamlss2","tau","x2",0.037355587232397,0.11061223892888,0.1,FALSE,"n500_d4",500,4,61
"gamlss2","tau","t",0.0463054923966178,0.13778235703987,0.11,FALSE,"n500_d4",500,4,61
"gamlss2","theta","intercept",NA,NA,NA,FALSE,"n500_d4",500,4,61
"gamlss2","theta","x1",NA,NA,NA,FALSE,"n500_d4",500,4,61
"gamlss2","theta","x2",NA,NA,NA,FALSE,"n500_d4",500,4,61
"gamlss2","theta","t",NA,NA,NA,FALSE,"n500_d4",500,4,61
"gamlss2","zeta","intercept",NA,NA,NA,FALSE,"n500_d4",500,4,61
"gamlss2","zeta","x1",NA,NA,NA,FALSE,"n500_d4",500,4,61
"gamlss2","zeta","x2",NA,NA,NA,FALSE,"n500_d4",500,4,61
"gamlss2","zeta","t",NA,NA,NA,FALSE,"n500_d4",500,4,61
"gamlss.longitudinal","mu","intercept",0.766659250825082,0.0175736455393042,0.790879195322179,TRUE,"n500_d4",500,4,62
"gamlss.longitudinal","mu","x1",0.127030906392503,0.0113127880394594,0.12,FALSE,"n500_d4",500,4,62
"gamlss.longitudinal","mu","x2",-0.081947613837392,0.0238459936161655,-0.1,FALSE,"n500_d4",500,4,62
"gamlss.longitudinal","mu","t",0.187341348275056,0.0145158137233634,0.18,FALSE,"n500_d4",500,4,62
"gamlss.longitudinal","sigma","intercept",-1.19269081504323,0.04232806760712,-1.22151752904981,TRUE,"n500_d4",500,4,62
"gamlss.longitudinal","sigma","x1",0.141900651766266,0.0278057784424237,0.18,FALSE,"n500_d4",500,4,62
"gamlss.longitudinal","sigma","x2",0.0308341554945274,0.0539475515814711,0.12,FALSE,"n500_d4",500,4,62
"gamlss.longitudinal","sigma","t",0.15186417117381,0.0341221096297169,0.15,FALSE,"n500_d4",500,4,62
"gamlss.longitudinal","nu","intercept",0.180531103340757,0.094082655020311,0,TRUE,"n500_d4",500,4,62
"gamlss.longitudinal","nu","x1",0.145140976456837,0.0588797871910222,0.1,FALSE,"n500_d4",500,4,62
"gamlss.longitudinal","nu","x2",-0.111891697082258,0.109925860940716,-0.08,FALSE,"n500_d4",500,4,62
"gamlss.longitudinal","nu","t",0.0686474826730688,0.103914895188923,0.12,FALSE,"n500_d4",500,4,62
"gamlss.longitudinal","tau","intercept",0.529905941293718,0.088874804944903,0.5,TRUE,"n500_d4",500,4,62
"gamlss.longitudinal","tau","x1",-0.0115581078682689,0.0634089346797005,-0.08,FALSE,"n500_d4",500,4,62
"gamlss.longitudinal","tau","x2",0.0729131727804658,0.113101317443223,0.1,FALSE,"n500_d4",500,4,62
"gamlss.longitudinal","tau","t",0.227908497336667,0.107594084256349,0.11,FALSE,"n500_d4",500,4,62
"gamlss.longitudinal","theta","intercept",1.09763387886081,0.0641946064761525,1.05027116488841,TRUE,"n500_d4",500,4,62
"gamlss.longitudinal","theta","x1",0.190866345298586,0.037061160309851,0.25,FALSE,"n500_d4",500,4,62
"gamlss.longitudinal","theta","x2",-0.205304411613254,0.0738263562709865,-0.1,FALSE,"n500_d4",500,4,62
"gamlss.longitudinal","theta","t",0.24041063668945,0.106373138288399,0.2,FALSE,"n500_d4",500,4,62
"gamlss.longitudinal","zeta","intercept",0.601905903660987,0.565825715867169,0.5,TRUE,"n500_d4",500,4,62
"gamlss.longitudinal","zeta","x1",0.307293518512904,0.433486025018612,0.12,FALSE,"n500_d4",500,4,62
"gamlss.longitudinal","zeta","x2",-0.773529649080702,0.693329469480603,-0.1,FALSE,"n500_d4",500,4,62
"gamlss.longitudinal","zeta","t",1.28638670809688,1.17376164830696,0.1,FALSE,"n500_d4",500,4,62
"gamlss2","mu","intercept",0.769554130983905,0.01359306425164,0.790879195322179,FALSE,"n500_d4",500,4,62
"gamlss2","mu","x1",0.127335934628068,0.0073055260678712,0.12,FALSE,"n500_d4",500,4,62
"gamlss2","mu","x2",-0.0865967796977089,0.0152759028879176,-0.1,FALSE,"n500_d4",500,4,62
"gamlss2","mu","t",0.19339458300632,0.0206918188406588,0.18,FALSE,"n500_d4",500,4,62
"gamlss2","sigma","intercept",-1.1749599997748,0.0367476934498644,-1.22151752904981,FALSE,"n500_d4",500,4,62
"gamlss2","sigma","x1",0.147277761034479,0.0199513590220778,0.18,FALSE,"n500_d4",500,4,62
"gamlss2","sigma","x2",0.00480176860973033,0.0377021885895687,0.12,FALSE,"n500_d4",500,4,62
"gamlss2","sigma","t",0.172446975318053,0.045464728860483,0.15,FALSE,"n500_d4",500,4,62
"gamlss2","nu","intercept",0.271491096873283,0.116801345976452,0,FALSE,"n500_d4",500,4,62
"gamlss2","nu","x1",0.0377644050249738,0.0639905405692478,0.1,FALSE,"n500_d4",500,4,62
"gamlss2","nu","x2",-0.0634679473394909,0.119393879539307,-0.08,FALSE,"n500_d4",500,4,62
"gamlss2","nu","t",-0.131071948707483,0.146309809471957,0.12,FALSE,"n500_d4",500,4,62
"gamlss2","tau","intercept",0.365702598597962,0.0967699378284284,0.5,FALSE,"n500_d4",500,4,62
"gamlss2","tau","x1",-0.0467469419981575,0.0656521089430114,-0.08,FALSE,"n500_d4",500,4,62
"gamlss2","tau","x2",0.150767517037087,0.110827016311883,0.1,FALSE,"n500_d4",500,4,62
"gamlss2","tau","t",0.244416676535919,0.126771897276657,0.11,FALSE,"n500_d4",500,4,62
"gamlss2","theta","intercept",NA,NA,NA,FALSE,"n500_d4",500,4,62
"gamlss2","theta","x1",NA,NA,NA,FALSE,"n500_d4",500,4,62
"gamlss2","theta","x2",NA,NA,NA,FALSE,"n500_d4",500,4,62
"gamlss2","theta","t",NA,NA,NA,FALSE,"n500_d4",500,4,62
"gamlss2","zeta","intercept",NA,NA,NA,FALSE,"n500_d4",500,4,62
"gamlss2","zeta","x1",NA,NA,NA,FALSE,"n500_d4",500,4,62
"gamlss2","zeta","x2",NA,NA,NA,FALSE,"n500_d4",500,4,62
"gamlss2","zeta","t",NA,NA,NA,FALSE,"n500_d4",500,4,62
"gamlss.longitudinal","mu","intercept",0.788406466338557,0.0170024209959511,0.792129556343052,TRUE,"n500_d4",500,4,63
"gamlss.longitudinal","mu","x1",0.117178108137362,0.0102876504150703,0.12,FALSE,"n500_d4",500,4,63
"gamlss.longitudinal","mu","x2",-0.119372449929977,0.0219566035639789,-0.1,FALSE,"n500_d4",500,4,63
"gamlss.longitudinal","mu","t",0.195751245526389,0.0138935710746107,0.18,FALSE,"n500_d4",500,4,63
"gamlss.longitudinal","sigma","intercept",-1.25795364823555,0.0469535123295103,-1.22428179457999,TRUE,"n500_d4",500,4,63
"gamlss.longitudinal","sigma","x1",0.188087468094609,0.0269877862074702,0.18,FALSE,"n500_d4",500,4,63
"gamlss.longitudinal","sigma","x2",0.158111910075071,0.0538192926130904,0.12,FALSE,"n500_d4",500,4,63
"gamlss.longitudinal","sigma","t",0.114249045906482,0.0361966819936282,0.15,FALSE,"n500_d4",500,4,63
"gamlss.longitudinal","nu","intercept",0.00548447999025232,0.102642062774849,0,TRUE,"n500_d4",500,4,63
"gamlss.longitudinal","nu","x1",0.108621752927722,0.0516711833112267,0.1,FALSE,"n500_d4",500,4,63
"gamlss.longitudinal","nu","x2",-0.0223536150832871,0.109321682297911,-0.08,FALSE,"n500_d4",500,4,63
"gamlss.longitudinal","nu","t",0.0024180929457068,0.108642197271063,0.12,FALSE,"n500_d4",500,4,63
"gamlss.longitudinal","tau","intercept",0.342660224385189,0.0893182186932757,0.5,TRUE,"n500_d4",500,4,63
"gamlss.longitudinal","tau","x1",0.031535389930376,0.0529811373998134,-0.08,FALSE,"n500_d4",500,4,63
"gamlss.longitudinal","tau","x2",0.120387506545867,0.105239762206114,0.1,FALSE,"n500_d4",500,4,63
"gamlss.longitudinal","tau","t",0.298863084016876,0.111881682930914,0.11,FALSE,"n500_d4",500,4,63
"gamlss.longitudinal","theta","intercept",1.04669751529779,0.0640184752354009,1.05030313747543,TRUE,"n500_d4",500,4,63
"gamlss.longitudinal","theta","x1",0.309034968847091,0.034654845699724,0.25,FALSE,"n500_d4",500,4,63
"gamlss.longitudinal","theta","x2",-0.104261282173982,0.070624497405755,-0.1,FALSE,"n500_d4",500,4,63
"gamlss.longitudinal","theta","t",0.259099881205046,0.10474723588892,0.2,FALSE,"n500_d4",500,4,63
"gamlss.longitudinal","zeta","intercept",0.859158959345141,0.671394886033234,0.5,TRUE,"n500_d4",500,4,63
"gamlss.longitudinal","zeta","x1",0.540448091916368,0.421132980592462,0.12,FALSE,"n500_d4",500,4,63
"gamlss.longitudinal","zeta","x2",0.402761802095612,0.725556820412016,-0.1,FALSE,"n500_d4",500,4,63
"gamlss.longitudinal","zeta","t",-0.559959204818741,1.28184985699596,0.1,FALSE,"n500_d4",500,4,63
"gamlss2","mu","intercept",0.787346574557843,0.0131341211603218,0.792129556343052,FALSE,"n500_d4",500,4,63
"gamlss2","mu","x1",0.11759218396925,0.00673904490845602,0.12,FALSE,"n500_d4",500,4,63
"gamlss2","mu","x2",-0.120015946846186,0.0139616432987089,-0.1,FALSE,"n500_d4",500,4,63
"gamlss2","mu","t",0.198927281237283,0.018622023622411,0.18,FALSE,"n500_d4",500,4,63
"gamlss2","sigma","intercept",-1.27895697314771,0.0360574722982124,-1.22428179457999,FALSE,"n500_d4",500,4,63
"gamlss2","sigma","x1",0.179342768074302,0.0172833602101286,0.18,FALSE,"n500_d4",500,4,63
"gamlss2","sigma","x2",0.166213719803281,0.0357020681596455,0.12,FALSE,"n500_d4",500,4,63
"gamlss2","sigma","t",0.116038787345431,0.0453964171097792,0.15,FALSE,"n500_d4",500,4,63
"gamlss2","nu","intercept",-0.0103629027839067,0.119756940554182,0,FALSE,"n500_d4",500,4,63
"gamlss2","nu","x1",0.117543918770585,0.0565114228739146,0.1,FALSE,"n500_d4",500,4,63
"gamlss2","nu","x2",-0.0811246486418952,0.117132472093149,-0.08,FALSE,"n500_d4",500,4,63
"gamlss2","nu","t",0.0899888438332612,0.148568397859986,0.12,FALSE,"n500_d4",500,4,63
"gamlss2","tau","intercept",0.295313600107915,0.095491408912566,0.5,FALSE,"n500_d4",500,4,63
"gamlss2","tau","x1",-0.00853135526603881,0.0599945076119668,-0.08,FALSE,"n500_d4",500,4,63
"gamlss2","tau","x2",0.179978620618905,0.108430264970739,0.1,FALSE,"n500_d4",500,4,63
"gamlss2","tau","t",0.400873945406013,0.145508093947686,0.11,FALSE,"n500_d4",500,4,63
"gamlss2","theta","intercept",NA,NA,NA,FALSE,"n500_d4",500,4,63
"gamlss2","theta","x1",NA,NA,NA,FALSE,"n500_d4",500,4,63
"gamlss2","theta","x2",NA,NA,NA,FALSE,"n500_d4",500,4,63
"gamlss2","theta","t",NA,NA,NA,FALSE,"n500_d4",500,4,63
"gamlss2","zeta","intercept",NA,NA,NA,FALSE,"n500_d4",500,4,63
"gamlss2","zeta","x1",NA,NA,NA,FALSE,"n500_d4",500,4,63
"gamlss2","zeta","x2",NA,NA,NA,FALSE,"n500_d4",500,4,63
"gamlss2","zeta","t",NA,NA,NA,FALSE,"n500_d4",500,4,63
"gamlss.longitudinal","mu","intercept",0.78720884262718,0.0167106074841877,0.784369981569495,TRUE,"n500_d4",500,4,64
"gamlss.longitudinal","mu","x1",0.101711772465764,0.010931602952861,0.12,FALSE,"n500_d4",500,4,64
"gamlss.longitudinal","mu","x2",-0.113951461157236,0.0230028577539988,-0.1,FALSE,"n500_d4",500,4,64
"gamlss.longitudinal","mu","t",0.148786031148753,0.01468207203828,0.18,FALSE,"n500_d4",500,4,64
"gamlss.longitudinal","sigma","intercept",-1.26507690179238,0.0405792860420603,-1.20900625095722,TRUE,"n500_d4",500,4,64
"gamlss.longitudinal","sigma","x1",0.183223686883637,0.0262539191450433,0.18,FALSE,"n500_d4",500,4,64
"gamlss.longitudinal","sigma","x2",0.20348201014199,0.0506137544790609,0.12,FALSE,"n500_d4",500,4,64
"gamlss.longitudinal","sigma","t",0.108373946293703,0.0360617345725207,0.15,FALSE,"n500_d4",500,4,64
"gamlss.longitudinal","nu","intercept",0.0491121187895315,0.102807277426431,0,TRUE,"n500_d4",500,4,64
"gamlss.longitudinal","nu","x1",0.0523591169326966,0.0592359420488994,0.1,FALSE,"n500_d4",500,4,64
"gamlss.longitudinal","nu","x2",-0.170233419132324,0.113575613948019,-0.08,FALSE,"n500_d4",500,4,64
"gamlss.longitudinal","nu","t",0.110682626502107,0.106818452664195,0.12,FALSE,"n500_d4",500,4,64
"gamlss.longitudinal","tau","intercept",0.574359086011785,0.0958963947819983,0.5,TRUE,"n500_d4",500,4,64
"gamlss.longitudinal","tau","x1",-0.0567349442369963,0.0521672871349306,-0.08,FALSE,"n500_d4",500,4,64
"gamlss.longitudinal","tau","x2",0.0702842432520084,0.106423904906875,0.1,FALSE,"n500_d4",500,4,64
"gamlss.longitudinal","tau","t",-0.00338722938480657,0.121571315634762,0.11,FALSE,"n500_d4",500,4,64
"gamlss.longitudinal","theta","intercept",0.985910983687717,0.0592041459437954,1.04246935941427,TRUE,"n500_d4",500,4,64
"gamlss.longitudinal","theta","x1",0.203844090205436,0.036332140185563,0.25,FALSE,"n500_d4",500,4,64
"gamlss.longitudinal","theta","x2",0.00691754431560337,0.0697462197549717,-0.1,FALSE,"n500_d4",500,4,64
"gamlss.longitudinal","theta","t",0.0365433559620734,0.105430323126046,0.2,FALSE,"n500_d4",500,4,64
"gamlss.longitudinal","zeta","intercept",1.02051585989351,0.532193206254758,0.5,TRUE,"n500_d4",500,4,64
"gamlss.longitudinal","zeta","x1",-0.493334971489626,0.324507182781888,0.12,FALSE,"n500_d4",500,4,64
"gamlss.longitudinal","zeta","x2",-0.438449675761572,0.646647414105125,-0.1,FALSE,"n500_d4",500,4,64
"gamlss.longitudinal","zeta","t",0.478106311591976,1.19779716598401,0.1,FALSE,"n500_d4",500,4,64
"gamlss2","mu","intercept",0.798579790128205,0.0133499059442002,0.784369981569495,FALSE,"n500_d4",500,4,64
"gamlss2","mu","x1",0.100396068835077,0.00715363276154,0.12,FALSE,"n500_d4",500,4,64
"gamlss2","mu","x2",-0.134483556542634,0.0148145566499472,-0.1,FALSE,"n500_d4",500,4,64
"gamlss2","mu","t",0.154307634043269,0.0189276566629935,0.18,FALSE,"n500_d4",500,4,64
"gamlss2","sigma","intercept",-1.28653923366747,0.0323059294653718,-1.20900625095722,FALSE,"n500_d4",500,4,64
"gamlss2","sigma","x1",0.178659252172406,0.0178608341323383,0.18,FALSE,"n500_d4",500,4,64
"gamlss2","sigma","x2",0.191195368004938,0.0343543173940584,0.12,FALSE,"n500_d4",500,4,64
"gamlss2","sigma","t",0.12096433234778,0.043952921991763,0.15,FALSE,"n500_d4",500,4,64
"gamlss2","nu","intercept",0.184545605114344,0.117966182461874,0,FALSE,"n500_d4",500,4,64
"gamlss2","nu","x1",0.108150292203962,0.0640507953716128,0.1,FALSE,"n500_d4",500,4,64
"gamlss2","nu","x2",-0.341271998111454,0.11953354343156,-0.08,FALSE,"n500_d4",500,4,64
"gamlss2","nu","t",0.167060895476001,0.150546288467812,0.12,FALSE,"n500_d4",500,4,64
"gamlss2","tau","intercept",0.694520303925394,0.100827154100392,0.5,FALSE,"n500_d4",500,4,64
"gamlss2","tau","x1",-0.127015135694034,0.0536093865528907,-0.08,FALSE,"n500_d4",500,4,64
"gamlss2","tau","x2",-0.0123407333527767,0.107056717369896,0.1,FALSE,"n500_d4",500,4,64
"gamlss2","tau","t",-0.0973060836283576,0.139482270679095,0.11,FALSE,"n500_d4",500,4,64
"gamlss2","theta","intercept",NA,NA,NA,FALSE,"n500_d4",500,4,64
"gamlss2","theta","x1",NA,NA,NA,FALSE,"n500_d4",500,4,64
"gamlss2","theta","x2",NA,NA,NA,FALSE,"n500_d4",500,4,64
"gamlss2","theta","t",NA,NA,NA,FALSE,"n500_d4",500,4,64
"gamlss2","zeta","intercept",NA,NA,NA,FALSE,"n500_d4",500,4,64
"gamlss2","zeta","x1",NA,NA,NA,FALSE,"n500_d4",500,4,64
"gamlss2","zeta","x2",NA,NA,NA,FALSE,"n500_d4",500,4,64
"gamlss2","zeta","t",NA,NA,NA,FALSE,"n500_d4",500,4,64
"gamlss.longitudinal","mu","intercept",0.706894697500218,0.0164984595189417,0.746269651331043,TRUE,"n500_d4",500,4,65
"gamlss.longitudinal","mu","x1",0.107746908956765,0.0111067284227504,0.12,FALSE,"n500_d4",500,4,65
"gamlss.longitudinal","mu","x2",-0.0396181625205398,0.0233155932446446,-0.1,FALSE,"n500_d4",500,4,65
"gamlss.longitudinal","mu","t",0.203407672299866,0.013640535998932,0.18,FALSE,"n500_d4",500,4,65
"gamlss.longitudinal","sigma","intercept",-1.22988389430181,0.0430578630705175,-1.21519109800075,TRUE,"n500_d4",500,4,65
"gamlss.longitudinal","sigma","x1",0.163745764590801,0.0285822669322501,0.18,FALSE,"n500_d4",500,4,65
"gamlss.longitudinal","sigma","x2",0.0938464790558626,0.0523276977068694,0.12,FALSE,"n500_d4",500,4,65
"gamlss.longitudinal","sigma","t",0.138275635735091,0.0351904076341301,0.15,FALSE,"n500_d4",500,4,65
"gamlss.longitudinal","nu","intercept",-0.10227375468371,0.0999459084958483,0,TRUE,"n500_d4",500,4,65
"gamlss.longitudinal","nu","x1",0.173928910402603,0.0569701346927255,0.1,FALSE,"n500_d4",500,4,65
"gamlss.longitudinal","nu","x2",-0.00894123420115291,0.110085737862473,-0.08,FALSE,"n500_d4",500,4,65
"gamlss.longitudinal","nu","t",0.222816270846876,0.109417870772881,0.12,FALSE,"n500_d4",500,4,65
"gamlss.longitudinal","tau","intercept",0.437628148720766,0.080527189472128,0.5,TRUE,"n500_d4",500,4,65
"gamlss.longitudinal","tau","x1",-0.083964285713076,0.0560030595642237,-0.08,FALSE,"n500_d4",500,4,65
"gamlss.longitudinal","tau","x2",0.403891169025457,0.107333464661084,0.1,FALSE,"n500_d4",500,4,65
"gamlss.longitudinal","tau","t",-0.021793395006829,0.114745404523858,0.11,FALSE,"n500_d4",500,4,65
"gamlss.longitudinal","theta","intercept",1.06942989858065,0.0573567949868309,1.03942381557109,TRUE,"n500_d4",500,4,65
"gamlss.longitudinal","theta","x1",0.228112628247072,0.0360839917448712,0.25,FALSE,"n500_d4",500,4,65
"gamlss.longitudinal","theta","x2",-0.10903993450868,0.0698167914590134,-0.1,FALSE,"n500_d4",500,4,65
"gamlss.longitudinal","theta","t",0.176949732495724,0.100739755621686,0.2,FALSE,"n500_d4",500,4,65
"gamlss.longitudinal","zeta","intercept",1.66717140397924,0.57843147866296,0.5,TRUE,"n500_d4",500,4,65
"gamlss.longitudinal","zeta","x1",0.579064979768692,0.435945169405634,0.12,FALSE,"n500_d4",500,4,65
"gamlss.longitudinal","zeta","x2",-0.0685164728460909,0.655597434432372,-0.1,FALSE,"n500_d4",500,4,65
"gamlss.longitudinal","zeta","t",-1.76741837915475,1.26296425162377,0.1,FALSE,"n500_d4",500,4,65
"gamlss2","mu","intercept",0.710396232116152,0.0129029956964691,0.746269651331043,FALSE,"n500_d4",500,4,65
"gamlss2","mu","x1",0.108321233417816,0.00658341332596771,0.12,FALSE,"n500_d4",500,4,65
"gamlss2","mu","x2",-0.0457620570270883,0.0146456582094074,-0.1,FALSE,"n500_d4",500,4,65
"gamlss2","mu","t",0.202571680360834,0.0185240049135257,0.18,FALSE,"n500_d4",500,4,65
"gamlss2","sigma","intercept",-1.24087540930725,0.034226291905199,-1.21519109800075,FALSE,"n500_d4",500,4,65
"gamlss2","sigma","x1",0.166994850072312,0.0197021403392559,0.18,FALSE,"n500_d4",500,4,65
"gamlss2","sigma","x2",0.0998806080516476,0.0347068968682356,0.12,FALSE,"n500_d4",500,4,65
"gamlss2","sigma","t",0.132880587310391,0.0442042656164622,0.15,FALSE,"n500_d4",500,4,65
"gamlss2","nu","intercept",-0.278204391055694,0.115950702172565,0,FALSE,"n500_d4",500,4,65
"gamlss2","nu","x1",0.21562697031067,0.0622063662238985,0.1,FALSE,"n500_d4",500,4,65
"gamlss2","nu","x2",0.0471780314804422,0.115554901876362,-0.08,FALSE,"n500_d4",500,4,65
"gamlss2","nu","t",0.255398851062076,0.144733431442824,0.12,FALSE,"n500_d4",500,4,65
"gamlss2","tau","intercept",0.390537014257203,0.0913270976798641,0.5,FALSE,"n500_d4",500,4,65
"gamlss2","tau","x1",-0.0820401494748218,0.0618495848960473,-0.08,FALSE,"n500_d4",500,4,65
"gamlss2","tau","x2",0.43924238278044,0.114771947709931,0.1,FALSE,"n500_d4",500,4,65
"gamlss2","tau","t",0.0446563585756746,0.138895143451613,0.11,FALSE,"n500_d4",500,4,65
"gamlss2","theta","intercept",NA,NA,NA,FALSE,"n500_d4",500,4,65
"gamlss2","theta","x1",NA,NA,NA,FALSE,"n500_d4",500,4,65
"gamlss2","theta","x2",NA,NA,NA,FALSE,"n500_d4",500,4,65
"gamlss2","theta","t",NA,NA,NA,FALSE,"n500_d4",500,4,65
"gamlss2","zeta","intercept",NA,NA,NA,FALSE,"n500_d4",500,4,65
"gamlss2","zeta","x1",NA,NA,NA,FALSE,"n500_d4",500,4,65
"gamlss2","zeta","x2",NA,NA,NA,FALSE,"n500_d4",500,4,65
"gamlss2","zeta","t",NA,NA,NA,FALSE,"n500_d4",500,4,65
"gamlss.longitudinal","mu","intercept",0.789970767238906,0.0164614652258679,0.789843302266441,TRUE,"n500_d4",500,4,66
"gamlss.longitudinal","mu","x1",0.123929256374985,0.0104280971638708,0.12,FALSE,"n500_d4",500,4,66
"gamlss.longitudinal","mu","x2",-0.0801107025914894,0.022861948819969,-0.1,FALSE,"n500_d4",500,4,66
"gamlss.longitudinal","mu","t",0.156686272413578,0.0141881242516939,0.18,FALSE,"n500_d4",500,4,66
"gamlss.longitudinal","sigma","intercept",-1.22701686145124,0.0433486111243094,-1.20788233083349,TRUE,"n500_d4",500,4,66
"gamlss.longitudinal","sigma","x1",0.136768176914743,0.0263503289111845,0.18,FALSE,"n500_d4",500,4,66
"gamlss.longitudinal","sigma","x2",0.0808097018765423,0.0511190106226923,0.12,FALSE,"n500_d4",500,4,66
"gamlss.longitudinal","sigma","t",0.141860732598236,0.0360134959880249,0.15,FALSE,"n500_d4",500,4,66
"gamlss.longitudinal","nu","intercept",0.0605869048500047,0.104061658168231,0,TRUE,"n500_d4",500,4,66
"gamlss.longitudinal","nu","x1",0.152971166970674,0.0566823137382946,0.1,FALSE,"n500_d4",500,4,66
"gamlss.longitudinal","nu","x2",-0.11448655222277,0.10734952458761,-0.08,FALSE,"n500_d4",500,4,66
"gamlss.longitudinal","nu","t",0.0520276322774198,0.109512483076819,0.12,FALSE,"n500_d4",500,4,66
"gamlss.longitudinal","tau","intercept",0.486643623096547,0.0949576051838939,0.5,TRUE,"n500_d4",500,4,66
"gamlss.longitudinal","tau","x1",-0.106277092999305,0.0532703872714372,-0.08,FALSE,"n500_d4",500,4,66
"gamlss.longitudinal","tau","x2",0.147510066141577,0.108238582617996,0.1,FALSE,"n500_d4",500,4,66
"gamlss.longitudinal","tau","t",0.113829197800901,0.120852111346825,0.11,FALSE,"n500_d4",500,4,66
"gamlss.longitudinal","theta","intercept",1.01650123194148,0.0592519960101694,1.04349108695962,TRUE,"n500_d4",500,4,66
"gamlss.longitudinal","theta","x1",0.162332655322293,0.0353850526538973,0.25,FALSE,"n500_d4",500,4,66
"gamlss.longitudinal","theta","x2",-0.130065419171926,0.070124927780877,-0.1,FALSE,"n500_d4",500,4,66
"gamlss.longitudinal","theta","t",0.152058716790458,0.105697709524588,0.2,FALSE,"n500_d4",500,4,66
"gamlss.longitudinal","zeta","intercept",1.05187755920485,0.494978472526288,0.5,TRUE,"n500_d4",500,4,66
"gamlss.longitudinal","zeta","x1",0.0177994471744774,0.299528552573013,0.12,FALSE,"n500_d4",500,4,66
"gamlss.longitudinal","zeta","x2",-0.0260000776377496,0.584358809834771,-0.1,FALSE,"n500_d4",500,4,66
"gamlss.longitudinal","zeta","t",-1.00289705161713,1.05264706914083,0.1,FALSE,"n500_d4",500,4,66
"gamlss2","mu","intercept",0.791142642372753,0.0134958584649082,0.789843302266441,FALSE,"n500_d4",500,4,66
"gamlss2","mu","x1",0.131857614703844,0.00708381681521761,0.12,FALSE,"n500_d4",500,4,66
"gamlss2","mu","x2",-0.085941343363538,0.0149558998436007,-0.1,FALSE,"n500_d4",500,4,66
"gamlss2","mu","t",0.166572956112246,0.0193868499602344,0.18,FALSE,"n500_d4",500,4,66
"gamlss2","sigma","intercept",-1.23284360377431,0.0336142881142702,-1.20788233083349,FALSE,"n500_d4",500,4,66
"gamlss2","sigma","x1",0.136133785558601,0.0176427598329006,0.18,FALSE,"n500_d4",500,4,66
"gamlss2","sigma","x2",0.0777049393918161,0.0334217090175378,0.12,FALSE,"n500_d4",500,4,66
"gamlss2","sigma","t",0.141653337687251,0.044482610178672,0.15,FALSE,"n500_d4",500,4,66
"gamlss2","nu","intercept",0.102062526064274,0.117684007901729,0,FALSE,"n500_d4",500,4,66
"gamlss2","nu","x1",0.185220006390552,0.0621006322844866,0.1,FALSE,"n500_d4",500,4,66
"gamlss2","nu","x2",-0.251092251016912,0.109427354727583,-0.08,FALSE,"n500_d4",500,4,66
"gamlss2","nu","t",0.169322236214334,0.149025433080748,0.12,FALSE,"n500_d4",500,4,66
"gamlss2","tau","intercept",0.546841985543081,0.108810397762032,0.5,FALSE,"n500_d4",500,4,66
"gamlss2","tau","x1",-0.0800332436813899,0.0580743581381121,-0.08,FALSE,"n500_d4",500,4,66
"gamlss2","tau","x2",0.129913845481122,0.108139017804785,0.1,FALSE,"n500_d4",500,4,66
"gamlss2","tau","t",0.122065040096733,0.145800612293817,0.11,FALSE,"n500_d4",500,4,66
"gamlss2","theta","intercept",NA,NA,NA,FALSE,"n500_d4",500,4,66
"gamlss2","theta","x1",NA,NA,NA,FALSE,"n500_d4",500,4,66
"gamlss2","theta","x2",NA,NA,NA,FALSE,"n500_d4",500,4,66
"gamlss2","theta","t",NA,NA,NA,FALSE,"n500_d4",500,4,66
"gamlss2","zeta","intercept",NA,NA,NA,FALSE,"n500_d4",500,4,66
"gamlss2","zeta","x1",NA,NA,NA,FALSE,"n500_d4",500,4,66
"gamlss2","zeta","x2",NA,NA,NA,FALSE,"n500_d4",500,4,66
"gamlss2","zeta","t",NA,NA,NA,FALSE,"n500_d4",500,4,66
"gamlss.longitudinal","mu","intercept",0.795893475243159,0.0183175049290383,0.787496399707492,TRUE,"n500_d4",500,4,67
"gamlss.longitudinal","mu","x1",0.129263673309675,0.0125056743715573,0.12,FALSE,"n500_d4",500,4,67
"gamlss.longitudinal","mu","x2",-0.119937540765762,0.0246362022904626,-0.1,FALSE,"n500_d4",500,4,67
"gamlss.longitudinal","mu","t",0.173434667195856,0.0141948367009373,0.18,FALSE,"n500_d4",500,4,67
"gamlss.longitudinal","sigma","intercept",-1.16927408120774,0.0415843163255418,-1.20334181652915,TRUE,"n500_d4",500,4,67
"gamlss.longitudinal","sigma","x1",0.158757707655109,0.0248152031864068,0.18,FALSE,"n500_d4",500,4,67
"gamlss.longitudinal","sigma","x2",0.126279066333799,0.0518867944370854,0.12,FALSE,"n500_d4",500,4,67
"gamlss.longitudinal","sigma","t",0.12252271996444,0.0310871611114401,0.15,FALSE,"n500_d4",500,4,67
"gamlss.longitudinal","nu","intercept",0.0145426814263207,0.087707608153422,0,TRUE,"n500_d4",500,4,67
"gamlss.longitudinal","nu","x1",0.124707765358198,0.0473990166908004,0.1,FALSE,"n500_d4",500,4,67
"gamlss.longitudinal","nu","x2",-0.0930539911418844,0.0924796347246131,-0.08,FALSE,"n500_d4",500,4,67
"gamlss.longitudinal","nu","t",0.0911051301132963,0.0827058372316616,0.12,FALSE,"n500_d4",500,4,67
"gamlss.longitudinal","tau","intercept",0.647938219912029,0.0919881019235129,0.5,TRUE,"n500_d4",500,4,67
"gamlss.longitudinal","tau","x1",0.0187349313551718,0.0621096420717463,-0.08,FALSE,"n500_d4",500,4,67
"gamlss.longitudinal","tau","x2",0.031171010017175,0.110722852335067,0.1,FALSE,"n500_d4",500,4,67
"gamlss.longitudinal","tau","t",0.179080855759293,0.109741996303783,0.11,FALSE,"n500_d4",500,4,67
"gamlss.longitudinal","theta","intercept",1.17492354812122,0.0645393785203313,1.03565831941299,TRUE,"n500_d4",500,4,67
"gamlss.longitudinal","theta","x1",0.215579239764934,0.0379111922508219,0.25,FALSE,"n500_d4",500,4,67
"gamlss.longitudinal","theta","x2",-0.190238053347529,0.0753992421456247,-0.1,FALSE,"n500_d4",500,4,67
"gamlss.longitudinal","theta","t",0.115208205474348,0.106094402526977,0.2,FALSE,"n500_d4",500,4,67
"gamlss.longitudinal","zeta","intercept",0.843632702471809,0.574990362913278,0.5,TRUE,"n500_d4",500,4,67
"gamlss.longitudinal","zeta","x1",0.195100469456273,0.419325129847801,0.12,FALSE,"n500_d4",500,4,67
"gamlss.longitudinal","zeta","x2",-0.599421335890282,0.656536317440874,-0.1,FALSE,"n500_d4",500,4,67
"gamlss.longitudinal","zeta","t",-0.0643267526286565,1.12662026170742,0.1,FALSE,"n500_d4",500,4,67
"gamlss2","mu","intercept",0.793480134294926,0.0169471249786093,0.787496399707492,FALSE,"n500_d4",500,4,67
"gamlss2","mu","x1",0.142046765340618,0.00875572411421043,0.12,FALSE,"n500_d4",500,4,67
"gamlss2","mu","x2",-0.125151271979401,0.0175740336540409,-0.1,FALSE,"n500_d4",500,4,67
"gamlss2","mu","t",0.189620026583431,0.0236315044802862,0.18,FALSE,"n500_d4",500,4,67
"gamlss2","sigma","intercept",-1.09194306762835,0.0398408194499396,-1.20334181652915,FALSE,"n500_d4",500,4,67
"gamlss2","sigma","x1",0.123623813810485,0.020321340724334,0.18,FALSE,"n500_d4",500,4,67
"gamlss2","sigma","x2",0.0922896916332979,0.0386244086127779,0.12,FALSE,"n500_d4",500,4,67
"gamlss2","sigma","t",0.135602341906372,0.0478761743271725,0.15,FALSE,"n500_d4",500,4,67
"gamlss2","nu","intercept",-0.0600456398388347,0.113110678656867,0,FALSE,"n500_d4",500,4,67
"gamlss2","nu","x1",0.0952930801688078,0.0550434208811295,0.1,FALSE,"n500_d4",500,4,67
"gamlss2","nu","x2",-0.193133439635967,0.104760164387968,-0.08,FALSE,"n500_d4",500,4,67
"gamlss2","nu","t",0.145589199566188,0.131620225041248,0.12,FALSE,"n500_d4",500,4,67
"gamlss2","tau","intercept",0.359745224793669,0.10041405528526,0.5,FALSE,"n500_d4",500,4,67
"gamlss2","tau","x1",0.186300839049599,0.054894048165788,-0.08,FALSE,"n500_d4",500,4,67
"gamlss2","tau","x2",0.171406855102973,0.101970749433128,0.1,FALSE,"n500_d4",500,4,67
"gamlss2","tau","t",0.0692566149062035,0.130228819474292,0.11,FALSE,"n500_d4",500,4,67
"gamlss2","theta","intercept",NA,NA,NA,FALSE,"n500_d4",500,4,67
"gamlss2","theta","x1",NA,NA,NA,FALSE,"n500_d4",500,4,67
"gamlss2","theta","x2",NA,NA,NA,FALSE,"n500_d4",500,4,67
"gamlss2","theta","t",NA,NA,NA,FALSE,"n500_d4",500,4,67
"gamlss2","zeta","intercept",NA,NA,NA,FALSE,"n500_d4",500,4,67
"gamlss2","zeta","x1",NA,NA,NA,FALSE,"n500_d4",500,4,67
"gamlss2","zeta","x2",NA,NA,NA,FALSE,"n500_d4",500,4,67
"gamlss2","zeta","t",NA,NA,NA,FALSE,"n500_d4",500,4,67
"gamlss.longitudinal","mu","intercept",0.800223923551944,0.0179118767619073,0.797106689249978,TRUE,"n500_d4",500,4,68
"gamlss.longitudinal","mu","x1",0.133975526792757,0.0121635020665449,0.12,FALSE,"n500_d4",500,4,68
"gamlss.longitudinal","mu","x2",-0.0906699384562553,0.0243895373460972,-0.1,FALSE,"n500_d4",500,4,68
"gamlss.longitudinal","mu","t",0.190920050085675,0.0145622717839211,0.18,FALSE,"n500_d4",500,4,68
"gamlss.longitudinal","sigma","intercept",-1.17499170087581,0.045275908830659,-1.21114050061618,TRUE,"n500_d4",500,4,68
"gamlss.longitudinal","sigma","x1",0.160926725074991,0.0266355112939828,0.18,FALSE,"n500_d4",500,4,68
"gamlss.longitudinal","sigma","x2",0.0564072431201559,0.0524409383905586,0.12,FALSE,"n500_d4",500,4,68
"gamlss.longitudinal","sigma","t",0.184819701054548,0.0338473281136669,0.15,FALSE,"n500_d4",500,4,68
"gamlss.longitudinal","nu","intercept",-0.129722326042419,0.0965110398190753,0,TRUE,"n500_d4",500,4,68
"gamlss.longitudinal","nu","x1",0.0970860930666,0.0490567852431146,0.1,FALSE,"n500_d4",500,4,68
"gamlss.longitudinal","nu","x2",-0.000519039703265217,0.0987074193784256,-0.08,FALSE,"n500_d4",500,4,68
"gamlss.longitudinal","nu","t",0.329675829102894,0.103035983126085,0.12,FALSE,"n500_d4",500,4,68
"gamlss.longitudinal","tau","intercept",0.325007795004187,0.0838173536648999,0.5,TRUE,"n500_d4",500,4,68
"gamlss.longitudinal","tau","x1",-0.0972016311275488,0.0532729956515741,-0.08,FALSE,"n500_d4",500,4,68
"gamlss.longitudinal","tau","x2",0.233894046430304,0.104470068291081,0.1,FALSE,"n500_d4",500,4,68
"gamlss.longitudinal","tau","t",0.293861360262574,0.102607433584691,0.11,FALSE,"n500_d4",500,4,68
"gamlss.longitudinal","theta","intercept",1.09464571358727,0.0642632378709523,1.04350471341119,TRUE,"n500_d4",500,4,68
"gamlss.longitudinal","theta","x1",0.243612738326941,0.0349462636187152,0.25,FALSE,"n500_d4",500,4,68
"gamlss.longitudinal","theta","x2",-0.120335426638845,0.0720696298755095,-0.1,FALSE,"n500_d4",500,4,68
"gamlss.longitudinal","theta","t",0.245319190764895,0.10620173764555,0.2,FALSE,"n500_d4",500,4,68
"gamlss.longitudinal","zeta","intercept",-0.463655428152522,0.914616761620655,0.5,TRUE,"n500_d4",500,4,68
"gamlss.longitudinal","zeta","x1",0.471532949549475,0.416955537202625,0.12,FALSE,"n500_d4",500,4,68
"gamlss.longitudinal","zeta","x2",0.915971142961078,0.756101315657882,-0.1,FALSE,"n500_d4",500,4,68
"gamlss.longitudinal","zeta","t",1.380039013607,1.35124449755157,0.1,FALSE,"n500_d4",500,4,68
"gamlss2","mu","intercept",0.7945296001633,0.0150214463408772,0.797106689249978,FALSE,"n500_d4",500,4,68
"gamlss2","mu","x1",0.138123156012224,0.00814378598506379,0.12,FALSE,"n500_d4",500,4,68
"gamlss2","mu","x2",-0.0829748764843662,0.0162471940595532,-0.1,FALSE,"n500_d4",500,4,68
"gamlss2","mu","t",0.199366803479345,0.0220346135433179,0.18,FALSE,"n500_d4",500,4,68
"gamlss2","sigma","intercept",-1.16361811510413,0.0374470586831094,-1.21114050061618,FALSE,"n500_d4",500,4,68
"gamlss2","sigma","x1",0.151888543436888,0.018602187613567,0.18,FALSE,"n500_d4",500,4,68
"gamlss2","sigma","x2",0.0622888903831039,0.0364629616804031,0.12,FALSE,"n500_d4",500,4,68
"gamlss2","sigma","t",0.177896229480863,0.0469684272340357,0.15,FALSE,"n500_d4",500,4,68
"gamlss2","nu","intercept",-0.227373644478163,0.115881655083957,0,FALSE,"n500_d4",500,4,68
"gamlss2","nu","x1",0.196546377761039,0.0613961295662804,0.1,FALSE,"n500_d4",500,4,68
"gamlss2","nu","x2",0.135470677263922,0.112074217248336,-0.08,FALSE,"n500_d4",500,4,68
"gamlss2","nu","t",0.341060809651728,0.143316753895307,0.12,FALSE,"n500_d4",500,4,68
"gamlss2","tau","intercept",0.238218892479414,0.0918535473983657,0.5,FALSE,"n500_d4",500,4,68
"gamlss2","tau","x1",-0.0508507983494251,0.0493789437858053,-0.08,FALSE,"n500_d4",500,4,68
"gamlss2","tau","x2",0.13751526736498,0.105382783377565,0.1,FALSE,"n500_d4",500,4,68
"gamlss2","tau","t",0.442054674607558,0.125752088643997,0.11,FALSE,"n500_d4",500,4,68
"gamlss2","theta","intercept",NA,NA,NA,FALSE,"n500_d4",500,4,68
"gamlss2","theta","x1",NA,NA,NA,FALSE,"n500_d4",500,4,68
"gamlss2","theta","x2",NA,NA,NA,FALSE,"n500_d4",500,4,68
"gamlss2","theta","t",NA,NA,NA,FALSE,"n500_d4",500,4,68
"gamlss2","zeta","intercept",NA,NA,NA,FALSE,"n500_d4",500,4,68
"gamlss2","zeta","x1",NA,NA,NA,FALSE,"n500_d4",500,4,68
"gamlss2","zeta","x2",NA,NA,NA,FALSE,"n500_d4",500,4,68
"gamlss2","zeta","t",NA,NA,NA,FALSE,"n500_d4",500,4,68
"gamlss.longitudinal","mu","intercept",0.793400160618002,0.0175099278727267,0.79193465481588,TRUE,"n500_d4",500,4,69
"gamlss.longitudinal","mu","x1",0.118194578824862,0.0112065629485784,0.12,FALSE,"n500_d4",500,4,69
"gamlss.longitudinal","mu","x2",-0.0838914706850648,0.022971650428942,-0.1,FALSE,"n500_d4",500,4,69
"gamlss.longitudinal","mu","t",0.189450593397627,0.0136066027951164,0.18,FALSE,"n500_d4",500,4,69
"gamlss.longitudinal","sigma","intercept",-1.24802737124417,0.0398534579141451,-1.21289389836437,TRUE,"n500_d4",500,4,69
"gamlss.longitudinal","sigma","x1",0.158920977480477,0.0228127291435444,0.18,FALSE,"n500_d4",500,4,69
"gamlss.longitudinal","sigma","x2",0.138187304930501,0.048077212381788,0.12,FALSE,"n500_d4",500,4,69
"gamlss.longitudinal","sigma","t",0.15379610448472,0.0334161601281814,0.15,FALSE,"n500_d4",500,4,69
"gamlss.longitudinal","nu","intercept",0.133648473699664,0.0949621576162105,0,TRUE,"n500_d4",500,4,69
"gamlss.longitudinal","nu","x1",0.0414918807217309,0.0471070550189056,0.1,FALSE,"n500_d4",500,4,69
"gamlss.longitudinal","nu","x2",-0.0301907047457038,0.103545564873989,-0.08,FALSE,"n500_d4",500,4,69
"gamlss.longitudinal","nu","t",-0.0181336947092047,0.0763533593963789,0.12,FALSE,"n500_d4",500,4,69
"gamlss.longitudinal","tau","intercept",0.755708195125004,0.100778767674603,0.5,TRUE,"n500_d4",500,4,69
"gamlss.longitudinal","tau","x1",-0.159431568867775,0.0559629968932412,-0.08,FALSE,"n500_d4",500,4,69
"gamlss.longitudinal","tau","x2",0.00715559410253166,0.113280797972354,0.1,FALSE,"n500_d4",500,4,69
"gamlss.longitudinal","tau","t",-0.126373362527621,0.111140363120048,0.11,FALSE,"n500_d4",500,4,69
"gamlss.longitudinal","theta","intercept",1.12348149568179,0.0605353195908348,1.0427504327643,TRUE,"n500_d4",500,4,69
"gamlss.longitudinal","theta","x1",0.260822145332234,0.0329364008314105,0.25,FALSE,"n500_d4",500,4,69
"gamlss.longitudinal","theta","x2",-0.237602202533063,0.0691902848833446,-0.1,FALSE,"n500_d4",500,4,69
"gamlss.longitudinal","theta","t",0.0821229704761701,0.105232737682941,0.2,FALSE,"n500_d4",500,4,69
"gamlss.longitudinal","zeta","intercept",1.54163049909928,0.610041006766113,0.5,TRUE,"n500_d4",500,4,69
"gamlss.longitudinal","zeta","x1",0.222716232017256,0.358729773387954,0.12,FALSE,"n500_d4",500,4,69
"gamlss.longitudinal","zeta","x2",-0.704078836213586,0.678205428759687,-0.1,FALSE,"n500_d4",500,4,69
"gamlss.longitudinal","zeta","t",-1.79174596640903,1.20991893403224,0.1,FALSE,"n500_d4",500,4,69
"gamlss2","mu","intercept",0.802098586046637,0.0142392384612802,0.79193465481588,FALSE,"n500_d4",500,4,69
"gamlss2","mu","x1",0.120345855739301,0.00787622678921065,0.12,FALSE,"n500_d4",500,4,69
"gamlss2","mu","x2",-0.0823403701231293,0.0152378833449315,-0.1,FALSE,"n500_d4",500,4,69
"gamlss2","mu","t",0.182821771655608,0.0197574483110521,0.18,FALSE,"n500_d4",500,4,69
"gamlss2","sigma","intercept",-1.26284877072323,0.0317488860400147,-1.21289389836437,FALSE,"n500_d4",500,4,69
"gamlss2","sigma","x1",0.15954713986599,0.0164457926420515,0.18,FALSE,"n500_d4",500,4,69
"gamlss2","sigma","x2",0.147756727011062,0.0324411143127603,0.12,FALSE,"n500_d4",500,4,69
"gamlss2","sigma","t",0.159887494746163,0.0427434093037846,0.15,FALSE,"n500_d4",500,4,69
"gamlss2","nu","intercept",0.138018856405805,0.11324096824716,0,FALSE,"n500_d4",500,4,69
"gamlss2","nu","x1",0.0747494953009912,0.052170320847143,0.1,FALSE,"n500_d4",500,4,69
"gamlss2","nu","x2",0.175074844002902,0.107623946783298,-0.08,FALSE,"n500_d4",500,4,69
"gamlss2","nu","t",-0.05609393140989,0.134288688041587,0.12,FALSE,"n500_d4",500,4,69
"gamlss2","tau","intercept",0.74995459491091,0.113275367570687,0.5,FALSE,"n500_d4",500,4,69
"gamlss2","tau","x1",-0.171399230020867,0.0563472791610016,-0.08,FALSE,"n500_d4",500,4,69
"gamlss2","tau","x2",-0.0347466142876458,0.112499947396727,0.1,FALSE,"n500_d4",500,4,69
"gamlss2","tau","t",-0.0152307937037464,0.14494613247885,0.11,FALSE,"n500_d4",500,4,69
"gamlss2","theta","intercept",NA,NA,NA,FALSE,"n500_d4",500,4,69
"gamlss2","theta","x1",NA,NA,NA,FALSE,"n500_d4",500,4,69
"gamlss2","theta","x2",NA,NA,NA,FALSE,"n500_d4",500,4,69
"gamlss2","theta","t",NA,NA,NA,FALSE,"n500_d4",500,4,69
"gamlss2","zeta","intercept",NA,NA,NA,FALSE,"n500_d4",500,4,69
"gamlss2","zeta","x1",NA,NA,NA,FALSE,"n500_d4",500,4,69
"gamlss2","zeta","x2",NA,NA,NA,FALSE,"n500_d4",500,4,69
"gamlss2","zeta","t",NA,NA,NA,FALSE,"n500_d4",500,4,69
"gamlss.longitudinal","mu","intercept",0.765623989858532,0.0157547503304216,0.785408109186089,TRUE,"n500_d4",500,4,70
"gamlss.longitudinal","mu","x1",0.0929836217973014,0.011525947198087,0.12,FALSE,"n500_d4",500,4,70
"gamlss.longitudinal","mu","x2",-0.0778928010847933,0.022715629496945,-0.1,FALSE,"n500_d4",500,4,70
"gamlss.longitudinal","mu","t",0.16674288638695,0.0149771561704997,0.18,FALSE,"n500_d4",500,4,70
"gamlss.longitudinal","sigma","intercept",-1.23902930754211,0.0450485930631535,-1.21209313326014,TRUE,"n500_d4",500,4,70
"gamlss.longitudinal","sigma","x1",0.130593995235889,0.0246059575880813,0.18,FALSE,"n500_d4",500,4,70
"gamlss.longitudinal","sigma","x2",0.0877146937145236,0.0494455487937833,0.12,FALSE,"n500_d4",500,4,70
"gamlss.longitudinal","sigma","t",0.184035923749358,0.0352045184613901,0.15,FALSE,"n500_d4",500,4,70
"gamlss.longitudinal","nu","intercept",0.0848547515329953,0.101593175968653,0,TRUE,"n500_d4",500,4,70
"gamlss.longitudinal","nu","x1",0.000342161717815284,0.0507802346427592,0.1,FALSE,"n500_d4",500,4,70
"gamlss.longitudinal","nu","x2",-0.15725093932419,0.104012402167798,-0.08,FALSE,"n500_d4",500,4,70
"gamlss.longitudinal","nu","t",-0.00478591631316174,0.110237839043608,0.12,FALSE,"n500_d4",500,4,70
"gamlss.longitudinal","tau","intercept",0.340307635750381,0.0897475905170466,0.5,TRUE,"n500_d4",500,4,70
"gamlss.longitudinal","tau","x1",-0.0547987864314836,0.053281216689209,-0.08,FALSE,"n500_d4",500,4,70
"gamlss.longitudinal","tau","x2",0.245559856225682,0.109819515659995,0.1,FALSE,"n500_d4",500,4,70
"gamlss.longitudinal","tau","t",0.410117721981114,0.116708135111517,0.11,FALSE,"n500_d4",500,4,70
"gamlss.longitudinal","theta","intercept",1.01714689783338,0.0638629997450649,1.04177000601796,TRUE,"n500_d4",500,4,70
"gamlss.longitudinal","theta","x1",0.215742838599796,0.03516126732696,0.25,FALSE,"n500_d4",500,4,70
"gamlss.longitudinal","theta","x2",-0.114809756082791,0.0712022145979164,-0.1,FALSE,"n500_d4",500,4,70
"gamlss.longitudinal","theta","t",0.186384213490604,0.110269405551871,0.2,FALSE,"n500_d4",500,4,70
"gamlss.longitudinal","zeta","intercept",0.726966977829831,0.646702834320812,0.5,TRUE,"n500_d4",500,4,70
"gamlss.longitudinal","zeta","x1",0.311760388960722,0.263356744078724,0.12,FALSE,"n500_d4",500,4,70
"gamlss.longitudinal","zeta","x2",0.753779713522862,0.734037563215609,-0.1,FALSE,"n500_d4",500,4,70
"gamlss.longitudinal","zeta","t",-1.56027280827214,1.38988063577753,0.1,FALSE,"n500_d4",500,4,70
"gamlss2","mu","intercept",0.762582012242589,NA,0.785408109186089,FALSE,"n500_d4",500,4,70
"gamlss2","mu","x1",0.0923068472568878,NA,0.12,FALSE,"n500_d4",500,4,70
"gamlss2","mu","x2",-0.0835161536884938,0.0139584986171269,-0.1,FALSE,"n500_d4",500,4,70
"gamlss2","mu","t",0.162074044973682,0.0181888193692077,0.18,FALSE,"n500_d4",500,4,70
"gamlss2","sigma","intercept",-1.16709714289049,0.0416210558503423,-1.21209313326014,FALSE,"n500_d4",500,4,70
"gamlss2","sigma","x1",0.105919251124379,0.0174163757693865,0.18,FALSE,"n500_d4",500,4,70
"gamlss2","sigma","x2",0.0422503224559331,0.0367616199256708,0.12,FALSE,"n500_d4",500,4,70
"gamlss2","sigma","t",0.142605598733147,0.0471346244278672,0.15,FALSE,"n500_d4",500,4,70
"gamlss2","nu","intercept",-0.0220321400971646,0.122003163957444,0,FALSE,"n500_d4",500,4,70
"gamlss2","nu","x1",-0.0514593518904654,0.044836665849765,0.1,FALSE,"n500_d4",500,4,70
"gamlss2","nu","x2",-0.119490082937195,0.11257476806466,-0.08,FALSE,"n500_d4",500,4,70
"gamlss2","nu","t",-0.0225000990099997,0.145775339311762,0.12,FALSE,"n500_d4",500,4,70
"gamlss2","tau","intercept",0.0513611161790524,0.0925967368587902,0.5,FALSE,"n500_d4",500,4,70
"gamlss2","tau","x1",0.00904191625939381,0.0435593662075827,-0.08,FALSE,"n500_d4",500,4,70
"gamlss2","tau","x2",0.413186741378778,0.0998383583429568,0.1,FALSE,"n500_d4",500,4,70
"gamlss2","tau","t",0.50255344608515,0.128368065102139,0.11,FALSE,"n500_d4",500,4,70
"gamlss2","theta","intercept",NA,NA,NA,FALSE,"n500_d4",500,4,70
"gamlss2","theta","x1",NA,NA,NA,FALSE,"n500_d4",500,4,70
"gamlss2","theta","x2",NA,NA,NA,FALSE,"n500_d4",500,4,70
"gamlss2","theta","t",NA,NA,NA,FALSE,"n500_d4",500,4,70
"gamlss2","zeta","intercept",NA,NA,NA,FALSE,"n500_d4",500,4,70
"gamlss2","zeta","x1",NA,NA,NA,FALSE,"n500_d4",500,4,70
"gamlss2","zeta","x2",NA,NA,NA,FALSE,"n500_d4",500,4,70
"gamlss2","zeta","t",NA,NA,NA,FALSE,"n500_d4",500,4,70
"gamlss.longitudinal","mu","intercept",0.773557036058626,0.0157067025738993,0.772591460090433,TRUE,"n500_d4",500,4,71
"gamlss.longitudinal","mu","x1",0.122012615805521,0.0117274982548531,0.12,FALSE,"n500_d4",500,4,71
"gamlss.longitudinal","mu","x2",-0.0831537407272932,0.0236281785959972,-0.1,FALSE,"n500_d4",500,4,71
"gamlss.longitudinal","mu","t",0.191542586043623,0.0140624300122596,0.18,FALSE,"n500_d4",500,4,71
"gamlss.longitudinal","sigma","intercept",-1.32088369087933,0.0392848832271409,-1.21117409130001,TRUE,"n500_d4",500,4,71
"gamlss.longitudinal","sigma","x1",0.156091652257845,0.0273136383116604,0.18,FALSE,"n500_d4",500,4,71
"gamlss.longitudinal","sigma","x2",0.195271363696062,0.0510084843914198,0.12,FALSE,"n500_d4",500,4,71
"gamlss.longitudinal","sigma","t",0.203840815431528,0.0348420917709876,0.15,FALSE,"n500_d4",500,4,71
"gamlss.longitudinal","nu","intercept",-0.0520696657508876,0.101640145377937,0,TRUE,"n500_d4",500,4,71
"gamlss.longitudinal","nu","x1",-0.0344990824064126,0.0588202818101945,0.1,FALSE,"n500_d4",500,4,71
"gamlss.longitudinal","nu","x2",0.0725003488327931,0.106219103078879,-0.08,FALSE,"n500_d4",500,4,71
"gamlss.longitudinal","nu","t",0.117481424409205,0.111614945146625,0.12,FALSE,"n500_d4",500,4,71
"gamlss.longitudinal","tau","intercept",0.628363359836117,0.0949009127752982,0.5,TRUE,"n500_d4",500,4,71
"gamlss.longitudinal","tau","x1",-0.039157970797015,0.0580969127217478,-0.08,FALSE,"n500_d4",500,4,71
"gamlss.longitudinal","tau","x2",0.0235592465986318,0.106035289906211,0.1,FALSE,"n500_d4",500,4,71
"gamlss.longitudinal","tau","t",0.00559884586316599,0.118277638384334,0.11,FALSE,"n500_d4",500,4,71
"gamlss.longitudinal","theta","intercept",0.983091907124788,0.0595837651522018,1.04278054317802,TRUE,"n500_d4",500,4,71
"gamlss.longitudinal","theta","x1",0.257536004222543,0.0370453147310622,0.25,FALSE,"n500_d4",500,4,71
"gamlss.longitudinal","theta","x2",0.00641403371602725,0.0698596911990014,-0.1,FALSE,"n500_d4",500,4,71
"gamlss.longitudinal","theta","t",0.270781379407333,0.101852147058625,0.2,FALSE,"n500_d4",500,4,71
"gamlss.longitudinal","zeta","intercept",0.495026306784689,0.608953605961822,0.5,TRUE,"n500_d4",500,4,71
"gamlss.longitudinal","zeta","x1",0.447743423163007,0.389530022362427,0.12,FALSE,"n500_d4",500,4,71
"gamlss.longitudinal","zeta","x2",-0.409414052342349,0.653249655618688,-0.1,FALSE,"n500_d4",500,4,71
"gamlss.longitudinal","zeta","t",1.60140071737935,1.28621407437373,0.1,FALSE,"n500_d4",500,4,71
"gamlss2","mu","intercept",0.768880248000538,0.0128464725180767,0.772591460090433,FALSE,"n500_d4",500,4,71
"gamlss2","mu","x1",0.121552204345549,0.00825576504862104,0.12,FALSE,"n500_d4",500,4,71
"gamlss2","mu","x2",-0.0752767090688308,0.0162978836617732,-0.1,FALSE,"n500_d4",500,4,71
"gamlss2","mu","t",0.194712257223961,0.0200369036354199,0.18,FALSE,"n500_d4",500,4,71
"gamlss2","sigma","intercept",-1.29167626051072,0.0345631298064432,-1.21117409130001,FALSE,"n500_d4",500,4,71
"gamlss2","sigma","x1",0.14133277230846,0.0189413624953108,0.18,FALSE,"n500_d4",500,4,71
"gamlss2","sigma","x2",0.210090304907459,0.0354272120601739,0.12,FALSE,"n500_d4",500,4,71
"gamlss2","sigma","t",0.190350199354074,0.0466090433425925,0.15,FALSE,"n500_d4",500,4,71
"gamlss2","nu","intercept",0.0113325044612824,0.1237215529026,0,FALSE,"n500_d4",500,4,71
"gamlss2","nu","x1",-0.0694461576966529,0.0629145597768809,0.1,FALSE,"n500_d4",500,4,71
"gamlss2","nu","x2",-0.0809200340991588,0.115788899678889,-0.08,FALSE,"n500_d4",500,4,71
"gamlss2","nu","t",0.114978621532183,0.150449701084957,0.12,FALSE,"n500_d4",500,4,71
"gamlss2","tau","intercept",0.46774299581517,0.0986707086273502,0.5,FALSE,"n500_d4",500,4,71
"gamlss2","tau","x1",-0.0682959724859612,0.0556018368759077,-0.08,FALSE,"n500_d4",500,4,71
"gamlss2","tau","x2",0.078533843018506,0.108000439827879,0.1,FALSE,"n500_d4",500,4,71
"gamlss2","tau","t",0.102262106735585,0.135638871898902,0.11,FALSE,"n500_d4",500,4,71
"gamlss2","theta","intercept",NA,NA,NA,FALSE,"n500_d4",500,4,71
"gamlss2","theta","x1",NA,NA,NA,FALSE,"n500_d4",500,4,71
"gamlss2","theta","x2",NA,NA,NA,FALSE,"n500_d4",500,4,71
"gamlss2","theta","t",NA,NA,NA,FALSE,"n500_d4",500,4,71
"gamlss2","zeta","intercept",NA,NA,NA,FALSE,"n500_d4",500,4,71
"gamlss2","zeta","x1",NA,NA,NA,FALSE,"n500_d4",500,4,71
"gamlss2","zeta","x2",NA,NA,NA,FALSE,"n500_d4",500,4,71
"gamlss2","zeta","t",NA,NA,NA,FALSE,"n500_d4",500,4,71
"gamlss.longitudinal","mu","intercept",0.814074499279417,0.0172965868916422,0.816679123452256,TRUE,"n500_d4",500,4,72
"gamlss.longitudinal","mu","x1",0.130130886255086,0.0109102267164339,0.12,FALSE,"n500_d4",500,4,72
"gamlss.longitudinal","mu","x2",-0.0671914613811178,0.0226331333103705,-0.1,FALSE,"n500_d4",500,4,72
"gamlss.longitudinal","mu","t",0.188258777757249,0.0140514863983547,0.18,FALSE,"n500_d4",500,4,72
"gamlss.longitudinal","sigma","intercept",-1.21599171787022,0.0425605851771721,-1.21557576916569,TRUE,"n500_d4",500,4,72
"gamlss.longitudinal","sigma","x1",0.153703239899659,0.024217255352209,0.18,FALSE,"n500_d4",500,4,72
"gamlss.longitudinal","sigma","x2",0.134747853568015,0.0506994476283953,0.12,FALSE,"n500_d4",500,4,72
"gamlss.longitudinal","sigma","t",0.0794638451457132,0.034044062660123,0.15,FALSE,"n500_d4",500,4,72
"gamlss.longitudinal","nu","intercept",0.0208294866223233,0.100553619945967,0,TRUE,"n500_d4",500,4,72
"gamlss.longitudinal","nu","x1",0.142680851862397,0.0521837086759862,0.1,FALSE,"n500_d4",500,4,72
"gamlss.longitudinal","nu","x2",-0.154142765443423,0.10651875845717,-0.08,FALSE,"n500_d4",500,4,72
"gamlss.longitudinal","nu","t",0.10822030280332,0.100484292293884,0.12,FALSE,"n500_d4",500,4,72
"gamlss.longitudinal","tau","intercept",0.670535085360495,0.0986991979837083,0.5,TRUE,"n500_d4",500,4,72
"gamlss.longitudinal","tau","x1",-0.0123842959867756,0.0584528621334238,-0.08,FALSE,"n500_d4",500,4,72
"gamlss.longitudinal","tau","x2",0.192364590623825,0.110549163812144,0.1,FALSE,"n500_d4",500,4,72
"gamlss.longitudinal","tau","t",-0.186513539013197,0.113211672201481,0.11,FALSE,"n500_d4",500,4,72
"gamlss.longitudinal","theta","intercept",1.01775667789696,0.0646951164311731,1.05113333632864,TRUE,"n500_d4",500,4,72
"gamlss.longitudinal","theta","x1",0.270357371169634,0.0342911211692308,0.25,FALSE,"n500_d4",500,4,72
"gamlss.longitudinal","theta","x2",-0.0689753918496172,0.072148766898571,-0.1,FALSE,"n500_d4",500,4,72
"gamlss.longitudinal","theta","t",0.148884844120568,0.104298249039514,0.2,FALSE,"n500_d4",500,4,72
"gamlss.longitudinal","zeta","intercept",-0.149126231783323,0.730883558326748,0.5,TRUE,"n500_d4",500,4,72
"gamlss.longitudinal","zeta","x1",1.10595519936186,0.670215480879173,0.12,FALSE,"n500_d4",500,4,72
"gamlss.longitudinal","zeta","x2",0.672758080684475,0.761378826423469,-0.1,FALSE,"n500_d4",500,4,72
"gamlss.longitudinal","zeta","t",0.332259746727192,1.31852017291651,0.1,FALSE,"n500_d4",500,4,72
"gamlss2","mu","intercept",0.813188564966316,0.0140199678051069,0.816679123452256,FALSE,"n500_d4",500,4,72
"gamlss2","mu","x1",0.134958966902283,0.00739577922787447,0.12,FALSE,"n500_d4",500,4,72
"gamlss2","mu","x2",-0.0703064749207511,0.0147708970889084,-0.1,FALSE,"n500_d4",500,4,72
"gamlss2","mu","t",0.192842015437504,0.019191179400153,0.18,FALSE,"n500_d4",500,4,72
"gamlss2","sigma","intercept",-1.23720178428877,0.0326704184617584,-1.21557576916569,FALSE,"n500_d4",500,4,72
"gamlss2","sigma","x1",0.151828710624419,0.0166903563747947,0.18,FALSE,"n500_d4",500,4,72
"gamlss2","sigma","x2",0.151527267895403,0.0334372928378815,0.12,FALSE,"n500_d4",500,4,72
"gamlss2","sigma","t",0.0764822263616254,0.0424585443076526,0.15,FALSE,"n500_d4",500,4,72
"gamlss2","nu","intercept",-0.00124411668553501,0.113158779876797,0,FALSE,"n500_d4",500,4,72
"gamlss2","nu","x1",0.245111799501432,0.0521681601494555,0.1,FALSE,"n500_d4",500,4,72
"gamlss2","nu","x2",-0.0370899222352527,0.111513753349603,-0.08,FALSE,"n500_d4",500,4,72
"gamlss2","nu","t",0.0389099742724373,0.137119882321613,0.12,FALSE,"n500_d4",500,4,72
"gamlss2","tau","intercept",0.665620356644145,0.108092432369106,0.5,FALSE,"n500_d4",500,4,72
"gamlss2","tau","x1",-0.0209255789966605,0.0576081423192796,-0.08,FALSE,"n500_d4",500,4,72
"gamlss2","tau","x2",0.239090811487277,0.114995127988755,0.1,FALSE,"n500_d4",500,4,72
"gamlss2","tau","t",-0.165508409040775,0.139520133665255,0.11,FALSE,"n500_d4",500,4,72
"gamlss2","theta","intercept",NA,NA,NA,FALSE,"n500_d4",500,4,72
"gamlss2","theta","x1",NA,NA,NA,FALSE,"n500_d4",500,4,72
"gamlss2","theta","x2",NA,NA,NA,FALSE,"n500_d4",500,4,72
"gamlss2","theta","t",NA,NA,NA,FALSE,"n500_d4",500,4,72
"gamlss2","zeta","intercept",NA,NA,NA,FALSE,"n500_d4",500,4,72
"gamlss2","zeta","x1",NA,NA,NA,FALSE,"n500_d4",500,4,72
"gamlss2","zeta","x2",NA,NA,NA,FALSE,"n500_d4",500,4,72
"gamlss2","zeta","t",NA,NA,NA,FALSE,"n500_d4",500,4,72
"gamlss.longitudinal","mu","intercept",0.796093567802758,0.0165152883648523,0.804820221172155,TRUE,"n500_d4",500,4,73
"gamlss.longitudinal","mu","x1",0.122321796848975,0.0110759918647251,0.12,FALSE,"n500_d4",500,4,73
"gamlss.longitudinal","mu","x2",-0.109862098953776,0.0230366008319966,-0.1,FALSE,"n500_d4",500,4,73
"gamlss.longitudinal","mu","t",0.193848985202411,0.014009795567789,0.18,FALSE,"n500_d4",500,4,73
"gamlss.longitudinal","sigma","intercept",-1.24718176030283,0.0384218488261844,-1.20424330289555,TRUE,"n500_d4",500,4,73
"gamlss.longitudinal","sigma","x1",0.158371072443639,0.0224201328908693,0.18,FALSE,"n500_d4",500,4,73
"gamlss.longitudinal","sigma","x2",0.119636815159654,0.0465680574711387,0.12,FALSE,"n500_d4",500,4,73
"gamlss.longitudinal","sigma","t",0.174097868861307,0.0317284502463361,0.15,FALSE,"n500_d4",500,4,73
"gamlss.longitudinal","nu","intercept",-0.232850953391372,0.0914600519671851,0,TRUE,"n500_d4",500,4,73
"gamlss.longitudinal","nu","x1",0.204499246853612,0.0482781630059366,0.1,FALSE,"n500_d4",500,4,73
"gamlss.longitudinal","nu","x2",-0.0422386585243984,0.101906450637864,-0.08,FALSE,"n500_d4",500,4,73
"gamlss.longitudinal","nu","t",0.243317931812354,0.0919205539371623,0.12,FALSE,"n500_d4",500,4,73
"gamlss.longitudinal","tau","intercept",0.630934779511285,0.0938419554682337,0.5,TRUE,"n500_d4",500,4,73
"gamlss.longitudinal","tau","x1",-0.086453405842266,0.0567675225801451,-0.08,FALSE,"n500_d4",500,4,73
"gamlss.longitudinal","tau","x2",0.0573753205964418,0.112574019908293,0.1,FALSE,"n500_d4",500,4,73
"gamlss.longitudinal","tau","t",0.171045793562328,0.121054922062012,0.11,FALSE,"n500_d4",500,4,73
"gamlss.longitudinal","theta","intercept",1.04390036795464,0.0581805829774856,1.04348673527268,TRUE,"n500_d4",500,4,73
"gamlss.longitudinal","theta","x1",0.246820545065586,0.0329365731509464,0.25,FALSE,"n500_d4",500,4,73
"gamlss.longitudinal","theta","x2",-0.0864567604748867,0.0684690885708925,-0.1,FALSE,"n500_d4",500,4,73
"gamlss.longitudinal","theta","t",0.216727895621446,0.101016760514995,0.2,FALSE,"n500_d4",500,4,73
"gamlss.longitudinal","zeta","intercept",1.72957134164767,0.627301518721173,0.5,TRUE,"n500_d4",500,4,73
"gamlss.longitudinal","zeta","x1",-0.477976829694073,0.376555528594126,0.12,FALSE,"n500_d4",500,4,73
"gamlss.longitudinal","zeta","x2",-0.626907688455758,0.675771750276896,-0.1,FALSE,"n500_d4",500,4,73
"gamlss.longitudinal","zeta","t",-0.831422705742649,1.16319854113186,0.1,FALSE,"n500_d4",500,4,73
"gamlss2","mu","intercept",0.803138224489235,0.0135011313688824,0.804820221172155,FALSE,"n500_d4",500,4,73
"gamlss2","mu","x1",0.124987594013426,0.00751046224131019,0.12,FALSE,"n500_d4",500,4,73
"gamlss2","mu","x2",-0.119910882508425,0.0147747449323418,-0.1,FALSE,"n500_d4",500,4,73
"gamlss2","mu","t",0.188666058339056,0.0193671455321076,0.18,FALSE,"n500_d4",500,4,73
"gamlss2","sigma","intercept",-1.27008431919501,0.0314882527319902,-1.20424330289555,FALSE,"n500_d4",500,4,73
"gamlss2","sigma","x1",0.161520163607109,0.0152475504337877,0.18,FALSE,"n500_d4",500,4,73
"gamlss2","sigma","x2",0.106262496279942,0.0316418927412312,0.12,FALSE,"n500_d4",500,4,73
"gamlss2","sigma","t",0.203903982903024,0.0407997393018027,0.15,FALSE,"n500_d4",500,4,73
"gamlss2","nu","intercept",-0.274436437994674,0.108926899955626,0,FALSE,"n500_d4",500,4,73
"gamlss2","nu","x1",0.209741213396237,0.0503439566968459,0.1,FALSE,"n500_d4",500,4,73
"gamlss2","nu","x2",-0.169134628587112,0.106466388355418,-0.08,FALSE,"n500_d4",500,4,73
"gamlss2","nu","t",0.34103956944558,0.132619710612002,0.12,FALSE,"n500_d4",500,4,73
"gamlss2","tau","intercept",0.573993323551507,0.106630708289936,0.5,FALSE,"n500_d4",500,4,73
"gamlss2","tau","x1",-0.0584845162246882,0.0564300981022792,-0.08,FALSE,"n500_d4",500,4,73
"gamlss2","tau","x2",0.334023036595902,0.118249174522546,0.1,FALSE,"n500_d4",500,4,73
"gamlss2","tau","t",0.102871540646169,0.152060929157356,0.11,FALSE,"n500_d4",500,4,73
"gamlss2","theta","intercept",NA,NA,NA,FALSE,"n500_d4",500,4,73
"gamlss2","theta","x1",NA,NA,NA,FALSE,"n500_d4",500,4,73
"gamlss2","theta","x2",NA,NA,NA,FALSE,"n500_d4",500,4,73
"gamlss2","theta","t",NA,NA,NA,FALSE,"n500_d4",500,4,73
"gamlss2","zeta","intercept",NA,NA,NA,FALSE,"n500_d4",500,4,73
"gamlss2","zeta","x1",NA,NA,NA,FALSE,"n500_d4",500,4,73
"gamlss2","zeta","x2",NA,NA,NA,FALSE,"n500_d4",500,4,73
"gamlss2","zeta","t",NA,NA,NA,FALSE,"n500_d4",500,4,73
"gamlss.longitudinal","mu","intercept",0.758107273500958,0.0171475162725628,0.805665878249356,TRUE,"n500_d4",500,4,74
"gamlss.longitudinal","mu","x1",0.119572769995879,0.0102867189503231,0.12,FALSE,"n500_d4",500,4,74
"gamlss.longitudinal","mu","x2",-0.0538471021940605,0.021867754718731,-0.1,FALSE,"n500_d4",500,4,74
"gamlss.longitudinal","mu","t",0.173662013806467,0.0145540966052813,0.18,FALSE,"n500_d4",500,4,74
"gamlss.longitudinal","sigma","intercept",-1.18040517217452,0.0440480190117948,-1.21696892241621,TRUE,"n500_d4",500,4,74
"gamlss.longitudinal","sigma","x1",0.190526548739074,0.0233223425203261,0.18,FALSE,"n500_d4",500,4,74
"gamlss.longitudinal","sigma","x2",0.110292647560255,0.050975592810511,0.12,FALSE,"n500_d4",500,4,74
"gamlss.longitudinal","sigma","t",0.130916605634208,0.0334812836513563,0.15,FALSE,"n500_d4",500,4,74
"gamlss.longitudinal","nu","intercept",-0.103770205998474,0.0909679997337052,0,TRUE,"n500_d4",500,4,74
"gamlss.longitudinal","nu","x1",0.155412907171788,0.0478767531851572,0.1,FALSE,"n500_d4",500,4,74
"gamlss.longitudinal","nu","x2",0.0650395581949457,0.100820376628037,-0.08,FALSE,"n500_d4",500,4,74
"gamlss.longitudinal","nu","t",0.057076808275027,0.0915450023209949,0.12,FALSE,"n500_d4",500,4,74
"gamlss.longitudinal","tau","intercept",0.513130488744648,0.0984205857314529,0.5,TRUE,"n500_d4",500,4,74
"gamlss.longitudinal","tau","x1",-0.0964275036038053,0.0520670271006533,-0.08,FALSE,"n500_d4",500,4,74
"gamlss.longitudinal","tau","x2",-0.00196470964908894,0.110204972168799,0.1,FALSE,"n500_d4",500,4,74
"gamlss.longitudinal","tau","t",0.237331647191209,0.122713797977027,0.11,FALSE,"n500_d4",500,4,74
"gamlss.longitudinal","theta","intercept",1.10272665084479,0.0678627698536514,1.04873579053536,TRUE,"n500_d4",500,4,74
"gamlss.longitudinal","theta","x1",0.310017697083518,0.0344967319235155,0.25,FALSE,"n500_d4",500,4,74
"gamlss.longitudinal","theta","x2",-0.182891076213508,0.0719080410450067,-0.1,FALSE,"n500_d4",500,4,74
"gamlss.longitudinal","theta","t",0.0735855772873036,0.122640249874483,0.2,FALSE,"n500_d4",500,4,74
"gamlss.longitudinal","zeta","intercept",0.894705324768572,0.788020517789108,0.5,TRUE,"n500_d4",500,4,74
"gamlss.longitudinal","zeta","x1",0.270299559088869,0.407728135104948,0.12,FALSE,"n500_d4",500,4,74
"gamlss.longitudinal","zeta","x2",-0.556707613371371,0.883328582967846,-0.1,FALSE,"n500_d4",500,4,74
"gamlss.longitudinal","zeta","t",-1.59681275520805,1.8983290743435,0.1,FALSE,"n500_d4",500,4,74
"gamlss2","mu","intercept",0.755282738439652,0.0138698016203354,0.805665878249356,FALSE,"n500_d4",500,4,74
"gamlss2","mu","x1",0.114521848652654,0.00689586645672108,0.12,FALSE,"n500_d4",500,4,74
"gamlss2","mu","x2",-0.0462635266258303,0.0143978244037294,-0.1,FALSE,"n500_d4",500,4,74
"gamlss2","mu","t",0.167061372041964,0.0193933662557374,0.18,FALSE,"n500_d4",500,4,74
"gamlss2","sigma","intercept",-1.22179193761702,0.0340114742311647,-1.21696892241621,FALSE,"n500_d4",500,4,74
"gamlss2","sigma","x1",0.187800914113195,0.0156256373555298,0.18,FALSE,"n500_d4",500,4,74
"gamlss2","sigma","x2",0.126709511505564,0.0338707124611147,0.12,FALSE,"n500_d4",500,4,74
"gamlss2","sigma","t",0.158849757880976,0.0442784265437877,0.15,FALSE,"n500_d4",500,4,74
"gamlss2","nu","intercept",-0.123589053497559,0.108163469917156,0,FALSE,"n500_d4",500,4,74
"gamlss2","nu","x1",0.019452874138411,0.0483092969588698,0.1,FALSE,"n500_d4",500,4,74
"gamlss2","nu","x2",0.156694716412325,0.102687146114701,-0.08,FALSE,"n500_d4",500,4,74
"gamlss2","nu","t",0.061330827240351,0.133835215942308,0.12,FALSE,"n500_d4",500,4,74
"gamlss2","tau","intercept",0.643802228581133,0.122150815469935,0.5,FALSE,"n500_d4",500,4,74
"gamlss2","tau","x1",-0.0846298147125793,0.0566952805837988,-0.08,FALSE,"n500_d4",500,4,74
"gamlss2","tau","x2",-0.107190148318066,0.125550809996511,0.1,FALSE,"n500_d4",500,4,74
"gamlss2","tau","t",0.169019314491852,0.155424312024147,0.11,FALSE,"n500_d4",500,4,74
"gamlss2","theta","intercept",NA,NA,NA,FALSE,"n500_d4",500,4,74
"gamlss2","theta","x1",NA,NA,NA,FALSE,"n500_d4",500,4,74
"gamlss2","theta","x2",NA,NA,NA,FALSE,"n500_d4",500,4,74
"gamlss2","theta","t",NA,NA,NA,FALSE,"n500_d4",500,4,74
"gamlss2","zeta","intercept",NA,NA,NA,FALSE,"n500_d4",500,4,74
"gamlss2","zeta","x1",NA,NA,NA,FALSE,"n500_d4",500,4,74
"gamlss2","zeta","x2",NA,NA,NA,FALSE,"n500_d4",500,4,74
"gamlss2","zeta","t",NA,NA,NA,FALSE,"n500_d4",500,4,74
"gamlss.longitudinal","mu","intercept",0.791605699665363,0.0167746776868069,0.8060058659451,TRUE,"n500_d4",500,4,75
"gamlss.longitudinal","mu","x1",0.123285827198567,0.010113261590773,0.12,FALSE,"n500_d4",500,4,75
"gamlss.longitudinal","mu","x2",-0.0888255596508307,0.0219357935687202,-0.1,FALSE,"n500_d4",500,4,75
"gamlss.longitudinal","mu","t",0.168195583687412,0.0145217637883256,0.18,FALSE,"n500_d4",500,4,75
"gamlss.longitudinal","sigma","intercept",-1.25879888203669,0.0412102467321157,-1.19524928486469,TRUE,"n500_d4",500,4,75
"gamlss.longitudinal","sigma","x1",0.200012085428813,0.0249281244977658,0.18,FALSE,"n500_d4",500,4,75
"gamlss.longitudinal","sigma","x2",0.193724905370262,0.0500616788729818,0.12,FALSE,"n500_d4",500,4,75
"gamlss.longitudinal","sigma","t",0.161195062468526,0.0349940093831207,0.15,FALSE,"n500_d4",500,4,75
"gamlss.longitudinal","nu","intercept",0.0871762826533073,0.100949098140233,0,TRUE,"n500_d4",500,4,75
"gamlss.longitudinal","nu","x1",0.0854933863656302,0.060669369395626,0.1,FALSE,"n500_d4",500,4,75
"gamlss.longitudinal","nu","x2",-0.154568010797706,0.103728776476692,-0.08,FALSE,"n500_d4",500,4,75
"gamlss.longitudinal","nu","t",0.0543231604412341,0.106362277119914,0.12,FALSE,"n500_d4",500,4,75
"gamlss.longitudinal","tau","intercept",0.621989174122368,0.098561148331543,0.5,TRUE,"n500_d4",500,4,75
"gamlss.longitudinal","tau","x1",-0.0850725065446487,0.054198487261982,-0.08,FALSE,"n500_d4",500,4,75
"gamlss.longitudinal","tau","x2",-0.0141477823229096,0.103261962070508,0.1,FALSE,"n500_d4",500,4,75
"gamlss.longitudinal","tau","t",-0.0136723388462669,0.119511041842076,0.11,FALSE,"n500_d4",500,4,75
"gamlss.longitudinal","theta","intercept",0.985124961745954,0.0644148689278409,1.03381007304219,TRUE,"n500_d4",500,4,75
"gamlss.longitudinal","theta","x1",0.283911467845708,0.0337073139994399,0.25,FALSE,"n500_d4",500,4,75
"gamlss.longitudinal","theta","x2",-0.0476254587836322,0.0687989724158069,-0.1,FALSE,"n500_d4",500,4,75
"gamlss.longitudinal","theta","t",0.200798311764711,0.11292957287972,0.2,FALSE,"n500_d4",500,4,75
"gamlss.longitudinal","zeta","intercept",0.280030425895072,0.682858045416575,0.5,TRUE,"n500_d4",500,4,75
"gamlss.longitudinal","zeta","x1",0.141612377358777,0.348068431934767,0.12,FALSE,"n500_d4",500,4,75
"gamlss.longitudinal","zeta","x2",-1.08132275189283,0.717858606090436,-0.1,FALSE,"n500_d4",500,4,75
"gamlss.longitudinal","zeta","t",2.35593897265472,1.53821162011707,0.1,FALSE,"n500_d4",500,4,75
"gamlss2","mu","intercept",0.801221384236712,0.0136011798641513,0.8060058659451,FALSE,"n500_d4",500,4,75
"gamlss2","mu","x1",0.126506087522567,0.00744687671193881,0.12,FALSE,"n500_d4",500,4,75
"gamlss2","mu","x2",-0.106216987613205,0.0147922058865535,-0.1,FALSE,"n500_d4",500,4,75
"gamlss2","mu","t",0.173636778075969,0.0191056446521374,0.18,FALSE,"n500_d4",500,4,75
"gamlss2","sigma","intercept",-1.26770940781783,0.0323379996503252,-1.19524928486469,FALSE,"n500_d4",500,4,75
"gamlss2","sigma","x1",0.199732534279845,0.0169825775786257,0.18,FALSE,"n500_d4",500,4,75
"gamlss2","sigma","x2",0.187548924976703,0.0332645562735616,0.12,FALSE,"n500_d4",500,4,75
"gamlss2","sigma","t",0.167805187265927,0.0438778171397106,0.15,FALSE,"n500_d4",500,4,75
"gamlss2","nu","intercept",0.111029216034847,0.114155176105221,0,FALSE,"n500_d4",500,4,75
"gamlss2","nu","x1",0.051566232471059,0.0543596543147346,0.1,FALSE,"n500_d4",500,4,75
"gamlss2","nu","x2",-0.19606090166105,0.106177047089987,-0.08,FALSE,"n500_d4",500,4,75
"gamlss2","nu","t",0.0761369543942141,0.137750466121876,0.12,FALSE,"n500_d4",500,4,75
"gamlss2","tau","intercept",0.619414936575846,0.103523301091038,0.5,FALSE,"n500_d4",500,4,75
"gamlss2","tau","x1",-0.0391449065770437,0.0519418138616635,-0.08,FALSE,"n500_d4",500,4,75
"gamlss2","tau","x2",0.0316628166243435,0.105738011478053,0.1,FALSE,"n500_d4",500,4,75
"gamlss2","tau","t",0.0365326904403407,0.143575961024856,0.11,FALSE,"n500_d4",500,4,75
"gamlss2","theta","intercept",NA,NA,NA,FALSE,"n500_d4",500,4,75
"gamlss2","theta","x1",NA,NA,NA,FALSE,"n500_d4",500,4,75
"gamlss2","theta","x2",NA,NA,NA,FALSE,"n500_d4",500,4,75
"gamlss2","theta","t",NA,NA,NA,FALSE,"n500_d4",500,4,75
"gamlss2","zeta","intercept",NA,NA,NA,FALSE,"n500_d4",500,4,75
"gamlss2","zeta","x1",NA,NA,NA,FALSE,"n500_d4",500,4,75
"gamlss2","zeta","x2",NA,NA,NA,FALSE,"n500_d4",500,4,75
"gamlss2","zeta","t",NA,NA,NA,FALSE,"n500_d4",500,4,75
"gamlss.longitudinal","mu","intercept",0.77370067881224,0.0172233698739188,0.788315436422783,TRUE,"n500_d4",500,4,76
"gamlss.longitudinal","mu","x1",0.127051360738738,0.0123926213924094,0.12,FALSE,"n500_d4",500,4,76
"gamlss.longitudinal","mu","x2",-0.0880367292981328,0.0244181150236022,-0.1,FALSE,"n500_d4",500,4,76
"gamlss.longitudinal","mu","t",0.197954419331218,0.0138566373773202,0.18,FALSE,"n500_d4",500,4,76
"gamlss.longitudinal","sigma","intercept",-1.18039565967161,0.0464159293170865,-1.20493257155037,TRUE,"n500_d4",500,4,76
"gamlss.longitudinal","sigma","x1",0.140522883377555,0.0305245533121354,0.18,FALSE,"n500_d4",500,4,76
"gamlss.longitudinal","sigma","x2",0.111974158568159,0.0551698231628158,0.12,FALSE,"n500_d4",500,4,76
"gamlss.longitudinal","sigma","t",0.0873017956850663,0.0351971544605162,0.15,FALSE,"n500_d4",500,4,76
"gamlss.longitudinal","nu","intercept",-0.00643385803866393,0.105295636477061,0,TRUE,"n500_d4",500,4,76
"gamlss.longitudinal","nu","x1",0.0731596625321414,0.0568253378955013,0.1,FALSE,"n500_d4",500,4,76
"gamlss.longitudinal","nu","x2",-0.0132071710344895,0.106287263365381,-0.08,FALSE,"n500_d4",500,4,76
"gamlss.longitudinal","nu","t",0.185290590130907,0.112408036347312,0.12,FALSE,"n500_d4",500,4,76
"gamlss.longitudinal","tau","intercept",0.458588625074257,0.0911101737490198,0.5,TRUE,"n500_d4",500,4,76
"gamlss.longitudinal","tau","x1",-0.0544406446992427,0.0584715808531403,-0.08,FALSE,"n500_d4",500,4,76
"gamlss.longitudinal","tau","x2",0.136678472717249,0.108583146357906,0.1,FALSE,"n500_d4",500,4,76
"gamlss.longitudinal","tau","t",0.165010715710954,0.117929042134647,0.11,FALSE,"n500_d4",500,4,76
"gamlss.longitudinal","theta","intercept",1.13691394830897,0.060667391408314,1.03869864238422,TRUE,"n500_d4",500,4,76
"gamlss.longitudinal","theta","x1",0.241985012718527,0.039673167202903,0.25,FALSE,"n500_d4",500,4,76
"gamlss.longitudinal","theta","x2",-0.128351965761321,0.0726265879929329,-0.1,FALSE,"n500_d4",500,4,76
"gamlss.longitudinal","theta","t",0.173103362757185,0.100124166140981,0.2,FALSE,"n500_d4",500,4,76
"gamlss.longitudinal","zeta","intercept",1.0683081168359,0.478288284829051,0.5,TRUE,"n500_d4",500,4,76
"gamlss.longitudinal","zeta","x1",0.165061570731603,0.33877700729413,0.12,FALSE,"n500_d4",500,4,76
"gamlss.longitudinal","zeta","x2",-0.207095386444651,0.558808253953768,-0.1,FALSE,"n500_d4",500,4,76
"gamlss.longitudinal","zeta","t",0.338210606934683,0.968104953660363,0.1,FALSE,"n500_d4",500,4,76
"gamlss2","mu","intercept",0.778357882750435,0.0141180676371806,0.788315436422783,FALSE,"n500_d4",500,4,76
"gamlss2","mu","x1",0.127718020839369,0.00798016279899547,0.12,FALSE,"n500_d4",500,4,76
"gamlss2","mu","x2",-0.0894996946100217,0.0153744607135532,-0.1,FALSE,"n500_d4",500,4,76
"gamlss2","mu","t",0.195555196076971,0.0200715933698575,0.18,FALSE,"n500_d4",500,4,76
"gamlss2","sigma","intercept",-1.19926612036175,0.0339395794589294,-1.20493257155037,FALSE,"n500_d4",500,4,76
"gamlss2","sigma","x1",0.146328161831766,0.0186531084825294,0.18,FALSE,"n500_d4",500,4,76
"gamlss2","sigma","x2",0.12335122238237,0.0340456323873513,0.12,FALSE,"n500_d4",500,4,76
"gamlss2","sigma","t",0.0897318809734293,0.0430068588939436,0.15,FALSE,"n500_d4",500,4,76
"gamlss2","nu","intercept",0.0550782071533417,0.118347319670009,0,FALSE,"n500_d4",500,4,76
"gamlss2","nu","x1",0.100192412589314,0.0587365298138722,0.1,FALSE,"n500_d4",500,4,76
"gamlss2","nu","x2",0.0393785357417704,0.111965116491848,-0.08,FALSE,"n500_d4",500,4,76
"gamlss2","nu","t",0.0642318549620586,0.143892284166354,0.12,FALSE,"n500_d4",500,4,76
"gamlss2","tau","intercept",0.492972334732674,0.11049457394558,0.5,FALSE,"n500_d4",500,4,76
"gamlss2","tau","x1",-0.00887878298744198,0.0688110380835403,-0.08,FALSE,"n500_d4",500,4,76
"gamlss2","tau","x2",0.238030542753346,0.119932656629103,0.1,FALSE,"n500_d4",500,4,76
"gamlss2","tau","t",0.134384283995692,0.149895897581656,0.11,FALSE,"n500_d4",500,4,76
"gamlss2","theta","intercept",NA,NA,NA,FALSE,"n500_d4",500,4,76
"gamlss2","theta","x1",NA,NA,NA,FALSE,"n500_d4",500,4,76
"gamlss2","theta","x2",NA,NA,NA,FALSE,"n500_d4",500,4,76
"gamlss2","theta","t",NA,NA,NA,FALSE,"n500_d4",500,4,76
"gamlss2","zeta","intercept",NA,NA,NA,FALSE,"n500_d4",500,4,76
"gamlss2","zeta","x1",NA,NA,NA,FALSE,"n500_d4",500,4,76
"gamlss2","zeta","x2",NA,NA,NA,FALSE,"n500_d4",500,4,76
"gamlss2","zeta","t",NA,NA,NA,FALSE,"n500_d4",500,4,76
"gamlss.longitudinal","mu","intercept",0.792619647812369,0.0156819726800304,0.800540669777146,TRUE,"n500_d4",500,4,77
"gamlss.longitudinal","mu","x1",0.133182289119486,0.0106562266052412,0.12,FALSE,"n500_d4",500,4,77
"gamlss.longitudinal","mu","x2",-0.110962339910673,0.0216394204815758,-0.1,FALSE,"n500_d4",500,4,77
"gamlss.longitudinal","mu","t",0.164131940418647,0.0133038109685597,0.18,FALSE,"n500_d4",500,4,77
"gamlss.longitudinal","sigma","intercept",-1.2403524509786,0.0419067973336685,-1.20970587909444,TRUE,"n500_d4",500,4,77
"gamlss.longitudinal","sigma","x1",0.166381976095106,0.0240937148985909,0.18,FALSE,"n500_d4",500,4,77
"gamlss.longitudinal","sigma","x2",0.114904370317256,0.0499570959132532,0.12,FALSE,"n500_d4",500,4,77
"gamlss.longitudinal","sigma","t",0.121619042064576,0.0344735245918462,0.15,FALSE,"n500_d4",500,4,77
"gamlss.longitudinal","nu","intercept",0.00112207910490885,0.103720173327447,0,TRUE,"n500_d4",500,4,77
"gamlss.longitudinal","nu","x1",0.123347956213408,0.0524885833383608,0.1,FALSE,"n500_d4",500,4,77
"gamlss.longitudinal","nu","x2",0.00744252290813081,0.108610710598176,-0.08,FALSE,"n500_d4",500,4,77
"gamlss.longitudinal","nu","t",-0.0281539728992956,0.112627941694295,0.12,FALSE,"n500_d4",500,4,77
"gamlss.longitudinal","tau","intercept",0.485201107656159,0.0913123549517064,0.5,TRUE,"n500_d4",500,4,77
"gamlss.longitudinal","tau","x1",-0.136251547414454,0.054045417404519,-0.08,FALSE,"n500_d4",500,4,77
"gamlss.longitudinal","tau","x2",0.235042712817155,0.113040130068243,0.1,FALSE,"n500_d4",500,4,77
"gamlss.longitudinal","tau","t",0.0234835027944357,0.114318438928023,0.11,FALSE,"n500_d4",500,4,77
"gamlss.longitudinal","theta","intercept",1.11914691320461,0.0632279060561272,1.04499446634023,TRUE,"n500_d4",500,4,77
"gamlss.longitudinal","theta","x1",0.24995069542464,0.031834029229387,0.25,FALSE,"n500_d4",500,4,77
"gamlss.longitudinal","theta","x2",-0.29422517478304,0.0709966597037212,-0.1,FALSE,"n500_d4",500,4,77
"gamlss.longitudinal","theta","t",0.105491880327417,0.115914788222351,0.2,FALSE,"n500_d4",500,4,77
"gamlss.longitudinal","zeta","intercept",0.656250757997956,0.672774535460515,0.5,TRUE,"n500_d4",500,4,77
"gamlss.longitudinal","zeta","x1",0.336177588846656,0.40402043925185,0.12,FALSE,"n500_d4",500,4,77
"gamlss.longitudinal","zeta","x2",-0.604020021451319,0.699297429810338,-0.1,FALSE,"n500_d4",500,4,77
"gamlss.longitudinal","zeta","t",0.0157487335662707,1.32847607825469,0.1,FALSE,"n500_d4",500,4,77
"gamlss2","mu","intercept",0.795092592715038,0.0135341983505884,0.800540669777146,FALSE,"n500_d4",500,4,77
"gamlss2","mu","x1",0.138930907481974,0.00716519744458678,0.12,FALSE,"n500_d4",500,4,77
"gamlss2","mu","x2",-0.11734767825711,0.0150539075226588,-0.1,FALSE,"n500_d4",500,4,77
"gamlss2","mu","t",0.165385562280206,0.0190897168548042,0.18,FALSE,"n500_d4",500,4,77
"gamlss2","sigma","intercept",-1.23373446366617,0.0313371156042126,-1.20970587909444,FALSE,"n500_d4",500,4,77
"gamlss2","sigma","x1",0.174230982960533,0.0163436738025675,0.18,FALSE,"n500_d4",500,4,77
"gamlss2","sigma","x2",0.116738936710666,0.0331581123003305,0.12,FALSE,"n500_d4",500,4,77
"gamlss2","sigma","t",0.100456257778747,0.0429032255591926,0.15,FALSE,"n500_d4",500,4,77
"gamlss2","nu","intercept",-0.0547090717512235,0.114276174837264,0,FALSE,"n500_d4",500,4,77
"gamlss2","nu","x1",0.145743677667443,0.0556082065984935,0.1,FALSE,"n500_d4",500,4,77
"gamlss2","nu","x2",0.0747610816551621,0.111228807334373,-0.08,FALSE,"n500_d4",500,4,77
"gamlss2","nu","t",0.00767441343721163,0.143793280517994,0.12,FALSE,"n500_d4",500,4,77
"gamlss2","tau","intercept",0.591314511090629,0.0973555222099459,0.5,FALSE,"n500_d4",500,4,77
"gamlss2","tau","x1",-0.0550864504156234,0.0524403573245153,-0.08,FALSE,"n500_d4",500,4,77
"gamlss2","tau","x2",0.226019680819674,0.109842840753876,0.1,FALSE,"n500_d4",500,4,77
"gamlss2","tau","t",-0.069070188683972,0.136771842667145,0.11,FALSE,"n500_d4",500,4,77
"gamlss2","theta","intercept",NA,NA,NA,FALSE,"n500_d4",500,4,77
"gamlss2","theta","x1",NA,NA,NA,FALSE,"n500_d4",500,4,77
"gamlss2","theta","x2",NA,NA,NA,FALSE,"n500_d4",500,4,77
"gamlss2","theta","t",NA,NA,NA,FALSE,"n500_d4",500,4,77
"gamlss2","zeta","intercept",NA,NA,NA,FALSE,"n500_d4",500,4,77
"gamlss2","zeta","x1",NA,NA,NA,FALSE,"n500_d4",500,4,77
"gamlss2","zeta","x2",NA,NA,NA,FALSE,"n500_d4",500,4,77
"gamlss2","zeta","t",NA,NA,NA,FALSE,"n500_d4",500,4,77
"gamlss.longitudinal","mu","intercept",0.780834369589841,0.0117325648476961,0.755672236096382,TRUE,"n500_d4",500,4,78
"gamlss.longitudinal","mu","x1",0.130517964141028,0.0101456943695143,0.12,FALSE,"n500_d4",500,4,78
"gamlss.longitudinal","mu","x2",-0.132609192172655,0.0206062610148146,-0.1,FALSE,"n500_d4",500,4,78
"gamlss.longitudinal","mu","t",0.178296261724903,0.0125347598275222,0.18,FALSE,"n500_d4",500,4,78
"gamlss.longitudinal","sigma","intercept",-1.16976257141961,0.0463883469527146,-1.22729718251441,TRUE,"n500_d4",500,4,78
"gamlss.longitudinal","sigma","x1",0.144732088381979,0.0235432632211722,0.18,FALSE,"n500_d4",500,4,78
"gamlss.longitudinal","sigma","x2",0.100411743936452,0.0541789145743028,0.12,FALSE,"n500_d4",500,4,78
"gamlss.longitudinal","sigma","t",0.0574615951224674,0.0333292153142381,0.15,FALSE,"n500_d4",500,4,78
"gamlss.longitudinal","nu","intercept",0.0630493492922837,0.0960569156044389,0,TRUE,"n500_d4",500,4,78
"gamlss.longitudinal","nu","x1",0.0911647950004374,0.0501637711063175,0.1,FALSE,"n500_d4",500,4,78
"gamlss.longitudinal","nu","x2",-0.130534220823392,0.112571690840746,-0.08,FALSE,"n500_d4",500,4,78
"gamlss.longitudinal","nu","t",0.212160945032993,0.0913595822242459,0.12,FALSE,"n500_d4",500,4,78
"gamlss.longitudinal","tau","intercept",0.256649892245666,0.0865116650218422,0.5,TRUE,"n500_d4",500,4,78
"gamlss.longitudinal","tau","x1",-0.0412551272357596,0.048608668867435,-0.08,FALSE,"n500_d4",500,4,78
"gamlss.longitudinal","tau","x2",0.528109243413105,0.120962279896858,0.1,FALSE,"n500_d4",500,4,78
"gamlss.longitudinal","tau","t",0.173015132338537,0.111170988319554,0.11,FALSE,"n500_d4",500,4,78
"gamlss.longitudinal","theta","intercept",1.10483315183943,0.0614458927650626,1.04657120846531,TRUE,"n500_d4",500,4,78
"gamlss.longitudinal","theta","x1",0.212605378519216,0.0306429317010435,0.25,FALSE,"n500_d4",500,4,78
"gamlss.longitudinal","theta","x2",-0.152912031694787,0.0719648131628974,-0.1,FALSE,"n500_d4",500,4,78
"gamlss.longitudinal","theta","t",0.130108049453684,0.107012319673174,0.2,FALSE,"n500_d4",500,4,78
"gamlss.longitudinal","zeta","intercept",1.07697759180102,0.636235720205874,0.5,TRUE,"n500_d4",500,4,78
"gamlss.longitudinal","zeta","x1",0.418828627664277,0.311312308682765,0.12,FALSE,"n500_d4",500,4,78
"gamlss.longitudinal","zeta","x2",-1.09274526632256,0.781896299782662,-0.1,FALSE,"n500_d4",500,4,78
"gamlss.longitudinal","zeta","t",-0.513857735053288,1.19318058967486,0.1,FALSE,"n500_d4",500,4,78
"gamlss2","mu","intercept",0.781929517145038,0.0131046260867287,0.755672236096382,FALSE,"n500_d4",500,4,78
"gamlss2","mu","x1",0.137449982562816,0.00688933017571095,0.12,FALSE,"n500_d4",500,4,78
"gamlss2","mu","x2",-0.133247890548939,0.0148285613985371,-0.1,FALSE,"n500_d4",500,4,78
"gamlss2","mu","t",0.186179564066986,0.0189100416236293,0.18,FALSE,"n500_d4",500,4,78
"gamlss2","sigma","intercept",-1.18297180456587,0.0357386481677763,-1.22729718251441,FALSE,"n500_d4",500,4,78
"gamlss2","sigma","x1",0.142412381075228,0.0163187154782477,0.18,FALSE,"n500_d4",500,4,78
"gamlss2","sigma","x2",0.109548049807235,0.0358888682397372,0.12,FALSE,"n500_d4",500,4,78
"gamlss2","sigma","t",0.0501885024830984,0.0444042627042299,0.15,FALSE,"n500_d4",500,4,78
"gamlss2","nu","intercept",0.103549931968607,0.113148691882361,0,FALSE,"n500_d4",500,4,78
"gamlss2","nu","x1",0.210012263995321,0.0495185842764577,0.1,FALSE,"n500_d4",500,4,78
"gamlss2","nu","x2",-0.224401062804414,0.115613276161475,-0.08,FALSE,"n500_d4",500,4,78
"gamlss2","nu","t",0.296136778667867,0.140319142333612,0.12,FALSE,"n500_d4",500,4,78
"gamlss2","tau","intercept",0.286867522947802,0.100158174320942,0.5,FALSE,"n500_d4",500,4,78
"gamlss2","tau","x1",-0.0569750140834409,0.0476076008983403,-0.08,FALSE,"n500_d4",500,4,78
"gamlss2","tau","x2",0.46491806446355,0.113239342642441,0.1,FALSE,"n500_d4",500,4,78
"gamlss2","tau","t",0.230375381528274,0.14096977646176,0.11,FALSE,"n500_d4",500,4,78
"gamlss2","theta","intercept",NA,NA,NA,FALSE,"n500_d4",500,4,78
"gamlss2","theta","x1",NA,NA,NA,FALSE,"n500_d4",500,4,78
"gamlss2","theta","x2",NA,NA,NA,FALSE,"n500_d4",500,4,78
"gamlss2","theta","t",NA,NA,NA,FALSE,"n500_d4",500,4,78
"gamlss2","zeta","intercept",NA,NA,NA,FALSE,"n500_d4",500,4,78
"gamlss2","zeta","x1",NA,NA,NA,FALSE,"n500_d4",500,4,78
"gamlss2","zeta","x2",NA,NA,NA,FALSE,"n500_d4",500,4,78
"gamlss2","zeta","t",NA,NA,NA,FALSE,"n500_d4",500,4,78
"gamlss.longitudinal","mu","intercept",0.740053000218785,0.0148578681625711,0.767535930418105,TRUE,"n500_d4",500,4,79
"gamlss.longitudinal","mu","x1",0.11881735970272,0.00775324078253907,0.12,FALSE,"n500_d4",500,4,79
"gamlss.longitudinal","mu","x2",-0.0934806491543114,0.0212004058587341,-0.1,FALSE,"n500_d4",500,4,79
"gamlss.longitudinal","mu","t",0.196409599583898,0.0140991398458463,0.18,FALSE,"n500_d4",500,4,79
"gamlss.longitudinal","sigma","intercept",-1.23162036276764,0.0397729646302472,-1.21824836428769,TRUE,"n500_d4",500,4,79
"gamlss.longitudinal","sigma","x1",0.150267261538872,0.0237561083465098,0.18,FALSE,"n500_d4",500,4,79
"gamlss.longitudinal","sigma","x2",0.0974487698600753,0.0512483393223394,0.12,FALSE,"n500_d4",500,4,79
"gamlss.longitudinal","sigma","t",0.154394243971329,0.0353023706564584,0.15,FALSE,"n500_d4",500,4,79
"gamlss.longitudinal","nu","intercept",-0.0339926017043941,0.090211219877682,0,TRUE,"n500_d4",500,4,79
"gamlss.longitudinal","nu","x1",0.133944184003476,0.0440464074088149,0.1,FALSE,"n500_d4",500,4,79
"gamlss.longitudinal","nu","x2",0.0672269051040374,0.0996504253600798,-0.08,FALSE,"n500_d4",500,4,79
"gamlss.longitudinal","nu","t",-0.0215307071908713,0.099597200678576,0.12,FALSE,"n500_d4",500,4,79
"gamlss.longitudinal","tau","intercept",0.608248764583056,0.0938280998797287,0.5,TRUE,"n500_d4",500,4,79
"gamlss.longitudinal","tau","x1",-0.10722322339392,0.054433520439789,-0.08,FALSE,"n500_d4",500,4,79
"gamlss.longitudinal","tau","x2",-0.0587720073093178,0.109867013373562,0.1,FALSE,"n500_d4",500,4,79
"gamlss.longitudinal","tau","t",0.0385299221482877,0.108426602158132,0.11,FALSE,"n500_d4",500,4,79
"gamlss.longitudinal","theta","intercept",0.998513764906588,0.0647279017337521,1.04487137732757,TRUE,"n500_d4",500,4,79
"gamlss.longitudinal","theta","x1",0.223603414137524,0.0331359213388775,0.25,FALSE,"n500_d4",500,4,79
"gamlss.longitudinal","theta","x2",-0.119885467681909,0.0728156476717748,-0.1,FALSE,"n500_d4",500,4,79
"gamlss.longitudinal","theta","t",0.151199948251396,0.117162654602337,0.2,FALSE,"n500_d4",500,4,79
"gamlss.longitudinal","zeta","intercept",0.261643858900669,0.76546176803626,0.5,TRUE,"n500_d4",500,4,79
"gamlss.longitudinal","zeta","x1",0.114830076774923,0.325758936800985,0.12,FALSE,"n500_d4",500,4,79
"gamlss.longitudinal","zeta","x2",-0.617767949713025,0.811156364013726,-0.1,FALSE,"n500_d4",500,4,79
"gamlss.longitudinal","zeta","t",0.562500975378838,1.40441156821166,0.1,FALSE,"n500_d4",500,4,79
"gamlss2","mu","intercept",0.740000799589338,0.0134200914842806,0.767535930418105,FALSE,"n500_d4",500,4,79
"gamlss2","mu","x1",0.123017688772806,0.00639289524052348,0.12,FALSE,"n500_d4",500,4,79
"gamlss2","mu","x2",-0.0822691871315405,0.0142608134585114,-0.1,FALSE,"n500_d4",500,4,79
"gamlss2","mu","t",0.188487395131316,0.018744801393812,0.18,FALSE,"n500_d4",500,4,79
"gamlss2","sigma","intercept",-1.25427666811165,0.0314412187940226,-1.21824836428769,FALSE,"n500_d4",500,4,79
"gamlss2","sigma","x1",0.14819296732789,0.016127237438152,0.18,FALSE,"n500_d4",500,4,79
"gamlss2","sigma","x2",0.109678249206021,0.033923475814584,0.12,FALSE,"n500_d4",500,4,79
"gamlss2","sigma","t",0.175978569579146,0.0441439513896639,0.15,FALSE,"n500_d4",500,4,79
"gamlss2","nu","intercept",0.0181831248895434,0.107046044953541,0,FALSE,"n500_d4",500,4,79
"gamlss2","nu","x1",0.123478920046163,0.0484318017470964,0.1,FALSE,"n500_d4",500,4,79
"gamlss2","nu","x2",0.0615435082850828,0.106360120376247,-0.08,FALSE,"n500_d4",500,4,79
"gamlss2","nu","t",-0.00702406120290941,0.138651989447463,0.12,FALSE,"n500_d4",500,4,79
"gamlss2","tau","intercept",0.674646331441225,0.104755428158587,0.5,FALSE,"n500_d4",500,4,79
"gamlss2","tau","x1",-0.128951334722511,0.0532767475129696,-0.08,FALSE,"n500_d4",500,4,79
"gamlss2","tau","x2",-0.178521318651165,0.109559471474386,0.1,FALSE,"n500_d4",500,4,79
"gamlss2","tau","t",0.0850184486712558,0.141354315084035,0.11,FALSE,"n500_d4",500,4,79
"gamlss2","theta","intercept",NA,NA,NA,FALSE,"n500_d4",500,4,79
"gamlss2","theta","x1",NA,NA,NA,FALSE,"n500_d4",500,4,79
"gamlss2","theta","x2",NA,NA,NA,FALSE,"n500_d4",500,4,79
"gamlss2","theta","t",NA,NA,NA,FALSE,"n500_d4",500,4,79
"gamlss2","zeta","intercept",NA,NA,NA,FALSE,"n500_d4",500,4,79
"gamlss2","zeta","x1",NA,NA,NA,FALSE,"n500_d4",500,4,79
"gamlss2","zeta","x2",NA,NA,NA,FALSE,"n500_d4",500,4,79
"gamlss2","zeta","t",NA,NA,NA,FALSE,"n500_d4",500,4,79
"gamlss.longitudinal","mu","intercept",0.796843834136103,0.0175333524584262,0.784593238441522,TRUE,"n500_d4",500,4,80
"gamlss.longitudinal","mu","x1",0.108084037087405,0.0108624684988431,0.12,FALSE,"n500_d4",500,4,80
"gamlss.longitudinal","mu","x2",-0.103813157451829,0.0225730456864055,-0.1,FALSE,"n500_d4",500,4,80
"gamlss.longitudinal","mu","t",0.178506052872681,0.0146458084378037,0.18,FALSE,"n500_d4",500,4,80
"gamlss.longitudinal","sigma","intercept",-1.19920695478441,0.0518599122267082,-1.20799771183068,TRUE,"n500_d4",500,4,80
"gamlss.longitudinal","sigma","x1",0.168206000078333,0.0251859773315056,0.18,FALSE,"n500_d4",500,4,80
"gamlss.longitudinal","sigma","x2",0.0299701752644495,0.0551574734030411,0.12,FALSE,"n500_d4",500,4,80
"gamlss.longitudinal","sigma","t",0.19398849746135,0.0361757651658358,0.15,FALSE,"n500_d4",500,4,80
"gamlss.longitudinal","nu","intercept",0.0551340524984263,0.106246397826459,0,TRUE,"n500_d4",500,4,80
"gamlss.longitudinal","nu","x1",0.0298247597745159,0.0526983322823141,0.1,FALSE,"n500_d4",500,4,80
"gamlss.longitudinal","nu","x2",-0.140512751397174,0.101082678157555,-0.08,FALSE,"n500_d4",500,4,80
"gamlss.longitudinal","nu","t",0.18445882055013,0.0993639893820542,0.12,FALSE,"n500_d4",500,4,80
"gamlss.longitudinal","tau","intercept",0.373751029778488,0.104064007197342,0.5,TRUE,"n500_d4",500,4,80
"gamlss.longitudinal","tau","x1",-0.0511887661123209,0.0553612262852514,-0.08,FALSE,"n500_d4",500,4,80
"gamlss.longitudinal","tau","x2",0.242294193074247,0.109941994643518,0.1,FALSE,"n500_d4",500,4,80
"gamlss.longitudinal","tau","t",0.254086142587866,0.116766414577394,0.11,FALSE,"n500_d4",500,4,80
"gamlss.longitudinal","theta","intercept",1.04321547040091,0.0693201652417273,1.04036317744395,TRUE,"n500_d4",500,4,80
"gamlss.longitudinal","theta","x1",0.228039149579754,0.0356632791741951,0.25,FALSE,"n500_d4",500,4,80
"gamlss.longitudinal","theta","x2",-0.195559800064587,0.0743130605154287,-0.1,FALSE,"n500_d4",500,4,80
"gamlss.longitudinal","theta","t",0.260460225989591,0.1083420569916,0.2,FALSE,"n500_d4",500,4,80
"gamlss.longitudinal","zeta","intercept",0.159782766055343,0.613803226545134,0.5,TRUE,"n500_d4",500,4,80
"gamlss.longitudinal","zeta","x1",0.169179902819927,0.357745844248395,0.12,FALSE,"n500_d4",500,4,80
"gamlss.longitudinal","zeta","x2",0.437420426745618,0.653034119742861,-0.1,FALSE,"n500_d4",500,4,80
"gamlss.longitudinal","zeta","t",0.907573230941177,1.18552802020622,0.1,FALSE,"n500_d4",500,4,80
"gamlss2","mu","intercept",0.797492541285004,0.0142977393940692,0.784593238441522,FALSE,"n500_d4",500,4,80
"gamlss2","mu","x1",0.11040202833666,0.00755656060370342,0.12,FALSE,"n500_d4",500,4,80
"gamlss2","mu","x2",-0.107837726240347,0.0149902620970366,-0.1,FALSE,"n500_d4",500,4,80
"gamlss2","mu","t",0.187167356878197,0.0198751163465184,0.18,FALSE,"n500_d4",500,4,80
"gamlss2","sigma","intercept",-1.21038554766378,0.0373463367810928,-1.20799771183068,FALSE,"n500_d4",500,4,80
"gamlss2","sigma","x1",0.175237416635725,0.0176602685429932,0.18,FALSE,"n500_d4",500,4,80
"gamlss2","sigma","x2",0.0402856881077538,0.0353575640242547,0.12,FALSE,"n500_d4",500,4,80
"gamlss2","sigma","t",0.192573675730101,0.0440243736305128,0.15,FALSE,"n500_d4",500,4,80
"gamlss2","nu","intercept",-0.0380892568379122,0.123471114954569,0,FALSE,"n500_d4",500,4,80
"gamlss2","nu","x1",0.128676819909911,0.0575527039957829,0.1,FALSE,"n500_d4",500,4,80
"gamlss2","nu","x2",-0.187610494716298,0.109305290872241,-0.08,FALSE,"n500_d4",500,4,80
"gamlss2","nu","t",0.258735618930962,0.137449787522301,0.12,FALSE,"n500_d4",500,4,80
"gamlss2","tau","intercept",0.39183465917141,0.112747433314451,0.5,FALSE,"n500_d4",500,4,80
"gamlss2","tau","x1",-0.0609847443627164,0.0570787860780432,-0.08,FALSE,"n500_d4",500,4,80
"gamlss2","tau","x2",0.242856638094648,0.11534775878007,0.1,FALSE,"n500_d4",500,4,80
"gamlss2","tau","t",0.296856180487305,0.140754804636131,0.11,FALSE,"n500_d4",500,4,80
"gamlss2","theta","intercept",NA,NA,NA,FALSE,"n500_d4",500,4,80
"gamlss2","theta","x1",NA,NA,NA,FALSE,"n500_d4",500,4,80
"gamlss2","theta","x2",NA,NA,NA,FALSE,"n500_d4",500,4,80
"gamlss2","theta","t",NA,NA,NA,FALSE,"n500_d4",500,4,80
"gamlss2","zeta","intercept",NA,NA,NA,FALSE,"n500_d4",500,4,80
"gamlss2","zeta","x1",NA,NA,NA,FALSE,"n500_d4",500,4,80
"gamlss2","zeta","x2",NA,NA,NA,FALSE,"n500_d4",500,4,80
"gamlss2","zeta","t",NA,NA,NA,FALSE,"n500_d4",500,4,80
"gamlss.longitudinal","mu","intercept",0.780901107128584,0.0171530022835297,0.76398778487822,TRUE,"n500_d4",500,4,81
"gamlss.longitudinal","mu","x1",0.136981351256561,0.010631812702391,0.12,FALSE,"n500_d4",500,4,81
"gamlss.longitudinal","mu","x2",-0.122326548534992,0.0221511479944773,-0.1,FALSE,"n500_d4",500,4,81
"gamlss.longitudinal","mu","t",0.195158306125024,0.0144225905879654,0.18,FALSE,"n500_d4",500,4,81
"gamlss.longitudinal","sigma","intercept",-1.20405987258446,0.0448592764104722,-1.2148413396174,TRUE,"n500_d4",500,4,81
"gamlss.longitudinal","sigma","x1",0.224253364272733,0.0255390683437392,0.18,FALSE,"n500_d4",500,4,81
"gamlss.longitudinal","sigma","x2",0.0552624079152249,0.0526281416853691,0.12,FALSE,"n500_d4",500,4,81
"gamlss.longitudinal","sigma","t",0.187947105027257,0.0358581248461091,0.15,FALSE,"n500_d4",500,4,81
"gamlss.longitudinal","nu","intercept",-0.158558676815442,0.101256667893058,0,TRUE,"n500_d4",500,4,81
"gamlss.longitudinal","nu","x1",0.118374093609296,0.0539055345139986,0.1,FALSE,"n500_d4",500,4,81
"gamlss.longitudinal","nu","x2",0.0997979583844388,0.102197887797462,-0.08,FALSE,"n500_d4",500,4,81
"gamlss.longitudinal","nu","t",0.211133140866852,0.100887310117024,0.12,FALSE,"n500_d4",500,4,81
"gamlss.longitudinal","tau","intercept",0.497973448562887,0.0966535174421722,0.5,TRUE,"n500_d4",500,4,81
"gamlss.longitudinal","tau","x1",-0.0852723178189317,0.0488052048140626,-0.08,FALSE,"n500_d4",500,4,81
"gamlss.longitudinal","tau","x2",-0.000536497302291433,0.104600388064304,0.1,FALSE,"n500_d4",500,4,81
"gamlss.longitudinal","tau","t",0.14543204389865,0.107884392854634,0.11,FALSE,"n500_d4",500,4,81
"gamlss.longitudinal","theta","intercept",1.06679520965943,0.061966371798574,1.04049652311364,TRUE,"n500_d4",500,4,81
"gamlss.longitudinal","theta","x1",0.25685006152309,0.0334995222773457,0.25,FALSE,"n500_d4",500,4,81
"gamlss.longitudinal","theta","x2",-0.0957737085532011,0.0695877132953042,-0.1,FALSE,"n500_d4",500,4,81
"gamlss.longitudinal","theta","t",0.225952608083559,0.0995395278146725,0.2,FALSE,"n500_d4",500,4,81
"gamlss.longitudinal","zeta","intercept",0.807766110743398,0.582315679657919,0.5,TRUE,"n500_d4",500,4,81
"gamlss.longitudinal","zeta","x1",0.229526835939873,0.314227456693777,0.12,FALSE,"n500_d4",500,4,81
"gamlss.longitudinal","zeta","x2",0.625679756151692,0.600294165698991,-0.1,FALSE,"n500_d4",500,4,81
"gamlss.longitudinal","zeta","t",-0.0823773224382946,0.99724723280876,0.1,FALSE,"n500_d4",500,4,81
"gamlss2","mu","intercept",0.783001115300804,0.0140036456507518,0.76398778487822,FALSE,"n500_d4",500,4,81
"gamlss2","mu","x1",0.138408383998102,0.00776085763495282,0.12,FALSE,"n500_d4",500,4,81
"gamlss2","mu","x2",-0.121578992017325,0.0157837870928406,-0.1,FALSE,"n500_d4",500,4,81
"gamlss2","mu","t",0.197039157350576,0.0204709220232646,0.18,FALSE,"n500_d4",500,4,81
"gamlss2","sigma","intercept",-1.18065983674747,0.0366615011071269,-1.2148413396174,FALSE,"n500_d4",500,4,81
"gamlss2","sigma","x1",0.208348962203124,0.0171512697053023,0.18,FALSE,"n500_d4",500,4,81
"gamlss2","sigma","x2",0.0483823782521721,0.0357066342842936,0.12,FALSE,"n500_d4",500,4,81
"gamlss2","sigma","t",0.198692504560173,0.046751879538037,0.15,FALSE,"n500_d4",500,4,81
"gamlss2","nu","intercept",-0.0972386643710689,0.118065429938754,0,FALSE,"n500_d4",500,4,81
"gamlss2","nu","x1",0.0408486654735128,0.0568331095863198,0.1,FALSE,"n500_d4",500,4,81
"gamlss2","nu","x2",0.0100499735621753,0.106510952676989,-0.08,FALSE,"n500_d4",500,4,81
"gamlss2","nu","t",0.257466810950555,0.140624152138214,0.12,FALSE,"n500_d4",500,4,81
"gamlss2","tau","intercept",0.459545468633008,0.0974154944542603,0.5,FALSE,"n500_d4",500,4,81
"gamlss2","tau","x1",-0.0797057757944493,0.0453032657822753,-0.08,FALSE,"n500_d4",500,4,81
"gamlss2","tau","x2",-0.0975400348208421,0.098636961702125,0.1,FALSE,"n500_d4",500,4,81
"gamlss2","tau","t",0.22259968715916,0.128828615539841,0.11,FALSE,"n500_d4",500,4,81
"gamlss2","theta","intercept",NA,NA,NA,FALSE,"n500_d4",500,4,81
"gamlss2","theta","x1",NA,NA,NA,FALSE,"n500_d4",500,4,81
"gamlss2","theta","x2",NA,NA,NA,FALSE,"n500_d4",500,4,81
"gamlss2","theta","t",NA,NA,NA,FALSE,"n500_d4",500,4,81
"gamlss2","zeta","intercept",NA,NA,NA,FALSE,"n500_d4",500,4,81
"gamlss2","zeta","x1",NA,NA,NA,FALSE,"n500_d4",500,4,81
"gamlss2","zeta","x2",NA,NA,NA,FALSE,"n500_d4",500,4,81
"gamlss2","zeta","t",NA,NA,NA,FALSE,"n500_d4",500,4,81
"gamlss.longitudinal","mu","intercept",0.762438919483492,0.0158778777632667,0.786792486897126,TRUE,"n500_d4",500,4,82
"gamlss.longitudinal","mu","x1",0.113088104486479,0.0103765170536007,0.12,FALSE,"n500_d4",500,4,82
"gamlss.longitudinal","mu","x2",-0.108705704410037,0.0214235586418389,-0.1,FALSE,"n500_d4",500,4,82
"gamlss.longitudinal","mu","t",0.17614238665185,0.0133295087916794,0.18,FALSE,"n500_d4",500,4,82
"gamlss.longitudinal","sigma","intercept",-1.29029861767084,0.0426055012955393,-1.2309503473102,TRUE,"n500_d4",500,4,82
"gamlss.longitudinal","sigma","x1",0.228889900252478,0.0262385067100175,0.18,FALSE,"n500_d4",500,4,82
"gamlss.longitudinal","sigma","x2",0.185883695133296,0.0541286378681565,0.12,FALSE,"n500_d4",500,4,82
"gamlss.longitudinal","sigma","t",0.167745408651603,0.0330993386101921,0.15,FALSE,"n500_d4",500,4,82
"gamlss.longitudinal","nu","intercept",0.025085279944574,0.0950726102988641,0,TRUE,"n500_d4",500,4,82
"gamlss.longitudinal","nu","x1",0.17985865227767,0.0584048229334808,0.1,FALSE,"n500_d4",500,4,82
"gamlss.longitudinal","nu","x2",-0.146711788737429,0.114126665095764,-0.08,FALSE,"n500_d4",500,4,82
"gamlss.longitudinal","nu","t",0.137294090923161,0.11518880013265,0.12,FALSE,"n500_d4",500,4,82
"gamlss.longitudinal","tau","intercept",0.596567433849033,0.0899244333313853,0.5,TRUE,"n500_d4",500,4,82
"gamlss.longitudinal","tau","x1",-0.0921594310712135,0.0516867063046154,-0.08,FALSE,"n500_d4",500,4,82
"gamlss.longitudinal","tau","x2",-0.12594617108276,0.107712918360393,0.1,FALSE,"n500_d4",500,4,82
"gamlss.longitudinal","tau","t",0.0840905207445698,0.100507856013239,0.11,FALSE,"n500_d4",500,4,82
"gamlss.longitudinal","theta","intercept",0.996152379233036,0.0648456177309429,1.05617207432436,TRUE,"n500_d4",500,4,82
"gamlss.longitudinal","theta","x1",0.295456481896255,0.0366747717377149,0.25,FALSE,"n500_d4",500,4,82
"gamlss.longitudinal","theta","x2",0.00184825379660296,0.0720510888258927,-0.1,FALSE,"n500_d4",500,4,82
"gamlss.longitudinal","theta","t",0.385229589062812,0.111539292315768,0.2,FALSE,"n500_d4",500,4,82
"gamlss.longitudinal","zeta","intercept",0.462160534611864,0.668797454903205,0.5,TRUE,"n500_d4",500,4,82
"gamlss.longitudinal","zeta","x1",-0.190564684581645,0.311730519222456,0.12,FALSE,"n500_d4",500,4,82
"gamlss.longitudinal","zeta","x2",-0.299989487817764,0.690759452552796,-0.1,FALSE,"n500_d4",500,4,82
"gamlss.longitudinal","zeta","t",0.443290209146908,1.23222363912765,0.1,FALSE,"n500_d4",500,4,82
"gamlss2","mu","intercept",0.768533230789686,0.0126989286924996,0.786792486897126,FALSE,"n500_d4",500,4,82
"gamlss2","mu","x1",0.118662282670398,0.00714164301559406,0.12,FALSE,"n500_d4",500,4,82
"gamlss2","mu","x2",-0.111968672761117,0.0140257799023358,-0.1,FALSE,"n500_d4",500,4,82
"gamlss2","mu","t",0.177345586802018,0.0183085453228147,0.18,FALSE,"n500_d4",500,4,82
"gamlss2","sigma","intercept",-1.30689774472894,0.0327097300110847,-1.2309503473102,FALSE,"n500_d4",500,4,82
"gamlss2","sigma","x1",0.223429944825996,0.0170689955259665,0.18,FALSE,"n500_d4",500,4,82
"gamlss2","sigma","x2",0.184254117014744,0.0332759125574745,0.12,FALSE,"n500_d4",500,4,82
"gamlss2","sigma","t",0.179223736565605,0.0431322158508851,0.15,FALSE,"n500_d4",500,4,82
"gamlss2","nu","intercept",0.279306085927132,0.112434592493577,0,FALSE,"n500_d4",500,4,82
"gamlss2","nu","x1",0.168334688840549,0.0483829100639937,0.1,FALSE,"n500_d4",500,4,82
"gamlss2","nu","x2",-0.461109747208639,0.105970182621402,-0.08,FALSE,"n500_d4",500,4,82
"gamlss2","nu","t",0.187137332010233,0.131943724854738,0.12,FALSE,"n500_d4",500,4,82
"gamlss2","tau","intercept",0.594487142378416,0.096810059586035,0.5,FALSE,"n500_d4",500,4,82
"gamlss2","tau","x1",0.142152450592113,0.0518178688418592,-0.08,FALSE,"n500_d4",500,4,82
"gamlss2","tau","x2",0.109745397568025,0.108126643751895,0.1,FALSE,"n500_d4",500,4,82
"gamlss2","tau","t",0.107921703156224,0.130630222039691,0.11,FALSE,"n500_d4",500,4,82
"gamlss2","theta","intercept",NA,NA,NA,FALSE,"n500_d4",500,4,82
"gamlss2","theta","x1",NA,NA,NA,FALSE,"n500_d4",500,4,82
"gamlss2","theta","x2",NA,NA,NA,FALSE,"n500_d4",500,4,82
"gamlss2","theta","t",NA,NA,NA,FALSE,"n500_d4",500,4,82
"gamlss2","zeta","intercept",NA,NA,NA,FALSE,"n500_d4",500,4,82
"gamlss2","zeta","x1",NA,NA,NA,FALSE,"n500_d4",500,4,82
"gamlss2","zeta","x2",NA,NA,NA,FALSE,"n500_d4",500,4,82
"gamlss2","zeta","t",NA,NA,NA,FALSE,"n500_d4",500,4,82
"gamlss.longitudinal","mu","intercept",0.765529352792871,0.0158046673079888,0.761707492831716,TRUE,"n500_d4",500,4,83
"gamlss.longitudinal","mu","x1",0.11137929512155,0.00982552323975556,0.12,FALSE,"n500_d4",500,4,83
"gamlss.longitudinal","mu","x2",-0.112487710573618,0.02119784230889,-0.1,FALSE,"n500_d4",500,4,83
"gamlss.longitudinal","mu","t",0.169870046835866,0.0131878869685251,0.18,FALSE,"n500_d4",500,4,83
"gamlss.longitudinal","sigma","intercept",-1.29561846323125,0.0425676419325473,-1.22720836501971,TRUE,"n500_d4",500,4,83
"gamlss.longitudinal","sigma","x1",0.147397926212432,0.0262441255360502,0.18,FALSE,"n500_d4",500,4,83
"gamlss.longitudinal","sigma","x2",0.0910121605326239,0.0515226361623078,0.12,FALSE,"n500_d4",500,4,83
"gamlss.longitudinal","sigma","t",0.189877528958042,0.0362989197906621,0.15,FALSE,"n500_d4",500,4,83
"gamlss.longitudinal","nu","intercept",0.0316096385116163,0.098255289309853,0,TRUE,"n500_d4",500,4,83
"gamlss.longitudinal","nu","x1",0.119699904942986,0.0596643092267295,0.1,FALSE,"n500_d4",500,4,83
"gamlss.longitudinal","nu","x2",-0.0879346971346668,0.108373106157781,-0.08,FALSE,"n500_d4",500,4,83
"gamlss.longitudinal","nu","t",0.0756414722831311,0.0985232895941379,0.12,FALSE,"n500_d4",500,4,83
"gamlss.longitudinal","tau","intercept",0.545546513651228,0.0885021085283223,0.5,TRUE,"n500_d4",500,4,83
"gamlss.longitudinal","tau","x1",-0.0602650703529201,0.0600636132634546,-0.08,FALSE,"n500_d4",500,4,83
"gamlss.longitudinal","tau","x2",0.0285721897599246,0.102602445264669,0.1,FALSE,"n500_d4",500,4,83
"gamlss.longitudinal","tau","t",0.00440634546316718,0.113519141312756,0.11,FALSE,"n500_d4",500,4,83
"gamlss.longitudinal","theta","intercept",1.04872958814086,0.0628816197458132,1.04947536363925,TRUE,"n500_d4",500,4,83
"gamlss.longitudinal","theta","x1",0.254399415230929,0.0349030272213692,0.25,FALSE,"n500_d4",500,4,83
"gamlss.longitudinal","theta","x2",-0.222813070953356,0.0701198932018293,-0.1,FALSE,"n500_d4",500,4,83
"gamlss.longitudinal","theta","t",0.202047469811945,0.122420815399876,0.2,FALSE,"n500_d4",500,4,83
"gamlss.longitudinal","zeta","intercept",1.27305476840423,0.59515108205059,0.5,TRUE,"n500_d4",500,4,83
"gamlss.longitudinal","zeta","x1",0.289788749864296,0.458920444521878,0.12,FALSE,"n500_d4",500,4,83
"gamlss.longitudinal","zeta","x2",-0.0302919019690509,0.688961689504194,-0.1,FALSE,"n500_d4",500,4,83
"gamlss.longitudinal","zeta","t",-2.65325601760773,1.88240114262157,0.1,FALSE,"n500_d4",500,4,83
"gamlss2","mu","intercept",0.775888347353238,0.0126854899469398,0.761707492831716,FALSE,"n500_d4",500,4,83
"gamlss2","mu","x1",0.123566792116649,0.00711275803208584,0.12,FALSE,"n500_d4",500,4,83
"gamlss2","mu","x2",-0.111671868809074,0.0139016190817616,-0.1,FALSE,"n500_d4",500,4,83
"gamlss2","mu","t",0.1675012522829,0.0180315523668867,0.18,FALSE,"n500_d4",500,4,83
"gamlss2","sigma","intercept",-1.30698948548497,0.0335340087259849,-1.22720836501971,FALSE,"n500_d4",500,4,83
"gamlss2","sigma","x1",0.142472761289598,0.0176466434232783,0.18,FALSE,"n500_d4",500,4,83
"gamlss2","sigma","x2",0.108776853472221,0.0343136089170052,0.12,FALSE,"n500_d4",500,4,83
"gamlss2","sigma","t",0.173195284253448,0.0448300441817091,0.15,FALSE,"n500_d4",500,4,83
"gamlss2","nu","intercept",0.276289470002984,0.118410307082751,0,FALSE,"n500_d4",500,4,83
"gamlss2","nu","x1",0.218921506458791,0.0664964506695194,0.1,FALSE,"n500_d4",500,4,83
"gamlss2","nu","x2",-0.17298600148385,0.113285116320227,-0.08,FALSE,"n500_d4",500,4,83
"gamlss2","nu","t",0.0197961464621535,0.149829951842578,0.12,FALSE,"n500_d4",500,4,83
"gamlss2","tau","intercept",0.557904581636602,0.100466202335903,0.5,FALSE,"n500_d4",500,4,83
"gamlss2","tau","x1",0.01575292048058,0.0577554440020728,-0.08,FALSE,"n500_d4",500,4,83
"gamlss2","tau","x2",0.14439016929559,0.110060293913799,0.1,FALSE,"n500_d4",500,4,83
"gamlss2","tau","t",-0.00471866309348387,0.136806903940005,0.11,FALSE,"n500_d4",500,4,83
"gamlss2","theta","intercept",NA,NA,NA,FALSE,"n500_d4",500,4,83
"gamlss2","theta","x1",NA,NA,NA,FALSE,"n500_d4",500,4,83
"gamlss2","theta","x2",NA,NA,NA,FALSE,"n500_d4",500,4,83
"gamlss2","theta","t",NA,NA,NA,FALSE,"n500_d4",500,4,83
"gamlss2","zeta","intercept",NA,NA,NA,FALSE,"n500_d4",500,4,83
"gamlss2","zeta","x1",NA,NA,NA,FALSE,"n500_d4",500,4,83
"gamlss2","zeta","x2",NA,NA,NA,FALSE,"n500_d4",500,4,83
"gamlss2","zeta","t",NA,NA,NA,FALSE,"n500_d4",500,4,83
"gamlss.longitudinal","mu","intercept",0.78784366183543,0.0147421553883455,0.794467838002508,TRUE,"n500_d4",500,4,84
"gamlss.longitudinal","mu","x1",0.121379344258241,0.0109203500513109,0.12,FALSE,"n500_d4",500,4,84
"gamlss.longitudinal","mu","x2",-0.0805692350892737,0.0228026691560778,-0.1,FALSE,"n500_d4",500,4,84
"gamlss.longitudinal","mu","t",0.155123319145588,0.0141160149954402,0.18,FALSE,"n500_d4",500,4,84
"gamlss.longitudinal","sigma","intercept",-1.17824150603714,0.0470334589042619,-1.2202914820435,TRUE,"n500_d4",500,4,84
"gamlss.longitudinal","sigma","x1",0.152191366881178,0.0264604001368164,0.18,FALSE,"n500_d4",500,4,84
"gamlss.longitudinal","sigma","x2",0.0581629019067626,0.0566051190259949,0.12,FALSE,"n500_d4",500,4,84
"gamlss.longitudinal","sigma","t",0.156860551256276,0.0349171199549785,0.15,FALSE,"n500_d4",500,4,84
"gamlss.longitudinal","nu","intercept",-0.0275950808936267,0.0965476236869873,0,TRUE,"n500_d4",500,4,84
"gamlss.longitudinal","nu","x1",0.0590808080111485,0.0577037347598501,0.1,FALSE,"n500_d4",500,4,84
"gamlss.longitudinal","nu","x2",0.189266780626096,0.105057302769649,-0.08,FALSE,"n500_d4",500,4,84
"gamlss.longitudinal","nu","t",0.0371654140198025,0.100444102405654,0.12,FALSE,"n500_d4",500,4,84
"gamlss.longitudinal","tau","intercept",0.295419066721744,0.0800254228119408,0.5,TRUE,"n500_d4",500,4,84
"gamlss.longitudinal","tau","x1",-0.0299903353054377,0.0528130037783359,-0.08,FALSE,"n500_d4",500,4,84
"gamlss.longitudinal","tau","x2",0.196777949112775,0.0992687836618237,0.1,FALSE,"n500_d4",500,4,84
"gamlss.longitudinal","tau","t",0.245912549961489,0.100266190149328,0.11,FALSE,"n500_d4",500,4,84
"gamlss.longitudinal","theta","intercept",1.03868014602335,0.0637742202668374,1.0515241971785,TRUE,"n500_d4",500,4,84
"gamlss.longitudinal","theta","x1",0.215350077078393,0.0340259351205541,0.25,FALSE,"n500_d4",500,4,84
"gamlss.longitudinal","theta","x2",-0.15553402990809,0.07358375401959,-0.1,FALSE,"n500_d4",500,4,84
"gamlss.longitudinal","theta","t",0.367075670345802,0.107941272455786,0.2,FALSE,"n500_d4",500,4,84
"gamlss.longitudinal","zeta","intercept",-0.416648457156611,0.665650321761158,0.5,TRUE,"n500_d4",500,4,84
"gamlss.longitudinal","zeta","x1",0.220254180672467,0.368103104743718,0.12,FALSE,"n500_d4",500,4,84
"gamlss.longitudinal","zeta","x2",1.19082903247818,0.741675066498156,-0.1,FALSE,"n500_d4",500,4,84
"gamlss.longitudinal","zeta","t",0.491643877978314,1.26788241036007,0.1,FALSE,"n500_d4",500,4,84
"gamlss2","mu","intercept",0.79776432429635,0.0108963262026646,0.794467838002508,FALSE,"n500_d4",500,4,84
"gamlss2","mu","x1",0.120265146063275,0.00384465131956757,0.12,FALSE,"n500_d4",500,4,84
"gamlss2","mu","x2",-0.0864977267239314,0.0127593350723383,-0.1,FALSE,"n500_d4",500,4,84
"gamlss2","mu","t",0.142567055945239,0.0198510863663346,0.18,FALSE,"n500_d4",500,4,84
"gamlss2","sigma","intercept",-1.16350747591064,0.0375924446472907,-1.2202914820435,FALSE,"n500_d4",500,4,84
"gamlss2","sigma","x1",0.173937035356224,0.0184632194020443,0.18,FALSE,"n500_d4",500,4,84
"gamlss2","sigma","x2",0.0476417840122968,0.0370132828215443,0.12,FALSE,"n500_d4",500,4,84
"gamlss2","sigma","t",0.155072999980026,0.048319105161841,0.15,FALSE,"n500_d4",500,4,84
"gamlss2","nu","intercept",-0.0292130048836085,0.109564586105487,0,FALSE,"n500_d4",500,4,84
"gamlss2","nu","x1",0.0184595588685852,0.0586323835106056,0.1,FALSE,"n500_d4",500,4,84
"gamlss2","nu","x2",0.19814990306261,0.107171686288558,-0.08,FALSE,"n500_d4",500,4,84
"gamlss2","nu","t",0.127354271624927,0.144322422338214,0.12,FALSE,"n500_d4",500,4,84
"gamlss2","tau","intercept",0.225915806410544,0.0872041908398004,0.5,FALSE,"n500_d4",500,4,84
"gamlss2","tau","x1",0.034724835408922,0.0518311606546176,-0.08,FALSE,"n500_d4",500,4,84
"gamlss2","tau","x2",0.347890990306198,0.0988624736125876,0.1,FALSE,"n500_d4",500,4,84
"gamlss2","tau","t",0.188049165003701,0.12336813280103,0.11,FALSE,"n500_d4",500,4,84
"gamlss2","theta","intercept",NA,NA,NA,FALSE,"n500_d4",500,4,84
"gamlss2","theta","x1",NA,NA,NA,FALSE,"n500_d4",500,4,84
"gamlss2","theta","x2",NA,NA,NA,FALSE,"n500_d4",500,4,84
"gamlss2","theta","t",NA,NA,NA,FALSE,"n500_d4",500,4,84
"gamlss2","zeta","intercept",NA,NA,NA,FALSE,"n500_d4",500,4,84
"gamlss2","zeta","x1",NA,NA,NA,FALSE,"n500_d4",500,4,84
"gamlss2","zeta","x2",NA,NA,NA,FALSE,"n500_d4",500,4,84
"gamlss2","zeta","t",NA,NA,NA,FALSE,"n500_d4",500,4,84
"gamlss.longitudinal","mu","intercept",0.783798525586822,0.0165834412823426,0.77105874966234,TRUE,"n500_d4",500,4,85
"gamlss.longitudinal","mu","x1",0.102942417685834,0.0114785033061675,0.12,FALSE,"n500_d4",500,4,85
"gamlss.longitudinal","mu","x2",-0.116818957683801,0.0226652148555538,-0.1,FALSE,"n500_d4",500,4,85
"gamlss.longitudinal","mu","t",0.162075913211057,0.0148327261949986,0.18,FALSE,"n500_d4",500,4,85
"gamlss.longitudinal","sigma","intercept",-1.24516717519116,0.0447095277064052,-1.20250142180084,TRUE,"n500_d4",500,4,85
"gamlss.longitudinal","sigma","x1",0.177650401130407,0.0268923066496134,0.18,FALSE,"n500_d4",500,4,85
"gamlss.longitudinal","sigma","x2",0.082512299045683,0.050269527296895,0.12,FALSE,"n500_d4",500,4,85
"gamlss.longitudinal","sigma","t",0.176855984539263,0.0367817454901753,0.15,FALSE,"n500_d4",500,4,85
"gamlss.longitudinal","nu","intercept",0.0221288225217578,0.106670598118326,0,TRUE,"n500_d4",500,4,85
"gamlss.longitudinal","nu","x1",-0.0138135618691289,0.0516659889967527,0.1,FALSE,"n500_d4",500,4,85
"gamlss.longitudinal","nu","x2",0.0355645075492289,0.104012972111881,-0.08,FALSE,"n500_d4",500,4,85
"gamlss.longitudinal","nu","t",0.116234615732572,0.110264183540264,0.12,FALSE,"n500_d4",500,4,85
"gamlss.longitudinal","tau","intercept",0.419407584763177,0.094534807561152,0.5,TRUE,"n500_d4",500,4,85
"gamlss.longitudinal","tau","x1",-0.00140076783190005,0.0528517725318764,-0.08,FALSE,"n500_d4",500,4,85
"gamlss.longitudinal","tau","x2",0.0868116953058428,0.101588558129787,0.1,FALSE,"n500_d4",500,4,85
"gamlss.longitudinal","tau","t",0.326933027423672,0.117420324020508,0.11,FALSE,"n500_d4",500,4,85
"gamlss.longitudinal","theta","intercept",1.0025494386983,0.0612785078989453,1.03260974797371,TRUE,"n500_d4",500,4,85
"gamlss.longitudinal","theta","x1",0.233103426366964,0.0368360930863131,0.25,FALSE,"n500_d4",500,4,85
"gamlss.longitudinal","theta","x2",-0.104349011071945,0.0694762712811907,-0.1,FALSE,"n500_d4",500,4,85
"gamlss.longitudinal","theta","t",0.199070533732002,0.101986347365485,0.2,FALSE,"n500_d4",500,4,85
"gamlss.longitudinal","zeta","intercept",0.460537390113801,0.619854787173232,0.5,TRUE,"n500_d4",500,4,85
"gamlss.longitudinal","zeta","x1",0.404144565905001,0.385521788179383,0.12,FALSE,"n500_d4",500,4,85
"gamlss.longitudinal","zeta","x2",-0.0883438133343228,0.612681323458311,-0.1,FALSE,"n500_d4",500,4,85
"gamlss.longitudinal","zeta","t",1.10693073718319,1.04121232899699,0.1,FALSE,"n500_d4",500,4,85
"gamlss2","mu","intercept",0.7799319804832,0.0134936851227202,0.77105874966234,FALSE,"n500_d4",500,4,85
"gamlss2","mu","x1",0.102039622517844,0.00764656123948712,0.12,FALSE,"n500_d4",500,4,85
"gamlss2","mu","x2",-0.114292771569297,0.0147359820039699,-0.1,FALSE,"n500_d4",500,4,85
"gamlss2","mu","t",0.172307516908664,0.019398496172522,0.18,FALSE,"n500_d4",500,4,85
"gamlss2","sigma","intercept",-1.24415063435341,0.0342216792189445,-1.20250142180084,FALSE,"n500_d4",500,4,85
"gamlss2","sigma","x1",0.171144182571698,0.0182224003596517,0.18,FALSE,"n500_d4",500,4,85
"gamlss2","sigma","x2",0.0710000056115277,0.0330887585753487,0.12,FALSE,"n500_d4",500,4,85
"gamlss2","sigma","t",0.173084622621372,0.0437058679450712,0.15,FALSE,"n500_d4",500,4,85
"gamlss2","nu","intercept",-0.0222102035631026,0.12237536689383,0,FALSE,"n500_d4",500,4,85
"gamlss2","nu","x1",-0.132003530616865,0.0550751010590706,0.1,FALSE,"n500_d4",500,4,85
"gamlss2","nu","x2",0.0394289355172353,0.111652905205199,-0.08,FALSE,"n500_d4",500,4,85
"gamlss2","nu","t",0.141383146874137,0.141045766162631,0.12,FALSE,"n500_d4",500,4,85
"gamlss2","tau","intercept",0.479878431900012,0.109931066886829,0.5,FALSE,"n500_d4",500,4,85
"gamlss2","tau","x1",0.000573985517859263,0.0611295718387215,-0.08,FALSE,"n500_d4",500,4,85
"gamlss2","tau","x2",0.0807250996855898,0.109883423322849,0.1,FALSE,"n500_d4",500,4,85
"gamlss2","tau","t",0.327468927810324,0.142964346371847,0.11,FALSE,"n500_d4",500,4,85
"gamlss2","theta","intercept",NA,NA,NA,FALSE,"n500_d4",500,4,85
"gamlss2","theta","x1",NA,NA,NA,FALSE,"n500_d4",500,4,85
"gamlss2","theta","x2",NA,NA,NA,FALSE,"n500_d4",500,4,85
"gamlss2","theta","t",NA,NA,NA,FALSE,"n500_d4",500,4,85
"gamlss2","zeta","intercept",NA,NA,NA,FALSE,"n500_d4",500,4,85
"gamlss2","zeta","x1",NA,NA,NA,FALSE,"n500_d4",500,4,85
"gamlss2","zeta","x2",NA,NA,NA,FALSE,"n500_d4",500,4,85
"gamlss2","zeta","t",NA,NA,NA,FALSE,"n500_d4",500,4,85
"gamlss.longitudinal","mu","intercept",0.817082534351077,0.018173611054795,0.80992098639323,TRUE,"n500_d4",500,4,86
"gamlss.longitudinal","mu","x1",0.130139811580718,0.0114718673249861,0.12,FALSE,"n500_d4",500,4,86
"gamlss.longitudinal","mu","x2",-0.0819769796716007,0.0227835036564223,-0.1,FALSE,"n500_d4",500,4,86
"gamlss.longitudinal","mu","t",0.174189129665341,0.0134950903299917,0.18,FALSE,"n500_d4",500,4,86
"gamlss.longitudinal","sigma","intercept",-1.20647783039046,0.0454166340678303,-1.23088463017834,TRUE,"n500_d4",500,4,86
"gamlss.longitudinal","sigma","x1",0.193305033488837,0.0251081337913568,0.18,FALSE,"n500_d4",500,4,86
"gamlss.longitudinal","sigma","x2",0.0388031198289784,0.0519178531728471,0.12,FALSE,"n500_d4",500,4,86
"gamlss.longitudinal","sigma","t",0.111642493404984,0.0338427907431386,0.15,FALSE,"n500_d4",500,4,86
"gamlss.longitudinal","nu","intercept",0.0184014096068904,0.103995981924576,0,TRUE,"n500_d4",500,4,86
"gamlss.longitudinal","nu","x1",0.0725524071092426,0.0510214620126217,0.1,FALSE,"n500_d4",500,4,86
"gamlss.longitudinal","nu","x2",-0.0922818850127842,0.103490612880594,-0.08,FALSE,"n500_d4",500,4,86
"gamlss.longitudinal","nu","t",-0.0189534048646137,0.103477523044396,0.12,FALSE,"n500_d4",500,4,86
"gamlss.longitudinal","tau","intercept",0.454454416034658,0.0917739386616349,0.5,TRUE,"n500_d4",500,4,86
"gamlss.longitudinal","tau","x1",-0.0323757787016089,0.0549182723136235,-0.08,FALSE,"n500_d4",500,4,86
"gamlss.longitudinal","tau","x2",0.115014086208983,0.107716504245119,0.1,FALSE,"n500_d4",500,4,86
"gamlss.longitudinal","tau","t",0.264248445273115,0.121543824651746,0.11,FALSE,"n500_d4",500,4,86
"gamlss.longitudinal","theta","intercept",1.17475065589676,0.0608215144972587,1.06125003547947,TRUE,"n500_d4",500,4,86
"gamlss.longitudinal","theta","x1",0.289263927905202,0.0345372672558849,0.25,FALSE,"n500_d4",500,4,86
"gamlss.longitudinal","theta","x2",-0.225390501373054,0.0698142223694093,-0.1,FALSE,"n500_d4",500,4,86
"gamlss.longitudinal","theta","t",0.0570946445968955,0.10179366203244,0.2,FALSE,"n500_d4",500,4,86
"gamlss.longitudinal","zeta","intercept",1.25036470261479,0.614674213187711,0.5,TRUE,"n500_d4",500,4,86
"gamlss.longitudinal","zeta","x1",0.599587192673635,0.359532858188072,0.12,FALSE,"n500_d4",500,4,86
"gamlss.longitudinal","zeta","x2",-0.372944882851641,0.66608812094772,-0.1,FALSE,"n500_d4",500,4,86
"gamlss.longitudinal","zeta","t",-1.12472288493643,1.20114273755755,0.1,FALSE,"n500_d4",500,4,86
"gamlss2","mu","intercept",0.817359739810155,0.0143300730017988,0.80992098639323,FALSE,"n500_d4",500,4,86
"gamlss2","mu","x1",0.129451176442143,0.00818774913755576,0.12,FALSE,"n500_d4",500,4,86
"gamlss2","mu","x2",-0.0832447375344542,0.0154047945341282,-0.1,FALSE,"n500_d4",500,4,86
"gamlss2","mu","t",0.171823647216334,0.0202190567036326,0.18,FALSE,"n500_d4",500,4,86
"gamlss2","sigma","intercept",-1.2193903628883,0.0346520339792079,-1.23088463017834,FALSE,"n500_d4",500,4,86
"gamlss2","sigma","x1",0.204289095019593,0.0174883261648499,0.18,FALSE,"n500_d4",500,4,86
"gamlss2","sigma","x2",0.0477548063505455,0.0347985370796149,0.12,FALSE,"n500_d4",500,4,86
"gamlss2","sigma","t",0.169839017900755,0.0456851453575966,0.15,FALSE,"n500_d4",500,4,86
"gamlss2","nu","intercept",0.141570041016191,0.121039409749094,0,FALSE,"n500_d4",500,4,86
"gamlss2","nu","x1",0.0647530702042883,0.0551219109492797,0.1,FALSE,"n500_d4",500,4,86
"gamlss2","nu","x2",-0.504254423367374,0.111817387711743,-0.08,FALSE,"n500_d4",500,4,86
"gamlss2","nu","t",-0.0129796600945427,0.141141321354176,0.12,FALSE,"n500_d4",500,4,86
"gamlss2","tau","intercept",0.561913408512359,0.0970713321923666,0.5,FALSE,"n500_d4",500,4,86
"gamlss2","tau","x1",-0.0124892553342587,0.0537896803835398,-0.08,FALSE,"n500_d4",500,4,86
"gamlss2","tau","x2",-0.0159465176392348,0.101837404934009,0.1,FALSE,"n500_d4",500,4,86
"gamlss2","tau","t",0.0707760480386706,0.135474220355912,0.11,FALSE,"n500_d4",500,4,86
"gamlss2","theta","intercept",NA,NA,NA,FALSE,"n500_d4",500,4,86
"gamlss2","theta","x1",NA,NA,NA,FALSE,"n500_d4",500,4,86
"gamlss2","theta","x2",NA,NA,NA,FALSE,"n500_d4",500,4,86
"gamlss2","theta","t",NA,NA,NA,FALSE,"n500_d4",500,4,86
"gamlss2","zeta","intercept",NA,NA,NA,FALSE,"n500_d4",500,4,86
"gamlss2","zeta","x1",NA,NA,NA,FALSE,"n500_d4",500,4,86
"gamlss2","zeta","x2",NA,NA,NA,FALSE,"n500_d4",500,4,86
"gamlss2","zeta","t",NA,NA,NA,FALSE,"n500_d4",500,4,86
"gamlss.longitudinal","mu","intercept",0.75661615849917,0.0193377592121045,0.773841217752649,TRUE,"n500_d4",500,4,87
"gamlss.longitudinal","mu","x1",0.133352148074436,0.0124621743350445,0.12,FALSE,"n500_d4",500,4,87
"gamlss.longitudinal","mu","x2",-0.0737623486615673,0.0246839268314127,-0.1,FALSE,"n500_d4",500,4,87
"gamlss.longitudinal","mu","t",0.173711677331297,0.0148288437048312,0.18,FALSE,"n500_d4",500,4,87
"gamlss.longitudinal","sigma","intercept",-1.136596282126,0.0417904307281247,-1.20799922050212,TRUE,"n500_d4",500,4,87
"gamlss.longitudinal","sigma","x1",0.16809628337593,0.0248495851257714,0.18,FALSE,"n500_d4",500,4,87
"gamlss.longitudinal","sigma","x2",0.00134534404967389,0.0497831457578586,0.12,FALSE,"n500_d4",500,4,87
"gamlss.longitudinal","sigma","t",0.139325565600474,0.0336455791533809,0.15,FALSE,"n500_d4",500,4,87
"gamlss.longitudinal","nu","intercept",-0.067045957209338,0.0920037706606725,0,TRUE,"n500_d4",500,4,87
"gamlss.longitudinal","nu","x1",0.0996734121574656,0.0521060872355012,0.1,FALSE,"n500_d4",500,4,87
"gamlss.longitudinal","nu","x2",-0.0768480958548108,0.104607045978512,-0.08,FALSE,"n500_d4",500,4,87
"gamlss.longitudinal","nu","t",0.201040899076852,0.101636892617814,0.12,FALSE,"n500_d4",500,4,87
"gamlss.longitudinal","tau","intercept",0.568173114456284,0.0940631479112456,0.5,TRUE,"n500_d4",500,4,87
"gamlss.longitudinal","tau","x1",-0.0971292808744884,0.053331935864016,-0.08,FALSE,"n500_d4",500,4,87
"gamlss.longitudinal","tau","x2",0.0822162167344859,0.110499734294488,0.1,FALSE,"n500_d4",500,4,87
"gamlss.longitudinal","tau","t",0.113278472869019,0.116831425099717,0.11,FALSE,"n500_d4",500,4,87
"gamlss.longitudinal","theta","intercept",1.14509489603687,0.0599378044443904,1.0407125804163,TRUE,"n500_d4",500,4,87
"gamlss.longitudinal","theta","x1",0.229753270323408,0.0349794768324369,0.25,FALSE,"n500_d4",500,4,87
"gamlss.longitudinal","theta","x2",-0.183071682399275,0.0705969383714912,-0.1,FALSE,"n500_d4",500,4,87
"gamlss.longitudinal","theta","t",0.0965417324376552,0.105264588717236,0.2,FALSE,"n500_d4",500,4,87
"gamlss.longitudinal","zeta","intercept",0.7224221908959,0.504177339070377,0.5,TRUE,"n500_d4",500,4,87
"gamlss.longitudinal","zeta","x1",-0.576051190126718,0.378208456439382,0.12,FALSE,"n500_d4",500,4,87
"gamlss.longitudinal","zeta","x2",0.372962398044921,0.667935439654446,-0.1,FALSE,"n500_d4",500,4,87
"gamlss.longitudinal","zeta","t",-1.45853843622577,1.17075041778422,0.1,FALSE,"n500_d4",500,4,87
"gamlss2","mu","intercept",0.752399487546983,0.0152343542437547,0.773841217752649,FALSE,"n500_d4",500,4,87
"gamlss2","mu","x1",0.131776461799249,0.0085118857313643,0.12,FALSE,"n500_d4",500,4,87
"gamlss2","mu","x2",-0.0651259642868504,0.0164429482032428,-0.1,FALSE,"n500_d4",500,4,87
"gamlss2","mu","t",0.172583595194429,0.0220238014213293,0.18,FALSE,"n500_d4",500,4,87
"gamlss2","sigma","intercept",-1.10568725399979,0.033651462023362,-1.20799922050212,FALSE,"n500_d4",500,4,87
"gamlss2","sigma","x1",0.156168112072983,0.01645898250386,0.18,FALSE,"n500_d4",500,4,87
"gamlss2","sigma","x2",-0.00838758487245548,0.0330598907665487,0.12,FALSE,"n500_d4",500,4,87
"gamlss2","sigma","t",0.109982013708653,0.0432702319460992,0.15,FALSE,"n500_d4",500,4,87
"gamlss2","nu","intercept",-0.173154553560137,0.110827465414333,0,FALSE,"n500_d4",500,4,87
"gamlss2","nu","x1",0.119063415586358,0.0533975924849835,0.1,FALSE,"n500_d4",500,4,87
"gamlss2","nu","x2",0.00784919380880747,0.106492723341285,-0.08,FALSE,"n500_d4",500,4,87
"gamlss2","nu","t",0.262801077339786,0.140586963169099,0.12,FALSE,"n500_d4",500,4,87
"gamlss2","tau","intercept",0.619084752184678,0.112811271060823,0.5,FALSE,"n500_d4",500,4,87
"gamlss2","tau","x1",-0.0127519025880413,0.0507349130649833,-0.08,FALSE,"n500_d4",500,4,87
"gamlss2","tau","x2",0.0148710693513289,0.113970907150863,0.1,FALSE,"n500_d4",500,4,87
"gamlss2","tau","t",0.108986933071102,0.145752751352645,0.11,FALSE,"n500_d4",500,4,87
"gamlss2","theta","intercept",NA,NA,NA,FALSE,"n500_d4",500,4,87
"gamlss2","theta","x1",NA,NA,NA,FALSE,"n500_d4",500,4,87
"gamlss2","theta","x2",NA,NA,NA,FALSE,"n500_d4",500,4,87
"gamlss2","theta","t",NA,NA,NA,FALSE,"n500_d4",500,4,87
"gamlss2","zeta","intercept",NA,NA,NA,FALSE,"n500_d4",500,4,87
"gamlss2","zeta","x1",NA,NA,NA,FALSE,"n500_d4",500,4,87
"gamlss2","zeta","x2",NA,NA,NA,FALSE,"n500_d4",500,4,87
"gamlss2","zeta","t",NA,NA,NA,FALSE,"n500_d4",500,4,87
"gamlss.longitudinal","mu","intercept",0.809884210393639,0.0151563222713353,0.819778969082086,TRUE,"n500_d4",500,4,88
"gamlss.longitudinal","mu","x1",0.107387750181185,0.0121124241704547,0.12,FALSE,"n500_d4",500,4,88
"gamlss.longitudinal","mu","x2",-0.0714900669135986,0.021510589302483,-0.1,FALSE,"n500_d4",500,4,88
"gamlss.longitudinal","mu","t",0.177444590358014,0.0138988240225037,0.18,FALSE,"n500_d4",500,4,88
"gamlss.longitudinal","sigma","intercept",-1.2780332765836,0.0415134532416158,-1.21663633058846,TRUE,"n500_d4",500,4,88
"gamlss.longitudinal","sigma","x1",0.265404604464017,0.027357956150015,0.18,FALSE,"n500_d4",500,4,88
"gamlss.longitudinal","sigma","x2",0.149823628858156,0.0527690541547208,0.12,FALSE,"n500_d4",500,4,88
"gamlss.longitudinal","sigma","t",0.238079059207057,0.0331902772963619,0.15,FALSE,"n500_d4",500,4,88
"gamlss.longitudinal","nu","intercept",-0.11208913003937,0.100495423938991,0,TRUE,"n500_d4",500,4,88
"gamlss.longitudinal","nu","x1",0.103619088968538,0.0552512008030197,0.1,FALSE,"n500_d4",500,4,88
"gamlss.longitudinal","nu","x2",-0.0380637950453833,0.102733092512562,-0.08,FALSE,"n500_d4",500,4,88
"gamlss.longitudinal","nu","t",0.11415839705053,0.0955853531838289,0.12,FALSE,"n500_d4",500,4,88
"gamlss.longitudinal","tau","intercept",0.501237761920293,0.0864577586844898,0.5,TRUE,"n500_d4",500,4,88
"gamlss.longitudinal","tau","x1",-0.0842613962332533,0.0585803603256991,-0.08,FALSE,"n500_d4",500,4,88
"gamlss.longitudinal","tau","x2",0.0820824728021676,0.104485434095525,0.1,FALSE,"n500_d4",500,4,88
"gamlss.longitudinal","tau","t",0.0360644786812475,0.10729382882294,0.11,FALSE,"n500_d4",500,4,88
"gamlss.longitudinal","theta","intercept",1.03913006882414,0.0609473621900144,1.04827972310217,TRUE,"n500_d4",500,4,88
"gamlss.longitudinal","theta","x1",0.312370540040202,0.0368148323350548,0.25,FALSE,"n500_d4",500,4,88
"gamlss.longitudinal","theta","x2",-0.094930103833527,0.0721946039535458,-0.1,FALSE,"n500_d4",500,4,88
"gamlss.longitudinal","theta","t",0.300310876706604,0.110149643046789,0.2,FALSE,"n500_d4",500,4,88
"gamlss.longitudinal","zeta","intercept",1.02104291295051,0.542899397942717,0.5,TRUE,"n500_d4",500,4,88
"gamlss.longitudinal","zeta","x1",0.0359059594398148,0.351309285462051,0.12,FALSE,"n500_d4",500,4,88
"gamlss.longitudinal","zeta","x2",-0.387884212704473,0.650567698472897,-0.1,FALSE,"n500_d4",500,4,88
"gamlss.longitudinal","zeta","t",-0.89281057153925,1.21430426561417,0.1,FALSE,"n500_d4",500,4,88
"gamlss2","mu","intercept",0.80033075801735,0.0131993932646711,0.819778969082086,FALSE,"n500_d4",500,4,88
"gamlss2","mu","x1",0.111833034481165,0.00803761239854537,0.12,FALSE,"n500_d4",500,4,88
"gamlss2","mu","x2",-0.0739778240008877,0.0146330228618498,-0.1,FALSE,"n500_d4",500,4,88
"gamlss2","mu","t",0.193024582691476,0.0191235905241377,0.18,FALSE,"n500_d4",500,4,88
"gamlss2","sigma","intercept",-1.28959244773138,0.0331297953681,-1.21663633058846,FALSE,"n500_d4",500,4,88
"gamlss2","sigma","x1",0.266777070894119,0.0191013108386528,0.18,FALSE,"n500_d4",500,4,88
"gamlss2","sigma","x2",0.149400006290399,0.0344398623995391,0.12,FALSE,"n500_d4",500,4,88
"gamlss2","sigma","t",0.243240207662335,0.044735966460434,0.15,FALSE,"n500_d4",500,4,88
"gamlss2","nu","intercept",-0.186810112781873,0.112108125678522,0,FALSE,"n500_d4",500,4,88
"gamlss2","nu","x1",0.190510577568376,0.057793835732188,0.1,FALSE,"n500_d4",500,4,88
"gamlss2","nu","x2",-0.0137363174598929,0.104144608784761,-0.08,FALSE,"n500_d4",500,4,88
"gamlss2","nu","t",0.104848498143728,0.136501926355788,0.12,FALSE,"n500_d4",500,4,88
"gamlss2","tau","intercept",0.500952076239012,0.0953428573131651,0.5,FALSE,"n500_d4",500,4,88
"gamlss2","tau","x1",0.0151439639520566,0.0567112862950244,-0.08,FALSE,"n500_d4",500,4,88
"gamlss2","tau","x2",0.0834073570413437,0.109952750285298,0.1,FALSE,"n500_d4",500,4,88
"gamlss2","tau","t",0.114289322696338,0.136760479700567,0.11,FALSE,"n500_d4",500,4,88
"gamlss2","theta","intercept",NA,NA,NA,FALSE,"n500_d4",500,4,88
"gamlss2","theta","x1",NA,NA,NA,FALSE,"n500_d4",500,4,88
"gamlss2","theta","x2",NA,NA,NA,FALSE,"n500_d4",500,4,88
"gamlss2","theta","t",NA,NA,NA,FALSE,"n500_d4",500,4,88
"gamlss2","zeta","intercept",NA,NA,NA,FALSE,"n500_d4",500,4,88
"gamlss2","zeta","x1",NA,NA,NA,FALSE,"n500_d4",500,4,88
"gamlss2","zeta","x2",NA,NA,NA,FALSE,"n500_d4",500,4,88
"gamlss2","zeta","t",NA,NA,NA,FALSE,"n500_d4",500,4,88
"gamlss.longitudinal","mu","intercept",0.749050795138229,0.0178132498799453,0.753769411670917,TRUE,"n500_d4",500,4,89
"gamlss.longitudinal","mu","x1",0.122292404421392,0.0114699986261178,0.12,FALSE,"n500_d4",500,4,89
"gamlss.longitudinal","mu","x2",-0.0916468397867867,0.0238619378346746,-0.1,FALSE,"n500_d4",500,4,89
"gamlss.longitudinal","mu","t",0.173210077035248,0.0148853582293096,0.18,FALSE,"n500_d4",500,4,89
"gamlss.longitudinal","sigma","intercept",-1.14883391910465,0.0410293722351096,-1.2053948783567,TRUE,"n500_d4",500,4,89
"gamlss.longitudinal","sigma","x1",0.216247786186483,0.0234930390242954,0.18,FALSE,"n500_d4",500,4,89
"gamlss.longitudinal","sigma","x2",0.110078699419391,0.0506863847219225,0.12,FALSE,"n500_d4",500,4,89
"gamlss.longitudinal","sigma","t",0.184598626194329,0.0297934572505526,0.15,FALSE,"n500_d4",500,4,89
"gamlss.longitudinal","nu","intercept",-0.0466846019012745,0.0852167749775687,0,TRUE,"n500_d4",500,4,89
"gamlss.longitudinal","nu","x1",0.11703699550659,0.0471883627846744,0.1,FALSE,"n500_d4",500,4,89
"gamlss.longitudinal","nu","x2",0.0335020983018569,0.0920017357330375,-0.08,FALSE,"n500_d4",500,4,89
"gamlss.longitudinal","nu","t",0.0901354398085083,0.0758837325266084,0.12,FALSE,"n500_d4",500,4,89
"gamlss.longitudinal","tau","intercept",0.648882386722834,0.0958970709557424,0.5,TRUE,"n500_d4",500,4,89
"gamlss.longitudinal","tau","x1",-0.0430514690941226,0.0544642384766873,-0.08,FALSE,"n500_d4",500,4,89
"gamlss.longitudinal","tau","x2",0.187295021130993,0.111282229523912,0.1,FALSE,"n500_d4",500,4,89
"gamlss.longitudinal","tau","t",-0.0977467822467065,0.116043114678075,0.11,FALSE,"n500_d4",500,4,89
"gamlss.longitudinal","theta","intercept",0.945959638891009,0.0626971909940552,1.0305258079109,TRUE,"n500_d4",500,4,89
"gamlss.longitudinal","theta","x1",0.293458357995819,0.0329413787234174,0.25,FALSE,"n500_d4",500,4,89
"gamlss.longitudinal","theta","x2",0.0643570619006267,0.0715309507526476,-0.1,FALSE,"n500_d4",500,4,89
"gamlss.longitudinal","theta","t",0.320275432495334,0.105540597824987,0.2,FALSE,"n500_d4",500,4,89
"gamlss.longitudinal","zeta","intercept",-2.05271485671758,1.9922735009693,0.5,TRUE,"n500_d4",500,4,89
"gamlss.longitudinal","zeta","x1",-0.627625049761019,0.513009755556917,0.12,FALSE,"n500_d4",500,4,89
"gamlss.longitudinal","zeta","x2",2.37524123652274,1.61682146676086,-0.1,FALSE,"n500_d4",500,4,89
"gamlss.longitudinal","zeta","t",2.17641588368118,2.10172007689396,0.1,FALSE,"n500_d4",500,4,89
"gamlss2","mu","intercept",0.741036347896781,0.0145718554689866,0.753769411670917,FALSE,"n500_d4",500,4,89
"gamlss2","mu","x1",0.121675531214032,0.00752900315603496,0.12,FALSE,"n500_d4",500,4,89
"gamlss2","mu","x2",-0.0774981259127233,0.0161742201691132,-0.1,FALSE,"n500_d4",500,4,89
"gamlss2","mu","t",0.177563829091764,0.0203361099324778,0.18,FALSE,"n500_d4",500,4,89
"gamlss2","sigma","intercept",-1.15561323038293,0.032908308657368,-1.2053948783567,FALSE,"n500_d4",500,4,89
"gamlss2","sigma","x1",0.218045180032314,0.0169838480602066,0.18,FALSE,"n500_d4",500,4,89
"gamlss2","sigma","x2",0.117077486932091,0.0352071426002127,0.12,FALSE,"n500_d4",500,4,89
"gamlss2","sigma","t",0.184534215081544,0.042920253966084,0.15,FALSE,"n500_d4",500,4,89
"gamlss2","nu","intercept",-0.11690045716619,0.100726838906883,0,FALSE,"n500_d4",500,4,89
"gamlss2","nu","x1",0.139319548403543,0.0519408446962227,0.1,FALSE,"n500_d4",500,4,89
"gamlss2","nu","x2",0.0459397570733447,0.0992876136816631,-0.08,FALSE,"n500_d4",500,4,89
"gamlss2","nu","t",0.190493901516677,0.121053233855201,0.12,FALSE,"n500_d4",500,4,89
"gamlss2","tau","intercept",0.598165324155294,0.100432553499947,0.5,FALSE,"n500_d4",500,4,89
"gamlss2","tau","x1",-0.0392325008140242,0.0568746822243856,-0.08,FALSE,"n500_d4",500,4,89
"gamlss2","tau","x2",0.286328221372542,0.112680678201444,0.1,FALSE,"n500_d4",500,4,89
"gamlss2","tau","t",-0.11192485050668,0.143145677766728,0.11,FALSE,"n500_d4",500,4,89
"gamlss2","theta","intercept",NA,NA,NA,FALSE,"n500_d4",500,4,89
"gamlss2","theta","x1",NA,NA,NA,FALSE,"n500_d4",500,4,89
"gamlss2","theta","x2",NA,NA,NA,FALSE,"n500_d4",500,4,89
"gamlss2","theta","t",NA,NA,NA,FALSE,"n500_d4",500,4,89
"gamlss2","zeta","intercept",NA,NA,NA,FALSE,"n500_d4",500,4,89
"gamlss2","zeta","x1",NA,NA,NA,FALSE,"n500_d4",500,4,89
"gamlss2","zeta","x2",NA,NA,NA,FALSE,"n500_d4",500,4,89
"gamlss2","zeta","t",NA,NA,NA,FALSE,"n500_d4",500,4,89
"gamlss.longitudinal","mu","intercept",0.79180741641962,0.0167246131344134,0.794738939739991,TRUE,"n500_d4",500,4,90
"gamlss.longitudinal","mu","x1",0.115716189553092,0.00797852298343589,0.12,FALSE,"n500_d4",500,4,90
"gamlss.longitudinal","mu","x2",-0.129281933410543,0.0204773838509056,-0.1,FALSE,"n500_d4",500,4,90
"gamlss.longitudinal","mu","t",0.182793271805082,0.0141363921107945,0.18,FALSE,"n500_d4",500,4,90
"gamlss.longitudinal","sigma","intercept",-1.19555999583181,0.0407622621197632,-1.2039718768747,TRUE,"n500_d4",500,4,90
"gamlss.longitudinal","sigma","x1",0.220333366116365,0.0233313549684081,0.18,FALSE,"n500_d4",500,4,90
"gamlss.longitudinal","sigma","x2",0.0676850863029969,0.0493558490567827,0.12,FALSE,"n500_d4",500,4,90
"gamlss.longitudinal","sigma","t",0.139047739999233,0.0338523570978457,0.15,FALSE,"n500_d4",500,4,90
"gamlss.longitudinal","nu","intercept",0.0743462470574494,0.0883605121599519,0,TRUE,"n500_d4",500,4,90
"gamlss.longitudinal","nu","x1",0.104696754070751,0.0495268127896935,0.1,FALSE,"n500_d4",500,4,90
"gamlss.longitudinal","nu","x2",-0.192546123800515,0.0990803783558588,-0.08,FALSE,"n500_d4",500,4,90
"gamlss.longitudinal","nu","t",0.172564337063767,0.0809072807689073,0.12,FALSE,"n500_d4",500,4,90
"gamlss.longitudinal","tau","intercept",0.600611029312484,0.0840892095112843,0.5,TRUE,"n500_d4",500,4,90
"gamlss.longitudinal","tau","x1",-0.110906949369799,0.0539381541270156,-0.08,FALSE,"n500_d4",500,4,90
"gamlss.longitudinal","tau","x2",0.114480787258395,0.106181242810893,0.1,FALSE,"n500_d4",500,4,90
"gamlss.longitudinal","tau","t",0.0425318453140159,0.106237311579721,0.11,FALSE,"n500_d4",500,4,90
"gamlss.longitudinal","theta","intercept",1.01651798370478,0.0615663283891854,1.04011941221893,TRUE,"n500_d4",500,4,90
"gamlss.longitudinal","theta","x1",0.285343232391545,0.0342713914464437,0.25,FALSE,"n500_d4",500,4,90
"gamlss.longitudinal","theta","x2",-0.197688472427009,0.070401503564196,-0.1,FALSE,"n500_d4",500,4,90
"gamlss.longitudinal","theta","t",0.23068758791391,0.110311391689532,0.2,FALSE,"n500_d4",500,4,90
"gamlss.longitudinal","zeta","intercept",1.13273764979532,0.560187364165872,0.5,TRUE,"n500_d4",500,4,90
"gamlss.longitudinal","zeta","x1",0.186269138326516,0.325464483406607,0.12,FALSE,"n500_d4",500,4,90
"gamlss.longitudinal","zeta","x2",0.419633154459433,0.737824590569224,-0.1,FALSE,"n500_d4",500,4,90
"gamlss.longitudinal","zeta","t",-3.43262479427075,1.73284682523999,0.1,FALSE,"n500_d4",500,4,90
"gamlss2","mu","intercept",0.792809237144796,0.0140381635652359,0.794738939739991,FALSE,"n500_d4",500,4,90
"gamlss2","mu","x1",0.117836209883087,0.00649421601251036,0.12,FALSE,"n500_d4",500,4,90
"gamlss2","mu","x2",-0.137279986444664,0.0145061903080903,-0.1,FALSE,"n500_d4",500,4,90
"gamlss2","mu","t",0.19712287594097,0.0189114632615839,0.18,FALSE,"n500_d4",500,4,90
"gamlss2","sigma","intercept",-1.1970017794905,0.0309287774404249,-1.2039718768747,FALSE,"n500_d4",500,4,90
"gamlss2","sigma","x1",0.198933162897742,0.0159784811194815,0.18,FALSE,"n500_d4",500,4,90
"gamlss2","sigma","x2",0.0594426478289477,0.0327669749680553,0.12,FALSE,"n500_d4",500,4,90
"gamlss2","sigma","t",0.116097858838878,0.0420666686984917,0.15,FALSE,"n500_d4",500,4,90
"gamlss2","nu","intercept",0.153789564096769,0.103233181501449,0,FALSE,"n500_d4",500,4,90
"gamlss2","nu","x1",0.116040386973611,0.0530582712617001,0.1,FALSE,"n500_d4",500,4,90
"gamlss2","nu","x2",-0.38679707489644,0.101562175554071,-0.08,FALSE,"n500_d4",500,4,90
"gamlss2","nu","t",0.269032654200039,0.130830865315122,0.12,FALSE,"n500_d4",500,4,90
"gamlss2","tau","intercept",0.790884973241959,0.10228646622951,0.5,FALSE,"n500_d4",500,4,90
"gamlss2","tau","x1",-0.110973400055124,0.0600356550906557,-0.08,FALSE,"n500_d4",500,4,90
"gamlss2","tau","x2",-0.10563266411127,0.115626293840003,0.1,FALSE,"n500_d4",500,4,90
"gamlss2","tau","t",0.0537606674845854,0.138605233927974,0.11,FALSE,"n500_d4",500,4,90
"gamlss2","theta","intercept",NA,NA,NA,FALSE,"n500_d4",500,4,90
"gamlss2","theta","x1",NA,NA,NA,FALSE,"n500_d4",500,4,90
"gamlss2","theta","x2",NA,NA,NA,FALSE,"n500_d4",500,4,90
"gamlss2","theta","t",NA,NA,NA,FALSE,"n500_d4",500,4,90
"gamlss2","zeta","intercept",NA,NA,NA,FALSE,"n500_d4",500,4,90
"gamlss2","zeta","x1",NA,NA,NA,FALSE,"n500_d4",500,4,90
"gamlss2","zeta","x2",NA,NA,NA,FALSE,"n500_d4",500,4,90
"gamlss2","zeta","t",NA,NA,NA,FALSE,"n500_d4",500,4,90
"gamlss.longitudinal","mu","intercept",0.769698074462016,0.0169991695523489,0.793964027452855,TRUE,"n500_d4",500,4,91
"gamlss.longitudinal","mu","x1",0.116802807028363,0.0109186697692966,0.12,FALSE,"n500_d4",500,4,91
"gamlss.longitudinal","mu","x2",-0.0805531022963369,0.0245046428064998,-0.1,FALSE,"n500_d4",500,4,91
"gamlss.longitudinal","mu","t",0.183051553324488,0.0136194626638099,0.18,FALSE,"n500_d4",500,4,91
"gamlss.longitudinal","sigma","intercept",-1.16721409464291,0.0312029050195824,-1.22264154599152,TRUE,"n500_d4",500,4,91
"gamlss.longitudinal","sigma","x1",0.172787846801423,0.0297316355813304,0.18,FALSE,"n500_d4",500,4,91
"gamlss.longitudinal","sigma","x2",0.119442821513269,0.0504948136519319,0.12,FALSE,"n500_d4",500,4,91
"gamlss.longitudinal","sigma","t",0.138568938361458,0.0345266033153479,0.15,FALSE,"n500_d4",500,4,91
"gamlss.longitudinal","nu","intercept",0.0138819345471097,0.0917157648399135,0,TRUE,"n500_d4",500,4,91
"gamlss.longitudinal","nu","x1",0.100279807390671,0.0576741923996305,0.1,FALSE,"n500_d4",500,4,91
"gamlss.longitudinal","nu","x2",-0.0734852249333483,0.103808850490099,-0.08,FALSE,"n500_d4",500,4,91
"gamlss.longitudinal","nu","t",0.0422948734860363,0.103965027593517,0.12,FALSE,"n500_d4",500,4,91
"gamlss.longitudinal","tau","intercept",0.400780717437789,0.0677094454540747,0.5,TRUE,"n500_d4",500,4,91
"gamlss.longitudinal","tau","x1",-0.116623751920193,0.0569869308088595,-0.08,FALSE,"n500_d4",500,4,91
"gamlss.longitudinal","tau","x2",0.168009212150157,0.0997776392381208,0.1,FALSE,"n500_d4",500,4,91
"gamlss.longitudinal","tau","t",0.0352938957941466,0.109098823090106,0.11,FALSE,"n500_d4",500,4,91
"gamlss.longitudinal","theta","intercept",1.02183942177151,0.0511147738484938,1.05208270487708,TRUE,"n500_d4",500,4,91
"gamlss.longitudinal","theta","x1",0.227679082016691,0.0371695944767704,0.25,FALSE,"n500_d4",500,4,91
"gamlss.longitudinal","theta","x2",-0.0253111802961475,0.0722997640099419,-0.1,FALSE,"n500_d4",500,4,91
"gamlss.longitudinal","theta","t",0.298205507136478,0.0958950932968573,0.2,FALSE,"n500_d4",500,4,91
"gamlss.longitudinal","zeta","intercept",-2.18529118545799,4.09152665715934,0.5,TRUE,"n500_d4",500,4,91
"gamlss.longitudinal","zeta","x1",0.323302262515692,0.502369614585812,0.12,FALSE,"n500_d4",500,4,91
"gamlss.longitudinal","zeta","x2",2.45826730860116,2.98172696131163,-0.1,FALSE,"n500_d4",500,4,91
"gamlss.longitudinal","zeta","t",0.851329028107753,1.84238947880811,0.1,FALSE,"n500_d4",500,4,91
"gamlss2","mu","intercept",0.779051459264177,0.0143363808698431,0.793964027452855,FALSE,"n500_d4",500,4,91
"gamlss2","mu","x1",0.120218590525935,0.00758976891714408,0.12,FALSE,"n500_d4",500,4,91
"gamlss2","mu","x2",-0.0958364129067318,0.015425115832368,-0.1,FALSE,"n500_d4",500,4,91
"gamlss2","mu","t",0.181694730844882,0.0205499335803747,0.18,FALSE,"n500_d4",500,4,91
"gamlss2","sigma","intercept",-1.20696205624888,0.0320459071308584,-1.22264154599152,FALSE,"n500_d4",500,4,91
"gamlss2","sigma","x1",0.182447774550384,0.0186932030944962,0.18,FALSE,"n500_d4",500,4,91
"gamlss2","sigma","x2",0.135138604048211,0.0337032079284987,0.12,FALSE,"n500_d4",500,4,91
"gamlss2","sigma","t",0.155948044142242,0.044449033441593,0.15,FALSE,"n500_d4",500,4,91
"gamlss2","nu","intercept",0.00878415356517048,0.105021183885967,0,FALSE,"n500_d4",500,4,91
"gamlss2","nu","x1",0.0994255533292231,0.0620239022673338,0.1,FALSE,"n500_d4",500,4,91
"gamlss2","nu","x2",-0.103285089534348,0.108486118545005,-0.08,FALSE,"n500_d4",500,4,91
"gamlss2","nu","t",0.13112439812522,0.14237934836014,0.12,FALSE,"n500_d4",500,4,91
"gamlss2","tau","intercept",0.563735762428645,0.092565375555805,0.5,FALSE,"n500_d4",500,4,91
"gamlss2","tau","x1",-0.167200659318718,0.0570596099916515,-0.08,FALSE,"n500_d4",500,4,91
"gamlss2","tau","x2",0.111356129026624,0.103189593458678,0.1,FALSE,"n500_d4",500,4,91
"gamlss2","tau","t",-0.0222463671788575,0.131823134524078,0.11,FALSE,"n500_d4",500,4,91
"gamlss2","theta","intercept",NA,NA,NA,FALSE,"n500_d4",500,4,91
"gamlss2","theta","x1",NA,NA,NA,FALSE,"n500_d4",500,4,91
"gamlss2","theta","x2",NA,NA,NA,FALSE,"n500_d4",500,4,91
"gamlss2","theta","t",NA,NA,NA,FALSE,"n500_d4",500,4,91
"gamlss2","zeta","intercept",NA,NA,NA,FALSE,"n500_d4",500,4,91
"gamlss2","zeta","x1",NA,NA,NA,FALSE,"n500_d4",500,4,91
"gamlss2","zeta","x2",NA,NA,NA,FALSE,"n500_d4",500,4,91
"gamlss2","zeta","t",NA,NA,NA,FALSE,"n500_d4",500,4,91
"gamlss.longitudinal","mu","intercept",0.788927643285379,0.0178996687236595,0.763286187944348,TRUE,"n500_d4",500,4,92
"gamlss.longitudinal","mu","x1",0.113732671880914,0.0117066098118565,0.12,FALSE,"n500_d4",500,4,92
"gamlss.longitudinal","mu","x2",-0.125555238505952,0.0228447150586099,-0.1,FALSE,"n500_d4",500,4,92
"gamlss.longitudinal","mu","t",0.178219664161279,0.0139489238491424,0.18,FALSE,"n500_d4",500,4,92
"gamlss.longitudinal","sigma","intercept",-1.22700677960526,0.0416886860966526,-1.21646606340674,TRUE,"n500_d4",500,4,92
"gamlss.longitudinal","sigma","x1",0.2250314773274,0.024553818104725,0.18,FALSE,"n500_d4",500,4,92
"gamlss.longitudinal","sigma","x2",0.146152076163599,0.0515354421223259,0.12,FALSE,"n500_d4",500,4,92
"gamlss.longitudinal","sigma","t",0.174692925166135,0.0323383698578745,0.15,FALSE,"n500_d4",500,4,92
"gamlss.longitudinal","nu","intercept",0.185455727717904,0.0938096273654028,0,TRUE,"n500_d4",500,4,92
"gamlss.longitudinal","nu","x1",-0.00398462100797702,0.0496716492823238,0.1,FALSE,"n500_d4",500,4,92
"gamlss.longitudinal","nu","x2",-0.273460385242404,0.10253442605267,-0.08,FALSE,"n500_d4",500,4,92
"gamlss.longitudinal","nu","t",0.0759550602370752,0.0897720465217259,0.12,FALSE,"n500_d4",500,4,92
"gamlss.longitudinal","tau","intercept",0.502410051057189,0.0906790125383156,0.5,TRUE,"n500_d4",500,4,92
"gamlss.longitudinal","tau","x1",-0.14432752336146,0.0530760037872779,-0.08,FALSE,"n500_d4",500,4,92
"gamlss.longitudinal","tau","x2",0.00802105511391598,0.106130616967504,0.1,FALSE,"n500_d4",500,4,92
"gamlss.longitudinal","tau","t",0.177802955257962,0.106559518368428,0.11,FALSE,"n500_d4",500,4,92
"gamlss.longitudinal","theta","intercept",1.04482453768946,0.064510474734746,1.04176045805787,TRUE,"n500_d4",500,4,92
"gamlss.longitudinal","theta","x1",0.279847952767388,0.03470137508261,0.25,FALSE,"n500_d4",500,4,92
"gamlss.longitudinal","theta","x2",-0.0985576573226813,0.0727836619569675,-0.1,FALSE,"n500_d4",500,4,92
"gamlss.longitudinal","theta","t",0.251802157343067,0.116099492205534,0.2,FALSE,"n500_d4",500,4,92
"gamlss.longitudinal","zeta","intercept",0.211993141488041,0.66150877643162,0.5,TRUE,"n500_d4",500,4,92
"gamlss.longitudinal","zeta","x1",0.0424191767642208,0.325642210163876,0.12,FALSE,"n500_d4",500,4,92
"gamlss.longitudinal","zeta","x2",-0.922210350294749,0.816128826161207,-0.1,FALSE,"n500_d4",500,4,92
"gamlss.longitudinal","zeta","t",0.726534260476893,1.40988287677214,0.1,FALSE,"n500_d4",500,4,92
"gamlss2","mu","intercept",0.79067857587875,0.0137410692570768,0.763286187944348,FALSE,"n500_d4",500,4,92
"gamlss2","mu","x1",0.115093352231793,0.00759736663460286,0.12,FALSE,"n500_d4",500,4,92
"gamlss2","mu","x2",-0.128913594706819,0.0147458349884997,-0.1,FALSE,"n500_d4",500,4,92
"gamlss2","mu","t",0.18343189035115,0.0194925946333246,0.18,FALSE,"n500_d4",500,4,92
"gamlss2","sigma","intercept",-1.25124302175078,0.0329020127964912,-1.21646606340674,FALSE,"n500_d4",500,4,92
"gamlss2","sigma","x1",0.239769961730396,0.0165930333447563,0.18,FALSE,"n500_d4",500,4,92
"gamlss2","sigma","x2",0.158021429048127,0.0340964100496847,0.12,FALSE,"n500_d4",500,4,92
"gamlss2","sigma","t",0.20332040392389,0.043717850205341,0.15,FALSE,"n500_d4",500,4,92
"gamlss2","nu","intercept",0.172430796172538,0.107996164715372,0,FALSE,"n500_d4",500,4,92
"gamlss2","nu","x1",0.00935185468346795,0.0538401320280582,0.1,FALSE,"n500_d4",500,4,92
"gamlss2","nu","x2",-0.251507059120829,0.103852958705415,-0.08,FALSE,"n500_d4",500,4,92
"gamlss2","nu","t",-0.0310949889146196,0.131875592767321,0.12,FALSE,"n500_d4",500,4,92
"gamlss2","tau","intercept",0.564772106110383,0.109741069263845,0.5,FALSE,"n500_d4",500,4,92
"gamlss2","tau","x1",-0.0979984624522074,0.0587737671063706,-0.08,FALSE,"n500_d4",500,4,92
"gamlss2","tau","x2",0.0147864391047178,0.112372243981676,0.1,FALSE,"n500_d4",500,4,92
"gamlss2","tau","t",0.192578792497388,0.145163542099261,0.11,FALSE,"n500_d4",500,4,92
"gamlss2","theta","intercept",NA,NA,NA,FALSE,"n500_d4",500,4,92
"gamlss2","theta","x1",NA,NA,NA,FALSE,"n500_d4",500,4,92
"gamlss2","theta","x2",NA,NA,NA,FALSE,"n500_d4",500,4,92
"gamlss2","theta","t",NA,NA,NA,FALSE,"n500_d4",500,4,92
"gamlss2","zeta","intercept",NA,NA,NA,FALSE,"n500_d4",500,4,92
"gamlss2","zeta","x1",NA,NA,NA,FALSE,"n500_d4",500,4,92
"gamlss2","zeta","x2",NA,NA,NA,FALSE,"n500_d4",500,4,92
"gamlss2","zeta","t",NA,NA,NA,FALSE,"n500_d4",500,4,92
"gamlss.longitudinal","mu","intercept",0.787693508011235,0.0172390577150876,0.790309827380639,TRUE,"n500_d4",500,4,93
"gamlss.longitudinal","mu","x1",0.114621511167548,0.00956284107196123,0.12,FALSE,"n500_d4",500,4,93
"gamlss.longitudinal","mu","x2",-0.0925328692104061,0.0228929803281833,-0.1,FALSE,"n500_d4",500,4,93
"gamlss.longitudinal","mu","t",0.181871929287217,0.01364428150609,0.18,FALSE,"n500_d4",500,4,93
"gamlss.longitudinal","sigma","intercept",-1.2579938464092,0.0435916821434727,-1.21562672188921,TRUE,"n500_d4",500,4,93
"gamlss.longitudinal","sigma","x1",0.168892675756297,0.0218805357011026,0.18,FALSE,"n500_d4",500,4,93
"gamlss.longitudinal","sigma","x2",0.223403367846157,0.0497521750853595,0.12,FALSE,"n500_d4",500,4,93
"gamlss.longitudinal","sigma","t",0.131429155399762,0.0327869726293611,0.15,FALSE,"n500_d4",500,4,93
"gamlss.longitudinal","nu","intercept",0.146269407038694,0.0996040564265616,0,TRUE,"n500_d4",500,4,93
"gamlss.longitudinal","nu","x1",0.0535959449513931,0.046613639468866,0.1,FALSE,"n500_d4",500,4,93
"gamlss.longitudinal","nu","x2",-0.108262693307269,0.106840094300581,-0.08,FALSE,"n500_d4",500,4,93
"gamlss.longitudinal","nu","t",0.0179931066417418,0.0896817021816544,0.12,FALSE,"n500_d4",500,4,93
"gamlss.longitudinal","tau","intercept",0.680665897425734,0.108000664918659,0.5,TRUE,"n500_d4",500,4,93
"gamlss.longitudinal","tau","x1",-0.0474283354409294,0.0566025526356806,-0.08,FALSE,"n500_d4",500,4,93
"gamlss.longitudinal","tau","x2",-0.050737397397857,0.112336304226933,0.1,FALSE,"n500_d4",500,4,93
"gamlss.longitudinal","tau","t",-0.0386657095054162,0.107866121279859,0.11,FALSE,"n500_d4",500,4,93
"gamlss.longitudinal","theta","intercept",1.00294096480044,0.0817603874992487,1.04740239051068,TRUE,"n500_d4",500,4,93
"gamlss.longitudinal","theta","x1",0.247906248072201,0.0404690264217506,0.25,FALSE,"n500_d4",500,4,93
"gamlss.longitudinal","theta","x2",-0.00442868347565175,0.0912309510043434,-0.1,FALSE,"n500_d4",500,4,93
"gamlss.longitudinal","theta","t",0.115091273147285,0.110952248743338,0.2,FALSE,"n500_d4",500,4,93
"gamlss.longitudinal","zeta","intercept",0.0711709014737674,3.03984199998924,0.5,TRUE,"n500_d4",500,4,93
"gamlss.longitudinal","zeta","x1",1.72466925564052,3.06115745503039,0.12,FALSE,"n500_d4",500,4,93
"gamlss.longitudinal","zeta","x2",-0.0764428919651106,2.50854466282816,-0.1,FALSE,"n500_d4",500,4,93
"gamlss.longitudinal","zeta","t",-2.66589287102805,3.32657362116777,0.1,FALSE,"n500_d4",500,4,93
"gamlss2","mu","intercept",0.795926737847756,0.0137914737922382,0.790309827380639,FALSE,"n500_d4",500,4,93
"gamlss2","mu","x1",0.117240135084365,0.00486635985188459,0.12,FALSE,"n500_d4",500,4,93
"gamlss2","mu","x2",-0.0902976600771525,0.0136791926001638,-0.1,FALSE,"n500_d4",500,4,93
"gamlss2","mu","t",0.183412188154966,0.0190405438563847,0.18,FALSE,"n500_d4",500,4,93
"gamlss2","sigma","intercept",-1.29447767118173,0.0312860395755315,-1.21562672188921,FALSE,"n500_d4",500,4,93
"gamlss2","sigma","x1",0.174212131979078,0.0158501618098406,0.18,FALSE,"n500_d4",500,4,93
"gamlss2","sigma","x2",0.247808006794237,0.0337752148788739,0.12,FALSE,"n500_d4",500,4,93
"gamlss2","sigma","t",0.144403928266694,0.0437183162576556,0.15,FALSE,"n500_d4",500,4,93
"gamlss2","nu","intercept",0.445936036205804,0.112523731788992,0,FALSE,"n500_d4",500,4,93
"gamlss2","nu","x1",0.088694563734449,0.048634952088131,0.1,FALSE,"n500_d4",500,4,93
"gamlss2","nu","x2",-0.357561943595725,0.107551990900826,-0.08,FALSE,"n500_d4",500,4,93
"gamlss2","nu","t",-0.0721406691470591,0.133386416727784,0.12,FALSE,"n500_d4",500,4,93
"gamlss2","tau","intercept",0.832890969830264,0.105812263424326,0.5,FALSE,"n500_d4",500,4,93
"gamlss2","tau","x1",-0.140214341421822,0.0547856797054552,-0.08,FALSE,"n500_d4",500,4,93
"gamlss2","tau","x2",-0.155104775882952,0.106439735126824,0.1,FALSE,"n500_d4",500,4,93
"gamlss2","tau","t",-0.151892809800618,0.133461312663864,0.11,FALSE,"n500_d4",500,4,93
"gamlss2","theta","intercept",NA,NA,NA,FALSE,"n500_d4",500,4,93
"gamlss2","theta","x1",NA,NA,NA,FALSE,"n500_d4",500,4,93
"gamlss2","theta","x2",NA,NA,NA,FALSE,"n500_d4",500,4,93
"gamlss2","theta","t",NA,NA,NA,FALSE,"n500_d4",500,4,93
"gamlss2","zeta","intercept",NA,NA,NA,FALSE,"n500_d4",500,4,93
"gamlss2","zeta","x1",NA,NA,NA,FALSE,"n500_d4",500,4,93
"gamlss2","zeta","x2",NA,NA,NA,FALSE,"n500_d4",500,4,93
"gamlss2","zeta","t",NA,NA,NA,FALSE,"n500_d4",500,4,93
"gamlss.longitudinal","mu","intercept",0.797332787752101,0.0149133002281357,0.807688378242275,TRUE,"n500_d4",500,4,94
"gamlss.longitudinal","mu","x1",0.111736006559231,0.0118702476437925,0.12,FALSE,"n500_d4",500,4,94
"gamlss.longitudinal","mu","x2",-0.106343194524787,0.0232291129679525,-0.1,FALSE,"n500_d4",500,4,94
"gamlss.longitudinal","mu","t",0.186844242438556,0.0145612217397773,0.18,FALSE,"n500_d4",500,4,94
"gamlss.longitudinal","sigma","intercept",-1.30056631919193,0.041807409290155,-1.21750381212348,TRUE,"n500_d4",500,4,94
"gamlss.longitudinal","sigma","x1",0.148450047440127,0.0250242004561413,0.18,FALSE,"n500_d4",500,4,94
"gamlss.longitudinal","sigma","x2",0.203075478722935,0.0504333587647213,0.12,FALSE,"n500_d4",500,4,94
"gamlss.longitudinal","sigma","t",0.193703263218083,0.0331304981128773,0.15,FALSE,"n500_d4",500,4,94
"gamlss.longitudinal","nu","intercept",0.133762658071975,0.0982323779854796,0,TRUE,"n500_d4",500,4,94
"gamlss.longitudinal","nu","x1",0.0656957025405664,0.0548091518703555,0.1,FALSE,"n500_d4",500,4,94
"gamlss.longitudinal","nu","x2",-0.0928953364476441,0.103979621528412,-0.08,FALSE,"n500_d4",500,4,94
"gamlss.longitudinal","nu","t",0.0370890712364403,0.0924248268764959,0.12,FALSE,"n500_d4",500,4,94
"gamlss.longitudinal","tau","intercept",0.546179267824018,0.0941473035968334,0.5,TRUE,"n500_d4",500,4,94
"gamlss.longitudinal","tau","x1",-0.155179642369414,0.0553190615148149,-0.08,FALSE,"n500_d4",500,4,94
"gamlss.longitudinal","tau","x2",0.0388233687447044,0.110684784217573,0.1,FALSE,"n500_d4",500,4,94
"gamlss.longitudinal","tau","t",0.244828075971495,0.111830162923634,0.11,FALSE,"n500_d4",500,4,94
"gamlss.longitudinal","theta","intercept",0.982877589576289,0.0623800088457742,1.05029522652926,TRUE,"n500_d4",500,4,94
"gamlss.longitudinal","theta","x1",0.234072115617937,0.0353033713096123,0.25,FALSE,"n500_d4",500,4,94
"gamlss.longitudinal","theta","x2",0.0079268771690383,0.0722529357608767,-0.1,FALSE,"n500_d4",500,4,94
"gamlss.longitudinal","theta","t",0.229970484531745,0.111911697899722,0.2,FALSE,"n500_d4",500,4,94
"gamlss.longitudinal","zeta","intercept",0.939271891436068,0.680144687078001,0.5,TRUE,"n500_d4",500,4,94
"gamlss.longitudinal","zeta","x1",-0.141306986066993,0.33991745838806,0.12,FALSE,"n500_d4",500,4,94
"gamlss.longitudinal","zeta","x2",-0.692560153479841,0.749245724439587,-0.1,FALSE,"n500_d4",500,4,94
"gamlss.longitudinal","zeta","t",-0.313348394428411,1.37115411503482,0.1,FALSE,"n500_d4",500,4,94
"gamlss2","mu","intercept",0.79855682929451,0.0131409173108471,0.807688378242275,FALSE,"n500_d4",500,4,94
"gamlss2","mu","x1",0.120433752110532,0.00737214924107338,0.12,FALSE,"n500_d4",500,4,94
"gamlss2","mu","x2",-0.104571020616861,0.014551686456855,-0.1,FALSE,"n500_d4",500,4,94
"gamlss2","mu","t",0.192240915310755,0.0192088871182609,0.18,FALSE,"n500_d4",500,4,94
"gamlss2","sigma","intercept",-1.31681596857577,0.0329325949446574,-1.21750381212348,FALSE,"n500_d4",500,4,94
"gamlss2","sigma","x1",0.15778781341955,0.0169499131344373,0.18,FALSE,"n500_d4",500,4,94
"gamlss2","sigma","x2",0.203644725271412,0.0332533135312793,0.12,FALSE,"n500_d4",500,4,94
"gamlss2","sigma","t",0.195041448540323,0.0431349701239488,0.15,FALSE,"n500_d4",500,4,94
"gamlss2","nu","intercept",0.142846776770635,0.121341764689972,0,FALSE,"n500_d4",500,4,94
"gamlss2","nu","x1",0.113740147382174,0.0585821854323349,0.1,FALSE,"n500_d4",500,4,94
"gamlss2","nu","x2",-0.0394827719021378,0.10882785684358,-0.08,FALSE,"n500_d4",500,4,94
"gamlss2","nu","t",-0.092682416202586,0.144343488502528,0.12,FALSE,"n500_d4",500,4,94
"gamlss2","tau","intercept",0.662322603447346,0.109876962402828,0.5,FALSE,"n500_d4",500,4,94
"gamlss2","tau","x1",-0.177864333574555,0.0567096572981128,-0.08,FALSE,"n500_d4",500,4,94
"gamlss2","tau","x2",-0.173744458283331,0.114686196098464,0.1,FALSE,"n500_d4",500,4,94
"gamlss2","tau","t",0.274870671102545,0.148087032050304,0.11,FALSE,"n500_d4",500,4,94
"gamlss2","theta","intercept",NA,NA,NA,FALSE,"n500_d4",500,4,94
"gamlss2","theta","x1",NA,NA,NA,FALSE,"n500_d4",500,4,94
"gamlss2","theta","x2",NA,NA,NA,FALSE,"n500_d4",500,4,94
"gamlss2","theta","t",NA,NA,NA,FALSE,"n500_d4",500,4,94
"gamlss2","zeta","intercept",NA,NA,NA,FALSE,"n500_d4",500,4,94
"gamlss2","zeta","x1",NA,NA,NA,FALSE,"n500_d4",500,4,94
"gamlss2","zeta","x2",NA,NA,NA,FALSE,"n500_d4",500,4,94
"gamlss2","zeta","t",NA,NA,NA,FALSE,"n500_d4",500,4,94
"gamlss.longitudinal","mu","intercept",0.810744068731847,0.0170646964971141,0.787306401868702,TRUE,"n500_d4",500,4,95
"gamlss.longitudinal","mu","x1",0.105431354077813,0.0102704554934338,0.12,FALSE,"n500_d4",500,4,95
"gamlss.longitudinal","mu","x2",-0.113881218472284,0.0232220017912951,-0.1,FALSE,"n500_d4",500,4,95
"gamlss.longitudinal","mu","t",0.173725965173831,0.0131787470556209,0.18,FALSE,"n500_d4",500,4,95
"gamlss.longitudinal","sigma","intercept",-1.20565354149333,0.0420977711080114,-1.21833049216481,TRUE,"n500_d4",500,4,95
"gamlss.longitudinal","sigma","x1",0.163930589882274,0.0280896661596147,0.18,FALSE,"n500_d4",500,4,95
"gamlss.longitudinal","sigma","x2",0.0975700364147509,0.0520535607603593,0.12,FALSE,"n500_d4",500,4,95
"gamlss.longitudinal","sigma","t",0.118049737950174,0.0311869622621955,0.15,FALSE,"n500_d4",500,4,95
"gamlss.longitudinal","nu","intercept",0.0844868023883789,0.097451817735939,0,TRUE,"n500_d4",500,4,95
"gamlss.longitudinal","nu","x1",0.0624979492444313,0.0530875606636698,0.1,FALSE,"n500_d4",500,4,95
"gamlss.longitudinal","nu","x2",-0.0598913746911058,0.103315156883153,-0.08,FALSE,"n500_d4",500,4,95
"gamlss.longitudinal","nu","t",0.0426681412746292,0.0919352329040144,0.12,FALSE,"n500_d4",500,4,95
"gamlss.longitudinal","tau","intercept",0.592317500236953,0.0950818438509355,0.5,TRUE,"n500_d4",500,4,95
"gamlss.longitudinal","tau","x1",-0.154780196339933,0.0657668417465549,-0.08,FALSE,"n500_d4",500,4,95
"gamlss.longitudinal","tau","x2",0.116701872234522,0.112951422654035,0.1,FALSE,"n500_d4",500,4,95
"gamlss.longitudinal","tau","t",0.0897488519397953,0.110340232610666,0.11,FALSE,"n500_d4",500,4,95
"gamlss.longitudinal","theta","intercept",1.10218311726834,0.0665248461789536,1.04730537369045,TRUE,"n500_d4",500,4,95
"gamlss.longitudinal","theta","x1",0.242474507094882,0.0390483080862015,0.25,FALSE,"n500_d4",500,4,95
"gamlss.longitudinal","theta","x2",-0.129197404621869,0.0743530415835846,-0.1,FALSE,"n500_d4",500,4,95
"gamlss.longitudinal","theta","t",0.133350071570477,0.111394229941311,0.2,FALSE,"n500_d4",500,4,95
"gamlss.longitudinal","zeta","intercept",-0.323963678575575,0.789954371517219,0.5,TRUE,"n500_d4",500,4,95
"gamlss.longitudinal","zeta","x1",0.107895062864637,0.341445746083138,0.12,FALSE,"n500_d4",500,4,95
"gamlss.longitudinal","zeta","x2",0.162953160975362,0.797666815402555,-0.1,FALSE,"n500_d4",500,4,95
"gamlss.longitudinal","zeta","t",0.657264484539312,1.38023137191744,0.1,FALSE,"n500_d4",500,4,95
"gamlss2","mu","intercept",0.816960482093111,0.0117658474065656,0.787306401868702,FALSE,"n500_d4",500,4,95
"gamlss2","mu","x1",0.113149565628163,0.00683281214551663,0.12,FALSE,"n500_d4",500,4,95
"gamlss2","mu","x2",-0.112364569037346,0.0147054170968456,-0.1,FALSE,"n500_d4",500,4,95
"gamlss2","mu","t",0.163715467480807,0.0197075220001675,0.18,FALSE,"n500_d4",500,4,95
"gamlss2","sigma","intercept",-1.21333493260013,0.0321745416240784,-1.21833049216481,FALSE,"n500_d4",500,4,95
"gamlss2","sigma","x1",0.17751343087195,0.0170763031824096,0.18,FALSE,"n500_d4",500,4,95
"gamlss2","sigma","x2",0.120475697088602,0.0320500884344843,0.12,FALSE,"n500_d4",500,4,95
"gamlss2","sigma","t",0.118006566584653,0.0397996718147593,0.15,FALSE,"n500_d4",500,4,95
"gamlss2","nu","intercept",0.0663512941170561,0.110409628084198,0,FALSE,"n500_d4",500,4,95
"gamlss2","nu","x1",0.100618617492113,0.0576648823737032,0.1,FALSE,"n500_d4",500,4,95
"gamlss2","nu","x2",-0.0449903565602761,0.104650998299542,-0.08,FALSE,"n500_d4",500,4,95
"gamlss2","nu","t",0.0207435173418766,0.12939100688638,0.12,FALSE,"n500_d4",500,4,95
"gamlss2","tau","intercept",0.505734231873962,0.103302329540084,0.5,FALSE,"n500_d4",500,4,95
"gamlss2","tau","x1",-0.279899929017278,0.0680413242219048,-0.08,FALSE,"n500_d4",500,4,95
"gamlss2","tau","x2",0.476819173654233,0.115142317238967,0.1,FALSE,"n500_d4",500,4,95
"gamlss2","tau","t",0.226972879542685,0.149529371726131,0.11,FALSE,"n500_d4",500,4,95
"gamlss2","theta","intercept",NA,NA,NA,FALSE,"n500_d4",500,4,95
"gamlss2","theta","x1",NA,NA,NA,FALSE,"n500_d4",500,4,95
"gamlss2","theta","x2",NA,NA,NA,FALSE,"n500_d4",500,4,95
"gamlss2","theta","t",NA,NA,NA,FALSE,"n500_d4",500,4,95
"gamlss2","zeta","intercept",NA,NA,NA,FALSE,"n500_d4",500,4,95
"gamlss2","zeta","x1",NA,NA,NA,FALSE,"n500_d4",500,4,95
"gamlss2","zeta","x2",NA,NA,NA,FALSE,"n500_d4",500,4,95
"gamlss2","zeta","t",NA,NA,NA,FALSE,"n500_d4",500,4,95
"gamlss.longitudinal","mu","intercept",0.776740466787626,0.0159594542886437,0.783377595393691,TRUE,"n500_d4",500,4,96
"gamlss.longitudinal","mu","x1",0.132017613173298,0.0111085406624772,0.12,FALSE,"n500_d4",500,4,96
"gamlss.longitudinal","mu","x2",-0.091860027159615,0.0243840970896553,-0.1,FALSE,"n500_d4",500,4,96
"gamlss.longitudinal","mu","t",0.175191459362076,0.0140116132939884,0.18,FALSE,"n500_d4",500,4,96
"gamlss.longitudinal","sigma","intercept",-1.24633633011242,0.0419379265826508,-1.21364703693682,TRUE,"n500_d4",500,4,96
"gamlss.longitudinal","sigma","x1",0.123803018581637,0.027957066706606,0.18,FALSE,"n500_d4",500,4,96
"gamlss.longitudinal","sigma","x2",0.1496025375566,0.0511638078237784,0.12,FALSE,"n500_d4",500,4,96
"gamlss.longitudinal","sigma","t",0.144925064658253,0.0328571957242073,0.15,FALSE,"n500_d4",500,4,96
"gamlss.longitudinal","nu","intercept",-0.102787355524325,0.0954161090801908,0,TRUE,"n500_d4",500,4,96
"gamlss.longitudinal","nu","x1",0.00859756180209438,0.0622949354900153,0.1,FALSE,"n500_d4",500,4,96
"gamlss.longitudinal","nu","x2",0.0890172740560292,0.108363135533829,-0.08,FALSE,"n500_d4",500,4,96
"gamlss.longitudinal","nu","t",0.120358698175906,0.105326885465745,0.12,FALSE,"n500_d4",500,4,96
"gamlss.longitudinal","tau","intercept",0.468250348477404,0.0911268854841644,0.5,TRUE,"n500_d4",500,4,96
"gamlss.longitudinal","tau","x1",-0.0939009942112813,0.0592475867580945,-0.08,FALSE,"n500_d4",500,4,96
"gamlss.longitudinal","tau","x2",0.180726468534683,0.110096391520704,0.1,FALSE,"n500_d4",500,4,96
"gamlss.longitudinal","tau","t",0.214736793597596,0.112363524195827,0.11,FALSE,"n500_d4",500,4,96
"gamlss.longitudinal","theta","intercept",1.04662535319421,0.0640239439863994,1.04304597914683,TRUE,"n500_d4",500,4,96
"gamlss.longitudinal","theta","x1",0.185116898171499,0.0386225678699582,0.25,FALSE,"n500_d4",500,4,96
"gamlss.longitudinal","theta","x2",-0.0301195058675226,0.0738115243150039,-0.1,FALSE,"n500_d4",500,4,96
"gamlss.longitudinal","theta","t",0.0949479795745662,0.110292474630022,0.2,FALSE,"n500_d4",500,4,96
"gamlss.longitudinal","zeta","intercept",-0.000170006803308422,0.587192678310287,0.5,TRUE,"n500_d4",500,4,96
"gamlss.longitudinal","zeta","x1",0.0121836082104224,0.283839596925799,0.12,FALSE,"n500_d4",500,4,96
"gamlss.longitudinal","zeta","x2",0.0876837421604375,0.712846427778724,-0.1,FALSE,"n500_d4",500,4,96
"gamlss.longitudinal","zeta","t",1.14969742116289,1.23488882142044,0.1,FALSE,"n500_d4",500,4,96
"gamlss2","mu","intercept",0.774504679653063,0.0135008981453152,0.783377595393691,FALSE,"n500_d4",500,4,96
"gamlss2","mu","x1",0.12636343652896,0.00753063490413236,0.12,FALSE,"n500_d4",500,4,96
"gamlss2","mu","x2",-0.0873816138943539,0.0155224629025181,-0.1,FALSE,"n500_d4",500,4,96
"gamlss2","mu","t",0.182559905621195,0.0201118983809893,0.18,FALSE,"n500_d4",500,4,96
"gamlss2","sigma","intercept",-1.22742783765157,0.033985586591528,-1.21364703693682,FALSE,"n500_d4",500,4,96
"gamlss2","sigma","x1",0.108441163735856,0.0196618866807724,0.18,FALSE,"n500_d4",500,4,96
"gamlss2","sigma","x2",0.119353775737427,0.0337978381303752,0.12,FALSE,"n500_d4",500,4,96
"gamlss2","sigma","t",0.127573169711852,0.0430700111690314,0.15,FALSE,"n500_d4",500,4,96
"gamlss2","nu","intercept",-0.0613006495443406,0.114955303100492,0,FALSE,"n500_d4",500,4,96
"gamlss2","nu","x1",-0.148876714299464,0.0698081440497888,0.1,FALSE,"n500_d4",500,4,96
"gamlss2","nu","x2",0.0445211781375797,0.112113456581636,-0.08,FALSE,"n500_d4",500,4,96
"gamlss2","nu","t",0.188169470744259,0.144401020070763,0.12,FALSE,"n500_d4",500,4,96
"gamlss2","tau","intercept",0.401870311845502,0.104555132841804,0.5,FALSE,"n500_d4",500,4,96
"gamlss2","tau","x1",-0.0827241225654938,0.0737828456302215,-0.08,FALSE,"n500_d4",500,4,96
"gamlss2","tau","x2",0.26754243057751,0.123016745888357,0.1,FALSE,"n500_d4",500,4,96
"gamlss2","tau","t",0.342496432377431,0.145140439549137,0.11,FALSE,"n500_d4",500,4,96
"gamlss2","theta","intercept",NA,NA,NA,FALSE,"n500_d4",500,4,96
"gamlss2","theta","x1",NA,NA,NA,FALSE,"n500_d4",500,4,96
"gamlss2","theta","x2",NA,NA,NA,FALSE,"n500_d4",500,4,96
"gamlss2","theta","t",NA,NA,NA,FALSE,"n500_d4",500,4,96
"gamlss2","zeta","intercept",NA,NA,NA,FALSE,"n500_d4",500,4,96
"gamlss2","zeta","x1",NA,NA,NA,FALSE,"n500_d4",500,4,96
"gamlss2","zeta","x2",NA,NA,NA,FALSE,"n500_d4",500,4,96
"gamlss2","zeta","t",NA,NA,NA,FALSE,"n500_d4",500,4,96
"gamlss.longitudinal","mu","intercept",0.740911106446855,0.0157779671916353,0.76912355258714,TRUE,"n500_d4",500,4,97
"gamlss.longitudinal","mu","x1",0.112264007084979,0.0109853475091621,0.12,FALSE,"n500_d4",500,4,97
"gamlss.longitudinal","mu","x2",-0.0844676267129381,0.0200744479219618,-0.1,FALSE,"n500_d4",500,4,97
"gamlss.longitudinal","mu","t",0.196334138890055,0.0132346899159182,0.18,FALSE,"n500_d4",500,4,97
"gamlss.longitudinal","sigma","intercept",-1.2091459861856,0.0533393298211523,-1.23052945377468,TRUE,"n500_d4",500,4,97
"gamlss.longitudinal","sigma","x1",0.209177162303871,0.0244870846108806,0.18,FALSE,"n500_d4",500,4,97
"gamlss.longitudinal","sigma","x2",0.0199006858449297,0.057630967036098,0.12,FALSE,"n500_d4",500,4,97
"gamlss.longitudinal","sigma","t",0.176222350872462,0.0306745955776929,0.15,FALSE,"n500_d4",500,4,97
"gamlss.longitudinal","nu","intercept",-0.00104105132159586,0.0927097855383178,0,TRUE,"n500_d4",500,4,97
"gamlss.longitudinal","nu","x1",0.160640068578471,0.0537328242361076,0.1,FALSE,"n500_d4",500,4,97
"gamlss.longitudinal","nu","x2",-0.192522485304442,0.102703387003429,-0.08,FALSE,"n500_d4",500,4,97
"gamlss.longitudinal","nu","t",0.196147589544349,0.0813591757216217,0.12,FALSE,"n500_d4",500,4,97
"gamlss.longitudinal","tau","intercept",0.410926675649215,0.110072268045685,0.5,TRUE,"n500_d4",500,4,97
"gamlss.longitudinal","tau","x1",-0.0665807020342517,0.0569236793348458,-0.08,FALSE,"n500_d4",500,4,97
"gamlss.longitudinal","tau","x2",0.0633930610657168,0.116614260593387,0.1,FALSE,"n500_d4",500,4,97
"gamlss.longitudinal","tau","t",0.265121632889869,0.102456069096633,0.11,FALSE,"n500_d4",500,4,97
"gamlss.longitudinal","theta","intercept",1.04445851730194,0.070151896875159,1.04963410957951,TRUE,"n500_d4",500,4,97
"gamlss.longitudinal","theta","x1",0.308407865288881,0.0346565352124867,0.25,FALSE,"n500_d4",500,4,97
"gamlss.longitudinal","theta","x2",-0.194537104574472,0.0724461469855444,-0.1,FALSE,"n500_d4",500,4,97
"gamlss.longitudinal","theta","t",0.173881215943405,0.109378430070231,0.2,FALSE,"n500_d4",500,4,97
"gamlss.longitudinal","zeta","intercept",-2.52448881740554,7.4974716198242,0.5,TRUE,"n500_d4",500,4,97
"gamlss.longitudinal","zeta","x1",-1.05253848666934,1.09152442198423,0.12,FALSE,"n500_d4",500,4,97
"gamlss.longitudinal","zeta","x2",2.41635382083125,6.5015025813183,-0.1,FALSE,"n500_d4",500,4,97
"gamlss.longitudinal","zeta","t",-0.911748679097433,1.69232894444033,0.1,FALSE,"n500_d4",500,4,97
"gamlss2","mu","intercept",0.739970466893008,0.0132669174984847,0.76912355258714,FALSE,"n500_d4",500,4,97
"gamlss2","mu","x1",0.110438648007755,0.00734023884904356,0.12,FALSE,"n500_d4",500,4,97
"gamlss2","mu","x2",-0.0865561791075031,0.0139214245701749,-0.1,FALSE,"n500_d4",500,4,97
"gamlss2","mu","t",0.195392805114538,0.0183681988373112,0.18,FALSE,"n500_d4",500,4,97
"gamlss2","sigma","intercept",-1.22061003260928,0.0351441899712473,-1.23052945377468,FALSE,"n500_d4",500,4,97
"gamlss2","sigma","x1",0.222837155350629,0.017841430163978,0.18,FALSE,"n500_d4",500,4,97
"gamlss2","sigma","x2",0.0370667108688142,0.0349538378332646,0.12,FALSE,"n500_d4",500,4,97
"gamlss2","sigma","t",0.170289000992144,0.0442101701598062,0.15,FALSE,"n500_d4",500,4,97
"gamlss2","nu","intercept",-0.131446504208011,0.118563687764434,0,FALSE,"n500_d4",500,4,97
"gamlss2","nu","x1",0.182455867424095,0.0646931925320341,0.1,FALSE,"n500_d4",500,4,97
"gamlss2","nu","x2",0.027821556743614,0.115418959636513,-0.08,FALSE,"n500_d4",500,4,97
"gamlss2","nu","t",0.21854217983801,0.145135764573501,0.12,FALSE,"n500_d4",500,4,97
"gamlss2","tau","intercept",0.333640800067437,0.0971195823383315,0.5,FALSE,"n500_d4",500,4,97
"gamlss2","tau","x1",-0.148148086203512,0.0528485857686006,-0.08,FALSE,"n500_d4",500,4,97
"gamlss2","tau","x2",0.272168892914039,0.116901301316274,0.1,FALSE,"n500_d4",500,4,97
"gamlss2","tau","t",0.26681437507998,0.136143916509515,0.11,FALSE,"n500_d4",500,4,97
"gamlss2","theta","intercept",NA,NA,NA,FALSE,"n500_d4",500,4,97
"gamlss2","theta","x1",NA,NA,NA,FALSE,"n500_d4",500,4,97
"gamlss2","theta","x2",NA,NA,NA,FALSE,"n500_d4",500,4,97
"gamlss2","theta","t",NA,NA,NA,FALSE,"n500_d4",500,4,97
"gamlss2","zeta","intercept",NA,NA,NA,FALSE,"n500_d4",500,4,97
"gamlss2","zeta","x1",NA,NA,NA,FALSE,"n500_d4",500,4,97
"gamlss2","zeta","x2",NA,NA,NA,FALSE,"n500_d4",500,4,97
"gamlss2","zeta","t",NA,NA,NA,FALSE,"n500_d4",500,4,97
"gamlss.longitudinal","mu","intercept",0.813519564861793,0.0183365779902096,0.816704719764823,TRUE,"n500_d4",500,4,98
"gamlss.longitudinal","mu","x1",0.118523627307821,0.0111538078304253,0.12,FALSE,"n500_d4",500,4,98
"gamlss.longitudinal","mu","x2",-0.122640706313666,0.0226431268061523,-0.1,FALSE,"n500_d4",500,4,98
"gamlss.longitudinal","mu","t",0.166599580258019,0.0137499535886249,0.18,FALSE,"n500_d4",500,4,98
"gamlss.longitudinal","sigma","intercept",-1.13745052378659,0.0442945344804878,-1.21828945034181,TRUE,"n500_d4",500,4,98
"gamlss.longitudinal","sigma","x1",0.169989820620698,0.0268901037547441,0.18,FALSE,"n500_d4",500,4,98
"gamlss.longitudinal","sigma","x2",-0.0165471949077536,0.0522889913076273,0.12,FALSE,"n500_d4",500,4,98
"gamlss.longitudinal","sigma","t",0.084329527925257,0.0357742267824638,0.15,FALSE,"n500_d4",500,4,98
"gamlss.longitudinal","nu","intercept",0.0466329793813089,0.102456535276102,0,TRUE,"n500_d4",500,4,98
"gamlss.longitudinal","nu","x1",0.14839643893262,0.0523918198202209,0.1,FALSE,"n500_d4",500,4,98
"gamlss.longitudinal","nu","x2",-0.0978499825729907,0.109346742106289,-0.08,FALSE,"n500_d4",500,4,98
"gamlss.longitudinal","nu","t",0.139836289649999,0.111323734058884,0.12,FALSE,"n500_d4",500,4,98
"gamlss.longitudinal","tau","intercept",0.559528799390671,0.0996093860373583,0.5,TRUE,"n500_d4",500,4,98
"gamlss.longitudinal","tau","x1",-0.0597978789424105,0.0571067162391746,-0.08,FALSE,"n500_d4",500,4,98
"gamlss.longitudinal","tau","x2",0.0974570163166938,0.108406160617868,0.1,FALSE,"n500_d4",500,4,98
"gamlss.longitudinal","tau","t",0.00860376237141207,0.124412374772332,0.11,FALSE,"n500_d4",500,4,98
"gamlss.longitudinal","theta","intercept",1.16328495423442,0.0604682916301913,1.05134898138726,TRUE,"n500_d4",500,4,98
"gamlss.longitudinal","theta","x1",0.274838485693925,0.0365070292760535,0.25,FALSE,"n500_d4",500,4,98
"gamlss.longitudinal","theta","x2",-0.269146951226998,0.0708809830331912,-0.1,FALSE,"n500_d4",500,4,98
"gamlss.longitudinal","theta","t",0.146239933734351,0.102048173805652,0.2,FALSE,"n500_d4",500,4,98
"gamlss.longitudinal","zeta","intercept",1.39395142866667,0.535631562398642,0.5,TRUE,"n500_d4",500,4,98
"gamlss.longitudinal","zeta","x1",-0.139013825127134,0.314740631713808,0.12,FALSE,"n500_d4",500,4,98
"gamlss.longitudinal","zeta","x2",-0.290087413522833,0.6058310847272,-0.1,FALSE,"n500_d4",500,4,98
"gamlss.longitudinal","zeta","t",-0.539221284122043,0.996585242967211,0.1,FALSE,"n500_d4",500,4,98
"gamlss2","mu","intercept",0.815887884024062,0.0144044458734877,0.816704719764823,FALSE,"n500_d4",500,4,98
"gamlss2","mu","x1",0.120409873746949,0.00755905596369072,0.12,FALSE,"n500_d4",500,4,98
"gamlss2","mu","x2",-0.121163834018689,0.0145615447018146,-0.1,FALSE,"n500_d4",500,4,98
"gamlss2","mu","t",0.16887957012557,0.0189388597817407,0.18,FALSE,"n500_d4",500,4,98
"gamlss2","sigma","intercept",-1.13923369841629,0.0331249110174976,-1.21828945034181,FALSE,"n500_d4",500,4,98
"gamlss2","sigma","x1",0.172524344015358,0.0174523000367997,0.18,FALSE,"n500_d4",500,4,98
"gamlss2","sigma","x2",-0.0217041289129493,0.0341790627938632,0.12,FALSE,"n500_d4",500,4,98
"gamlss2","sigma","t",0.0732319095835136,0.0445754190767065,0.15,FALSE,"n500_d4",500,4,98
"gamlss2","nu","intercept",-0.018612323532437,0.115147171324132,0,FALSE,"n500_d4",500,4,98
"gamlss2","nu","x1",0.0419371139049256,0.0553450704854552,0.1,FALSE,"n500_d4",500,4,98
"gamlss2","nu","x2",-0.0630321171401785,0.114452030847302,-0.08,FALSE,"n500_d4",500,4,98
"gamlss2","nu","t",0.250350196564635,0.145690751614211,0.12,FALSE,"n500_d4",500,4,98
"gamlss2","tau","intercept",0.632648624924833,0.111482659576794,0.5,FALSE,"n500_d4",500,4,98
"gamlss2","tau","x1",-0.0257918651166184,0.0576537216795453,-0.08,FALSE,"n500_d4",500,4,98
"gamlss2","tau","x2",-0.0272383474768946,0.115334065382413,0.1,FALSE,"n500_d4",500,4,98
"gamlss2","tau","t",0.0862195252449819,0.144964120686945,0.11,FALSE,"n500_d4",500,4,98
"gamlss2","theta","intercept",NA,NA,NA,FALSE,"n500_d4",500,4,98
"gamlss2","theta","x1",NA,NA,NA,FALSE,"n500_d4",500,4,98
"gamlss2","theta","x2",NA,NA,NA,FALSE,"n500_d4",500,4,98
"gamlss2","theta","t",NA,NA,NA,FALSE,"n500_d4",500,4,98
"gamlss2","zeta","intercept",NA,NA,NA,FALSE,"n500_d4",500,4,98
"gamlss2","zeta","x1",NA,NA,NA,FALSE,"n500_d4",500,4,98
"gamlss2","zeta","x2",NA,NA,NA,FALSE,"n500_d4",500,4,98
"gamlss2","zeta","t",NA,NA,NA,FALSE,"n500_d4",500,4,98
"gamlss.longitudinal","mu","intercept",0.7810370757414,0.0164468861178362,0.775300426153272,TRUE,"n500_d4",500,4,99
"gamlss.longitudinal","mu","x1",0.142593398385795,0.0122695356812933,0.12,FALSE,"n500_d4",500,4,99
"gamlss.longitudinal","mu","x2",-0.128183417366559,0.0241843849606274,-0.1,FALSE,"n500_d4",500,4,99
"gamlss.longitudinal","mu","t",0.208841859624228,0.0154001402563782,0.18,FALSE,"n500_d4",500,4,99
"gamlss.longitudinal","sigma","intercept",-1.2181538623072,0.0421436498869062,-1.19878202644549,TRUE,"n500_d4",500,4,99
"gamlss.longitudinal","sigma","x1",0.178699240513133,0.0258560822560315,0.18,FALSE,"n500_d4",500,4,99
"gamlss.longitudinal","sigma","x2",0.11764013595239,0.0501201829891302,0.12,FALSE,"n500_d4",500,4,99
"gamlss.longitudinal","sigma","t",0.166830756630542,0.0346845458144539,0.15,FALSE,"n500_d4",500,4,99
"gamlss.longitudinal","nu","intercept",-0.107541986826413,0.0998842263460023,0,TRUE,"n500_d4",500,4,99
"gamlss.longitudinal","nu","x1",0.113789716185735,0.0527818022218872,0.1,FALSE,"n500_d4",500,4,99
"gamlss.longitudinal","nu","x2",-0.0493849955226647,0.103038847937619,-0.08,FALSE,"n500_d4",500,4,99
"gamlss.longitudinal","nu","t",0.25779215899657,0.108871836897946,0.12,FALSE,"n500_d4",500,4,99
"gamlss.longitudinal","tau","intercept",0.446281928589559,0.0906131251956667,0.5,TRUE,"n500_d4",500,4,99
"gamlss.longitudinal","tau","x1",-0.0655287281266008,0.0564153425469258,-0.08,FALSE,"n500_d4",500,4,99
"gamlss.longitudinal","tau","x2",0.180999681459183,0.110950218831998,0.1,FALSE,"n500_d4",500,4,99
"gamlss.longitudinal","tau","t",0.26279271485213,0.121734158440382,0.11,FALSE,"n500_d4",500,4,99
"gamlss.longitudinal","theta","intercept",1.0077090638728,0.0607279485985594,1.03045231575721,TRUE,"n500_d4",500,4,99
"gamlss.longitudinal","theta","x1",0.19389402417285,0.0362040794840224,0.25,FALSE,"n500_d4",500,4,99
"gamlss.longitudinal","theta","x2",-0.0943128840415177,0.0717531532077357,-0.1,FALSE,"n500_d4",500,4,99
"gamlss.longitudinal","theta","t",0.227232970864734,0.102801602220779,0.2,FALSE,"n500_d4",500,4,99
"gamlss.longitudinal","zeta","intercept",0.659280027914872,0.53970637975131,0.5,TRUE,"n500_d4",500,4,99
"gamlss.longitudinal","zeta","x1",-0.0112628552391456,0.339828804694657,0.12,FALSE,"n500_d4",500,4,99
"gamlss.longitudinal","zeta","x2",0.342526460462484,0.633144073851885,-0.1,FALSE,"n500_d4",500,4,99
"gamlss.longitudinal","zeta","t",-0.225756507758595,0.998811977152709,0.1,FALSE,"n500_d4",500,4,99
"gamlss2","mu","intercept",0.777383669095812,0.0144086985445006,0.775300426153272,FALSE,"n500_d4",500,4,99
"gamlss2","mu","x1",0.15081991653907,0.00824580863474814,0.12,FALSE,"n500_d4",500,4,99
"gamlss2","mu","x2",-0.12575299885521,0.0156426153318245,-0.1,FALSE,"n500_d4",500,4,99
"gamlss2","mu","t",0.215224355272722,0.0213191808651316,0.18,FALSE,"n500_d4",500,4,99
"gamlss2","sigma","intercept",-1.22010635105277,0.0361307599573593,-1.19878202644549,FALSE,"n500_d4",500,4,99
"gamlss2","sigma","x1",0.172721411698723,0.0179172084257578,0.18,FALSE,"n500_d4",500,4,99
"gamlss2","sigma","x2",0.12576734013025,0.0357075151063198,0.12,FALSE,"n500_d4",500,4,99
"gamlss2","sigma","t",0.163380125473283,0.0453339045258006,0.15,FALSE,"n500_d4",500,4,99
"gamlss2","nu","intercept",-0.200121097690094,0.120365231428999,0,FALSE,"n500_d4",500,4,99
"gamlss2","nu","x1",0.171100369724778,0.0569276821634809,0.1,FALSE,"n500_d4",500,4,99
"gamlss2","nu","x2",-0.0929079723412737,0.108874085762298,-0.08,FALSE,"n500_d4",500,4,99
"gamlss2","nu","t",0.337320443901167,0.141782980464485,0.12,FALSE,"n500_d4",500,4,99
"gamlss2","tau","intercept",0.390444131136217,0.10462862840053,0.5,FALSE,"n500_d4",500,4,99
"gamlss2","tau","x1",0.103890608371281,0.0527949432030405,-0.08,FALSE,"n500_d4",500,4,99
"gamlss2","tau","x2",0.0325458658932207,0.109528915266637,0.1,FALSE,"n500_d4",500,4,99
"gamlss2","tau","t",0.334329534534756,0.1416653343954,0.11,FALSE,"n500_d4",500,4,99
"gamlss2","theta","intercept",NA,NA,NA,FALSE,"n500_d4",500,4,99
"gamlss2","theta","x1",NA,NA,NA,FALSE,"n500_d4",500,4,99
"gamlss2","theta","x2",NA,NA,NA,FALSE,"n500_d4",500,4,99
"gamlss2","theta","t",NA,NA,NA,FALSE,"n500_d4",500,4,99
"gamlss2","zeta","intercept",NA,NA,NA,FALSE,"n500_d4",500,4,99
"gamlss2","zeta","x1",NA,NA,NA,FALSE,"n500_d4",500,4,99
"gamlss2","zeta","x2",NA,NA,NA,FALSE,"n500_d4",500,4,99
"gamlss2","zeta","t",NA,NA,NA,FALSE,"n500_d4",500,4,99
"gamlss.longitudinal","mu","intercept",0.816792314050129,0.0187017661112279,0.818675981067193,TRUE,"n500_d4",500,4,100
"gamlss.longitudinal","mu","x1",0.130743138954131,0.0125745681881848,0.12,FALSE,"n500_d4",500,4,100
"gamlss.longitudinal","mu","x2",-0.115248573212085,0.0246578744947327,-0.1,FALSE,"n500_d4",500,4,100
"gamlss.longitudinal","mu","t",0.157292271885178,0.0149069751129514,0.18,FALSE,"n500_d4",500,4,100
"gamlss.longitudinal","sigma","intercept",-1.20280590032028,0.0417119073547182,-1.20463501585572,TRUE,"n500_d4",500,4,100
"gamlss.longitudinal","sigma","x1",0.156571152537436,0.0255111378237868,0.18,FALSE,"n500_d4",500,4,100
"gamlss.longitudinal","sigma","x2",0.107140720656788,0.0522613841126214,0.12,FALSE,"n500_d4",500,4,100
"gamlss.longitudinal","sigma","t",0.199932202200444,0.0332049127782042,0.15,FALSE,"n500_d4",500,4,100
"gamlss.longitudinal","nu","intercept",0.0932441490837068,0.0978543381866771,0,TRUE,"n500_d4",500,4,100
"gamlss.longitudinal","nu","x1",0.116302148169055,0.0431918510565536,0.1,FALSE,"n500_d4",500,4,100
"gamlss.longitudinal","nu","x2",-0.05700081726589,0.0982609384957219,-0.08,FALSE,"n500_d4",500,4,100
"gamlss.longitudinal","nu","t",-0.00850113055535348,0.0958045230908782,0.12,FALSE,"n500_d4",500,4,100
"gamlss.longitudinal","tau","intercept",0.638945934219314,0.0926409994085496,0.5,TRUE,"n500_d4",500,4,100
"gamlss.longitudinal","tau","x1",0.021577666298813,0.0529605913068872,-0.08,FALSE,"n500_d4",500,4,100
"gamlss.longitudinal","tau","x2",0.0590471239309928,0.104294103463133,0.1,FALSE,"n500_d4",500,4,100
"gamlss.longitudinal","tau","t",-0.0136892281481245,0.110932700109603,0.11,FALSE,"n500_d4",500,4,100
"gamlss.longitudinal","theta","intercept",1.03830379976398,0.0647877947526877,1.04238205172087,TRUE,"n500_d4",500,4,100
"gamlss.longitudinal","theta","x1",0.191104059083942,0.0348223127228805,0.25,FALSE,"n500_d4",500,4,100
"gamlss.longitudinal","theta","x2",-0.0464066754106403,0.074589385106147,-0.1,FALSE,"n500_d4",500,4,100
"gamlss.longitudinal","theta","t",0.214600969124278,0.111405681477911,0.2,FALSE,"n500_d4",500,4,100
"gamlss.longitudinal","zeta","intercept",0.584758448029065,0.619048990463958,0.5,TRUE,"n500_d4",500,4,100
"gamlss.longitudinal","zeta","x1",0.272838973430427,0.367788934711803,0.12,FALSE,"n500_d4",500,4,100
"gamlss.longitudinal","zeta","x2",0.254783716527424,0.738772481886323,-0.1,FALSE,"n500_d4",500,4,100
"gamlss.longitudinal","zeta","t",-0.808672237245919,1.24002731733148,0.1,FALSE,"n500_d4",500,4,100
"gamlss2","mu","intercept",0.817303232226101,0.0143553486455625,0.818675981067193,FALSE,"n500_d4",500,4,100
"gamlss2","mu","x1",0.131341079585216,0.00756446245598619,0.12,FALSE,"n500_d4",500,4,100
"gamlss2","mu","x2",-0.111888393488381,0.0150201905039606,-0.1,FALSE,"n500_d4",500,4,100
"gamlss2","mu","t",0.156120146781857,0.0199158243903887,0.18,FALSE,"n500_d4",500,4,100
"gamlss2","sigma","intercept",-1.21648251626892,0.0325751377482807,-1.20463501585572,FALSE,"n500_d4",500,4,100
"gamlss2","sigma","x1",0.166103518082794,0.0163081736906993,0.18,FALSE,"n500_d4",500,4,100
"gamlss2","sigma","x2",0.116399367339575,0.0340612060259916,0.12,FALSE,"n500_d4",500,4,100
"gamlss2","sigma","t",0.187043011373454,0.0432888792532508,0.15,FALSE,"n500_d4",500,4,100
"gamlss2","nu","intercept",0.235620869571802,0.112061260985548,0,FALSE,"n500_d4",500,4,100
"gamlss2","nu","x1",0.0990579189339775,0.047847058079427,0.1,FALSE,"n500_d4",500,4,100
"gamlss2","nu","x2",-0.14921560046872,0.10569272555979,-0.08,FALSE,"n500_d4",500,4,100
"gamlss2","nu","t",-0.0803711051521552,0.13343220374881,0.12,FALSE,"n500_d4",500,4,100
"gamlss2","tau","intercept",0.679582946208269,0.106134362036147,0.5,FALSE,"n500_d4",500,4,100
"gamlss2","tau","x1",-0.0150028336230982,0.0549136722832264,-0.08,FALSE,"n500_d4",500,4,100
"gamlss2","tau","x2",-0.00271254783623815,0.111387703955422,0.1,FALSE,"n500_d4",500,4,100
"gamlss2","tau","t",0.0367537633811718,0.141697364177657,0.11,FALSE,"n500_d4",500,4,100
"gamlss2","theta","intercept",NA,NA,NA,FALSE,"n500_d4",500,4,100
"gamlss2","theta","x1",NA,NA,NA,FALSE,"n500_d4",500,4,100
"gamlss2","theta","x2",NA,NA,NA,FALSE,"n500_d4",500,4,100
"gamlss2","theta","t",NA,NA,NA,FALSE,"n500_d4",500,4,100
"gamlss2","zeta","intercept",NA,NA,NA,FALSE,"n500_d4",500,4,100
"gamlss2","zeta","x1",NA,NA,NA,FALSE,"n500_d4",500,4,100
"gamlss2","zeta","x2",NA,NA,NA,FALSE,"n500_d4",500,4,100
"gamlss2","zeta","t",NA,NA,NA,FALSE,"n500_d4",500,4,100
