"model","parameter","term","rep","estimate","std_error","true_value"
"gamlss","mu","intercept",1,1.67487372419377,0.0578336623479457,1.1
"gamlss","mu","x1",1,0.140872250612455,0.0213945478619296,0.18
"gamlss","mu","x2",1,-0.135219576361858,0.0437745150933226,-0.12
"gamlss","mu","time_scaled",1,0.104385351497284,0.0591963718529223,0.1
"gamlss","sigma","intercept",1,-0.522768672207106,0.119889469308565,-0.45
"gamlss","sigma","x1",1,0.148021584256816,0.0516910324793019,0.1
"gamlss","sigma","time_scaled",1,0.135160141739309,0.141057421488226,0.08
"ours_rs_joint","mu","intercept",1,1.12984876748702,0.0503869583594846,1.1
"ours_rs_joint","mu","x1",1,0.141650410745515,0.0320629108723077,0.18
"ours_rs_joint","mu","x2",1,-0.124667431736226,0.0634491099462744,-0.12
"ours_rs_joint","mu","time_scaled",1,0.104234317952452,0.0523643616597177,0.1
"ours_rs_joint","sigma","intercept",1,-0.558593430099216,0.0976138846219829,-0.45
"ours_rs_joint","sigma","x1",1,0.16182642382717,0.0555701400368271,0.1
"ours_rs_joint","sigma","time_scaled",1,0.110441477737826,0.139953476498288,0.08
"ours_rs_joint","theta","intercept",1,0.660112871362666,0.0432534145010439,0.7
"ours_rs_joint","theta","time_scaled",1,0.466066386444843,0.0952731671556773,0.2
"gamlss","mu","intercept",2,1.57593389944859,0.0588887114834189,1.1
"gamlss","mu","x1",2,0.1681922019852,0.023184263444481,0.18
"gamlss","mu","x2",2,-0.0920631720208465,0.0455940511712997,-0.12
"gamlss","mu","time_scaled",2,0.146077475456518,0.0606873934996372,0.1
"gamlss","sigma","intercept",2,-0.418296540556376,0.117961050949685,-0.45
"gamlss","sigma","x1",2,0.138720680017638,0.052435846175319,0.1
"gamlss","sigma","time_scaled",2,0.23454326752791,0.137790927853635,0.08
"ours_rs_joint","mu","intercept",2,1.05049389655454,0.0535498263776476,1.1
"ours_rs_joint","mu","x1",2,0.165366405986576,0.0349393825693965,0.18
"ours_rs_joint","mu","x2",2,-0.0729794709316336,0.0659099608499426,-0.12
"ours_rs_joint","mu","time_scaled",2,0.165426785744362,0.0537642386554448,0.1
"ours_rs_joint","sigma","intercept",2,-0.498980846719031,0.0968668199556953,-0.45
"ours_rs_joint","sigma","x1",2,0.0836995088862647,0.0565049576024716,0.1
"ours_rs_joint","sigma","time_scaled",2,0.220377336979568,0.131227679933626,0.08
"ours_rs_joint","theta","intercept",2,0.683538334394882,0.0446523289686603,0.7
"ours_rs_joint","theta","time_scaled",2,0.440198420082954,0.0983437090454565,0.2
"gamlss","mu","intercept",3,1.41973355425684,0.0549218583089021,1.1
"gamlss","mu","x1",3,0.185873689833127,0.0232464288452403,0.18
"gamlss","mu","x2",3,-0.0826282737089279,0.0431163722270591,-0.12
"gamlss","mu","time_scaled",3,0.164663072170887,0.0580501397575195,0.1
"gamlss","sigma","intercept",3,-0.757266926060717,0.127793922096782,-0.45
"gamlss","sigma","x1",3,0.119384166419015,0.0610087177275491,0.1
"gamlss","sigma","time_scaled",3,0.242653334632478,0.149187233886724,0.08
"ours_rs_joint","mu","intercept",3,1.02431270515884,0.0499180969095239,1.1
"ours_rs_joint","mu","x1",3,0.185130003082831,0.0339850365530812,0.18
"ours_rs_joint","mu","x2",3,-0.0850717394488732,0.0625738312910858,-0.12
"ours_rs_joint","mu","time_scaled",3,0.158258697598103,0.051872634560531,0.1
"ours_rs_joint","sigma","intercept",3,-0.70359837880363,0.10640264915035,-0.45
"ours_rs_joint","sigma","x1",3,0.115998492278764,0.0632282857950681,0.1
"ours_rs_joint","sigma","time_scaled",3,0.232611517597577,0.14687579348553,0.08
"ours_rs_joint","theta","intercept",3,0.691545656161593,0.0439426508842631,0.7
"ours_rs_joint","theta","time_scaled",3,0.321325558504793,0.0958569661336862,0.2
"gamlss","mu","intercept",4,1.56518670452276,0.0620000655353924,1.1
"gamlss","mu","x1",4,0.160087563566332,0.0218729948327092,0.18
"gamlss","mu","x2",4,-0.0108718742492918,0.0454920919438031,-0.12
"gamlss","mu","time_scaled",4,0.00632003189655628,0.0606383729682141,0.1
"gamlss","sigma","intercept",4,-0.241750891388411,0.121541528438776,-0.45
"gamlss","sigma","x1",4,0.188124872982746,0.0534454590061039,0.1
"gamlss","sigma","time_scaled",4,-0.17152344207126,0.143309900923104,0.08
"ours_rs_joint","mu","intercept",4,1.05693653550558,0.0569839626339733,1.1
"ours_rs_joint","mu","x1",4,0.145129532495079,0.0328833218433723,0.18
"ours_rs_joint","mu","x2",4,-0.0843136521797302,0.0669341158215411,-0.12
"ours_rs_joint","mu","time_scaled",4,0.0355608375561864,0.0547200538213445,0.1
"ours_rs_joint","sigma","intercept",4,-0.341036562198354,0.0982091490882944,-0.45
"ours_rs_joint","sigma","x1",4,0.130860634275379,0.0548214175359839,0.1
"ours_rs_joint","sigma","time_scaled",4,-0.150458104146834,0.138417932874332,0.08
"ours_rs_joint","theta","intercept",4,0.79776974067753,0.0454345733582664,0.7
"ours_rs_joint","theta","time_scaled",4,0.109116858049726,0.10024237946099,0.2
"gamlss","mu","intercept",5,1.6181627326532,0.0566359407317747,1.1
"gamlss","mu","x1",5,0.141169298986288,0.0228048754474624,0.18
"gamlss","mu","x2",5,-0.148035522542564,0.0441852654902945,-0.12
"gamlss","mu","time_scaled",5,0.0846956480939594,0.0589187834198963,0.1
"gamlss","sigma","intercept",5,-0.469820825575805,0.117932704166134,-0.45
"gamlss","sigma","x1",5,0.0637220794932413,0.0554907095169368,0.1
"gamlss","sigma","time_scaled",5,-0.0817216178310973,0.138279272131003,0.08
"ours_rs_joint","mu","intercept",5,1.09792304782286,0.0524594874075411,1.1
"ours_rs_joint","mu","x1",5,0.147233942467204,0.0341362425038344,0.18
"ours_rs_joint","mu","x2",5,-0.146793415072172,0.0642311753795445,-0.12
"ours_rs_joint","mu","time_scaled",5,0.115745631532778,0.0534051379086661,0.1
"ours_rs_joint","sigma","intercept",5,-0.456111554115933,0.0947325862028718,-0.45
"ours_rs_joint","sigma","x1",5,0.0519592049140196,0.0578068788479022,0.1
"ours_rs_joint","sigma","time_scaled",5,0.00767960673367101,0.135560430536948,0.08
"ours_rs_joint","theta","intercept",5,0.700427268275377,0.0443081829566598,0.7
"ours_rs_joint","theta","time_scaled",5,0.312692536211358,0.101427062350234,0.2
"gamlss","mu","intercept",6,1.61870598707739,0.0597465949257691,1.1
"gamlss","mu","x1",6,0.228489323045405,0.024908994676476,0.18
"gamlss","mu","x2",6,-0.127665768687907,0.0462678306475426,-0.12
"gamlss","mu","time_scaled",6,0.159825585035876,0.0617902066352403,0.1
"gamlss","sigma","intercept",6,-0.342114929213255,0.115662591273255,-0.45
"gamlss","sigma","x1",6,0.184906049017889,0.0569394206572051,0.1
"gamlss","sigma","time_scaled",6,0.130621901057682,0.140260531742482,0.08
"ours_rs_joint","mu","intercept",6,1.04199383210271,0.0569046385816563,1.1
"ours_rs_joint","mu","x1",6,0.221048115495236,0.0367825194621865,0.18
"ours_rs_joint","mu","x2",6,-0.13133831208993,0.0675719416300498,-0.12
"ours_rs_joint","mu","time_scaled",6,0.15185231840413,0.0556553306139839,0.1
"ours_rs_joint","sigma","intercept",6,-0.383153920445715,0.097248332753524,-0.45
"ours_rs_joint","sigma","x1",6,0.0848837767955943,0.0588722264324445,0.1
"ours_rs_joint","sigma","time_scaled",6,0.108636522498763,0.135152731193461,0.08
"ours_rs_joint","theta","intercept",6,0.723079781598357,0.0450597669165765,0.7
"ours_rs_joint","theta","time_scaled",6,0.294640553258031,0.0966122292925363,0.2
"gamlss","mu","intercept",7,1.71299381383292,0.05911250118257,1.1
"gamlss","mu","x1",7,0.185880071291189,0.0248104297306568,0.18
"gamlss","mu","x2",7,-0.147924835954333,0.0452339173648372,-0.12
"gamlss","mu","time_scaled",7,0.0257121153645271,0.0606221184027252,0.1
"gamlss","sigma","intercept",7,-0.194833416291049,0.116349877876164,-0.45
"gamlss","sigma","x1",7,0.173738315858602,0.0567887201014202,0.1
"gamlss","sigma","time_scaled",7,-0.0700587192666638,0.141075640082083,0.08
"ours_rs_joint","mu","intercept",7,1.13646637356185,0.0568373953932873,1.1
"ours_rs_joint","mu","x1",7,0.197631037337578,0.0367277460957638,0.18
"ours_rs_joint","mu","x2",7,-0.146879506204661,0.0669911458956543,-0.12
"ours_rs_joint","mu","time_scaled",7,0.0218315548080664,0.0526944509960782,0.1
"ours_rs_joint","sigma","intercept",7,-0.363899978354679,0.0956774483564009,-0.45
"ours_rs_joint","sigma","x1",7,0.179122008921327,0.0582029637416326,0.1
"ours_rs_joint","sigma","time_scaled",7,-0.0819342417742138,0.138751641038856,0.08
"ours_rs_joint","theta","intercept",7,0.77276254753046,0.0445544603567916,0.7
"ours_rs_joint","theta","time_scaled",7,0.324530818019409,0.0956487230855834,0.2
"gamlss","mu","intercept",8,1.53907605289571,0.0584177665501118,1.1
"gamlss","mu","x1",8,0.17672357663811,0.0226702589933645,0.18
"gamlss","mu","x2",8,-0.139925164852373,0.0452499932854665,-0.12
"gamlss","mu","time_scaled",8,0.128392627452046,0.0608286503975577,0.1
"gamlss","sigma","intercept",8,-0.39994778544834,0.119475256569195,-0.45
"gamlss","sigma","x1",8,0.0955684289349464,0.0524134689123466,0.1
"gamlss","sigma","time_scaled",8,0.285254118092451,0.141996179940853,0.08
"ours_rs_joint","mu","intercept",8,1.06452447466935,0.0527784968354493,1.1
"ours_rs_joint","mu","x1",8,0.170218403324602,0.0354137223462704,0.18
"ours_rs_joint","mu","x2",8,-0.135158388277047,0.066478159735859,-0.12
"ours_rs_joint","mu","time_scaled",8,0.162941846176567,0.0537864943815942,0.1
"ours_rs_joint","sigma","intercept",8,-0.478195728102799,0.0990906432203406,-0.45
"ours_rs_joint","sigma","x1",8,0.0657158743354388,0.0570400082229629,0.1
"ours_rs_joint","sigma","time_scaled",8,0.22319406751602,0.135462073262791,0.08
"ours_rs_joint","theta","intercept",8,0.740677761419354,0.0446784223588223,0.7
"ours_rs_joint","theta","time_scaled",8,0.33216439376457,0.0979603892741247,0.2
"gamlss","mu","intercept",9,1.62266054540216,0.056983234385432,1.1
"gamlss","mu","x1",9,0.264913038303252,0.0215321542440389,0.18
"gamlss","mu","x2",9,-0.0518982533983653,0.0426288294405197,-0.12
"gamlss","mu","time_scaled",9,0.172016932207534,0.0572608818588598,0.1
"gamlss","sigma","intercept",9,-0.679875122149513,0.128241906511976,-0.45
"gamlss","sigma","x1",9,0.0771863157960324,0.0577963666818482,0.1
"gamlss","sigma","time_scaled",9,0.245374791268724,0.149136420535196,0.08
"ours_rs_joint","mu","intercept",9,0.993387001805804,0.0496787068140133,1.1
"ours_rs_joint","mu","x1",9,0.26016251795184,0.0320307812078184,0.18
"ours_rs_joint","mu","x2",9,-0.00872320305907634,0.0619758727169173,-0.12
"ours_rs_joint","mu","time_scaled",9,0.169536464301983,0.0516946777080999,0.1
"ours_rs_joint","sigma","intercept",9,-0.695700507644989,0.105880131982985,-0.45
"ours_rs_joint","sigma","x1",9,0.0755040730961481,0.0599901387581659,0.1
"ours_rs_joint","sigma","time_scaled",9,0.214995812815762,0.147336743669236,0.08
"ours_rs_joint","theta","intercept",9,0.65224316130997,0.0440803477359114,0.7
"ours_rs_joint","theta","time_scaled",9,0.418761266647202,0.0966849688909898,0.2
"gamlss","mu","intercept",10,1.60236245266218,0.0532074049356091,1.1
"gamlss","mu","x1",10,0.193519874941731,0.0223452609820101,0.18
"gamlss","mu","x2",10,-0.0561781094792392,0.043554231192569,-0.12
"gamlss","mu","time_scaled",10,-0.00670300268464127,0.0579002825722966,0.1
"gamlss","sigma","intercept",10,-0.444078482790612,0.115176173687543,-0.45
"gamlss","sigma","x1",10,0.0349094019730482,0.0552229655475906,0.1
"gamlss","sigma","time_scaled",10,0.253451909322692,0.140666708036555,0.08
"ours_rs_joint","mu","intercept",10,1.13451542541406,0.050048581410137,1.1
"ours_rs_joint","mu","x1",10,0.200275978828797,0.0337046451043999,0.18
"ours_rs_joint","mu","x2",10,-0.0825018232033158,0.0634821658676099,-0.12
"ours_rs_joint","mu","time_scaled",10,0.00180653447690668,0.0537827186482227,0.1
"ours_rs_joint","sigma","intercept",10,-0.647243684225553,0.0986233484527472,-0.45
"ours_rs_joint","sigma","x1",10,0.0839761547307648,0.0589998044021622,0.1
"ours_rs_joint","sigma","time_scaled",10,0.270154898718461,0.137452793772827,0.08
"ours_rs_joint","theta","intercept",10,0.675994026081253,0.0451186341747573,0.7
"ours_rs_joint","theta","time_scaled",10,0.374057097006939,0.099810193584938,0.2
"gamlss","mu","intercept",11,1.75353152565458,0.0583345029563939,1.1
"gamlss","mu","x1",11,0.0966078204188074,0.021280293043029,0.18
"gamlss","mu","x2",11,-0.0570654827222686,0.0434680251667827,-0.12
"gamlss","mu","time_scaled",11,0.119435497693265,0.0581007692232767,0.1
"gamlss","sigma","intercept",11,-0.4904100748976,0.116990134472865,-0.45
"gamlss","sigma","x1",11,0.152598035190869,0.0527768327819688,0.1
"gamlss","sigma","time_scaled",11,0.108903842104051,0.140811610238897,0.08
"ours_rs_joint","mu","intercept",11,1.07056766673789,0.0526399805723519,1.1
"ours_rs_joint","mu","x1",11,0.0889505185418632,0.0320321835819186,0.18
"ours_rs_joint","mu","x2",11,-0.00665964582611641,0.0631266883658679,-0.12
"ours_rs_joint","mu","time_scaled",11,0.119964802002416,0.0523516835344366,0.1
"ours_rs_joint","sigma","intercept",11,-0.555453020129103,0.0979731292312505,-0.45
"ours_rs_joint","sigma","x1",11,0.14864956341841,0.0568648475835969,0.1
"ours_rs_joint","sigma","time_scaled",11,0.105218776802934,0.137233520031701,0.08
"ours_rs_joint","theta","intercept",11,0.718990939165319,0.0434729937584694,0.7
"ours_rs_joint","theta","time_scaled",11,0.271345306856713,0.0949543325713224,0.2
"gamlss","mu","intercept",12,1.59906871363269,0.0538528333328193,1.1
"gamlss","mu","x1",12,0.188697529605869,0.0223182514964124,0.18
"gamlss","mu","x2",12,-0.143584695344073,0.0410817890085496,-0.12
"gamlss","mu","time_scaled",12,0.0732286213504961,0.0553580268508784,0.1
"gamlss","sigma","intercept",12,-0.664898327482825,0.129041124073539,-0.45
"gamlss","sigma","x1",12,0.212118303626178,0.0596638826163871,0.1
"gamlss","sigma","time_scaled",12,0.257145353271028,0.155697096538949,0.08
"ours_rs_joint","mu","intercept",12,1.12295056505836,0.0485151083318263,1.1
"ours_rs_joint","mu","x1",12,0.180322997376383,0.0331619314993688,0.18
"ours_rs_joint","mu","x2",12,-0.131717597962028,0.0595550682981567,-0.12
"ours_rs_joint","mu","time_scaled",12,0.0804530575274822,0.0513166354004909,0.1
"ours_rs_joint","sigma","intercept",12,-0.776731272826511,0.108892644747703,-0.45
"ours_rs_joint","sigma","x1",12,0.180136321516861,0.060883439660483,0.1
"ours_rs_joint","sigma","time_scaled",12,0.276396666255034,0.154252027286335,0.08
"ours_rs_joint","theta","intercept",12,0.643573591342802,0.0439809519948614,0.7
"ours_rs_joint","theta","time_scaled",12,0.312925685734576,0.0970965340242382,0.2
"gamlss","mu","intercept",13,1.64893925833608,0.0589364161180808,1.1
"gamlss","mu","x1",13,0.133287882284269,0.0233794623946927,0.18
"gamlss","mu","x2",13,-0.064463205563097,0.045665712277452,-0.12
"gamlss","mu","time_scaled",13,0.0555258119434144,0.0607245426475394,0.1
"gamlss","sigma","intercept",13,-0.426048373076675,0.114915111395613,-0.45
"gamlss","sigma","x1",13,0.167163393787082,0.0531955895033046,0.1
"gamlss","sigma","time_scaled",13,-0.0406836153454579,0.135210254013182,0.08
"ours_rs_joint","mu","intercept",13,1.09814717494567,0.0552752118183549,1.1
"ours_rs_joint","mu","x1",13,0.149248086394774,0.0352074426422192,0.18
"ours_rs_joint","mu","x2",13,-0.0411184538068624,0.0663693740089676,-0.12
"ours_rs_joint","mu","time_scaled",13,0.059014724838239,0.0536232778015226,0.1
"ours_rs_joint","sigma","intercept",13,-0.357424849833044,0.0931815789397831,-0.45
"ours_rs_joint","sigma","x1",13,0.203623117285037,0.0573486831672554,0.1
"ours_rs_joint","sigma","time_scaled",13,-0.0211534742556305,0.130886015629191,0.08
"ours_rs_joint","theta","intercept",13,0.767276184312406,0.0442544507377099,0.7
"ours_rs_joint","theta","time_scaled",13,0.256431579335461,0.0956595931383089,0.2
"gamlss","mu","intercept",14,1.54223999344389,0.0588184632070761,1.1
"gamlss","mu","x1",14,0.192696674630066,0.0225276009071441,0.18
"gamlss","mu","x2",14,-0.0865234365093468,0.0444354619622715,-0.12
"gamlss","mu","time_scaled",14,0.158258736102118,0.0594587775585654,0.1
"gamlss","sigma","intercept",14,-0.506265640090182,0.125256068233769,-0.45
"gamlss","sigma","x1",14,0.0740946732268626,0.0536005084369406,0.1
"gamlss","sigma","time_scaled",14,-0.175299873541834,0.142071044719723,0.08
"ours_rs_joint","mu","intercept",14,1.04328952199729,0.0552692107000131,1.1
"ours_rs_joint","mu","x1",14,0.18487226205509,0.0357728236120338,0.18
"ours_rs_joint","mu","x2",14,-0.131270342568421,0.0665790227793301,-0.12
"ours_rs_joint","mu","time_scaled",14,0.168293332678537,0.0516888679828057,0.1
"ours_rs_joint","sigma","intercept",14,-0.33349807889392,0.0970692602587072,-0.45
"ours_rs_joint","sigma","x1",14,0.085550357383122,0.0584668222279713,0.1
"ours_rs_joint","sigma","time_scaled",14,-0.121338675654533,0.139698402283504,0.08
"ours_rs_joint","theta","intercept",14,0.782261505462587,0.0454891787740571,0.7
"ours_rs_joint","theta","time_scaled",14,0.320740136379604,0.098816159720842,0.2
"gamlss","mu","intercept",15,1.58025486997902,0.0563350764313526,1.1
"gamlss","mu","x1",15,0.237491305534232,0.0245284111141227,0.18
"gamlss","mu","x2",15,-0.0504157148090122,0.0444613959434276,-0.12
"gamlss","mu","time_scaled",15,0.0985741771232929,0.0595102502591397,0.1
"gamlss","sigma","intercept",15,-0.630491159114507,0.118794933233631,-0.45
"gamlss","sigma","x1",15,0.197771534846541,0.0568614164065557,0.1
"gamlss","sigma","time_scaled",15,0.252076177527355,0.140652683277155,0.08
"ours_rs_joint","mu","intercept",15,1.08015333556872,0.0511355842084097,1.1
"ours_rs_joint","mu","x1",15,0.217576481753432,0.0362389245631129,0.18
"ours_rs_joint","mu","x2",15,-0.0845404820749207,0.0653982340202395,-0.12
"ours_rs_joint","mu","time_scaled",15,0.102955890739666,0.0533824840026363,0.1
"ours_rs_joint","sigma","intercept",15,-0.552547662363466,0.100040577122973,-0.45
"ours_rs_joint","sigma","x1",15,0.170710114687823,0.0592111804271374,0.1
"ours_rs_joint","sigma","time_scaled",15,0.29419518423501,0.138780413682341,0.08
"ours_rs_joint","theta","intercept",15,0.752812255401224,0.0440478547793441,0.7
"ours_rs_joint","theta","time_scaled",15,0.277595324373881,0.0967523992402946,0.2
"gamlss","mu","intercept",16,1.66333784762473,0.0591935923651092,1.1
"gamlss","mu","x1",16,0.162210544881935,0.0225166567385126,0.18
"gamlss","mu","x2",16,-0.0363823820537551,0.0438739282170683,-0.12
"gamlss","mu","time_scaled",16,0.0879031555251705,0.0583635111083616,0.1
"gamlss","sigma","intercept",16,-0.0257183607536428,0.118657315321788,-0.45
"gamlss","sigma","x1",16,0.0158109484988909,0.0561911640573007,0.1
"gamlss","sigma","time_scaled",16,-0.0635811803292201,0.143493480028359,0.08
"ours_rs_joint","mu","intercept",16,1.09797638307971,0.0529889629029616,1.1
"ours_rs_joint","mu","x1",16,0.177711590605302,0.0337981202638474,0.18
"ours_rs_joint","mu","x2",16,-0.0647306269382401,0.0639566685935563,-0.12
"ours_rs_joint","mu","time_scaled",16,0.0717105957304816,0.0520505722540048,0.1
"ours_rs_joint","sigma","intercept",16,-0.49987932718038,0.0966513312737533,-0.45
"ours_rs_joint","sigma","x1",16,0.066438346295684,0.0586211008185735,0.1
"ours_rs_joint","sigma","time_scaled",16,-0.0105298250359147,0.140275880114092,0.08
"ours_rs_joint","theta","intercept",16,0.704400680771378,0.0440593064591064,0.7
"ours_rs_joint","theta","time_scaled",16,0.397577542735235,0.0979201629648439,0.2
"gamlss","mu","intercept",17,1.56083531137313,0.0603569282389226,1.1
"gamlss","mu","x1",17,0.191585809904417,0.0223792870919406,0.18
"gamlss","mu","x2",17,-0.166779038043502,0.0465825103189268,-0.12
"gamlss","mu","time_scaled",17,0.219738859094936,0.0619987928455616,0.1
"gamlss","sigma","intercept",17,-0.318256598382542,0.11314599065881,-0.45
"gamlss","sigma","x1",17,0.0271911713306923,0.0481981093957518,0.1
"gamlss","sigma","time_scaled",17,0.0675272393256708,0.137519194434149,0.08
"ours_rs_joint","mu","intercept",17,1.10130711475029,0.0552398942583335,1.1
"ours_rs_joint","mu","x1",17,0.201431351458788,0.035257080830099,0.18
"ours_rs_joint","mu","x2",17,-0.190352012680104,0.0684567721990414,-0.12
"ours_rs_joint","mu","time_scaled",17,0.221672825310537,0.0542272390209576,0.1
"ours_rs_joint","sigma","intercept",17,-0.328307718453657,0.0951320313995732,-0.45
"ours_rs_joint","sigma","x1",17,0.110962598157664,0.0536614379657137,0.1
"ours_rs_joint","sigma","time_scaled",17,0.089027277878816,0.132003391724031,0.08
"ours_rs_joint","theta","intercept",17,0.728045449631339,0.0450276596219328,0.7
"ours_rs_joint","theta","time_scaled",17,0.488192181885541,0.098557003726908,0.2
"gamlss","mu","intercept",18,1.56676149186797,0.0606308030754729,1.1
"gamlss","mu","x1",18,0.135908316923436,0.0219791836141941,0.18
"gamlss","mu","x2",18,-0.126771908726679,0.0454123918221477,-0.12
"gamlss","mu","time_scaled",18,0.0182109369647194,0.0601875077313162,0.1
"gamlss","sigma","intercept",18,-0.337589956009162,0.117937558542949,-0.45
"gamlss","sigma","x1",18,0.22891853562838,0.0527102547551861,0.1
"gamlss","sigma","time_scaled",18,0.166464553320593,0.142208512651888,0.08
"ours_rs_joint","mu","intercept",18,1.10054633277701,0.0534836093969781,1.1
"ours_rs_joint","mu","x1",18,0.124197654465981,0.0330719967921227,0.18
"ours_rs_joint","mu","x2",18,-0.102658182239734,0.0657258529676651,-0.12
"ours_rs_joint","mu","time_scaled",18,0.0277626774324217,0.0538732006831967,0.1
"ours_rs_joint","sigma","intercept",18,-0.502314877645507,0.0994055105223949,-0.45
"ours_rs_joint","sigma","x1",18,0.175655087605127,0.0562272014655179,0.1
"ours_rs_joint","sigma","time_scaled",18,0.179532967842312,0.139328252958273,0.08
"ours_rs_joint","theta","intercept",18,0.773493382697781,0.0441634522880366,0.7
"ours_rs_joint","theta","time_scaled",18,0.173261487505555,0.0969546877624209,0.2
"gamlss","mu","intercept",19,1.6858143512408,0.0587631343129333,1.1
"gamlss","mu","x1",19,0.144181413229115,0.0210485858720572,0.18
"gamlss","mu","x2",19,-0.103932478222473,0.0450580165185118,-0.12
"gamlss","mu","time_scaled",19,0.0296466658543502,0.0600343682715862,0.1
"gamlss","sigma","intercept",19,-0.789093763934457,0.117184369741685,-0.45
"gamlss","sigma","x1",19,0.178359664051977,0.0507850775186781,0.1
"gamlss","sigma","time_scaled",19,0.231832963584701,0.137469911351707,0.08
"ours_rs_joint","mu","intercept",19,1.11003411224266,0.0530587726524872,1.1
"ours_rs_joint","mu","x1",19,0.152261220717531,0.0323278157040573,0.18
"ours_rs_joint","mu","x2",19,-0.105393413345151,0.0652053895985177,-0.12
"ours_rs_joint","mu","time_scaled",19,0.0331848284720262,0.053434095549266,0.1
"ours_rs_joint","sigma","intercept",19,-0.5396883026224,0.0967056331798628,-0.45
"ours_rs_joint","sigma","x1",19,0.203465574812247,0.0568908364265345,0.1
"ours_rs_joint","sigma","time_scaled",19,0.218416275938523,0.133803594586284,0.08
"ours_rs_joint","theta","intercept",19,0.781082799790597,0.0440597346691011,0.7
"ours_rs_joint","theta","time_scaled",19,0.235824488318398,0.0964862583198811,0.2
"gamlss","mu","intercept",20,1.63034902365752,0.0584496806420398,1.1
"gamlss","mu","x1",20,0.163417517540261,0.0215910274578669,0.18
"gamlss","mu","x2",20,0.00864584421986877,0.043867503416623,-0.12
"gamlss","mu","time_scaled",20,0.0806481889625179,0.058365914693435,0.1
"gamlss","sigma","intercept",20,-0.450076556442182,0.120651092968388,-0.45
"gamlss","sigma","x1",20,-0.0326224009096267,0.052504106181614,0.1
"gamlss","sigma","time_scaled",20,0.0616013823509861,0.140801271784457,0.08
"ours_rs_joint","mu","intercept",20,1.02481050098497,0.052445460928412,1.1
"ours_rs_joint","mu","x1",20,0.167722729928673,0.0331915199027925,0.18
"ours_rs_joint","mu","x2",20,0.00758112441194037,0.0643138368536521,-0.12
"ours_rs_joint","mu","time_scaled",20,0.0818939614703216,0.0526147900855114,0.1
"ours_rs_joint","sigma","intercept",20,-0.438561984542814,0.0980494264494724,-0.45
"ours_rs_joint","sigma","x1",20,-0.0759213077247202,0.0556377793038511,0.1
"ours_rs_joint","sigma","time_scaled",20,0.0824307009742846,0.135746879705793,0.08
"ours_rs_joint","theta","intercept",20,0.736127809329433,0.0451122368698601,0.7
"ours_rs_joint","theta","time_scaled",20,0.338407102591312,0.0984212707763895,0.2
"gamlss","mu","intercept",21,1.6194395373981,0.0576227690353141,1.1
"gamlss","mu","x1",21,0.20333941354893,0.0215268040611058,0.18
"gamlss","mu","x2",21,-0.166010816338432,0.0440371947646851,-0.12
"gamlss","mu","time_scaled",21,0.151775014052322,0.0582891195604785,0.1
"gamlss","sigma","intercept",21,-0.483194925013904,0.119272507276351,-0.45
"gamlss","sigma","x1",21,0.125262401022867,0.0533897924450448,0.1
"gamlss","sigma","time_scaled",21,0.0679891539923551,0.142716668785171,0.08
"ours_rs_joint","mu","intercept",21,1.08422688458128,0.0532999321280127,1.1
"ours_rs_joint","mu","x1",21,0.210081435803467,0.0328585547339151,0.18
"ours_rs_joint","mu","x2",21,-0.158083219051359,0.0643563298855225,-0.12
"ours_rs_joint","mu","time_scaled",21,0.151074444664874,0.0530657129322459,0.1
"ours_rs_joint","sigma","intercept",21,-0.512266788848804,0.0994363025456848,-0.45
"ours_rs_joint","sigma","x1",21,0.14135504759118,0.0569130579468003,0.1
"ours_rs_joint","sigma","time_scaled",21,0.0669843754491731,0.138681828812742,0.08
"ours_rs_joint","theta","intercept",21,0.688590183248635,0.044706535348732,0.7
"ours_rs_joint","theta","time_scaled",21,0.343482272582975,0.0980112045393565,0.2
"gamlss","mu","intercept",22,1.60588989435402,0.0605781679755919,1.1
"gamlss","mu","x1",22,0.20194611513833,0.0227367728492835,0.18
"gamlss","mu","x2",22,-0.145755891399376,0.045745820928118,-0.12
"gamlss","mu","time_scaled",22,0.167760766744755,0.0615907049277176,0.1
"gamlss","sigma","intercept",22,-0.192453099391268,0.115132951285173,-0.45
"gamlss","sigma","x1",22,0.00710217404131094,0.0514877083284092,0.1
"gamlss","sigma","time_scaled",22,0.0610696776910229,0.136813782463079,0.08
"ours_rs_joint","mu","intercept",22,1.1039593206673,0.0558457432239169,1.1
"ours_rs_joint","mu","x1",22,0.209603019070136,0.0346099770906762,0.18
"ours_rs_joint","mu","x2",22,-0.176889778113503,0.0665171465459768,-0.12
"ours_rs_joint","mu","time_scaled",22,0.146863192112157,0.0544671815337831,0.1
"ours_rs_joint","sigma","intercept",22,-0.396110906889497,0.097912836864637,-0.45
"ours_rs_joint","sigma","x1",22,0.0203765534426827,0.0550346169024864,0.1
"ours_rs_joint","sigma","time_scaled",22,0.0727365694378532,0.13636617556409,0.08
"ours_rs_joint","theta","intercept",22,0.781827851761121,0.0449021369536386,0.7
"ours_rs_joint","theta","time_scaled",22,0.195744459292568,0.0961269577863025,0.2
"gamlss","mu","intercept",23,1.59662970981038,0.0577601115422099,1.1
"gamlss","mu","x1",23,0.204328567725185,0.0218996083999688,0.18
"gamlss","mu","x2",23,-0.124270626702784,0.0440945599831291,-0.12
"gamlss","mu","time_scaled",23,0.0976992848783323,0.058665115529619,0.1
"gamlss","sigma","intercept",23,-0.223465088403528,0.112259226012573,-0.45
"gamlss","sigma","x1",23,0.189744763581941,0.0501926117138832,0.1
"gamlss","sigma","time_scaled",23,-0.165654640233656,0.139659470302344,0.08
"ours_rs_joint","mu","intercept",23,1.14806257081412,0.0535668104916232,1.1
"ours_rs_joint","mu","x1",23,0.19766724738631,0.032789562476281,0.18
"ours_rs_joint","mu","x2",23,-0.131129986888073,0.063698439786204,-0.12
"ours_rs_joint","mu","time_scaled",23,0.0941037901226469,0.0526302482199635,0.1
"ours_rs_joint","sigma","intercept",23,-0.414608932619357,0.0942835264052108,-0.45
"ours_rs_joint","sigma","x1",23,0.217759445201496,0.0548902870869959,0.1
"ours_rs_joint","sigma","time_scaled",23,-0.182364703674617,0.138229590525208,0.08
"ours_rs_joint","theta","intercept",23,0.692838961081197,0.0445924884205549,0.7
"ours_rs_joint","theta","time_scaled",23,0.33856928990982,0.0972186606148803,0.2
"gamlss","mu","intercept",24,1.76542827931606,0.0577756589363796,1.1
"gamlss","mu","x1",24,0.183812263183316,0.0217376090722254,0.18
"gamlss","mu","x2",24,-0.0801743207438553,0.0431060583482523,-0.12
"gamlss","mu","time_scaled",24,0.104000078487268,0.0577731763243887,0.1
"gamlss","sigma","intercept",24,-0.420219266305532,0.115613694138455,-0.45
"gamlss","sigma","x1",24,0.148888891164589,0.0528225140584888,0.1
"gamlss","sigma","time_scaled",24,0.00358704393235225,0.141724143972788,0.08
"ours_rs_joint","mu","intercept",24,1.10340868857907,0.052497851363465,1.1
"ours_rs_joint","mu","x1",24,0.173672563510588,0.033582746032339,0.18
"ours_rs_joint","mu","x2",24,-0.0683645284872561,0.0642542034739444,-0.12
"ours_rs_joint","mu","time_scaled",24,0.113389480574975,0.0509183750403016,0.1
"ours_rs_joint","sigma","intercept",24,-0.508189391397255,0.0957456518207404,-0.45
"ours_rs_joint","sigma","x1",24,0.0687892655227747,0.0553067339174094,0.1
"ours_rs_joint","sigma","time_scaled",24,0.0271815598969997,0.135499880530833,0.08
"ours_rs_joint","theta","intercept",24,0.703776027376704,0.0446862888956517,0.7
"ours_rs_joint","theta","time_scaled",24,0.435470002100773,0.0967177180453166,0.2
"gamlss","mu","intercept",25,1.60761437235904,0.0553151765185003,1.1
"gamlss","mu","x1",25,0.200674801420503,0.0215718280549424,0.18
"gamlss","mu","x2",25,-0.113944857630554,0.0429558067214121,-0.12
"gamlss","mu","time_scaled",25,0.150410973490053,0.0575089135679145,0.1
"gamlss","sigma","intercept",25,-0.575342477040297,0.116337115955407,-0.45
"gamlss","sigma","x1",25,-0.046901392394452,0.0528706388646794,0.1
"gamlss","sigma","time_scaled",25,0.236471907650853,0.141407482801278,0.08
"ours_rs_joint","mu","intercept",25,1.11121416018654,0.0506738722319704,1.1
"ours_rs_joint","mu","x1",25,0.229634892636524,0.0321839320597236,0.18
"ours_rs_joint","mu","x2",25,-0.114506137683688,0.0625434381694343,-0.12
"ours_rs_joint","mu","time_scaled",25,0.14774355643522,0.0516480148137353,0.1
"ours_rs_joint","sigma","intercept",25,-0.678672435050254,0.101485056637407,-0.45
"ours_rs_joint","sigma","x1",25,0.0505631035250149,0.0565866258868784,0.1
"ours_rs_joint","sigma","time_scaled",25,0.269238846396516,0.139837309770969,0.08
"ours_rs_joint","theta","intercept",25,0.673656504467316,0.0440218363985742,0.7
"ours_rs_joint","theta","time_scaled",25,0.433619062997998,0.0971602679714185,0.2
"gamlss","mu","intercept",26,1.54893841439812,0.0580404297480294,1.1
"gamlss","mu","x1",26,0.16331373674367,0.0227397594357803,0.18
"gamlss","mu","x2",26,0.0465016668122722,0.0460252163956248,-0.12
"gamlss","mu","time_scaled",26,0.0553447138240175,0.0611369346797569,0.1
"gamlss","sigma","intercept",26,-0.572777507382124,0.117289043790212,-0.45
"gamlss","sigma","x1",26,0.170888135696408,0.0534104722130115,0.1
"gamlss","sigma","time_scaled",26,0.417352194031871,0.140286378298995,0.08
"ours_rs_joint","mu","intercept",26,1.0151715599657,0.0547577099663891,1.1
"ours_rs_joint","mu","x1",26,0.157059945461603,0.0343099785271551,0.18
"ours_rs_joint","mu","x2",26,-0.00164247045877788,0.0670331578959543,-0.12
"ours_rs_joint","mu","time_scaled",26,0.0646019624054462,0.0558844643796481,0.1
"ours_rs_joint","sigma","intercept",26,-0.554734473240469,0.0996860464763895,-0.45
"ours_rs_joint","sigma","x1",26,0.127475579198241,0.056260692386256,0.1
"ours_rs_joint","sigma","time_scaled",26,0.400372510738517,0.134734981515839,0.08
"ours_rs_joint","theta","intercept",26,0.722359613346654,0.045323004576539,0.7
"ours_rs_joint","theta","time_scaled",26,0.376469157446421,0.0993534668686327,0.2
"gamlss","mu","intercept",27,1.71736114783299,0.0580154578278027,1.1
"gamlss","mu","x1",27,0.150299712318018,0.023380484471391,0.18
"gamlss","mu","x2",27,-0.119521056904606,0.045052383248579,-0.12
"gamlss","mu","time_scaled",27,0.126583302798058,0.060434089700097,0.1
"gamlss","sigma","intercept",27,-0.570082084367709,0.111589563663774,-0.45
"gamlss","sigma","x1",27,0.0412351140393712,0.053660797536227,0.1
"gamlss","sigma","time_scaled",27,0.247206369034851,0.136439698039618,0.08
"ours_rs_joint","mu","intercept",27,1.11128461060709,0.0544046335617832,1.1
"ours_rs_joint","mu","x1",27,0.141522741188572,0.0345199743705241,0.18
"ours_rs_joint","mu","x2",27,-0.115890685407092,0.0647568588394856,-0.12
"ours_rs_joint","mu","time_scaled",27,0.151075289296762,0.0549741345927441,0.1
"ours_rs_joint","sigma","intercept",27,-0.509379566043045,0.0953004406602649,-0.45
"ours_rs_joint","sigma","x1",27,-0.0113314128116655,0.0571240448916948,0.1
"ours_rs_joint","sigma","time_scaled",27,0.281531534901352,0.133826558949114,0.08
"ours_rs_joint","theta","intercept",27,0.660501046431647,0.0451115308249185,0.7
"ours_rs_joint","theta","time_scaled",27,0.403526046236477,0.0999886650979149,0.2
"gamlss","mu","intercept",28,1.75458306148241,0.0561598366248407,1.1
"gamlss","mu","x1",28,0.199954516881356,0.0210739825746477,0.18
"gamlss","mu","x2",28,-0.116447503151326,0.0429723677989787,-0.12
"gamlss","mu","time_scaled",28,0.0265458273375234,0.0575512239138626,0.1
"gamlss","sigma","intercept",28,-0.691156226972175,0.121157879145494,-0.45
"gamlss","sigma","x1",28,0.0400253430544179,0.0522729589129381,0.1
"gamlss","sigma","time_scaled",28,-0.111297318570243,0.14020421665694,0.08
"ours_rs_joint","mu","intercept",28,1.16640410993454,0.054454924793536,1.1
"ours_rs_joint","mu","x1",28,0.217934075482166,0.0327437614837597,0.18
"ours_rs_joint","mu","x2",28,-0.11566466336409,0.0641637397048277,-0.12
"ours_rs_joint","mu","time_scaled",28,0.0489292704098193,0.0499331165845786,0.1
"ours_rs_joint","sigma","intercept",28,-0.440321326540102,0.0957436653378917,-0.45
"ours_rs_joint","sigma","x1",28,0.102516126432477,0.0553496705743009,0.1
"ours_rs_joint","sigma","time_scaled",28,-0.0962381948688741,0.136557500851183,0.08
"ours_rs_joint","theta","intercept",28,0.78693118204148,0.0447372505511958,0.7
"ours_rs_joint","theta","time_scaled",28,0.338549512294613,0.0972995077841065,0.2
"gamlss","mu","intercept",29,1.49131800132548,0.0579746742562047,1.1
"gamlss","mu","x1",29,0.160379523960135,0.0226670537095966,0.18
"gamlss","mu","x2",29,-0.00976650136989404,0.0456822242756619,-0.12
"gamlss","mu","time_scaled",29,0.181883547617671,0.0612452261514604,0.1
"gamlss","sigma","intercept",29,-0.664808813383725,0.121553594925078,-0.45
"gamlss","sigma","x1",29,0.0896829158789683,0.0517854475248679,0.1
"gamlss","sigma","time_scaled",29,0.344988803453508,0.140141744561149,0.08
"ours_rs_joint","mu","intercept",29,0.979713330548326,0.0524149065594837,1.1
"ours_rs_joint","mu","x1",29,0.162915941346917,0.0326695032463448,0.18
"ours_rs_joint","mu","x2",29,-0.00237764842906324,0.0646429130316355,-0.12
"ours_rs_joint","mu","time_scaled",29,0.177969902541142,0.0551550146354486,0.1
"ours_rs_joint","sigma","intercept",29,-0.523670655929288,0.0967199533038954,-0.45
"ours_rs_joint","sigma","x1",29,0.0853593127583192,0.054235651665916,0.1
"ours_rs_joint","sigma","time_scaled",29,0.317953519661086,0.135605714947539,0.08
"ours_rs_joint","theta","intercept",29,0.636056329599876,0.0439133208115376,0.7
"ours_rs_joint","theta","time_scaled",29,0.47741140705976,0.0963301583867617,0.2
"gamlss","mu","intercept",30,1.6482582818548,0.0575675018192952,1.1
"gamlss","mu","x1",30,0.145040694162564,0.0212793432921197,0.18
"gamlss","mu","x2",30,-0.133135444107206,0.0432924002759978,-0.12
"gamlss","mu","time_scaled",30,0.132399530283186,0.0575101266688694,0.1
"gamlss","sigma","intercept",30,-0.609173194514116,0.121424361326532,-0.45
"gamlss","sigma","x1",30,0.240389184117957,0.0538054451180845,0.1
"gamlss","sigma","time_scaled",30,0.395292151883091,0.142959867434087,0.08
"ours_rs_joint","mu","intercept",30,1.13321975969853,0.0534987817097693,1.1
"ours_rs_joint","mu","x1",30,0.144543548688753,0.0326276067725105,0.18
"ours_rs_joint","mu","x2",30,-0.145506030048097,0.0640817324542721,-0.12
"ours_rs_joint","mu","time_scaled",30,0.147073071498068,0.0515863247058553,0.1
"ours_rs_joint","sigma","intercept",30,-0.66505057348823,0.100191194387205,-0.45
"ours_rs_joint","sigma","x1",30,0.187579284777522,0.056382848379927,0.1
"ours_rs_joint","sigma","time_scaled",30,0.356198642102448,0.136894669617666,0.08
"ours_rs_joint","theta","intercept",30,0.702092640657105,0.0449323575607165,0.7
"ours_rs_joint","theta","time_scaled",30,0.448942071259153,0.0968735883536343,0.2
"gamlss","mu","intercept",31,1.82930614030639,0.0577524018309455,1.1
"gamlss","mu","x1",31,0.157873708170382,0.0220435791508333,0.18
"gamlss","mu","x2",31,-0.130068294087761,0.0428750943214271,-0.12
"gamlss","mu","time_scaled",31,0.0540593034095739,0.0569356564458823,0.1
"gamlss","sigma","intercept",31,-0.484167290975502,0.118636777837398,-0.45
"gamlss","sigma","x1",31,0.153941035742617,0.0543327526788086,0.1
"gamlss","sigma","time_scaled",31,0.0172014050117198,0.142217386437266,0.08
"ours_rs_joint","mu","intercept",31,1.17379323525781,0.0540240882437603,1.1
"ours_rs_joint","mu","x1",31,0.158024368863661,0.033373139338191,0.18
"ours_rs_joint","mu","x2",31,-0.114583173066614,0.0627556231827484,-0.12
"ours_rs_joint","mu","time_scaled",31,0.0599359183102376,0.0512307121377369,0.1
"ours_rs_joint","sigma","intercept",31,-0.572750880170691,0.0976162982103956,-0.45
"ours_rs_joint","sigma","x1",31,0.189865653784928,0.057850105487466,0.1
"ours_rs_joint","sigma","time_scaled",31,-0.00768750310953171,0.138254155371586,0.08
"ours_rs_joint","theta","intercept",31,0.793590366272029,0.0444652422021389,0.7
"ours_rs_joint","theta","time_scaled",31,0.101890533946497,0.0963604697276359,0.2
"gamlss","mu","intercept",32,1.68784095854812,0.0597639698509508,1.1
"gamlss","mu","x1",32,0.146677972063774,0.0208345401348074,0.18
"gamlss","mu","x2",32,-0.0500587303339663,0.0447459924206761,-0.12
"gamlss","mu","time_scaled",32,0.0827741538383592,0.0598216967511137,0.1
"gamlss","sigma","intercept",32,-0.19605606635062,0.115386988799556,-0.45
"gamlss","sigma","x1",32,0.0421274913558217,0.0488245236413768,0.1
"gamlss","sigma","time_scaled",32,-0.0301170065576544,0.137886874283401,0.08
"ours_rs_joint","mu","intercept",32,1.09788043815368,0.0555706194149939,1.1
"ours_rs_joint","mu","x1",32,0.150156087686372,0.0322969524087928,0.18
"ours_rs_joint","mu","x2",32,-0.0702150209642578,0.0654209210041291,-0.12
"ours_rs_joint","mu","time_scaled",32,0.0717785547985146,0.053367048850891,0.1
"ours_rs_joint","sigma","intercept",32,-0.399098762978008,0.0983082560185094,-0.45
"ours_rs_joint","sigma","x1",32,0.0835324200521863,0.0547325496239265,0.1
"ours_rs_joint","sigma","time_scaled",32,-0.0398741107801332,0.136711112172172,0.08
"ours_rs_joint","theta","intercept",32,0.748881735227276,0.0453183052963871,0.7
"ours_rs_joint","theta","time_scaled",32,0.206671893955727,0.0976028502093116,0.2
"gamlss","mu","intercept",33,1.67914545036697,0.0583776340437806,1.1
"gamlss","mu","x1",33,0.185046161058965,0.0237828914840112,0.18
"gamlss","mu","x2",33,-0.208167739809397,0.0460723877659973,-0.12
"gamlss","mu","time_scaled",33,0.105927740928292,0.0613969330590127,0.1
"gamlss","sigma","intercept",33,-0.421405072800432,0.117635009825681,-0.45
"gamlss","sigma","x1",33,0.0730730691473897,0.0537511015809334,0.1
"gamlss","sigma","time_scaled",33,0.270781435749611,0.137519254101213,0.08
"ours_rs_joint","mu","intercept",33,1.14953004168901,0.055914837620804,1.1
"ours_rs_joint","mu","x1",33,0.201446671531698,0.0351716183301387,0.18
"ours_rs_joint","mu","x2",33,-0.175782978788182,0.0663229165521078,-0.12
"ours_rs_joint","mu","time_scaled",33,0.1087336109613,0.0544146115928071,0.1
"ours_rs_joint","sigma","intercept",33,-0.515596989419129,0.0966941384101082,-0.45
"ours_rs_joint","sigma","x1",33,0.124010810218923,0.0574229910217313,0.1
"ours_rs_joint","sigma","time_scaled",33,0.224405760344264,0.132970548865351,0.08
"ours_rs_joint","theta","intercept",33,0.717525966944973,0.0443501668458995,0.7
"ours_rs_joint","theta","time_scaled",33,0.374019841829766,0.0959155363274344,0.2
"gamlss","mu","intercept",34,1.60087216603861,0.057097258782562,1.1
"gamlss","mu","x1",34,0.205647848482516,0.022940983903617,0.18
"gamlss","mu","x2",34,-0.080150680021283,0.0459105191064111,-0.12
"gamlss","mu","time_scaled",34,0.106610131806597,0.0615452430416445,0.1
"gamlss","sigma","intercept",34,-0.258180433689248,0.107449775153301,-0.45
"gamlss","sigma","x1",34,0.0690833688715198,0.0514688588837333,0.1
"gamlss","sigma","time_scaled",34,0.13762884706425,0.134538925577968,0.08
"ours_rs_joint","mu","intercept",34,1.10644040664387,0.0544946640573871,1.1
"ours_rs_joint","mu","x1",34,0.199060180052006,0.0347351101780954,0.18
"ours_rs_joint","mu","x2",34,-0.112045015985427,0.0669619616663964,-0.12
"ours_rs_joint","mu","time_scaled",34,0.100673433529786,0.0536964645126396,0.1
"ours_rs_joint","sigma","intercept",34,-0.435831277002295,0.0939290593100117,-0.45
"ours_rs_joint","sigma","x1",34,0.0727776229348958,0.054932356129859,0.1
"ours_rs_joint","sigma","time_scaled",34,0.181390581100918,0.131879625302365,0.08
"ours_rs_joint","theta","intercept",34,0.707949682069572,0.0449202231650352,0.7
"ours_rs_joint","theta","time_scaled",34,0.455150955922741,0.0981307349603865,0.2
"gamlss","mu","intercept",35,1.73014906527047,0.0555079030437766,1.1
"gamlss","mu","x1",35,0.249653007361322,0.0211621828703882,0.18
"gamlss","mu","x2",35,-0.164552374494971,0.0422883290393978,-0.12
"gamlss","mu","time_scaled",35,0.0939581146540392,0.0562406953851732,0.1
"gamlss","sigma","intercept",35,-0.567721829310962,0.115270415544031,-0.45
"gamlss","sigma","x1",35,0.141326288984991,0.0505932810637565,0.1
"gamlss","sigma","time_scaled",35,0.237743790586781,0.136016587905381,0.08
"ours_rs_joint","mu","intercept",35,1.23740033899867,0.0503371861184148,1.1
"ours_rs_joint","mu","x1",35,0.246546164567921,0.0320714649051963,0.18
"ours_rs_joint","mu","x2",35,-0.147151495678336,0.0621180810122995,-0.12
"ours_rs_joint","mu","time_scaled",35,0.123798764836319,0.0516567125269903,0.1
"ours_rs_joint","sigma","intercept",35,-0.63542949091037,0.0965148164340414,-0.45
"ours_rs_joint","sigma","x1",35,0.105425881731826,0.0531677420549611,0.1
"ours_rs_joint","sigma","time_scaled",35,0.249602991201978,0.131923959956812,0.08
"ours_rs_joint","theta","intercept",35,0.68839469688453,0.0442897592121712,0.7
"ours_rs_joint","theta","time_scaled",35,0.329451397168569,0.0976662687797223,0.2
"gamlss","mu","intercept",36,1.71046845452299,0.0559050914069053,1.1
"gamlss","mu","x1",36,0.192376941611746,0.0202169959487649,0.18
"gamlss","mu","x2",36,-0.0964056151019534,0.0435873229714282,-0.12
"gamlss","mu","time_scaled",36,0.169234054826318,0.0585424827466593,0.1
"gamlss","sigma","intercept",36,-0.588484650660078,0.11748062146723,-0.45
"gamlss","sigma","x1",36,0.0941912559230908,0.0491865600713595,0.1
"gamlss","sigma","time_scaled",36,0.24527820255493,0.140684878832555,0.08
"ours_rs_joint","mu","intercept",36,1.05656385835072,0.0509829159725908,1.1
"ours_rs_joint","mu","x1",36,0.18150689941707,0.0314536094867223,0.18
"ours_rs_joint","mu","x2",36,-0.0866378750450435,0.0638699487278987,-0.12
"ours_rs_joint","mu","time_scaled",36,0.163472527185056,0.0506654039981609,0.1
"ours_rs_joint","sigma","intercept",36,-0.602573085582096,0.0991709197846,-0.45
"ours_rs_joint","sigma","x1",36,0.0797982030629247,0.0544946289891363,0.1
"ours_rs_joint","sigma","time_scaled",36,0.212752730334206,0.135736607797556,0.08
"ours_rs_joint","theta","intercept",36,0.716605723737968,0.0441793411010424,0.7
"ours_rs_joint","theta","time_scaled",36,0.406106823128412,0.0952653977650959,0.2
"gamlss","mu","intercept",37,1.72014464801086,0.0553605280994951,1.1
"gamlss","mu","x1",37,0.178446852550751,0.0221056939346989,0.18
"gamlss","mu","x2",37,-0.0637317670375466,0.0449586233530193,-0.12
"gamlss","mu","time_scaled",37,-0.0246438682724024,0.0598145012366635,0.1
"gamlss","sigma","intercept",37,-0.616954652811612,0.117820631542517,-0.45
"gamlss","sigma","x1",37,0.0405747452801061,0.0529215416878172,0.1
"gamlss","sigma","time_scaled",37,0.0956384451267903,0.140221730359736,0.08
"ours_rs_joint","mu","intercept",37,1.10351164248326,0.0524319753260726,1.1
"ours_rs_joint","mu","x1",37,0.168705525763022,0.0329006675843279,0.18
"ours_rs_joint","mu","x2",37,-0.0313422818104183,0.0647134999673807,-0.12
"ours_rs_joint","mu","time_scaled",37,-0.0070379256332886,0.0539572025121412,0.1
"ours_rs_joint","sigma","intercept",37,-0.482018306740887,0.0943365082508991,-0.45
"ours_rs_joint","sigma","x1",37,0.0282369088947682,0.0547187198929019,0.1
"ours_rs_joint","sigma","time_scaled",37,0.0793555392579868,0.135744101233698,0.08
"ours_rs_joint","theta","intercept",37,0.749069455719735,0.0444869365764981,0.7
"ours_rs_joint","theta","time_scaled",37,0.215333490276947,0.0969330596772793,0.2
"gamlss","mu","intercept",38,1.55424807028272,0.0572465270438321,1.1
"gamlss","mu","x1",38,0.220948673258776,0.0229690336281779,0.18
"gamlss","mu","x2",38,-0.0588548626198433,0.0441654091103272,-0.12
"gamlss","mu","time_scaled",38,0.0781923579077151,0.0594996931932647,0.1
"gamlss","sigma","intercept",38,-0.478826549116405,0.116680448048206,-0.45
"gamlss","sigma","x1",38,0.106613757360604,0.051503625940002,0.1
"gamlss","sigma","time_scaled",38,0.230611466313699,0.138522061888057,0.08
"ours_rs_joint","mu","intercept",38,1.11469157284593,0.0527516557531918,1.1
"ours_rs_joint","mu","x1",38,0.213814633389903,0.0334052134344708,0.18
"ours_rs_joint","mu","x2",38,-0.0502542152305188,0.063852676965957,-0.12
"ours_rs_joint","mu","time_scaled",38,0.0734814893221367,0.0532458929710189,0.1
"ours_rs_joint","sigma","intercept",38,-0.575583773066015,0.0959854785581424,-0.45
"ours_rs_joint","sigma","x1",38,0.0942173481507334,0.0534036671363462,0.1
"ours_rs_joint","sigma","time_scaled",38,0.26992306703729,0.136701101077075,0.08
"ours_rs_joint","theta","intercept",38,0.688995124621624,0.0440570961519195,0.7
"ours_rs_joint","theta","time_scaled",38,0.361190314777418,0.096566885747656,0.2
"gamlss","mu","intercept",39,1.63542014825595,0.0575095165112227,1.1
"gamlss","mu","x1",39,0.167889258689415,0.0229910729870389,0.18
"gamlss","mu","x2",39,-0.102237181239872,0.0457311934213099,-0.12
"gamlss","mu","time_scaled",39,0.077430362121916,0.0608621026269229,0.1
"gamlss","sigma","intercept",39,-0.330498491325811,0.113637344521521,-0.45
"gamlss","sigma","x1",39,0.0510412948481813,0.0515239820061729,0.1
"gamlss","sigma","time_scaled",39,0.08440404849061,0.136391326331258,0.08
"ours_rs_joint","mu","intercept",39,1.13058451937059,0.0537493738937238,1.1
"ours_rs_joint","mu","x1",39,0.163713379263582,0.0340575114633111,0.18
"ours_rs_joint","mu","x2",39,-0.109610723488928,0.0662540268205085,-0.12
"ours_rs_joint","mu","time_scaled",39,0.079659167093239,0.0544313208311722,0.1
"ours_rs_joint","sigma","intercept",39,-0.417185028943986,0.0950274706709517,-0.45
"ours_rs_joint","sigma","x1",39,0.0807916170695809,0.0535339497387494,0.1
"ours_rs_joint","sigma","time_scaled",39,0.107514730889502,0.134051152119913,0.08
"ours_rs_joint","theta","intercept",39,0.736773740777106,0.044150014808727,0.7
"ours_rs_joint","theta","time_scaled",39,0.306054907537908,0.0971584065337138,0.2
"gamlss","mu","intercept",40,1.5573872240042,0.06074126256743,1.1
"gamlss","mu","x1",40,0.177901432804343,0.0225487058515221,0.18
"gamlss","mu","x2",40,-0.0925333159117314,0.0461424621072309,-0.12
"gamlss","mu","time_scaled",40,0.0590706134243391,0.0612652029429544,0.1
"gamlss","sigma","intercept",40,-0.273420085327947,0.113152887579824,-0.45
"gamlss","sigma","x1",40,0.0554592349955625,0.0505565057431438,0.1
"gamlss","sigma","time_scaled",40,-0.126173752246051,0.135345123354022,0.08
"ours_rs_joint","mu","intercept",40,1.08001040189616,0.0566804183290018,1.1
"ours_rs_joint","mu","x1",40,0.177848258418027,0.0348716766928546,0.18
"ours_rs_joint","mu","x2",40,-0.0975130952216844,0.0678319884247808,-0.12
"ours_rs_joint","mu","time_scaled",40,0.0598125820495647,0.055078387947538,0.1
"ours_rs_joint","sigma","intercept",40,-0.24106592567428,0.0917987105745211,-0.45
"ours_rs_joint","sigma","x1",40,0.0780760829786612,0.0538571630425589,0.1
"ours_rs_joint","sigma","time_scaled",40,-0.121033113985722,0.134589184845175,0.08
"ours_rs_joint","theta","intercept",40,0.72984747662154,0.046205377331833,0.7
"ours_rs_joint","theta","time_scaled",40,0.335087159055555,0.100595738079132,0.2
"gamlss","mu","intercept",41,1.74935332806614,0.0563196067279342,1.1
"gamlss","mu","x1",41,0.141306948135305,0.0210351368325962,0.18
"gamlss","mu","x2",41,-0.126426062838335,0.0428424587840623,-0.12
"gamlss","mu","time_scaled",41,0.00133332560180447,0.0567946039895121,0.1
"gamlss","sigma","intercept",41,-0.521820055531482,0.119234836473173,-0.45
"gamlss","sigma","x1",41,0.211521115441344,0.0521952581870839,0.1
"gamlss","sigma","time_scaled",41,0.235074470334351,0.144852826673658,0.08
"ours_rs_joint","mu","intercept",41,1.17129101412337,0.0518128026551551,1.1
"ours_rs_joint","mu","x1",41,0.142207048215083,0.0322776562960997,0.18
"ours_rs_joint","mu","x2",41,-0.128374927731535,0.0625229537674094,-0.12
"ours_rs_joint","mu","time_scaled",41,0.0124988819844564,0.0509894207765884,0.1
"ours_rs_joint","sigma","intercept",41,-0.688376350062976,0.101066737330346,-0.45
"ours_rs_joint","sigma","x1",41,0.201761788370851,0.0578538328493708,0.1
"ours_rs_joint","sigma","time_scaled",41,0.179954723431089,0.141090432186225,0.08
"ours_rs_joint","theta","intercept",41,0.776124245119051,0.0444055942682267,0.7
"ours_rs_joint","theta","time_scaled",41,0.175251215120375,0.0961351025429994,0.2
"gamlss","mu","intercept",42,1.54921188642838,0.0566600727061183,1.1
"gamlss","mu","x1",42,0.22816224269195,0.0231166006694679,0.18
"gamlss","mu","x2",42,-0.0721551650159106,0.0457793875431499,-0.12
"gamlss","mu","time_scaled",42,0.12042989573615,0.0604855482862867,0.1
"gamlss","sigma","intercept",42,-0.360431937209746,0.113828083478375,-0.45
"gamlss","sigma","x1",42,0.0593569897336681,0.0518113744160417,0.1
"gamlss","sigma","time_scaled",42,0.0242402559612873,0.138354716978277,0.08
"ours_rs_joint","mu","intercept",42,1.04729165682329,0.0526097968692542,1.1
"ours_rs_joint","mu","x1",42,0.238245424094927,0.0357520726396446,0.18
"ours_rs_joint","mu","x2",42,-0.0957586159969085,0.0668075821228447,-0.12
"ours_rs_joint","mu","time_scaled",42,0.128366107659043,0.0550830874953293,0.1
"ours_rs_joint","sigma","intercept",42,-0.409107663831669,0.0961664380245923,-0.45
"ours_rs_joint","sigma","x1",42,0.0433844758509005,0.0557853300993621,0.1
"ours_rs_joint","sigma","time_scaled",42,0.0656307800922016,0.138047628432979,0.08
"ours_rs_joint","theta","intercept",42,0.70557043719454,0.0456351624070713,0.7
"ours_rs_joint","theta","time_scaled",42,0.334899730872416,0.100515065093344,0.2
"gamlss","mu","intercept",43,1.62249400204961,0.0529428624522021,1.1
"gamlss","mu","x1",43,0.212370821826893,0.0219957491632348,0.18
"gamlss","mu","x2",43,-0.0403200797241145,0.0406302824536105,-0.12
"gamlss","mu","time_scaled",43,0.121151603838697,0.0546096570865917,0.1
"gamlss","sigma","intercept",43,-0.974147532563364,0.129170209428526,-0.45
"gamlss","sigma","x1",43,0.370759839061318,0.0653590960017618,0.1
"gamlss","sigma","time_scaled",43,0.370528801264613,0.155043260363396,0.08
"ours_rs_joint","mu","intercept",43,1.08048599834761,0.0483327508685455,1.1
"ours_rs_joint","mu","x1",43,0.201584163128813,0.0312383734840342,0.18
"ours_rs_joint","mu","x2",43,-0.0705524848262474,0.0593517161627723,-0.12
"ours_rs_joint","mu","time_scaled",43,0.111237162248683,0.0508649205686367,0.1
"ours_rs_joint","sigma","intercept",43,-0.872419637610061,0.110820842873278,-0.45
"ours_rs_joint","sigma","x1",43,0.278390587380283,0.0647303406338644,0.1
"ours_rs_joint","sigma","time_scaled",43,0.374442366693569,0.15513408374448,0.08
"ours_rs_joint","theta","intercept",43,0.6318107769604,0.0447952696558573,0.7
"ours_rs_joint","theta","time_scaled",43,0.359805400905838,0.100098008176383,0.2
"gamlss","mu","intercept",44,1.62214996437524,0.0608758156589277,1.1
"gamlss","mu","x1",44,0.201344375734487,0.0242158007433586,0.18
"gamlss","mu","x2",44,-0.084988020662433,0.0463607816869173,-0.12
"gamlss","mu","time_scaled",44,0.153178138198235,0.0617541186044818,0.1
"gamlss","sigma","intercept",44,-0.366765460067062,0.114939438059039,-0.45
"gamlss","sigma","x1",44,0.194818185972389,0.0551504517913175,0.1
"gamlss","sigma","time_scaled",44,0.183154773127208,0.136824522817247,0.08
"ours_rs_joint","mu","intercept",44,1.02795310619943,0.0555340317997412,1.1
"ours_rs_joint","mu","x1",44,0.195534017074888,0.0363477394103995,0.18
"ours_rs_joint","mu","x2",44,-0.0544457761400986,0.0677968822382981,-0.12
"ours_rs_joint","mu","time_scaled",44,0.154060638631784,0.0542750557345678,0.1
"ours_rs_joint","sigma","intercept",44,-0.420167197625731,0.0973814262512607,-0.45
"ours_rs_joint","sigma","x1",44,0.134913373168108,0.0569089297425951,0.1
"ours_rs_joint","sigma","time_scaled",44,0.144710912980639,0.133524074744195,0.08
"ours_rs_joint","theta","intercept",44,0.761855934308684,0.0457526398035178,0.7
"ours_rs_joint","theta","time_scaled",44,0.347215545668972,0.0986892411387609,0.2
"gamlss","mu","intercept",45,1.64381009326649,0.0595058117803101,1.1
"gamlss","mu","x1",45,0.248376297805518,0.0214959532487909,0.18
"gamlss","mu","x2",45,-0.090543609573339,0.0447516455917613,-0.12
"gamlss","mu","time_scaled",45,0.123296082800883,0.0601594065382314,0.1
"gamlss","sigma","intercept",45,-0.572559340074731,0.118433823597301,-0.45
"gamlss","sigma","x1",45,0.149727352026035,0.0515894090907076,0.1
"gamlss","sigma","time_scaled",45,0.160746531847008,0.141567941572002,0.08
"ours_rs_joint","mu","intercept",45,1.07166269210869,0.0549024505186662,1.1
"ours_rs_joint","mu","x1",45,0.244343848492697,0.0324244481151496,0.18
"ours_rs_joint","mu","x2",45,-0.0969727859446556,0.0653345316841854,-0.12
"ours_rs_joint","mu","time_scaled",45,0.121534137174692,0.0530480231183527,0.1
"ours_rs_joint","sigma","intercept",45,-0.508825213251771,0.100065168881485,-0.45
"ours_rs_joint","sigma","x1",45,0.113600443952555,0.0542278853024866,0.1
"ours_rs_joint","sigma","time_scaled",45,0.11031169821005,0.136803454246718,0.08
"ours_rs_joint","theta","intercept",45,0.775331826706567,0.0442728909437616,0.7
"ours_rs_joint","theta","time_scaled",45,0.221263833783252,0.0950393030306955,0.2
"gamlss","mu","intercept",46,1.55979176781405,0.0606705918032576,1.1
"gamlss","mu","x1",46,0.192132583288513,0.023117065929132,0.18
"gamlss","mu","x2",46,-0.0689903185802733,0.0453650728017853,-0.12
"gamlss","mu","time_scaled",46,0.100297697576123,0.0606928190961834,0.1
"gamlss","sigma","intercept",46,-0.383881400569196,0.12104486351442,-0.45
"gamlss","sigma","x1",46,0.183912724961497,0.0546235186693338,0.1
"gamlss","sigma","time_scaled",46,-0.0564700375968508,0.140927350800038,0.08
"ours_rs_joint","mu","intercept",46,1.00985508217495,0.0569038225436457,1.1
"ours_rs_joint","mu","x1",46,0.189571892875948,0.0345281516318014,0.18
"ours_rs_joint","mu","x2",46,-0.0649061079449107,0.066412016442459,-0.12
"ours_rs_joint","mu","time_scaled",46,0.119766225007899,0.0537598932555834,0.1
"ours_rs_joint","sigma","intercept",46,-0.370647988231355,0.0972400047266798,-0.45
"ours_rs_joint","sigma","x1",46,0.157029471439577,0.056365712795218,0.1
"ours_rs_joint","sigma","time_scaled",46,-0.0441968732198467,0.136970864732003,0.08
"ours_rs_joint","theta","intercept",46,0.738917032431291,0.0447294016174945,0.7
"ours_rs_joint","theta","time_scaled",46,0.321227963566364,0.0973593202295417,0.2
"gamlss","mu","intercept",47,1.76057248534794,0.0603512576527408,1.1
"gamlss","mu","x1",47,0.160046334901375,0.0243481449715789,0.18
"gamlss","mu","x2",47,-0.156689708609423,0.0478380915587588,-0.12
"gamlss","mu","time_scaled",47,0.0329131824223329,0.0631042503196458,0.1
"gamlss","sigma","intercept",47,-0.271626125795359,0.11078103554272,-0.45
"gamlss","sigma","x1",47,0.0614476497997191,0.0518229104144275,0.1
"gamlss","sigma","time_scaled",47,0.0513839869821027,0.131796219699524,0.08
"ours_rs_joint","mu","intercept",47,1.16009528918801,0.0565185648382756,1.1
"ours_rs_joint","mu","x1",47,0.158642351284087,0.0366959300375388,0.18
"ours_rs_joint","mu","x2",47,-0.140479998433993,0.0695610892723143,-0.12
"ours_rs_joint","mu","time_scaled",47,0.0330197328667058,0.0556985497094711,0.1
"ours_rs_joint","sigma","intercept",47,-0.251689606113367,0.0898640232917118,-0.45
"ours_rs_joint","sigma","x1",47,0.0608007881229731,0.0543467930383838,0.1
"ours_rs_joint","sigma","time_scaled",47,0.0239685449373213,0.125206560944538,0.08
"ours_rs_joint","theta","intercept",47,0.77436256779103,0.0453898186657559,0.7
"ours_rs_joint","theta","time_scaled",47,0.297710780886628,0.0977405977852808,0.2
"gamlss","mu","intercept",48,1.5382453640125,0.0578911381638067,1.1
"gamlss","mu","x1",48,0.200915345551173,0.022709830831134,0.18
"gamlss","mu","x2",48,-0.185159358145156,0.0469235739563909,-0.12
"gamlss","mu","time_scaled",48,0.170758428271327,0.0626518167349149,0.1
"gamlss","sigma","intercept",48,-0.458736316229123,0.116136878958522,-0.45
"gamlss","sigma","x1",48,0.158634277390668,0.0497751168557796,0.1
"gamlss","sigma","time_scaled",48,0.221494601225451,0.133781568449809,0.08
"ours_rs_joint","mu","intercept",48,1.1044860636498,0.0546723864331596,1.1
"ours_rs_joint","mu","x1",48,0.1930202642156,0.0352913003272446,0.18
"ours_rs_joint","mu","x2",48,-0.174680449957826,0.0691078060422911,-0.12
"ours_rs_joint","mu","time_scaled",48,0.167363878394376,0.0543668996461401,0.1
"ours_rs_joint","sigma","intercept",48,-0.390777431251421,0.0957935450248404,-0.45
"ours_rs_joint","sigma","x1",48,0.0668095838600638,0.0531770868164522,0.1
"ours_rs_joint","sigma","time_scaled",48,0.223839838719868,0.128944817824865,0.08
"ours_rs_joint","theta","intercept",48,0.802268941988502,0.0455132187324239,0.7
"ours_rs_joint","theta","time_scaled",48,0.279454289553647,0.0982481946029504,0.2
"gamlss","mu","intercept",49,1.52897325164623,0.0585613727778415,1.1
"gamlss","mu","x1",49,0.165575201708125,0.0236220776488455,0.18
"gamlss","mu","x2",49,-0.111366110505295,0.046200767975848,-0.12
"gamlss","mu","time_scaled",49,0.0773441630555639,0.0618896163898383,0.1
"gamlss","sigma","intercept",49,-0.466383168893782,0.115112121580791,-0.45
"gamlss","sigma","x1",49,0.0151828787081358,0.0516543129403461,0.1
"gamlss","sigma","time_scaled",49,0.131506978245766,0.138560811454016,0.08
"ours_rs_joint","mu","intercept",49,1.08646698020511,0.0548351469599111,1.1
"ours_rs_joint","mu","x1",49,0.172103226803788,0.0361908812782996,0.18
"ours_rs_joint","mu","x2",49,-0.121835038482957,0.0679506903279048,-0.12
"ours_rs_joint","mu","time_scaled",49,0.083932113491422,0.055857873283103,0.1
"ours_rs_joint","sigma","intercept",49,-0.365274662607632,0.0968261527728272,-0.45
"ours_rs_joint","sigma","x1",49,0.0410647278371779,0.0546849952952475,0.1
"ours_rs_joint","sigma","time_scaled",49,0.159971835546911,0.135125038333899,0.08
"ours_rs_joint","theta","intercept",49,0.744186423695303,0.0455407810621645,0.7
"ours_rs_joint","theta","time_scaled",49,0.275785891895212,0.100372436499963,0.2
"gamlss","mu","intercept",50,1.60203053339494,0.0584042574198323,1.1
"gamlss","mu","x1",50,0.207107314976811,0.0234842229881211,0.18
"gamlss","mu","x2",50,-0.242830440839218,0.0447033942003036,-0.12
"gamlss","mu","time_scaled",50,0.0298799010423761,0.0590709579348829,0.1
"gamlss","sigma","intercept",50,-0.316758822566142,0.121407924564946,-0.45
"gamlss","sigma","x1",50,0.0146867928230451,0.0581164376805769,0.1
"gamlss","sigma","time_scaled",50,-0.0660316476884169,0.145861006198887,0.08
"ours_rs_joint","mu","intercept",50,1.12497239665414,0.0542312275445907,1.1
"ours_rs_joint","mu","x1",50,0.212704427624251,0.0357538988932605,0.18
"ours_rs_joint","mu","x2",50,-0.214391207901198,0.0655728068341707,-0.12
"ours_rs_joint","mu","time_scaled",50,0.0258474621575788,0.0540965357927448,0.1
"ours_rs_joint","sigma","intercept",50,-0.411005161104582,0.0992219323197458,-0.45
"ours_rs_joint","sigma","x1",50,0.0171071497521723,0.0603839111672333,0.1
"ours_rs_joint","sigma","time_scaled",50,-0.0491533275450157,0.14527863475752,0.08
"ours_rs_joint","theta","intercept",50,0.712499839653871,0.0459759098322664,0.7
"ours_rs_joint","theta","time_scaled",50,0.293805526370384,0.101045121763823,0.2
"gamlss","mu","intercept",51,1.69802089196667,0.056798857419452,1.1
"gamlss","mu","x1",51,0.203157221268523,0.0215162877952783,0.18
"gamlss","mu","x2",51,-0.14351425233011,0.0439389088784278,-0.12
"gamlss","mu","time_scaled",51,0.085643375309771,0.0581648248933091,0.1
"gamlss","sigma","intercept",51,-0.524954065628192,0.127078562250234,-0.45
"gamlss","sigma","x1",51,0.00971555867518198,0.0539241495310131,0.1
"gamlss","sigma","time_scaled",51,0.235136304632237,0.146691019583648,0.08
"ours_rs_joint","mu","intercept",51,1.06485348392901,0.050637796348672,1.1
"ours_rs_joint","mu","x1",51,0.204073746145441,0.0330319289311073,0.18
"ours_rs_joint","mu","x2",51,-0.140316683603386,0.0635092288356692,-0.12
"ours_rs_joint","mu","time_scaled",51,0.0839464167110214,0.0528767423302672,0.1
"ours_rs_joint","sigma","intercept",51,-0.681370380890571,0.102653394616807,-0.45
"ours_rs_joint","sigma","x1",51,0.0469415137754536,0.0579067251747233,0.1
"ours_rs_joint","sigma","time_scaled",51,0.277098336202725,0.140434274930746,0.08
"ours_rs_joint","theta","intercept",51,0.709888074947233,0.0445767280364959,0.7
"ours_rs_joint","theta","time_scaled",51,0.313136328987046,0.0979566034451461,0.2
"gamlss","mu","intercept",52,1.63724424953747,0.0558303278715281,1.1
"gamlss","mu","x1",52,0.183804402609345,0.0200788863940896,0.18
"gamlss","mu","x2",52,-0.021382805877433,0.0423098932759559,-0.12
"gamlss","mu","time_scaled",52,0.101580959507335,0.0568489761912164,0.1
"gamlss","sigma","intercept",52,-0.867380841931145,0.122597960854623,-0.45
"gamlss","sigma","x1",52,0.00357608985356221,0.0508877931747358,0.1
"gamlss","sigma","time_scaled",52,0.140186745788271,0.141381486732563,0.08
"ours_rs_joint","mu","intercept",52,1.08535816555408,0.0510090669371219,1.1
"ours_rs_joint","mu","x1",52,0.175244602396876,0.0304942312447463,0.18
"ours_rs_joint","mu","x2",52,-0.0389593652663063,0.0617380065142128,-0.12
"ours_rs_joint","mu","time_scaled",52,0.0882503620258659,0.0503404224691538,0.1
"ours_rs_joint","sigma","intercept",52,-0.589482623910766,0.0990125066652811,-0.45
"ours_rs_joint","sigma","x1",52,0.0385673754907052,0.0540927571917178,0.1
"ours_rs_joint","sigma","time_scaled",52,0.181585336044639,0.141097019798887,0.08
"ours_rs_joint","theta","intercept",52,0.689149009514715,0.0442205521564192,0.7
"ours_rs_joint","theta","time_scaled",52,0.421903479981929,0.0977088883928996,0.2
"gamlss","mu","intercept",53,1.43774331253866,0.0573078784131812,1.1
"gamlss","mu","x1",53,0.188872857527357,0.021627921451026,0.18
"gamlss","mu","x2",53,0.00503224108593717,0.0424843761502612,-0.12
"gamlss","mu","time_scaled",53,0.0957278476299152,0.0566219421885118,0.1
"gamlss","sigma","intercept",53,-0.440874642815754,0.129384687252104,-0.45
"gamlss","sigma","x1",53,0.110451398936891,0.0589351208604946,0.1
"gamlss","sigma","time_scaled",53,0.0104972442872683,0.158389790424095,0.08
"ours_rs_joint","mu","intercept",53,0.94925145051713,0.0524021492258341,1.1
"ours_rs_joint","mu","x1",53,0.187390303637903,0.0322433235788956,0.18
"ours_rs_joint","mu","x2",53,0.00117726833993245,0.0615692307761986,-0.12
"ours_rs_joint","mu","time_scaled",53,0.101289784391906,0.0523470998718634,0.1
"ours_rs_joint","sigma","intercept",53,-0.745812060370952,0.10865384889417,-0.45
"ours_rs_joint","sigma","x1",53,0.166112599266038,0.0629785861562725,0.1
"ours_rs_joint","sigma","time_scaled",53,0.0582389117966007,0.157947646019245,0.08
"ours_rs_joint","theta","intercept",53,0.687579381538398,0.0440524090842323,0.7
"ours_rs_joint","theta","time_scaled",53,0.225884325074436,0.0981700714256354,0.2
"gamlss","mu","intercept",54,1.69147126687784,0.0606675639454426,1.1
"gamlss","mu","x1",54,0.145438029134663,0.0240035694760721,0.18
"gamlss","mu","x2",54,-0.193377301785316,0.047914053288746,-0.12
"gamlss","mu","time_scaled",54,0.0471147324563993,0.0639140368716503,0.1
"gamlss","sigma","intercept",54,-0.473351762622617,0.118148309356923,-0.45
"gamlss","sigma","x1",54,0.141785942810444,0.0538303733674386,0.1
"gamlss","sigma","time_scaled",54,0.163595274538744,0.139648145322863,0.08
"ours_rs_joint","mu","intercept",54,1.08888171372967,0.0564456990067488,1.1
"ours_rs_joint","mu","x1",54,0.130764632728975,0.0369686243129332,0.18
"ours_rs_joint","mu","x2",54,-0.197502359909744,0.0700727885932107,-0.12
"ours_rs_joint","mu","time_scaled",54,0.0299679350814287,0.0562744744265965,0.1
"ours_rs_joint","sigma","intercept",54,-0.344552034744705,0.0950886128344924,-0.45
"ours_rs_joint","sigma","x1",54,0.0866116092056944,0.0578779737946001,0.1
"ours_rs_joint","sigma","time_scaled",54,0.157169106590681,0.136146549553072,0.08
"ours_rs_joint","theta","intercept",54,0.743487051956117,0.0456957079822715,0.7
"ours_rs_joint","theta","time_scaled",54,0.387087496623379,0.100581080979318,0.2
"gamlss","mu","intercept",55,1.66867734826377,0.0572557538634371,1.1
"gamlss","mu","x1",55,0.161603764209717,0.0212727794406123,0.18
"gamlss","mu","x2",55,-0.115424101223571,0.0431688605902718,-0.12
"gamlss","mu","time_scaled",55,0.111120170013528,0.0577624259180669,0.1
"gamlss","sigma","intercept",55,-0.447584741961412,0.120046341449201,-0.45
"gamlss","sigma","x1",55,0.189174704395388,0.0543129533874559,0.1
"gamlss","sigma","time_scaled",55,-0.0287113576189856,0.143255531741579,0.08
"ours_rs_joint","mu","intercept",55,1.15079249422623,0.053111866257009,1.1
"ours_rs_joint","mu","x1",55,0.152319590488433,0.0319559206782932,0.18
"ours_rs_joint","mu","x2",55,-0.12788712909614,0.0623409615574564,-0.12
"ours_rs_joint","mu","time_scaled",55,0.100411789064544,0.0526832066624929,0.1
"ours_rs_joint","sigma","intercept",55,-0.559414181256989,0.0981913343467346,-0.45
"ours_rs_joint","sigma","x1",55,0.158285034037097,0.0572612033246731,0.1
"ours_rs_joint","sigma","time_scaled",55,0.0227200581531982,0.141384426566519,0.08
"ours_rs_joint","theta","intercept",55,0.699782912559483,0.0438521368674518,0.7
"ours_rs_joint","theta","time_scaled",55,0.20690101198743,0.0972205559766114,0.2
"gamlss","mu","intercept",56,1.58749010988727,0.0556285798002478,1.1
"gamlss","mu","x1",56,0.178801188346408,0.0218830234088192,0.18
"gamlss","mu","x2",56,-0.00209728102593597,0.0428052100859225,-0.12
"gamlss","mu","time_scaled",56,0.070141274723061,0.0570535930719835,0.1
"gamlss","sigma","intercept",56,-0.503589096874514,0.120096062589732,-0.45
"gamlss","sigma","x1",56,0.0846821801002375,0.0549013756026268,0.1
"gamlss","sigma","time_scaled",56,0.233314219291596,0.140506738902836,0.08
"ours_rs_joint","mu","intercept",56,1.08455164369771,0.0514435538467209,1.1
"ours_rs_joint","mu","x1",56,0.186008385940551,0.0329747790968931,0.18
"ours_rs_joint","mu","x2",56,-0.00878231524756658,0.0625321776160207,-0.12
"ours_rs_joint","mu","time_scaled",56,0.0677163642575198,0.0521986419834285,0.1
"ours_rs_joint","sigma","intercept",56,-0.6295204874861,0.0997080783386424,-0.45
"ours_rs_joint","sigma","x1",56,0.0599040513662529,0.0568706696966687,0.1
"ours_rs_joint","sigma","time_scaled",56,0.23054203922513,0.137154081349463,0.08
"ours_rs_joint","theta","intercept",56,0.722981289021529,0.0445285775475747,0.7
"ours_rs_joint","theta","time_scaled",56,0.252975192697776,0.0969913299147447,0.2
"gamlss","mu","intercept",57,1.59999676316385,0.059280598105809,1.1
"gamlss","mu","x1",57,0.146330950732354,0.0217822245139691,0.18
"gamlss","mu","x2",57,-0.038274907025931,0.0453577962757684,-0.12
"gamlss","mu","time_scaled",57,0.0759248365421118,0.0599018508624413,0.1
"gamlss","sigma","intercept",57,-0.406360583880913,0.119950655767661,-0.45
"gamlss","sigma","x1",57,0.0576840440625556,0.051975166625277,0.1
"gamlss","sigma","time_scaled",57,0.000193507860311802,0.138849754265534,0.08
"ours_rs_joint","mu","intercept",57,1.04115176792076,0.0555002091611773,1.1
"ours_rs_joint","mu","x1",57,0.149437117244319,0.0326073190331107,0.18
"ours_rs_joint","mu","x2",57,-0.0413392103480868,0.0660147897184518,-0.12
"ours_rs_joint","mu","time_scaled",57,0.0738336962295907,0.0533786624678505,0.1
"ours_rs_joint","sigma","intercept",57,-0.440496416722559,0.0953218795931414,-0.45
"ours_rs_joint","sigma","x1",57,0.0796041994265403,0.0556741447253192,0.1
"ours_rs_joint","sigma","time_scaled",57,-0.016428428791598,0.134919275966716,0.08
"ours_rs_joint","theta","intercept",57,0.730331777840404,0.0450672839602791,0.7
"ours_rs_joint","theta","time_scaled",57,0.329894281512788,0.0988505411277523,0.2
"gamlss","mu","intercept",58,1.61869473876293,0.05761673219969,1.1
"gamlss","mu","x1",58,0.172926992115574,0.022774594796274,0.18
"gamlss","mu","x2",58,-0.0875204028465948,0.0433908907122703,-0.12
"gamlss","mu","time_scaled",58,0.0833101925356694,0.0578002321007987,0.1
"gamlss","sigma","intercept",58,-0.365734710212594,0.120367451955779,-0.45
"gamlss","sigma","x1",58,0.195039650072812,0.0610884642404396,0.1
"gamlss","sigma","time_scaled",58,-0.0301727213837866,0.146127178363065,0.08
"ours_rs_joint","mu","intercept",58,1.09954059790438,0.0523137339081846,1.1
"ours_rs_joint","mu","x1",58,0.176213022559133,0.0334677627382311,0.18
"ours_rs_joint","mu","x2",58,-0.0655709383367765,0.0634463752979438,-0.12
"ours_rs_joint","mu","time_scaled",58,0.0814377640081783,0.0518224393028584,0.1
"ours_rs_joint","sigma","intercept",58,-0.54571016324046,0.10031987756824,-0.45
"ours_rs_joint","sigma","x1",58,0.152254396284713,0.0612123396784323,0.1
"ours_rs_joint","sigma","time_scaled",58,0.00113847826853472,0.142751502772627,0.08
"ours_rs_joint","theta","intercept",58,0.724724858983078,0.0443498068669734,0.7
"ours_rs_joint","theta","time_scaled",58,0.299929232593517,0.0967545589585521,0.2
"gamlss","mu","intercept",59,1.55601544793842,0.0589659079540481,1.1
"gamlss","mu","x1",59,0.172232316904155,0.022301489681416,0.18
"gamlss","mu","x2",59,-0.10068648127238,0.045436090500314,-0.12
"gamlss","mu","time_scaled",59,0.0846667216946009,0.0603188083588272,0.1
"gamlss","sigma","intercept",59,-0.628508188161112,0.119879908600212,-0.45
"gamlss","sigma","x1",59,0.209661779804115,0.0540668538788134,0.1
"gamlss","sigma","time_scaled",59,0.20044887534681,0.140692646097512,0.08
"ours_rs_joint","mu","intercept",59,1.07213844734782,0.0548729407240828,1.1
"ours_rs_joint","mu","x1",59,0.16530231606485,0.0337710016102799,0.18
"ours_rs_joint","mu","x2",59,-0.111180761923111,0.0664359855627314,-0.12
"ours_rs_joint","mu","time_scaled",59,0.101067570881422,0.0539110910249521,0.1
"ours_rs_joint","sigma","intercept",59,-0.498986746348781,0.0989836219316006,-0.45
"ours_rs_joint","sigma","x1",59,0.195917077802607,0.0560732934117125,0.1
"ours_rs_joint","sigma","time_scaled",59,0.240697558073025,0.136324455855281,0.08
"ours_rs_joint","theta","intercept",59,0.709904372767011,0.0446500309555652,0.7
"ours_rs_joint","theta","time_scaled",59,0.434949824228361,0.0975333338140206,0.2
"gamlss","mu","intercept",60,1.62991842836687,0.0587294570752659,1.1
"gamlss","mu","x1",60,0.138236366572767,0.0218971695676285,0.18
"gamlss","mu","x2",60,-0.0199449307553711,0.0439779735295631,-0.12
"gamlss","mu","time_scaled",60,0.0481699261093798,0.0591630829058565,0.1
"gamlss","sigma","intercept",60,-0.15011749628878,0.113466530133735,-0.45
"gamlss","sigma","x1",60,0.0240810678742577,0.0534034877671376,0.1
"gamlss","sigma","time_scaled",60,-0.135474861723714,0.142392975177996,0.08
"ours_rs_joint","mu","intercept",60,1.05685065776777,0.0542961117223862,1.1
"ours_rs_joint","mu","x1",60,0.166218774199784,0.0338010345285114,0.18
"ours_rs_joint","mu","x2",60,-0.00488162432562672,0.0653708814558122,-0.12
"ours_rs_joint","mu","time_scaled",60,0.0515995672161567,0.0524135632403174,0.1
"ours_rs_joint","sigma","intercept",60,-0.396208843901231,0.0963978410426278,-0.45
"ours_rs_joint","sigma","x1",60,0.104050307075356,0.0562239197818116,0.1
"ours_rs_joint","sigma","time_scaled",60,-0.114496380447382,0.139333639110266,0.08
"ours_rs_joint","theta","intercept",60,0.753613981229299,0.0439602964720205,0.7
"ours_rs_joint","theta","time_scaled",60,0.287480102819209,0.0953487778992679,0.2
"gamlss","mu","intercept",61,1.69627842541935,0.0580804633336845,1.1
"gamlss","mu","x1",61,0.135060619967796,0.0223126285006489,0.18
"gamlss","mu","x2",61,-0.138511552683137,0.0456612069008619,-0.12
"gamlss","mu","time_scaled",61,0.0656828510815071,0.061160897370162,0.1
"gamlss","sigma","intercept",61,-0.628333469691106,0.11433248968147,-0.45
"gamlss","sigma","x1",61,0.0585015361334566,0.0498076355883627,0.1
"gamlss","sigma","time_scaled",61,0.178949346454638,0.134963218841825,0.08
"ours_rs_joint","mu","intercept",61,1.10474246652526,0.0542711017690317,1.1
"ours_rs_joint","mu","x1",61,0.156788676903879,0.0332455477450372,0.18
"ours_rs_joint","mu","x2",61,-0.0663676113898137,0.066571048057779,-0.12
"ours_rs_joint","mu","time_scaled",61,0.0712172743223891,0.0548177236017783,0.1
"ours_rs_joint","sigma","intercept",61,-0.436233884589171,0.0949496235881096,-0.45
"ours_rs_joint","sigma","x1",61,0.124393591496545,0.0524028103537792,0.1
"ours_rs_joint","sigma","time_scaled",61,0.218867582062937,0.133515553513204,0.08
"ours_rs_joint","theta","intercept",61,0.775726616251183,0.0445836527513682,0.7
"ours_rs_joint","theta","time_scaled",61,0.193529931261369,0.0977504984293305,0.2
"gamlss","mu","intercept",62,1.6693274042798,0.0524903475991956,1.1
"gamlss","mu","x1",62,0.212638006046479,0.0219641029385335,0.18
"gamlss","mu","x2",62,-0.164837422762352,0.0423445622493107,-0.12
"gamlss","mu","time_scaled",62,0.0889275367407378,0.0562451949784789,0.1
"gamlss","sigma","intercept",62,-0.661874678038002,0.12086603690915,-0.45
"gamlss","sigma","x1",62,0.149722715448254,0.0564467100607405,0.1
"gamlss","sigma","time_scaled",62,-0.110147132416658,0.143706224179671,0.08
"ours_rs_joint","mu","intercept",62,1.16713910602847,0.049917051343584,1.1
"ours_rs_joint","mu","x1",62,0.188724595601953,0.0331226747554295,0.18
"ours_rs_joint","mu","x2",62,-0.165116217150367,0.0623301436502082,-0.12
"ours_rs_joint","mu","time_scaled",62,0.0754675946673984,0.049844991939093,0.1
"ours_rs_joint","sigma","intercept",62,-0.500688293400362,0.0978338738541133,-0.45
"ours_rs_joint","sigma","x1",62,0.0888158695917543,0.0592326715784292,0.1
"ours_rs_joint","sigma","time_scaled",62,-0.123121622442838,0.143336471214961,0.08
"ours_rs_joint","theta","intercept",62,0.713600320794937,0.0451215562781952,0.7
"ours_rs_joint","theta","time_scaled",62,0.370704787157468,0.0974096895722193,0.2
"gamlss","mu","intercept",63,1.67262194610275,0.0590564250739174,1.1
"gamlss","mu","x1",63,0.215631267110607,0.0231354074567947,0.18
"gamlss","mu","x2",63,-0.106797804353921,0.0450419796561793,-0.12
"gamlss","mu","time_scaled",63,0.0900627508127767,0.0598365655152875,0.1
"gamlss","sigma","intercept",63,-0.343959518793624,0.116899340845778,-0.45
"gamlss","sigma","x1",63,0.0776692820470971,0.054962644142664,0.1
"gamlss","sigma","time_scaled",63,-0.0813109757357253,0.139797704876562,0.08
"ours_rs_joint","mu","intercept",63,1.06423340980929,0.0555223157106329,1.1
"ours_rs_joint","mu","x1",63,0.200436846224216,0.0349840305130393,0.18
"ours_rs_joint","mu","x2",63,-0.0460991971398207,0.0657118549563459,-0.12
"ours_rs_joint","mu","time_scaled",63,0.0953221852726717,0.0525492510738344,0.1
"ours_rs_joint","sigma","intercept",63,-0.38753063730866,0.0948801828441436,-0.45
"ours_rs_joint","sigma","x1",63,0.0555079363962822,0.058105114256027,0.1
"ours_rs_joint","sigma","time_scaled",63,-0.066992037511465,0.137256056191256,0.08
"ours_rs_joint","theta","intercept",63,0.721580062473803,0.0443869210037336,0.7
"ours_rs_joint","theta","time_scaled",63,0.381620078541271,0.0962434842042436,0.2
"gamlss","mu","intercept",64,1.56073321576074,0.0589898342019838,1.1
"gamlss","mu","x1",64,0.135265576372774,0.0224201009474289,0.18
"gamlss","mu","x2",64,-0.0594546578453116,0.0446544874398434,-0.12
"gamlss","mu","time_scaled",64,0.0688221140744113,0.0594475340403564,0.1
"gamlss","sigma","intercept",64,-0.248172891828179,0.113775362399711,-0.45
"gamlss","sigma","x1",64,0.137445491014638,0.0518781056545094,0.1
"gamlss","sigma","time_scaled",64,-0.0565304174987657,0.141194039799631,0.08
"ours_rs_joint","mu","intercept",64,1.05349377841806,0.0541647963326256,1.1
"ours_rs_joint","mu","x1",64,0.130155342183546,0.0327637895108056,0.18
"ours_rs_joint","mu","x2",64,-0.0613386246530999,0.0634904237222685,-0.12
"ours_rs_joint","mu","time_scaled",64,0.0780729215209105,0.0548656202856153,0.1
"ours_rs_joint","sigma","intercept",64,-0.439710424629179,0.0949732157447411,-0.45
"ours_rs_joint","sigma","x1",64,0.134691460661926,0.0544651535681055,0.1
"ours_rs_joint","sigma","time_scaled",64,-0.0506774142265408,0.13977289120437,0.08
"ours_rs_joint","theta","intercept",64,0.634180205805324,0.0442074689587565,0.7
"ours_rs_joint","theta","time_scaled",64,0.387658165674523,0.0970832550377861,0.2
"gamlss","mu","intercept",65,1.57678921197444,0.0571543815346633,1.1
"gamlss","mu","x1",65,0.209007311793779,0.0221215905528963,0.18
"gamlss","mu","x2",65,-0.155956273617093,0.0440253722371178,-0.12
"gamlss","mu","time_scaled",65,0.144292117826941,0.0588493936302132,0.1
"gamlss","sigma","intercept",65,-0.4553477013111,0.123030056599474,-0.45
"gamlss","sigma","x1",65,0.0700169547103293,0.0533770727335583,0.1
"gamlss","sigma","time_scaled",65,0.15070924645133,0.146310028439009,0.08
"ours_rs_joint","mu","intercept",65,1.02101268275006,0.0517546299798485,1.1
"ours_rs_joint","mu","x1",65,0.213165386221393,0.033139179930786,0.18
"ours_rs_joint","mu","x2",65,-0.16280673704541,0.0639889917779283,-0.12
"ours_rs_joint","mu","time_scaled",65,0.137788387423981,0.0532875716376573,0.1
"ours_rs_joint","sigma","intercept",65,-0.631513559571788,0.105956956794483,-0.45
"ours_rs_joint","sigma","x1",65,0.0573606014358557,0.0571189060723065,0.1
"ours_rs_joint","sigma","time_scaled",65,0.197413494038133,0.145414563783136,0.08
"ours_rs_joint","theta","intercept",65,0.711339984068421,0.0445487081038692,0.7
"ours_rs_joint","theta","time_scaled",65,0.308338424607232,0.0991461190862724,0.2
"gamlss","mu","intercept",66,1.70816876924263,0.0568079473986481,1.1
"gamlss","mu","x1",66,0.17783394822096,0.0229613084152243,0.18
"gamlss","mu","x2",66,-0.135054884871358,0.0442070862385534,-0.12
"gamlss","mu","time_scaled",66,0.0738452409410338,0.0582082904843147,0.1
"gamlss","sigma","intercept",66,-0.648699649969855,0.120783892767551,-0.45
"gamlss","sigma","x1",66,0.0768524218501986,0.0563678448187392,0.1
"gamlss","sigma","time_scaled",66,0.185690509121896,0.144567820481855,0.08
"ours_rs_joint","mu","intercept",66,1.11392034741146,0.0548197201187455,1.1
"ours_rs_joint","mu","x1",66,0.172827832360656,0.0340696806572548,0.18
"ours_rs_joint","mu","x2",66,-0.136746882957253,0.0645024236539427,-0.12
"ours_rs_joint","mu","time_scaled",66,0.0684120012583896,0.0532098440060488,0.1
"ours_rs_joint","sigma","intercept",66,-0.52952634060878,0.100935420079011,-0.45
"ours_rs_joint","sigma","x1",66,0.0762570848683358,0.0582458052273972,0.1
"ours_rs_joint","sigma","time_scaled",66,0.128993006492613,0.141319688398392,0.08
"ours_rs_joint","theta","intercept",66,0.694528385344092,0.0455866747932096,0.7
"ours_rs_joint","theta","time_scaled",66,0.369361640077542,0.0980032699038225,0.2
"gamlss","mu","intercept",67,1.5932057072724,0.0550861408238526,1.1
"gamlss","mu","x1",67,0.117614008049978,0.0211574922061187,0.18
"gamlss","mu","x2",67,-0.06416489567329,0.0415454840861996,-0.12
"gamlss","mu","time_scaled",67,0.125942714008102,0.0558865309411644,0.1
"gamlss","sigma","intercept",67,-0.519394222107254,0.119948288090809,-0.45
"gamlss","sigma","x1",67,0.111779308461871,0.053820464662148,0.1
"gamlss","sigma","time_scaled",67,-0.0889939575142092,0.146349386984158,0.08
"ours_rs_joint","mu","intercept",67,1.11372722586187,0.0511664455720034,1.1
"ours_rs_joint","mu","x1",67,0.123066755242037,0.0326153520635093,0.18
"ours_rs_joint","mu","x2",67,-0.0658694447810305,0.0610316335245886,-0.12
"ours_rs_joint","mu","time_scaled",67,0.123085479346862,0.0489929079308219,0.1
"ours_rs_joint","sigma","intercept",67,-0.496112605324019,0.0985398529758451,-0.45
"ours_rs_joint","sigma","x1",67,0.174809309765733,0.0589265069493246,0.1
"ours_rs_joint","sigma","time_scaled",67,-0.130116610765491,0.143930426451087,0.08
"ours_rs_joint","theta","intercept",67,0.670680113967035,0.0443318639068666,0.7
"ours_rs_joint","theta","time_scaled",67,0.439370917643002,0.095790845650282,0.2
"gamlss","mu","intercept",68,1.62272007049971,0.0562671377520514,1.1
"gamlss","mu","x1",68,0.116097291862258,0.0225114413889964,0.18
"gamlss","mu","x2",68,-0.1310562934999,0.0445506629729646,-0.12
"gamlss","mu","time_scaled",68,0.0595192330510844,0.0594385119622402,0.1
"gamlss","sigma","intercept",68,-0.629354912475615,0.117668665862202,-0.45
"gamlss","sigma","x1",68,0.156197564761525,0.0547787558380937,0.1
"gamlss","sigma","time_scaled",68,0.261858239442534,0.137592482224542,0.08
"ours_rs_joint","mu","intercept",68,1.14999281331802,0.0525405407491882,1.1
"ours_rs_joint","mu","x1",68,0.12796679191273,0.0335422674326651,0.18
"ours_rs_joint","mu","x2",68,-0.133705735704129,0.0655957167634102,-0.12
"ours_rs_joint","mu","time_scaled",68,0.0624734542454904,0.0524383029435464,0.1
"ours_rs_joint","sigma","intercept",68,-0.53550364566842,0.0962393632643594,-0.45
"ours_rs_joint","sigma","x1",68,0.169738452521704,0.0568293891537719,0.1
"ours_rs_joint","sigma","time_scaled",68,0.290495339008357,0.133280121542648,0.08
"ours_rs_joint","theta","intercept",68,0.710959069849495,0.044903541558566,0.7
"ours_rs_joint","theta","time_scaled",68,0.534498869924643,0.0986412588665712,0.2
"gamlss","mu","intercept",69,1.58703113753824,0.0610249076873444,1.1
"gamlss","mu","x1",69,0.151159543642645,0.0228309176296062,0.18
"gamlss","mu","x2",69,-0.141528193234388,0.0452803904696488,-0.12
"gamlss","mu","time_scaled",69,0.176845764032565,0.0606268237345229,0.1
"gamlss","sigma","intercept",69,-0.61639648357535,0.129311889958717,-0.45
"gamlss","sigma","x1",69,0.0656919747270295,0.0550672165488237,0.1
"gamlss","sigma","time_scaled",69,0.0781215244087593,0.144744690284281,0.08
"ours_rs_joint","mu","intercept",69,0.936499524557174,0.0542605813667844,1.1
"ours_rs_joint","mu","x1",69,0.142281213084997,0.0350893348712087,0.18
"ours_rs_joint","mu","x2",69,-0.101539546289541,0.0664430159286307,-0.12
"ours_rs_joint","mu","time_scaled",69,0.181433984416804,0.0545771864121922,0.1
"ours_rs_joint","sigma","intercept",69,-0.467670498377697,0.10078527717317,-0.45
"ours_rs_joint","sigma","x1",69,0.0383220901310176,0.0579385664970604,0.1
"ours_rs_joint","sigma","time_scaled",69,0.127927505914196,0.141638938368742,0.08
"ours_rs_joint","theta","intercept",69,0.704546685536237,0.0458322169871613,0.7
"ours_rs_joint","theta","time_scaled",69,0.349702652052806,0.101502427171295,0.2
"gamlss","mu","intercept",70,1.64750294079238,0.0590258015002605,1.1
"gamlss","mu","x1",70,0.19882402487773,0.0228016550951618,0.18
"gamlss","mu","x2",70,-0.154534118501194,0.0447513824186527,-0.12
"gamlss","mu","time_scaled",70,0.0146411826410544,0.0598709962118325,0.1
"gamlss","sigma","intercept",70,-0.482787799376684,0.113780659636473,-0.45
"gamlss","sigma","x1",70,0.114318924391064,0.0534657088265996,0.1
"gamlss","sigma","time_scaled",70,-0.113582421281965,0.136459299102755,0.08
"ours_rs_joint","mu","intercept",70,1.21537119245433,0.0566999812547964,1.1
"ours_rs_joint","mu","x1",70,0.199015590997229,0.0352485837798521,0.18
"ours_rs_joint","mu","x2",70,-0.144622233996494,0.066432109934544,-0.12
"ours_rs_joint","mu","time_scaled",70,0.016589550169664,0.0531663079132225,0.1
"ours_rs_joint","sigma","intercept",70,-0.303765501341607,0.0915059278854536,-0.45
"ours_rs_joint","sigma","x1",70,0.119003241696341,0.0564386170461671,0.1
"ours_rs_joint","sigma","time_scaled",70,-0.107707794460647,0.131795382147548,0.08
"ours_rs_joint","theta","intercept",70,0.809688334942806,0.0446125103655469,0.7
"ours_rs_joint","theta","time_scaled",70,0.132752160339147,0.0960836222819555,0.2
"gamlss","mu","intercept",71,1.66486431016794,0.0608449547757099,1.1
"gamlss","mu","x1",71,0.183784746325713,0.0230093540895456,0.18
"gamlss","mu","x2",71,-0.17183514379489,0.046002430999797,-0.12
"gamlss","mu","time_scaled",71,0.110525663400825,0.0615189989309022,0.1
"gamlss","sigma","intercept",71,-0.260945101422772,0.1127594150364,-0.45
"gamlss","sigma","x1",71,0.0941219883447595,0.0527974935573816,0.1
"gamlss","sigma","time_scaled",71,-0.0230004500757048,0.138679069796164,0.08
"ours_rs_joint","mu","intercept",71,1.09984630824154,0.0555385697541965,1.1
"ours_rs_joint","mu","x1",71,0.184712326136873,0.0341991942794469,0.18
"ours_rs_joint","mu","x2",71,-0.160067494191195,0.0663776588827876,-0.12
"ours_rs_joint","mu","time_scaled",71,0.100548435563331,0.0546260265635757,0.1
"ours_rs_joint","sigma","intercept",71,-0.325563497119953,0.0941154734909665,-0.45
"ours_rs_joint","sigma","x1",71,0.0148538535546131,0.0558528725206808,0.1
"ours_rs_joint","sigma","time_scaled",71,-0.0362880907550391,0.133902231450022,0.08
"ours_rs_joint","theta","intercept",71,0.720049366283386,0.0451680343190234,0.7
"ours_rs_joint","theta","time_scaled",71,0.305523871492221,0.0992405207754436,0.2
"gamlss","mu","intercept",72,1.58443770630089,0.056657181173314,1.1
"gamlss","mu","x1",72,0.229360144352987,0.023268789541368,0.18
"gamlss","mu","x2",72,-0.078368297351785,0.0441716459663756,-0.12
"gamlss","mu","time_scaled",72,0.167190842170035,0.0590337920635881,0.1
"gamlss","sigma","intercept",72,-0.552216810785886,0.123731670006045,-0.45
"gamlss","sigma","x1",72,-0.0259671802662692,0.0564080534899971,0.1
"gamlss","sigma","time_scaled",72,0.32958750707455,0.143863421385739,0.08
"ours_rs_joint","mu","intercept",72,1.05271519706434,0.052766153219978,1.1
"ours_rs_joint","mu","x1",72,0.234589634493223,0.0360104858959015,0.18
"ours_rs_joint","mu","x2",72,-0.120099249843866,0.0648832567972178,-0.12
"ours_rs_joint","mu","time_scaled",72,0.174168422945347,0.0534640558506697,0.1
"ours_rs_joint","sigma","intercept",72,-0.575776022709269,0.102839269286393,-0.45
"ours_rs_joint","sigma","x1",72,0.0674463421541161,0.0598932467238934,0.1
"ours_rs_joint","sigma","time_scaled",72,0.222357773760525,0.13968294480214,0.08
"ours_rs_joint","theta","intercept",72,0.737809493951478,0.0462262427412776,0.7
"ours_rs_joint","theta","time_scaled",72,0.248156787433957,0.0993515269355489,0.2
"gamlss","mu","intercept",73,1.78080887663578,0.0580466855156092,1.1
"gamlss","mu","x1",73,0.159089477049137,0.0235475377220078,0.18
"gamlss","mu","x2",73,-0.160208547087115,0.0429531461482935,-0.12
"gamlss","mu","time_scaled",73,0.0680618575446182,0.0570432734784933,0.1
"gamlss","sigma","intercept",73,-0.402928780183294,0.114764743228149,-0.45
"gamlss","sigma","x1",73,0.203843119195728,0.0583238146988776,0.1
"gamlss","sigma","time_scaled",73,0.168294513456553,0.137653235772486,0.08
"ours_rs_joint","mu","intercept",73,1.18968416421536,0.0525766118372209,1.1
"ours_rs_joint","mu","x1",73,0.156060251117633,0.0348356060659124,0.18
"ours_rs_joint","mu","x2",73,-0.116743576459833,0.0629616443844412,-0.12
"ours_rs_joint","mu","time_scaled",73,0.064483783363712,0.0510552723569854,0.1
"ours_rs_joint","sigma","intercept",73,-0.640038997123354,0.0972403629805205,-0.45
"ours_rs_joint","sigma","x1",73,0.198438768512134,0.0596766183250016,0.1
"ours_rs_joint","sigma","time_scaled",73,0.168635018878066,0.135183339165923,0.08
"ours_rs_joint","theta","intercept",73,0.746562020988312,0.0443886299718587,0.7
"ours_rs_joint","theta","time_scaled",73,0.264916134398868,0.0962399493758789,0.2
"gamlss","mu","intercept",74,1.75132357279399,0.0559950113752998,1.1
"gamlss","mu","x1",74,0.143279082495034,0.023944312799633,0.18
"gamlss","mu","x2",74,-0.196365563472764,0.0446880885604968,-0.12
"gamlss","mu","time_scaled",74,0.161103502368532,0.0595591789072843,0.1
"gamlss","sigma","intercept",74,-0.443766972043501,0.113526237979111,-0.45
"gamlss","sigma","x1",74,0.225763228270633,0.0557680795758219,0.1
"gamlss","sigma","time_scaled",74,0.151629118319406,0.136740876009087,0.08
"ours_rs_joint","mu","intercept",74,1.13511682225191,0.0532678379997882,1.1
"ours_rs_joint","mu","x1",74,0.139188775569566,0.0369945799558911,0.18
"ours_rs_joint","mu","x2",74,-0.173730216282877,0.0660905860435906,-0.12
"ours_rs_joint","mu","time_scaled",74,0.168675212928036,0.0538560132791071,0.1
"ours_rs_joint","sigma","intercept",74,-0.451140614758774,0.095622612932617,-0.45
"ours_rs_joint","sigma","x1",74,0.171918184695255,0.0597855114477502,0.1
"ours_rs_joint","sigma","time_scaled",74,0.16301055028597,0.132431531122259,0.08
"ours_rs_joint","theta","intercept",74,0.72255367860578,0.0451467124818684,0.7
"ours_rs_joint","theta","time_scaled",74,0.329220970550045,0.0995183594080579,0.2
"gamlss","mu","intercept",75,1.65673039099157,0.0574387727599148,1.1
"gamlss","mu","x1",75,0.171478378778678,0.0208330177304071,0.18
"gamlss","mu","x2",75,-0.126094499776075,0.04382300295133,-0.12
"gamlss","mu","time_scaled",75,-0.0294511187966833,0.058243670294305,0.1
"gamlss","sigma","intercept",75,-0.257148233505646,0.118569600175859,-0.45
"gamlss","sigma","x1",75,0.171911449222076,0.0534861333977479,0.1
"gamlss","sigma","time_scaled",75,-0.182548036946923,0.147234080304168,0.08
"ours_rs_joint","mu","intercept",75,1.15251384138835,0.0522354482118779,1.1
"ours_rs_joint","mu","x1",75,0.173949757651418,0.0317813368809101,0.18
"ours_rs_joint","mu","x2",75,-0.132784145416965,0.064615332252778,-0.12
"ours_rs_joint","mu","time_scaled",75,-0.0267626984288651,0.0522065210186239,0.1
"ours_rs_joint","sigma","intercept",75,-0.443458620693525,0.0990930383925818,-0.45
"ours_rs_joint","sigma","x1",75,0.158963149622211,0.0563687846799811,0.1
"ours_rs_joint","sigma","time_scaled",75,-0.16808683528444,0.145516415778696,0.08
"ours_rs_joint","theta","intercept",75,0.789389477491879,0.0441249632344268,0.7
"ours_rs_joint","theta","time_scaled",75,0.109321233541649,0.0959052855039983,0.2
"gamlss","mu","intercept",76,1.67891342499182,0.0556124225476282,1.1
"gamlss","mu","x1",76,0.226092160845705,0.0214566628031455,0.18
"gamlss","mu","x2",76,-0.210894042161788,0.0428073978573276,-0.12
"gamlss","mu","time_scaled",76,0.0608904388549807,0.0571691159787661,0.1
"gamlss","sigma","intercept",76,-0.522848982921091,0.119080840207932,-0.45
"gamlss","sigma","x1",76,0.146302651966034,0.0563245961123223,0.1
"gamlss","sigma","time_scaled",76,-0.15930594592622,0.146553627269711,0.08
"ours_rs_joint","mu","intercept",76,1.20002163261692,0.0526072630444931,1.1
"ours_rs_joint","mu","x1",76,0.214074601864777,0.0327470546137641,0.18
"ours_rs_joint","mu","x2",76,-0.235673829968709,0.0626477051585504,-0.12
"ours_rs_joint","mu","time_scaled",76,0.070863590971792,0.0516916740489289,0.1
"ours_rs_joint","sigma","intercept",76,-0.46080916444571,0.0985476988281501,-0.45
"ours_rs_joint","sigma","x1",76,0.131699292848322,0.0590004663444477,0.1
"ours_rs_joint","sigma","time_scaled",76,-0.127599423564325,0.144486264940717,0.08
"ours_rs_joint","theta","intercept",76,0.729908136801004,0.0440476425585696,0.7
"ours_rs_joint","theta","time_scaled",76,0.235514879484414,0.0968499295003538,0.2
"gamlss","mu","intercept",77,1.63642848130218,0.059520454629582,1.1
"gamlss","mu","x1",77,0.139493935156465,0.0229924742340594,0.18
"gamlss","mu","x2",77,-0.166883463099424,0.0451192263253029,-0.12
"gamlss","mu","time_scaled",77,0.114864348873576,0.0603379256257061,0.1
"gamlss","sigma","intercept",77,-0.322537968185233,0.113767693275824,-0.45
"gamlss","sigma","x1",77,0.167146055994087,0.0548321054024974,0.1
"gamlss","sigma","time_scaled",77,-0.0366910716716578,0.138032223384468,0.08
"ours_rs_joint","mu","intercept",77,1.14546336392201,0.0549839965621905,1.1
"ours_rs_joint","mu","x1",77,0.138322782765917,0.0348763791953648,0.18
"ours_rs_joint","mu","x2",77,-0.169954790157866,0.0656923373269587,-0.12
"ours_rs_joint","mu","time_scaled",77,0.10892177889873,0.0542014997578162,0.1
"ours_rs_joint","sigma","intercept",77,-0.385611018247044,0.0944484561326341,-0.45
"ours_rs_joint","sigma","x1",77,0.206420191434662,0.0583429555196859,0.1
"ours_rs_joint","sigma","time_scaled",77,-0.0323855930883179,0.135331524186011,0.08
"ours_rs_joint","theta","intercept",77,0.712175843099695,0.0445062809805701,0.7
"ours_rs_joint","theta","time_scaled",77,0.312688083588885,0.0982824488196348,0.2
"gamlss","mu","intercept",78,1.60754481107453,0.0596081465134619,1.1
"gamlss","mu","x1",78,0.177040239140698,0.0215041860439183,0.18
"gamlss","mu","x2",78,-0.0155744945642983,0.0444599343144999,-0.12
"gamlss","mu","time_scaled",78,0.00630938307791631,0.0591351734367633,0.1
"gamlss","sigma","intercept",78,-0.377735288087524,0.112790920590682,-0.45
"gamlss","sigma","x1",78,0.0439705290963863,0.0500691588539774,0.1
"gamlss","sigma","time_scaled",78,0.204974041400287,0.138537371868592,0.08
"ours_rs_joint","mu","intercept",78,1.10523901136362,0.0531183087361213,1.1
"ours_rs_joint","mu","x1",78,0.183249165680915,0.0319979565095101,0.18
"ours_rs_joint","mu","x2",78,0.00289351684405625,0.0640849779053187,-0.12
"ours_rs_joint","mu","time_scaled",78,0.0127744032972143,0.053104653467794,0.1
"ours_rs_joint","sigma","intercept",78,-0.568255406741371,0.0980930963437644,-0.45
"ours_rs_joint","sigma","x1",78,0.101286218621061,0.0533084022884859,0.1
"ours_rs_joint","sigma","time_scaled",78,0.211677885334483,0.135115334116682,0.08
"ours_rs_joint","theta","intercept",78,0.763116419693436,0.0441763428060266,0.7
"ours_rs_joint","theta","time_scaled",78,0.164795977597688,0.0970406109722239,0.2
"gamlss","mu","intercept",79,1.60943542371324,0.0601195900788041,1.1
"gamlss","mu","x1",79,0.227249587520169,0.0225711366025395,0.18
"gamlss","mu","x2",79,-0.116229727525431,0.0438374654312843,-0.12
"gamlss","mu","time_scaled",79,0.126931170838166,0.0586212353053289,0.1
"gamlss","sigma","intercept",79,-0.257931789737889,0.123642235397388,-0.45
"gamlss","sigma","x1",79,0.0744767699524691,0.0592578799716424,0.1
"gamlss","sigma","time_scaled",79,-0.031612109335306,0.14502912160811,0.08
"ours_rs_joint","mu","intercept",79,1.04977352577798,0.0558672264802163,1.1
"ours_rs_joint","mu","x1",79,0.224962525787896,0.0338088902036077,0.18
"ours_rs_joint","mu","x2",79,-0.116692631653991,0.0646979742911585,-0.12
"ours_rs_joint","mu","time_scaled",79,0.143603234814313,0.0522115978589728,0.1
"ours_rs_joint","sigma","intercept",79,-0.498826102922082,0.100162870763315,-0.45
"ours_rs_joint","sigma","x1",79,0.0510099353431199,0.059910740365856,0.1
"ours_rs_joint","sigma","time_scaled",79,-0.0062981051369771,0.141789721850552,0.08
"ours_rs_joint","theta","intercept",79,0.772852816778786,0.0451489845806049,0.7
"ours_rs_joint","theta","time_scaled",79,0.182114822410798,0.0994164150477253,0.2
"gamlss","mu","intercept",80,1.6132995394839,0.060369649507811,1.1
"gamlss","mu","x1",80,0.152875374712833,0.0225489818307197,0.18
"gamlss","mu","x2",80,-0.207219349857721,0.0461118772617096,-0.12
"gamlss","mu","time_scaled",80,0.101890240375517,0.0611979198204167,0.1
"gamlss","sigma","intercept",80,-0.380247251334014,0.118263135822823,-0.45
"gamlss","sigma","x1",80,0.0683774810982681,0.0535851673261481,0.1
"gamlss","sigma","time_scaled",80,-0.129633107549632,0.141558162649125,0.08
"ours_rs_joint","mu","intercept",80,1.08975807237527,0.0567283650638378,1.1
"ours_rs_joint","mu","x1",80,0.150898990200188,0.0343192929443285,0.18
"ours_rs_joint","mu","x2",80,-0.207571761658642,0.0669534921586591,-0.12
"ours_rs_joint","mu","time_scaled",80,0.0974209691947244,0.0555380402731807,0.1
"ours_rs_joint","sigma","intercept",80,-0.299165848927934,0.0960738670298654,-0.45
"ours_rs_joint","sigma","x1",80,0.0862262591376714,0.055713720013319,0.1
"ours_rs_joint","sigma","time_scaled",80,-0.109896992838792,0.139043859051659,0.08
"ours_rs_joint","theta","intercept",80,0.776770139628993,0.0450710356190204,0.7
"ours_rs_joint","theta","time_scaled",80,0.134748332075703,0.0982913023043232,0.2
"gamlss","mu","intercept",81,1.64534142010815,0.0582351738971818,1.1
"gamlss","mu","x1",81,0.160135841805547,0.021454863053504,0.18
"gamlss","mu","x2",81,-0.190715385885515,0.0455020580542542,-0.12
"gamlss","mu","time_scaled",81,0.164743445823704,0.0606410604344267,0.1
"gamlss","sigma","intercept",81,-0.418427355645027,0.111145183276228,-0.45
"gamlss","sigma","x1",81,-0.0720239888050512,0.0496281761888862,0.1
"gamlss","sigma","time_scaled",81,0.186553786292297,0.13595956753301,0.08
"ours_rs_joint","mu","intercept",81,1.12698069841561,0.0522056593451143,1.1
"ours_rs_joint","mu","x1",81,0.157322771349464,0.0333477795080847,0.18
"ours_rs_joint","mu","x2",81,-0.190523347552453,0.0670178750289894,-0.12
"ours_rs_joint","mu","time_scaled",81,0.151790383690665,0.0520276268606364,0.1
"ours_rs_joint","sigma","intercept",81,-0.472970212784994,0.0939973927208066,-0.45
"ours_rs_joint","sigma","x1",81,-0.0135243369230398,0.0540563419548778,0.1
"ours_rs_joint","sigma","time_scaled",81,0.199782105428635,0.133253526911105,0.08
"ours_rs_joint","theta","intercept",81,0.74270232494689,0.0439562669284363,0.7
"ours_rs_joint","theta","time_scaled",81,0.42510624327712,0.0969663084460365,0.2
"gamlss","mu","intercept",82,1.74656302602241,0.0572328347528304,1.1
"gamlss","mu","x1",82,0.17546114839303,0.0206408838996986,0.18
"gamlss","mu","x2",82,-0.164701791278078,0.0437876602934428,-0.12
"gamlss","mu","time_scaled",82,0.134163558807818,0.0590435483587657,0.1
"gamlss","sigma","intercept",82,-0.552784068049487,0.117670371659828,-0.45
"gamlss","sigma","x1",82,0.135024217770202,0.0500212174310246,0.1
"gamlss","sigma","time_scaled",82,0.061043554592992,0.142382458977459,0.08
"ours_rs_joint","mu","intercept",82,1.1383134623101,0.0542701596682669,1.1
"ours_rs_joint","mu","x1",82,0.174802770242098,0.0324963494322103,0.18
"ours_rs_joint","mu","x2",82,-0.161723400469532,0.0655398153566208,-0.12
"ours_rs_joint","mu","time_scaled",82,0.129827008374485,0.0521619587860216,0.1
"ours_rs_joint","sigma","intercept",82,-0.492960925925313,0.100228336709793,-0.45
"ours_rs_joint","sigma","x1",82,0.173983572707399,0.0528871650542147,0.1
"ours_rs_joint","sigma","time_scaled",82,0.0586196152944004,0.140410738899286,0.08
"ours_rs_joint","theta","intercept",82,0.743028493556509,0.0448813559985875,0.7
"ours_rs_joint","theta","time_scaled",82,0.384142697665138,0.0954834371862557,0.2
"gamlss","mu","intercept",83,1.68650372271683,0.0555176636457558,1.1
"gamlss","mu","x1",83,0.148928158610816,0.0223334104276307,0.18
"gamlss","mu","x2",83,-0.0785252886535905,0.0422509808056465,-0.12
"gamlss","mu","time_scaled",83,0.00964531501041218,0.0569409361617107,0.1
"gamlss","sigma","intercept",83,-0.612821579585861,0.119798352956914,-0.45
"gamlss","sigma","x1",83,0.0150262002053712,0.0562916049008554,0.1
"gamlss","sigma","time_scaled",83,0.146928461197288,0.142948474325569,0.08
"ours_rs_joint","mu","intercept",83,1.16547950966011,0.0517239953146375,1.1
"ours_rs_joint","mu","x1",83,0.163953820147714,0.0344585020601448,0.18
"ours_rs_joint","mu","x2",83,-0.0738841878311724,0.0630296276394567,-0.12
"ours_rs_joint","mu","time_scaled",83,0.0155363565530014,0.0512706135227854,0.1
"ours_rs_joint","sigma","intercept",83,-0.616269203580973,0.0983346948748954,-0.45
"ours_rs_joint","sigma","x1",83,0.0800937173869461,0.059041660484297,0.1
"ours_rs_joint","sigma","time_scaled",83,0.132902788080969,0.141732244197287,0.08
"ours_rs_joint","theta","intercept",83,0.738123675203852,0.0448884696997526,0.7
"ours_rs_joint","theta","time_scaled",83,0.30703873326887,0.0988247619866335,0.2
"gamlss","mu","intercept",84,1.69897687420033,0.0595385259467436,1.1
"gamlss","mu","x1",84,0.109712359132973,0.0229133219670231,0.18
"gamlss","mu","x2",84,-0.150911929137898,0.0447236493573987,-0.12
"gamlss","mu","time_scaled",84,0.0989290214616328,0.0601058673728351,0.1
"gamlss","sigma","intercept",84,-0.551463580357672,0.122123310721579,-0.45
"gamlss","sigma","x1",84,0.0902999643611714,0.0550297204255715,0.1
"gamlss","sigma","time_scaled",84,0.237555609535892,0.143491480934979,0.08
"ours_rs_joint","mu","intercept",84,1.08302684057277,0.0521140270182493,1.1
"ours_rs_joint","mu","x1",84,0.0968138778124581,0.0344792079674162,0.18
"ours_rs_joint","mu","x2",84,-0.176818955144434,0.0647594624431753,-0.12
"ours_rs_joint","mu","time_scaled",84,0.0941750888664168,0.0540596740557672,0.1
"ours_rs_joint","sigma","intercept",84,-0.545569947579543,0.101456753863619,-0.45
"ours_rs_joint","sigma","x1",84,0.0712109923561776,0.0590270126547321,0.1
"ours_rs_joint","sigma","time_scaled",84,0.233407366603183,0.140911342129856,0.08
"ours_rs_joint","theta","intercept",84,0.67994933592905,0.0441499629091521,0.7
"ours_rs_joint","theta","time_scaled",84,0.375593910531862,0.096717247638724,0.2
"gamlss","mu","intercept",85,1.37289253509544,0.056744669171476,1.1
"gamlss","mu","x1",85,0.186944621429177,0.0223938862328033,0.18
"gamlss","mu","x2",85,-0.0552130112449079,0.0447763495930639,-0.12
"gamlss","mu","time_scaled",85,0.117818476420787,0.0600609276444933,0.1
"gamlss","sigma","intercept",85,-0.57292756307719,0.123617135672078,-0.45
"gamlss","sigma","x1",85,-0.00562842922993538,0.0549054462039161,0.1
"gamlss","sigma","time_scaled",85,0.16980508993208,0.143936563342657,0.08
"ours_rs_joint","mu","intercept",85,1.02572419586019,0.0532557446557145,1.1
"ours_rs_joint","mu","x1",85,0.19819645463221,0.0336383332812304,0.18
"ours_rs_joint","mu","x2",85,-0.0805612411651991,0.0648695136686913,-0.12
"ours_rs_joint","mu","time_scaled",85,0.0892140011654087,0.0531136918741956,0.1
"ours_rs_joint","sigma","intercept",85,-0.560009905245596,0.101056569397207,-0.45
"ours_rs_joint","sigma","x1",85,0.0623640104174314,0.0574126979141412,0.1
"ours_rs_joint","sigma","time_scaled",85,0.173442292057943,0.141969955133332,0.08
"ours_rs_joint","theta","intercept",85,0.730814495122125,0.0442846197134016,0.7
"ours_rs_joint","theta","time_scaled",85,0.330976534531878,0.0973060171511843,0.2
"gamlss","mu","intercept",86,1.49825004028162,0.0635028747273957,1.1
"gamlss","mu","x1",86,0.268573349511339,0.0236823309774745,0.18
"gamlss","mu","x2",86,-0.294707701860772,0.0462091063462928,-0.12
"gamlss","mu","time_scaled",86,0.168898212738834,0.0617588967720575,0.1
"gamlss","sigma","intercept",86,-0.337594254368204,0.131427404487475,-0.45
"gamlss","sigma","x1",86,0.0618160316223121,0.0569029242249753,0.1
"gamlss","sigma","time_scaled",86,0.0720810505973389,0.150705551827064,0.08
"ours_rs_joint","mu","intercept",86,0.983172036100438,0.056690468980911,1.1
"ours_rs_joint","mu","x1",86,0.258152817376969,0.0353102605174154,0.18
"ours_rs_joint","mu","x2",86,-0.255265972683492,0.0683875036895639,-0.12
"ours_rs_joint","mu","time_scaled",86,0.155546573340342,0.0552455813695243,0.1
"ours_rs_joint","sigma","intercept",86,-0.473535431540847,0.106116590002638,-0.45
"ours_rs_joint","sigma","x1",86,0.0638531876001384,0.0570790440703626,0.1
"ours_rs_joint","sigma","time_scaled",86,0.142748401509185,0.148972462840592,0.08
"ours_rs_joint","theta","intercept",86,0.740233082836428,0.0461990013245236,0.7
"ours_rs_joint","theta","time_scaled",86,0.316769646297493,0.101158503292378,0.2
"gamlss","mu","intercept",87,1.71236758141269,0.0587803128461569,1.1
"gamlss","mu","x1",87,0.203113779819321,0.023296045878096,0.18
"gamlss","mu","x2",87,-0.0725143564827567,0.0445250094690029,-0.12
"gamlss","mu","time_scaled",87,0.0531179861409717,0.0595793035719723,0.1
"gamlss","sigma","intercept",87,-0.645473749092596,0.119134062599273,-0.45
"gamlss","sigma","x1",87,0.099016919049451,0.054614955130941,0.1
"gamlss","sigma","time_scaled",87,-0.0448273591388695,0.137787103034736,0.08
"ours_rs_joint","mu","intercept",87,1.09050986898387,0.0554266683187625,1.1
"ours_rs_joint","mu","x1",87,0.204642141583689,0.0355349867100546,0.18
"ours_rs_joint","mu","x2",87,-0.0436870093358886,0.0650022658571438,-0.12
"ours_rs_joint","mu","time_scaled",87,0.0442547944163365,0.0533039037705319,0.1
"ours_rs_joint","sigma","intercept",87,-0.362308649077133,0.0962200152767616,-0.45
"ours_rs_joint","sigma","x1",87,0.119460190287214,0.0573822080223905,0.1
"ours_rs_joint","sigma","time_scaled",87,-0.0572983998028399,0.137729438257035,0.08
"ours_rs_joint","theta","intercept",87,0.763762178607131,0.0453937579108719,0.7
"ours_rs_joint","theta","time_scaled",87,0.214065575034882,0.0993550614765136,0.2
"gamlss","mu","intercept",88,1.63292652319568,0.0583374034344492,1.1
"gamlss","mu","x1",88,0.136182094923154,0.0221793884117006,0.18
"gamlss","mu","x2",88,0.0309188597837881,0.0450292127722903,-0.12
"gamlss","mu","time_scaled",88,0.15584781679759,0.060139283920606,0.1
"gamlss","sigma","intercept",88,-0.45557208837207,0.115824811984971,-0.45
"gamlss","sigma","x1",88,0.0430639423137283,0.0495850476947666,0.1
"gamlss","sigma","time_scaled",88,-0.0630577994737989,0.137087354902447,0.08
"ours_rs_joint","mu","intercept",88,1.05950073767307,0.0560022438992344,1.1
"ours_rs_joint","mu","x1",88,0.15447175812685,0.0332880018618363,0.18
"ours_rs_joint","mu","x2",88,-0.00275636114384917,0.0657708587670986,-0.12
"ours_rs_joint","mu","time_scaled",88,0.139380899463185,0.0535751241813921,0.1
"ours_rs_joint","sigma","intercept",88,-0.381390710576174,0.0951935799266384,-0.45
"ours_rs_joint","sigma","x1",88,0.0869081712890986,0.0521541738038077,0.1
"ours_rs_joint","sigma","time_scaled",88,0.0245695230185511,0.136110356281911,0.08
"ours_rs_joint","theta","intercept",88,0.732205200828937,0.0449936642421372,0.7
"ours_rs_joint","theta","time_scaled",88,0.292401523969986,0.0992431115161166,0.2
"gamlss","mu","intercept",89,1.62048071882238,0.0583677772503492,1.1
"gamlss","mu","x1",89,0.207118265999965,0.0231563394583225,0.18
"gamlss","mu","x2",89,-0.116817991521905,0.0451753226319074,-0.12
"gamlss","mu","time_scaled",89,0.0644849453769242,0.0606632984673955,0.1
"gamlss","sigma","intercept",89,-0.377265929075823,0.11299997024588,-0.45
"gamlss","sigma","x1",89,0.0839573915376386,0.0508156143895361,0.1
"gamlss","sigma","time_scaled",89,0.162439375941289,0.138284243830825,0.08
"ours_rs_joint","mu","intercept",89,1.12405992895651,0.0526323428763889,1.1
"ours_rs_joint","mu","x1",89,0.200124393608872,0.0351245983314006,0.18
"ours_rs_joint","mu","x2",89,-0.0737028636709137,0.0663486538262578,-0.12
"ours_rs_joint","mu","time_scaled",89,0.047120749514574,0.0538166153991064,0.1
"ours_rs_joint","sigma","intercept",89,-0.437908213632327,0.0955840336162297,-0.45
"ours_rs_joint","sigma","x1",89,0.10068362351515,0.0543059272602226,0.1
"ours_rs_joint","sigma","time_scaled",89,0.136086496060701,0.135326933378566,0.08
"ours_rs_joint","theta","intercept",89,0.732861353252644,0.0447751437351978,0.7
"ours_rs_joint","theta","time_scaled",89,0.328101731252914,0.0976607832551466,0.2
"gamlss","mu","intercept",90,1.54702481061185,0.0619844439928524,1.1
"gamlss","mu","x1",90,0.182720248964392,0.0236297898711535,0.18
"gamlss","mu","x2",90,-0.199329496917482,0.0468612927833619,-0.12
"gamlss","mu","time_scaled",90,0.035180465162476,0.0621572703575407,0.1
"gamlss","sigma","intercept",90,-0.365655842934485,0.118318070845843,-0.45
"gamlss","sigma","x1",90,0.102970929277891,0.0544548363958109,0.1
"gamlss","sigma","time_scaled",90,-0.0289767591256995,0.141853338211228,0.08
"ours_rs_joint","mu","intercept",90,1.04574965729249,0.0552321122960771,1.1
"ours_rs_joint","mu","x1",90,0.18166003390985,0.0349582796537195,0.18
"ours_rs_joint","mu","x2",90,-0.188444766676248,0.0675909092718101,-0.12
"ours_rs_joint","mu","time_scaled",90,0.0202665149816691,0.054396138398656,0.1
"ours_rs_joint","sigma","intercept",90,-0.395824495718938,0.0950226459665707,-0.45
"ours_rs_joint","sigma","x1",90,0.0908250284801573,0.0583840994845909,0.1
"ours_rs_joint","sigma","time_scaled",90,-0.0144011190644883,0.139146417225192,0.08
"ours_rs_joint","theta","intercept",90,0.710866673759637,0.0448664498702886,0.7
"ours_rs_joint","theta","time_scaled",90,0.43590552767498,0.0998528788525298,0.2
"gamlss","mu","intercept",91,1.68611430219269,0.0595184322918939,1.1
"gamlss","mu","x1",91,0.204332464463924,0.0225992225154078,0.18
"gamlss","mu","x2",91,-0.125905119777803,0.0461273488214824,-0.12
"gamlss","mu","time_scaled",91,0.0345769248066886,0.0609829894921692,0.1
"gamlss","sigma","intercept",91,-0.724858396636544,0.120340704009867,-0.45
"gamlss","sigma","x1",91,0.165074833531566,0.0502877812062698,0.1
"gamlss","sigma","time_scaled",91,0.314450655776194,0.138132377959018,0.08
"ours_rs_joint","mu","intercept",91,1.11744902125123,0.053719265846094,1.1
"ours_rs_joint","mu","x1",91,0.206315694162339,0.0343862780792755,0.18
"ours_rs_joint","mu","x2",91,-0.146816004777914,0.0664044553361007,-0.12
"ours_rs_joint","mu","time_scaled",91,0.0306932446933357,0.0557597680381675,0.1
"ours_rs_joint","sigma","intercept",91,-0.476571325171297,0.0972912768106966,-0.45
"ours_rs_joint","sigma","x1",91,0.102085536620969,0.0545214319416935,0.1
"ours_rs_joint","sigma","time_scaled",91,0.348119353004712,0.135811012340678,0.08
"ours_rs_joint","theta","intercept",91,0.707891976081426,0.044874624201441,0.7
"ours_rs_joint","theta","time_scaled",91,0.373735236404428,0.0989682980306432,0.2
"gamlss","mu","intercept",92,1.69678383947952,0.0564301188464872,1.1
"gamlss","mu","x1",92,0.120500485849075,0.0223254846724173,0.18
"gamlss","mu","x2",92,-0.0289601558872432,0.0441554781818574,-0.12
"gamlss","mu","time_scaled",92,0.118274265002965,0.0597928590777963,0.1
"gamlss","sigma","intercept",92,-0.586632586990199,0.116111797429797,-0.45
"gamlss","sigma","x1",92,0.103034752961212,0.0534160385955819,0.1
"gamlss","sigma","time_scaled",92,0.260941076350135,0.145596273908835,0.08
"ours_rs_joint","mu","intercept",92,1.04231998163588,0.0523800258208587,1.1
"ours_rs_joint","mu","x1",92,0.130361127606723,0.0338470223449883,0.18
"ours_rs_joint","mu","x2",92,-0.0436289324144896,0.0648201340993803,-0.12
"ours_rs_joint","mu","time_scaled",92,0.10011542857159,0.0544949131249259,0.1
"ours_rs_joint","sigma","intercept",92,-0.552036452886311,0.102742235153762,-0.45
"ours_rs_joint","sigma","x1",92,0.0911009296153425,0.05425327444179,0.1
"ours_rs_joint","sigma","time_scaled",92,0.251272308804837,0.145385874165974,0.08
"ours_rs_joint","theta","intercept",92,0.704399201055912,0.0445825603715552,0.7
"ours_rs_joint","theta","time_scaled",92,0.272712720005382,0.097136501196247,0.2
"gamlss","mu","intercept",93,1.68336526956538,0.0598570142094959,1.1
"gamlss","mu","x1",93,0.162233323511564,0.0241089430463582,0.18
"gamlss","mu","x2",93,-0.15089853433451,0.0466182488472015,-0.12
"gamlss","mu","time_scaled",93,0.0755024432004988,0.0624683422453607,0.1
"gamlss","sigma","intercept",93,-0.52311733149437,0.120107789977949,-0.45
"gamlss","sigma","x1",93,0.0852702752912278,0.0525494404713975,0.1
"gamlss","sigma","time_scaled",93,0.162984526288668,0.137178743972548,0.08
"ours_rs_joint","mu","intercept",93,1.07480335511305,0.055797542373103,1.1
"ours_rs_joint","mu","x1",93,0.160350984382276,0.0367085689520969,0.18
"ours_rs_joint","mu","x2",93,-0.154397781121379,0.0685661132854087,-0.12
"ours_rs_joint","mu","time_scaled",93,0.085138593211581,0.0545492594700374,0.1
"ours_rs_joint","sigma","intercept",93,-0.389724298609306,0.0972209995671439,-0.45
"ours_rs_joint","sigma","x1",93,0.116128805419626,0.0567635873449168,0.1
"ours_rs_joint","sigma","time_scaled",93,0.183316798783001,0.132722207238895,0.08
"ours_rs_joint","theta","intercept",93,0.787048856661344,0.0450787497739401,0.7
"ours_rs_joint","theta","time_scaled",93,0.287942782799308,0.0977888711131382,0.2
"gamlss","mu","intercept",94,1.57801677222464,0.0564892263701515,1.1
"gamlss","mu","x1",94,0.160475409112988,0.0208923278690883,0.18
"gamlss","mu","x2",94,-0.103884475127971,0.0438446448071479,-0.12
"gamlss","mu","time_scaled",94,0.131580318132116,0.0587244157668867,0.1
"gamlss","sigma","intercept",94,-0.345797042464211,0.112473016163421,-0.45
"gamlss","sigma","x1",94,-0.0312546018090386,0.0500386704395049,0.1
"gamlss","sigma","time_scaled",94,-0.124504069442904,0.139362497952793,0.08
"ours_rs_joint","mu","intercept",94,1.12020304246702,0.0544157860296595,1.1
"ours_rs_joint","mu","x1",94,0.163310993599071,0.0315665380143616,0.18
"ours_rs_joint","mu","x2",94,-0.113043966836164,0.0636541477260018,-0.12
"ours_rs_joint","mu","time_scaled",94,0.135216970051779,0.0536632593143329,0.1
"ours_rs_joint","sigma","intercept",94,-0.413616295867199,0.0941215857518874,-0.45
"ours_rs_joint","sigma","x1",94,0.0274360561411651,0.0534951494295789,0.1
"ours_rs_joint","sigma","time_scaled",94,-0.104865057514833,0.139790202311956,0.08
"ours_rs_joint","theta","intercept",94,0.713388244361418,0.0452667051584007,0.7
"ours_rs_joint","theta","time_scaled",94,0.175262313750095,0.099774982137259,0.2
"gamlss","mu","intercept",95,1.77556643642388,0.0566164093809061,1.1
"gamlss","mu","x1",95,0.263553116877696,0.0224780606155743,0.18
"gamlss","mu","x2",95,-0.0818556663855566,0.0434416751835625,-0.12
"gamlss","mu","time_scaled",95,0.066628823935852,0.0580563810824937,0.1
"gamlss","sigma","intercept",95,-0.588088710243784,0.119929838694641,-0.45
"gamlss","sigma","x1",95,-0.0126618387383557,0.0573507712695225,0.1
"gamlss","sigma","time_scaled",95,-0.1676144736393,0.146365625339206,0.08
"ours_rs_joint","mu","intercept",95,1.04559580439147,0.0532544722854121,1.1
"ours_rs_joint","mu","x1",95,0.268949306055025,0.0328906798533146,0.18
"ours_rs_joint","mu","x2",95,-0.0740885201538094,0.0626327945086462,-0.12
"ours_rs_joint","mu","time_scaled",95,0.0641830911784786,0.0536941159415236,0.1
"ours_rs_joint","sigma","intercept",95,-0.460546162189513,0.0992340496675807,-0.45
"ours_rs_joint","sigma","x1",95,0.0337104119485676,0.0601356754023795,0.1
"ours_rs_joint","sigma","time_scaled",95,-0.140986475093141,0.145883037914344,0.08
"ours_rs_joint","theta","intercept",95,0.740274754588556,0.0456637340487125,0.7
"ours_rs_joint","theta","time_scaled",95,0.0330271920220266,0.101667231051113,0.2
"gamlss","mu","intercept",96,1.68650898507155,0.0597545786470056,1.1
"gamlss","mu","x1",96,0.222861086851978,0.0235398913439419,0.18
"gamlss","mu","x2",96,-0.111674601262619,0.0449392537764737,-0.12
"gamlss","mu","time_scaled",96,0.041307544937507,0.0602053088869964,0.1
"gamlss","sigma","intercept",96,-0.521179726230027,0.12165003881932,-0.45
"gamlss","sigma","x1",96,0.0860249461713126,0.053834791333344,0.1
"gamlss","sigma","time_scaled",96,0.234794075271137,0.143748455513322,0.08
"ours_rs_joint","mu","intercept",96,1.0967703761,0.0535383131481548,1.1
"ours_rs_joint","mu","x1",96,0.221909797330336,0.0349689834872606,0.18
"ours_rs_joint","mu","x2",96,-0.107045939086002,0.0664750973389514,-0.12
"ours_rs_joint","mu","time_scaled",96,0.0299969835527766,0.0528120888831505,0.1
"ours_rs_joint","sigma","intercept",96,-0.486389858632418,0.0981004413819546,-0.45
"ours_rs_joint","sigma","x1",96,0.0562525517906817,0.0549415666826151,0.1
"ours_rs_joint","sigma","time_scaled",96,0.170984337811394,0.139223851294192,0.08
"ours_rs_joint","theta","intercept",96,0.747864167595472,0.0446611840047255,0.7
"ours_rs_joint","theta","time_scaled",96,0.350605793114011,0.0963939924959053,0.2
"gamlss","mu","intercept",97,1.60405816613669,0.0573878848771059,1.1
"gamlss","mu","x1",97,0.205062753814466,0.0217300671105131,0.18
"gamlss","mu","x2",97,-0.151822238547064,0.0429639469863029,-0.12
"gamlss","mu","time_scaled",97,0.12466049965686,0.0574223741519568,0.1
"gamlss","sigma","intercept",97,-0.486289150770233,0.12149421146198,-0.45
"gamlss","sigma","x1",97,0.130433805209875,0.0576581364110326,0.1
"gamlss","sigma","time_scaled",97,0.347316975742175,0.146103922143396,0.08
"ours_rs_joint","mu","intercept",97,1.07093468570201,0.0498636457508133,1.1
"ours_rs_joint","mu","x1",97,0.193915025561515,0.0319641267048855,0.18
"ours_rs_joint","mu","x2",97,-0.186491770330396,0.0624984301543532,-0.12
"ours_rs_joint","mu","time_scaled",97,0.134308160836692,0.0527779266469508,0.1
"ours_rs_joint","sigma","intercept",97,-0.785646533325411,0.103630526286716,-0.45
"ours_rs_joint","sigma","x1",97,0.0964774781980273,0.0596720902814406,0.1
"ours_rs_joint","sigma","time_scaled",97,0.345632189344745,0.141190963831491,0.08
"ours_rs_joint","theta","intercept",97,0.696918358527567,0.044637640293632,0.7
"ours_rs_joint","theta","time_scaled",97,0.286215600542432,0.0980762395089913,0.2
"gamlss","mu","intercept",98,1.60304496921656,0.0576783094794898,1.1
"gamlss","mu","x1",98,0.171419076224499,0.023774652638897,0.18
"gamlss","mu","x2",98,-0.116093696576312,0.0448542396910104,-0.12
"gamlss","mu","time_scaled",98,0.0755375024998801,0.0597285327639461,0.1
"gamlss","sigma","intercept",98,-0.356818875036205,0.112493899819313,-0.45
"gamlss","sigma","x1",98,0.148487437891637,0.051855740933191,0.1
"gamlss","sigma","time_scaled",98,0.016100235010139,0.13552657257728,0.08
"ours_rs_joint","mu","intercept",98,1.14021069602171,0.0537412348297674,1.1
"ours_rs_joint","mu","x1",98,0.168953346031601,0.0363704346161459,0.18
"ours_rs_joint","mu","x2",98,-0.121551671586884,0.0657724735683876,-0.12
"ours_rs_joint","mu","time_scaled",98,0.087834857616972,0.0542237882837021,0.1
"ours_rs_joint","sigma","intercept",98,-0.358629146898246,0.0926417540975025,-0.45
"ours_rs_joint","sigma","x1",98,0.138823473136146,0.0557479017154377,0.1
"ours_rs_joint","sigma","time_scaled",98,0.0650730171716087,0.133618004253938,0.08
"ours_rs_joint","theta","intercept",98,0.686702904044773,0.0451991625811439,0.7
"ours_rs_joint","theta","time_scaled",98,0.389434472844428,0.0995973329923227,0.2
"gamlss","mu","intercept",99,1.53768827930351,0.0575851057423205,1.1
"gamlss","mu","x1",99,0.219438956212412,0.0224092750525642,0.18
"gamlss","mu","x2",99,-0.0754407882197565,0.0438495029001728,-0.12
"gamlss","mu","time_scaled",99,0.116666007939609,0.0588214265467063,0.1
"gamlss","sigma","intercept",99,-0.365812598872323,0.115934442667724,-0.45
"gamlss","sigma","x1",99,0.11879008437158,0.0545351511621024,0.1
"gamlss","sigma","time_scaled",99,0.0123405525227288,0.141963257507805,0.08
"ours_rs_joint","mu","intercept",99,1.05949122201015,0.0536510390599226,1.1
"ours_rs_joint","mu","x1",99,0.213177097896442,0.0349010088915232,0.18
"ours_rs_joint","mu","x2",99,-0.0717650159515689,0.0646404187791899,-0.12
"ours_rs_joint","mu","time_scaled",99,0.104758765067066,0.0530764052368116,0.1
"ours_rs_joint","sigma","intercept",99,-0.485672017072431,0.0978247398731874,-0.45
"ours_rs_joint","sigma","x1",99,0.091609254902443,0.0588776878703091,0.1
"ours_rs_joint","sigma","time_scaled",99,0.0405399574874478,0.139594263108047,0.08
"ours_rs_joint","theta","intercept",99,0.728443259377069,0.0438172949356843,0.7
"ours_rs_joint","theta","time_scaled",99,0.277406319052402,0.0949595754166987,0.2
"gamlss","mu","intercept",100,1.72788030979575,0.0590697809123227,1.1
"gamlss","mu","x1",100,0.17550733993864,0.0223919468028077,0.18
"gamlss","mu","x2",100,-0.213614302013515,0.045646690383545,-0.12
"gamlss","mu","time_scaled",100,0.0525757597244173,0.0613391667171466,0.1
"gamlss","sigma","intercept",100,-0.440080290453486,0.113518439138433,-0.45
"gamlss","sigma","x1",100,0.118653450958419,0.0507944642482347,0.1
"gamlss","sigma","time_scaled",100,0.0958421714301098,0.137969853216468,0.08
"ours_rs_joint","mu","intercept",100,1.13828042416533,0.0553953016360002,1.1
"ours_rs_joint","mu","x1",100,0.176722519325796,0.0340151818630467,0.18
"ours_rs_joint","mu","x2",100,-0.21943503512073,0.0671893508260306,-0.12
"ours_rs_joint","mu","time_scaled",100,0.0487398451348994,0.0532551601601337,0.1
"ours_rs_joint","sigma","intercept",100,-0.406221457400594,0.0954080630199171,-0.45
"ours_rs_joint","sigma","x1",100,0.115796807593274,0.0535408847568626,0.1
"ours_rs_joint","sigma","time_scaled",100,0.0875531734886737,0.133458778625781,0.08
"ours_rs_joint","theta","intercept",100,0.793967578094494,0.0447330698267805,0.7
"ours_rs_joint","theta","time_scaled",100,0.271712525179552,0.0966645570920285,0.2
