"scenario","model","n","d","parameter","s1","smooth_true","smooth_median","smooth_q05","smooth_q95","bias","rmse","missing_mechanism","target_missing_rate","observed_missing_rate","complete_adjacent_pair_rate","missing_label"
"n500_d4_mar_miss00","gamlss2",500,4,"mu",0.32,0.497654878856311,0.498664160234889,0.439087283175311,0.532946371501103,-0.00220089891652082,0.0299712963533238,"mar",0,0,1,"0%"
"n500_d4_mar_miss00","gamlss2",500,4,"mu",0.28,0.540257987900779,0.53701086726294,0.497221511548686,0.574750906576628,-0.00616530481746012,0.0269426872406511,"mar",0,0,1,"0%"
"n500_d4_mar_miss00","gamlss.longitudinal",500,4,"theta",0.72,-0.00672359507839471,-0.00841753683207879,-0.0635681489568223,0.0352032731920421,-0.000131232782974946,0.0350959930028672,"mar",0,0,1,"0%"
"n500_d4_mar_miss00","gamlss.longitudinal",500,4,"theta",0.7,0.0158736742092329,0.0161375039079415,-0.0421540187771917,0.0661990749997924,0.00253150981490401,0.0357213207689998,"mar",0,0,1,"0%"
"n500_d4_mar_miss00","gamlss2",500,4,"mu",0.3,0.523081083962335,0.522615186991245,0.465894558505513,0.558236584025415,-0.00442557770238083,0.0282803639396953,"mar",0,0,1,"0%"
"n500_d4_mar_miss00","gamlss.longitudinal",500,4,"theta",0.74,-0.0302314603288967,-0.0341081487781508,-0.0848573879095031,0.0170145056980099,-0.00282834126195237,0.0345196981595884,"mar",0,0,1,"0%"
"n500_d4_mar_miss00","gamlss.longitudinal",500,4,"theta",0.66,0.057907947299117,0.0675370366490055,0.000159807225090014,0.122357163781072,0.00738306795732874,0.0369063747440538,"mar",0,0,1,"0%"
"n500_d4_mar_miss00","gamlss.longitudinal",500,4,"sigma",0.32,-0.125444084499225,-0.121180205875779,-0.143818613737677,-0.0800114452453651,0.00956192061216904,0.0229068028049317,"mar",0,0,1,"0%"
"n500_d4_mar_miss00","gamlss.longitudinal",500,4,"sigma",0.3,-0.0911753953421872,-0.0890925895491604,-0.118231002366844,-0.0622083668820467,0.00180424021241543,0.0193501466623128,"mar",0,0,1,"0%"
"n500_d4_mar_miss00","gamlss.longitudinal",500,4,"sigma",0.28,-0.0555246914054204,-0.0587159949390129,-0.0900502825438555,-0.0363798772605555,-0.00590896606616502,0.0208851035741038,"mar",0,0,1,"0%"
"n500_d4_mar_miss00","gamlss.longitudinal",500,4,"theta",0.62,0.0950570556093092,0.108104741969509,0.0430450473010855,0.168883826222437,0.0110809722813573,0.0377168168581353,"mar",0,0,1,"0%"
"n500_d4_mar_miss00","gamlss.longitudinal",500,4,"theta",0.6,0.111565942276249,0.127351699923596,0.0642995508089142,0.187922052772264,0.0123412688481517,0.0378936187029999,"mar",0,0,1,"0%"
"n500_d4_mar_miss00","gamlss2",500,4,"sigma",0.42,-0.258002301042862,-0.218163148445646,-0.315753827124421,0.000241720539771486,0.05083641421672,0.108523860214758,"mar",0,0,1,"0%"
"n500_d4_mar_miss00","gamlss.longitudinal",500,4,"mu",0.75,-0.55,-0.548297856057359,-0.593411495420071,-0.496033041150552,0.00563470947226677,0.0315048291159353,"mar",0,0,1,"0%"
"n500_d4_mar_miss00","gamlss.longitudinal",500,4,"mu",0.73,-0.545663085722963,-0.538951599176357,-0.596718082300503,-0.496343430338715,0.00411887834383395,0.0325803819135102,"mar",0,0,1,"0%"
"n500_d4_mar_miss00","gamlss.longitudinal",500,4,"mu",0.71,-0.532720738620747,-0.523740784484668,-0.589084951113015,-0.490048082806721,0.00294745620902847,0.0333831508765451,"mar",0,0,1,"0%"
"n500_d4_mar_miss00","gamlss2",500,4,"mu",0.87,-0.400932745081776,-0.391556437676243,-0.434869164819423,-0.360396202731799,0.0118756437798025,0.0266767080460048,"mar",0,0,1,"0%"
"n500_d4_mar_miss00","gamlss2",500,4,"mu",0.85,-0.444959346906221,-0.432924928116607,-0.473421846564673,-0.397022684226607,0.0103293621907768,0.0269678547749739,"mar",0,0,1,"0%"
"n500_d4_mar_miss00","gamlss.longitudinal",500,4,"mu",0.67,-0.481968674024125,-0.473950521638609,-0.541616997523369,-0.432704461672237,0.00196308615365596,0.0338088638019356,"mar",0,0,1,"0%"
"n500_d4_mar_miss00","gamlss2",500,4,"sigma",0.32,-0.125444084499225,-0.118747702603215,-0.195768894465198,0.000907765843862167,0.0116131703654457,0.0605330440762096,"mar",0,0,1,"0%"
"n500_d4_mar_miss00","gamlss2",500,4,"sigma",0.3,-0.0911753953421872,-0.0909696891690728,-0.178146557711536,0.00104762627815594,0.00304527950455874,0.0560326194894026,"mar",0,0,1,"0%"
"n500_d4_mar_miss00","gamlss2",500,4,"sigma",0.28,-0.0555246914054204,-0.0543087729199392,-0.151644697696783,0.0197733307330658,-0.00349748800778125,0.0540665587476946,"mar",0,0,1,"0%"
"n500_d4_mar_miss00","gamlss.longitudinal",500,4,"mu",0.63,-0.400932745081776,-0.399118000035572,-0.441231533713421,-0.345551607394333,0.00189308229343168,0.0315193816881472,"mar",0,0,1,"0%"
"n500_d4_mar_miss00","gamlss.longitudinal",500,4,"mu",0.61,-0.350583194361779,-0.354522197225748,-0.379652365178405,-0.296242371809982,0.00194408790337391,0.0293195606642218,"mar",0,0,1,"0%"
"n500_d4_mar_miss00","gamlss.longitudinal",500,4,"theta",0.42,0.185028141383857,0.186466576785628,0.151284199503917,0.227885939667617,0.0039446974962189,0.0314407637320006,"mar",0,0,1,"0%"
"n500_d4_mar_miss00","gamlss2",500,4,"mu",0.75,-0.55,-0.560203146461833,-0.624531508395617,-0.491817151683047,-0.00562247596412759,0.0362270910991618,"mar",0,0,1,"0%"
"n500_d4_mar_miss00","gamlss2",500,4,"mu",0.73,-0.545663085722963,-0.548491096108306,-0.628573599806794,-0.499481398004876,-0.00731897359846864,0.03776036682112,"mar",0,0,1,"0%"
"n500_d4_mar_miss00","gamlss2",500,4,"mu",0.71,-0.532720738620747,-0.525965434638361,-0.617701706423957,-0.499498127516258,-0.00812334052271111,0.0394298198984937,"mar",0,0,1,"0%"
"n500_d4_mar_miss00","gamlss.longitudinal",500,4,"sigma",0.87,0.197203834748904,0.145505142504688,0.094335471355865,0.189603085200497,-0.0526532927571619,0.0634467336693252,"mar",0,0,1,"0%"
"n500_d4_mar_miss00","gamlss.longitudinal",500,4,"sigma",0.85,0.169615278658039,0.118239279341186,0.0690241193697538,0.157546711954969,-0.0512896911119691,0.0619675463082961,"mar",0,0,1,"0%"
"n500_d4_mar_miss00","gamlss2",500,4,"mu",0.67,-0.481968674024125,-0.479005653214223,-0.558703952695815,-0.430463851355606,-0.00763319794793214,0.0406965887737565,"mar",0,0,1,"0%"
"n500_d4_mar_miss00","gamlss.longitudinal",500,4,"theta",0.32,0.159713005294007,0.145037233055411,0.120728856325141,0.184704432261721,-0.00918798676853737,0.0292889934124479,"mar",0,0,1,"0%"
"n500_d4_mar_miss00","gamlss.longitudinal",500,4,"theta",0.3,0.14876803279044,0.131968585086168,0.106144660886329,0.176245010318297,-0.0112017861961246,0.0298223365116122,"mar",0,0,1,"0%"
"n500_d4_mar_miss00","gamlss.longitudinal",500,4,"theta",0.28,0.135900998357306,0.119143544100797,0.0913423327155081,0.165730738039675,-0.012705789785302,0.0305570054535172,"mar",0,0,1,"0%"
"n500_d4_mar_miss00","gamlss2",500,4,"mu",0.63,-0.400932745081776,-0.412430667233165,-0.451632866713403,-0.34203037203199,-0.00607021556115701,0.0370902130000506,"mar",0,0,1,"0%"
"n500_d4_mar_miss00","gamlss2",500,4,"mu",0.61,-0.350583194361779,-0.362901367275855,-0.396529774664528,-0.292697636409667,-0.00545309677478081,0.0342423139344665,"mar",0,0,1,"0%"
"n500_d4_mar_miss00","gamlss.longitudinal",500,4,"mu",0.43,0.23417861036079,0.231680028765006,0.202068188534997,0.265796436820822,0.00246286747743256,0.0229158560448401,"mar",0,0,1,"0%"
"n500_d4_mar_miss00","gamlss.longitudinal",500,4,"sigma",0.75,-0.000720297029703023,-0.0280160765428171,-0.0685963081051835,0.0636679836188909,-0.0184449840908237,0.0422204686303199,"mar",0,0,1,"0%"
"n500_d4_mar_miss00","gamlss.longitudinal",500,4,"sigma",0.73,-0.0373602670989943,-0.0523205825642286,-0.0943845002524507,0.0364224027822349,-0.00952464292617381,0.0386451031739708,"mar",0,0,1,"0%"
"n500_d4_mar_miss00","gamlss.longitudinal",500,4,"sigma",0.71,-0.0734872631791595,-0.0785739638436791,-0.11875230742517,-0.00776931174267041,-0.000583617363472289,0.036437719802805,"mar",0,0,1,"0%"
"n500_d4_mar_miss00","gamlss2",500,4,"sigma",0.87,0.197203834748904,0.174919368198134,-0.00198113476159697,0.28790385636885,-0.0211940468692409,0.0869632409126481,"mar",0,0,1,"0%"
"n500_d4_mar_miss00","gamlss2",500,4,"sigma",0.85,0.169615278658039,0.151191168112378,-0.00190111187583296,0.24508381028182,-0.0199481909949696,0.0782334405024478,"mar",0,0,1,"0%"
"n500_d4_mar_miss00","gamlss.longitudinal",500,4,"sigma",0.67,-0.141886399260218,-0.128514251502279,-0.162153513787351,-0.0860754073014501,0.0166135159578889,0.0375553189941005,"mar",0,0,1,"0%"
"n500_d4_mar_miss00","gamlss.longitudinal",500,4,"mu",0.33,0.481968674024125,0.476313018600955,0.432371154189213,0.511964351851621,-0.007880485225479,0.0274749850838252,"mar",0,0,1,"0%"
"n500_d4_mar_miss00","gamlss.longitudinal",500,4,"mu",0.31,0.511377067238538,0.502564390160688,0.459991033054691,0.538365572610646,-0.0103324004465541,0.027181120416686,"mar",0,0,1,"0%"
"n500_d4_mar_miss00","gamlss.longitudinal",500,4,"mu",0.29,0.532720738620747,0.521770630259747,0.484925701842627,0.555270977950003,-0.0124685285683956,0.0264059862200294,"mar",0,0,1,"0%"
"n500_d4_mar_miss00","gamlss.longitudinal",500,4,"sigma",0.63,-0.20152442880831,-0.18026979001971,-0.201613470472325,-0.110530225026241,0.0316964810189368,0.0447999738263527,"mar",0,0,1,"0%"
"n500_d4_mar_miss00","gamlss.longitudinal",500,4,"sigma",0.61,-0.22683426986244,-0.199509106924195,-0.234779480029683,-0.121327018050602,0.0381023871833198,0.0494339462771922,"mar",0,0,1,"0%"
"n500_d4_mar_miss00","gamlss2",500,4,"mu",0.43,0.23417861036079,0.235962805664763,0.197563300912243,0.269694913646301,0.00501433912307516,0.028924726212982,"mar",0,0,1,"0%"
"n500_d4_mar_miss00","gamlss2",500,4,"sigma",0.75,-0.000720297029703023,-0.0237667989523106,-0.123249061312869,0.134980534536976,-0.0125074608425822,0.0799098801887083,"mar",0,0,1,"0%"
"n500_d4_mar_miss00","gamlss2",500,4,"sigma",0.73,-0.0373602670989943,-0.0532131349783928,-0.13405520639435,0.0858231592332608,-0.00617856690089417,0.0770362106435272,"mar",0,0,1,"0%"
"n500_d4_mar_miss00","gamlss2",500,4,"sigma",0.71,-0.0734872631791595,-0.0730407778326013,-0.161239732681125,0.02077025065574,0.0012976639292972,0.0778221867970106,"mar",0,0,1,"0%"
"n500_d4_mar_miss00","gamlss.longitudinal",500,4,"theta",0.87,-0.197252672035138,-0.214746493860696,-0.261072991309332,-0.168407387506295,-0.018051010764805,0.0376775423459581,"mar",0,0,1,"0%"
"n500_d4_mar_miss00","gamlss.longitudinal",500,4,"theta",0.85,-0.170666816341098,-0.186373619941942,-0.230925124467994,-0.134191377724969,-0.015985452469232,0.0357690047765077,"mar",0,0,1,"0%"
"n500_d4_mar_miss00","gamlss2",500,4,"sigma",0.67,-0.141886399260218,-0.122810512744273,-0.242292193373867,0.000678574027743505,0.0161908908091001,0.0905984784930492,"mar",0,0,1,"0%"
"n500_d4_mar_miss00","gamlss2",500,4,"mu",0.33,0.481968674024125,0.482032677710785,0.425562989341996,0.519160910569531,-0.00100338532109042,0.0306587324013077,"mar",0,0,1,"0%"
"n500_d4_mar_miss00","gamlss2",500,4,"mu",0.31,0.511377067238538,0.511822158274643,0.452552564116842,0.546650435160417,-0.00335551743799187,0.0291444142759744,"mar",0,0,1,"0%"
"n500_d4_mar_miss00","gamlss2",500,4,"mu",0.29,0.532720738620747,0.53123667436305,0.480696892812859,0.567630729881064,-0.00537371791869239,0.0275071879553397,"mar",0,0,1,"0%"
"n500_d4_mar_miss00","gamlss2",500,4,"sigma",0.63,-0.20152442880831,-0.184487222033151,-0.320650671937214,-0.0051161923767216,0.0264620208979815,0.0988379927437895,"mar",0,0,1,"0%"
"n500_d4_mar_miss00","gamlss2",500,4,"sigma",0.61,-0.22683426986244,-0.200862599071538,-0.315851769658384,-0.004394229269086,0.0294861624520897,0.0986335508848715,"mar",0,0,1,"0%"
"n500_d4_mar_miss00","gamlss.longitudinal",500,4,"sigma",0.43,-0.266408412769509,-0.217367044097083,-0.304650067741729,-0.166671684982849,0.0452651584151369,0.0592122192081569,"mar",0,0,1,"0%"
"n500_d4_mar_miss00","gamlss.longitudinal",500,4,"theta",0.75,-0.0422920829117761,-0.0484543638644912,-0.0961767867216513,0.00751417106069596,-0.0041724109977946,0.034262714554602,"mar",0,0,1,"0%"
"n500_d4_mar_miss00","gamlss.longitudinal",500,4,"theta",0.73,-0.0183706064707613,-0.0202235822152717,-0.0742412046478941,0.0260265874171834,-0.00148252889135934,0.0347989725984747,"mar",0,0,1,"0%"
"n500_d4_mar_miss00","gamlss.longitudinal",500,4,"theta",0.71,0.00469571114387557,0.00347973988119742,-0.0528639538417137,0.0509116942996606,0.00121414164801911,0.0354086451316259,"mar",0,0,1,"0%"
"n500_d4_mar_miss00","gamlss.longitudinal",500,4,"mu",0.88,-0.376500908260779,-0.369389141411671,-0.407364365449392,-0.332764161365759,0.00763356048449998,0.023570773712381,"mar",0,0,1,"0%"
"n500_d4_mar_miss00","gamlss.longitudinal",500,4,"mu",0.86,-0.423782283526684,-0.414546658296933,-0.450061622613361,-0.37883064405414,0.010863005214309,0.0240789218162533,"mar",0,0,1,"0%"
"n500_d4_mar_miss00","gamlss.longitudinal",500,4,"theta",0.67,0.0478267763399046,0.0550993564207755,-0.0102809699404652,0.109145211125579,0.00625130108337006,0.0366308437856048,"mar",0,0,1,"0%"
"n500_d4_mar_miss00","gamlss.longitudinal",500,4,"sigma",0.33,-0.141886399260218,-0.134712701527704,-0.159196854570084,-0.0895827257548429,0.0133973729354279,0.0259942652175483,"mar",0,0,1,"0%"
"n500_d4_mar_miss00","gamlss.longitudinal",500,4,"sigma",0.31,-0.108517662835106,-0.106332113505193,-0.13136976032915,-0.0707717335805013,0.00568788111564979,0.0205739464049474,"mar",0,0,1,"0%"
"n500_d4_mar_miss00","gamlss.longitudinal",500,4,"sigma",0.29,-0.0734872631791594,-0.0711925378369516,-0.104478433850761,-0.0499726574267417,-0.00207065479445961,0.019471735919834,"mar",0,0,1,"0%"
"n500_d4_mar_miss00","gamlss.longitudinal",500,4,"theta",0.63,0.0862695122781584,0.0978243760048608,0.0320888535348637,0.158284141669108,0.0102904407192334,0.0375689605692324,"mar",0,0,1,"0%"
"n500_d4_mar_miss00","gamlss.longitudinal",500,4,"theta",0.61,0.103492763453817,0.117949209154684,0.0537756115112628,0.178702224944975,0.0117539586734512,0.0378167599848043,"mar",0,0,1,"0%"
"n500_d4_mar_miss00","gamlss2",500,4,"sigma",0.43,-0.266408412769509,-0.224372096511966,-0.330627802516003,0.000178592407514712,0.0517577945201479,0.110613023191173,"mar",0,0,1,"0%"
"n500_d4_mar_miss00","gamlss.longitudinal",500,4,"mu",0.76,-0.548914700635549,-0.546884930035476,-0.587952939787707,-0.493485448458057,0.00649347571460899,0.0309782817770889,"mar",0,0,1,"0%"
"n500_d4_mar_miss00","gamlss.longitudinal",500,4,"mu",0.74,-0.548914700635549,-0.545289073018633,-0.596457753979298,-0.496990667061631,0.0047900806868487,0.0320449828726321,"mar",0,0,1,"0%"
"n500_d4_mar_miss00","gamlss.longitudinal",500,4,"mu",0.72,-0.540257987900779,-0.531769548338078,-0.594150380173852,-0.494088919458912,0.00349472498888467,0.0329852051966627,"mar",0,0,1,"0%"
"n500_d4_mar_miss00","gamlss2",500,4,"mu",0.88,-0.376500908260779,-0.366998841516226,-0.407738381089197,-0.333474345984251,0.0119517588046286,0.0268952418937543,"mar",0,0,1,"0%"
"n500_d4_mar_miss00","gamlss2",500,4,"mu",0.86,-0.423782283526684,-0.412387529921696,-0.454922789584616,-0.37811118771378,0.0113096173857944,0.0266767942455617,"mar",0,0,1,"0%"
"n500_d4_mar_miss00","gamlss.longitudinal",500,4,"mu",0.68,-0.497654878856311,-0.489172043737868,-0.557402644690847,-0.452973560655781,0.00208220184076691,0.0339231082396969,"mar",0,0,1,"0%"
"n500_d4_mar_miss00","gamlss2",500,4,"sigma",0.33,-0.141886399260218,-0.13099257366586,-0.203206659880991,0.000838574279356323,0.0164072516413667,0.0641457402733164,"mar",0,0,1,"0%"
"n500_d4_mar_miss00","gamlss2",500,4,"sigma",0.31,-0.108517662835106,-0.108419771670351,-0.187948998512335,0.000977457523622898,0.00712193289215577,0.0578564192492059,"mar",0,0,1,"0%"
"n500_d4_mar_miss00","gamlss2",500,4,"sigma",0.29,-0.0734872631791594,-0.0707049670471039,-0.166166330402314,0.00809430923566132,-0.000519809568968649,0.0548593021298815,"mar",0,0,1,"0%"
"n500_d4_mar_miss00","gamlss.longitudinal",500,4,"mu",0.64,-0.423782283526684,-0.418964093257773,-0.472369780386456,-0.368525513422141,0.00188673145887107,0.0323561447913335,"mar",0,0,1,"0%"
"n500_d4_mar_miss00","gamlss.longitudinal",500,4,"mu",0.62,-0.376500908260779,-0.377524156610106,-0.408554584156506,-0.321072278290944,0.00189525662632744,0.0305128577865931,"mar",0,0,1,"0%"
"n500_d4_mar_miss00","gamlss.longitudinal",500,4,"theta",0.43,0.184857776130657,0.187203012699513,0.150626531660852,0.231442639098274,0.00518533807829906,0.0320022549500208,"mar",0,0,1,"0%"
"n500_d4_mar_miss00","gamlss2",500,4,"mu",0.76,-0.548914700635549,-0.559579477855112,-0.613452305690125,-0.487306904427783,-0.00443729772050165,0.0355388979233034,"mar",0,0,1,"0%"
"n500_d4_mar_miss00","gamlss2",500,4,"mu",0.74,-0.548914700635549,-0.556021533465442,-0.628483501804688,-0.495576969551173,-0.00658532468469735,0.036961116213082,"mar",0,0,1,"0%"
"n500_d4_mar_miss00","gamlss2",500,4,"mu",0.72,-0.540257987900779,-0.538261138184226,-0.624915534182485,-0.5029086600145,-0.00782796663665003,0.0386046060052489,"mar",0,0,1,"0%"
"n500_d4_mar_miss00","gamlss.longitudinal",500,4,"sigma",0.88,0.20978029119672,0.16045259494162,0.0948514291111169,0.205620223573211,-0.0522977099225,0.0636585255471247,"mar",0,0,1,"0%"
"n500_d4_mar_miss00","gamlss.longitudinal",500,4,"sigma",0.86,0.183796899894904,0.131686955285339,0.0827304192855294,0.173571868926711,-0.0523004457182057,0.0628791439593523,"mar",0,0,1,"0%"
"n500_d4_mar_miss00","gamlss2",500,4,"mu",0.68,-0.497654878856311,-0.493862869661018,-0.577359292308551,-0.450311559719707,-0.0079446388060937,0.0408414463684676,"mar",0,0,1,"0%"
"n500_d4_mar_miss00","gamlss.longitudinal",500,4,"theta",0.33,0.164456840627863,0.150148237913312,0.127838682702107,0.188138733499914,-0.00802613699834984,0.0291268831059696,"mar",0,0,1,"0%"
"n500_d4_mar_miss00","gamlss.longitudinal",500,4,"theta",0.31,0.154482471549843,0.137850369008049,0.113489006380207,0.180748722870267,-0.0102479577963965,0.0295243789937365,"mar",0,0,1,"0%"
"n500_d4_mar_miss00","gamlss.longitudinal",500,4,"theta",0.29,0.142572959966697,0.124995593171193,0.0987491644853391,0.171255324532733,-0.0120232779315441,0.0301700355593683,"mar",0,0,1,"0%"
"n500_d4_mar_miss00","gamlss2",500,4,"mu",0.64,-0.423782283526684,-0.433190682995567,-0.480049931603261,-0.36535274177979,-0.00644585190409597,0.0383462834786812,"mar",0,0,1,"0%"
"n500_d4_mar_miss00","gamlss2",500,4,"mu",0.62,-0.376500908260779,-0.390197163952645,-0.42204577296721,-0.317420876453146,-0.0057374700262951,0.035703082645139,"mar",0,0,1,"0%"
"n500_d4_mar_miss00","gamlss.longitudinal",500,4,"mu",0.44,0.202468503976573,0.200915448458039,0.172106504832187,0.232516324317965,0.00286390780471088,0.0222128860958447,"mar",0,0,1,"0%"
"n500_d4_mar_miss00","gamlss.longitudinal",500,4,"sigma",0.76,0.0176068588290909,-0.0148514660698652,-0.055255739330199,0.0709118173849355,-0.0227939095172171,0.0443517255982348,"mar",0,0,1,"0%"
"n500_d4_mar_miss00","gamlss.longitudinal",500,4,"sigma",0.74,-0.0190674528884969,-0.0404319715635171,-0.0816514977194156,0.0557806497986159,-0.0140073001749765,0.040313395633942,"mar",0,0,1,"0%"
"n500_d4_mar_miss00","gamlss.longitudinal",500,4,"sigma",0.72,-0.0555246914054204,-0.0657081342830097,-0.106772032951756,0.0146389864223615,-0.00505024093685117,0.0373281000627474,"mar",0,0,1,"0%"
"n500_d4_mar_miss00","gamlss2",500,4,"sigma",0.88,0.20978029119672,0.191518305129215,-0.00202095102622115,0.312917110073617,-0.0225685814549948,0.0920511667149014,"mar",0,0,1,"0%"
"n500_d4_mar_miss00","gamlss2",500,4,"sigma",0.86,0.183796899894904,0.16738244059167,-0.00194119472567055,0.264218431581806,-0.0203504055124576,0.0821253271127254,"mar",0,0,1,"0%"
"n500_d4_mar_miss00","gamlss.longitudinal",500,4,"sigma",0.68,-0.125444084499225,-0.115552260502544,-0.152065008111894,-0.0763708284307232,0.0124592877925769,0.0365710777357606,"mar",0,0,1,"0%"
"n500_d4_mar_miss00","gamlss.longitudinal",500,4,"mu",0.34,0.464380359026108,0.45920246059288,0.417414279305244,0.498615658792312,-0.00659029673668302,0.0274488019811289,"mar",0,0,1,"0%"
"n500_d4_mar_miss00","gamlss.longitudinal",500,4,"mu",0.32,0.497654878856311,0.490924004088481,0.446577886858192,0.526332877864767,-0.00914656329589219,0.0274094498970288,"mar",0,0,1,"0%"
"n500_d4_mar_miss00","gamlss.longitudinal",500,4,"mu",0.3,0.523081083962335,0.512400232189547,0.473131461390574,0.547803091240868,-0.0114593718443649,0.0268129764807978,"mar",0,0,1,"0%"
"n500_d4_mar_miss00","gamlss.longitudinal",500,4,"sigma",0.64,-0.18765749395431,-0.170119140154567,-0.192251425149326,-0.104763866308785,0.0281898649986301,0.0426368153386514,"mar",0,0,1,"0%"
"n500_d4_mar_miss00","gamlss.longitudinal",500,4,"sigma",0.62,-0.214600885256126,-0.190850794142615,-0.216192647347153,-0.116064430923616,0.0349971487074885,0.0470841774561186,"mar",0,0,1,"0%"
"n500_d4_mar_miss00","gamlss2",500,4,"mu",0.44,0.202468503976573,0.201438226348381,0.166874079436573,0.235425593270374,0.0045685550646262,0.0281011670400965,"mar",0,0,1,"0%"
"n500_d4_mar_miss00","gamlss2",500,4,"sigma",0.76,0.0176068588290909,-0.0144171480016461,-0.113129640776099,0.159873789936402,-0.0150049328398585,0.0814840407026485,"mar",0,0,1,"0%"
"n500_d4_mar_miss00","gamlss2",500,4,"sigma",0.74,-0.0190674528884969,-0.0435429966868947,-0.127056814315838,0.114518577026582,-0.00953924774922535,0.0782389990167828,"mar",0,0,1,"0%"
"n500_d4_mar_miss00","gamlss2",500,4,"sigma",0.72,-0.0555246914054204,-0.0594234670767333,-0.148895642568308,0.0507963510513503,-0.00252926762159352,0.0768031590059732,"mar",0,0,1,"0%"
"n500_d4_mar_miss00","gamlss.longitudinal",500,4,"theta",0.88,-0.210559570722046,-0.228359584183064,-0.279378215737775,-0.185555706237801,-0.0190909847040599,0.0388967712250456,"mar",0,0,1,"0%"
"n500_d4_mar_miss00","gamlss.longitudinal",500,4,"theta",0.86,-0.183949921668556,-0.200390794409831,-0.245656229604316,-0.151266845924869,-0.0170184197713526,0.0366329701248837,"mar",0,0,1,"0%"
"n500_d4_mar_miss00","gamlss2",500,4,"sigma",0.68,-0.125444084499225,-0.111177303155302,-0.22401928586513,0.00158807526009312,0.012739650022734,0.0869418764601323,"mar",0,0,1,"0%"
"n500_d4_mar_miss00","gamlss2",500,4,"mu",0.34,0.464380359026108,0.463677199891972,0.411957258624569,0.50347875486666,0.000192114013636374,0.031138790124244,"mar",0,0,1,"0%"
"n500_d4_mar_miss00","gamlss.longitudinal",500,4,"theta",0.82,-0.131089955360852,-0.145158692817385,-0.186688325340844,-0.083812560607348,-0.0127826827821729,0.0341433117452729,"mar",0,0,1,"0%"
"n500_d4_mar_miss00","gamlss2",500,4,"sigma",0.64,-0.18765749395431,-0.17318653755505,-0.304703710018226,-0.00547588097379344,0.0244605727116387,0.0980125525949623,"mar",0,0,1,"0%"
"n500_d4_mar_miss00","gamlss.longitudinal",500,4,"sigma",0.48,-0.292144707424046,-0.234522043332804,-0.315506477690747,-0.18631959565887,0.0530800382505246,0.065986548568775,"mar",0,0,1,"0%"
"n500_d4_mar_miss00","gamlss2",500,4,"sigma",0.62,-0.214600885256126,-0.194166989326626,-0.31910144018669,-0.00475564904103924,0.0281204711931291,0.0989682751724337,"mar",0,0,1,"0%"
"n500_d4_mar_miss00","gamlss.longitudinal",500,4,"sigma",0.44,-0.273763242796178,-0.221330688106102,-0.312426058637997,-0.171811091134124,0.0473915030868528,0.0612515578343096,"mar",0,0,1,"0%"
"n500_d4_mar_miss00","gamlss.longitudinal",500,4,"theta",0.76,-0.0545382033307625,-0.0624852736809801,-0.111070483651544,-0.00244678749673971,-0.00549273523787479,0.0340457959257392,"mar",0,0,1,"0%"
"n500_d4_mar_miss00","gamlss2",500,4,"sigma",0.58,-0.258002301042862,-0.242990340063075,-0.330862537326363,-0.00330450850158025,0.032483573104502,0.0974422769876234,"mar",0,0,1,"0%"
"n500_d4_mar_miss00","gamlss.longitudinal",500,4,"sigma",0.4,-0.238175395342187,-0.200193160857769,-0.264864388756892,-0.148000387164576,0.0375038252396986,0.0512301760094402,"mar",0,0,1,"0%"
"n500_d4_mar_miss00","gamlss.longitudinal",500,4,"mu",0.89,-0.350583194361779,-0.346481872614445,-0.380942067358541,-0.308186910198893,0.00513407280297029,0.024134696820801,"mar",0,0,1,"0%"
"n500_d4_mar_miss00","gamlss.longitudinal",500,4,"mu",0.87,-0.400932745081776,-0.392207329148333,-0.432577125060909,-0.362185659902484,0.00952568939512762,0.0236163662631333,"mar",0,0,1,"0%"
"n500_d4_mar_miss00","gamlss.longitudinal",500,4,"theta",0.68,0.0374522230287292,0.0423115233105948,-0.0208428326764545,0.0953520992378988,0.00506407259520437,0.0363396755521006,"mar",0,0,1,"0%"
"n500_d4_mar_miss00","gamlss.longitudinal",500,4,"sigma",0.34,-0.157778335523402,-0.145150116673821,-0.169056016794384,-0.0989051422708149,0.0171787809905507,0.0295363696137144,"mar",0,0,1,"0%"
"n500_d4_mar_miss00","gamlss.longitudinal",500,4,"mu",0.83,-0.481968674024125,-0.474946157389721,-0.500234462551218,-0.430968297171334,0.0119904616742364,0.0263375104623245,"mar",0,0,1,"0%"
"n500_d4_mar_miss00","gamlss.longitudinal",500,4,"theta",0.64,0.0771411742149436,0.0871183582284454,0.0209614713506753,0.146969689069191,0.00940326957386076,0.0373715677464139,"mar",0,0,1,"0%"
"n500_d4_mar_miss00","gamlss2",500,4,"sigma",0.48,-0.292144707424046,-0.259500476148462,-0.344746582058675,-0.000126643681289195,0.04750968023809,0.109365779499047,"mar",0,0,1,"0%"
"n500_d4_mar_miss00","gamlss2",500,4,"sigma",0.46,-0.285205245368292,-0.243056155734153,-0.350726113007441,-6.65585170257408e-06,0.0506046510193352,0.111612648529497,"mar",0,0,1,"0%"
"n500_d4_mar_miss00","gamlss2",500,4,"sigma",0.44,-0.273763242796178,-0.230118839398655,-0.340328777681833,0.000116148500881076,0.0519752877761079,0.111751392764745,"mar",0,0,1,"0%"
"n500_d4_mar_miss00","gamlss.longitudinal",500,4,"mu",0.77,-0.545663085722963,-0.540507485116473,-0.579867167720419,-0.48974835652747,0.00747648025848029,0.0303990032314276,"mar",0,0,1,"0%"
"n500_d4_mar_miss00","gamlss.longitudinal",500,4,"theta",0.58,0.126583737775194,0.144503271468755,0.0845146824820135,0.203862944883372,0.0131583551284536,0.0378753603097466,"mar",0,0,1,"0%"
"n500_d4_mar_miss00","gamlss2",500,4,"sigma",0.4,-0.238175395342187,-0.200174267193381,-0.294088073608637,0.000369992160906032,0.04680283774255,0.101467853430561,"mar",0,0,1,"0%"
"n500_d4_mar_miss00","gamlss2",500,4,"mu",0.89,-0.350583194361779,-0.337973890524463,-0.378658175184406,-0.306919919635446,0.0114737492607297,0.0272907285419152,"mar",0,0,1,"0%"
"n500_d4_mar_miss00","gamlss2",500,4,"mu",0.04,0.13677943794067,0.158867910346358,0.0733139794459076,0.232747107579862,0.0172209951770628,0.0705972215695622,"mar",0,0,1,"0%"
"n500_d4_mar_miss00","gamlss.longitudinal",500,4,"mu",0.69,-0.511377067238538,-0.5025382428125,-0.570638275776179,-0.472266754269618,0.0022708463220323,0.0338761005982978,"mar",0,0,1,"0%"
"n500_d4_mar_miss00","gamlss2",500,4,"sigma",0.34,-0.157778335523402,-0.152232118064402,-0.209251402433602,0.000769905108555795,0.0213760387028648,0.0686457324767651,"mar",0,0,1,"0%"
"n500_d4_mar_miss00","gamlss2",500,4,"mu",0.83,-0.481968674024125,-0.476598986413055,-0.508946212096932,-0.438218885368913,0.00745060302977191,0.0285122914493113,"mar",0,0,1,"0%"
"n500_d4_mar_miss00","gamlss.longitudinal",500,4,"mu",0.65,-0.444959346906221,-0.439355435077183,-0.501366202728312,-0.391250697387889,0.00186111856794769,0.0330107024649515,"mar",0,0,1,"0%"
"n500_d4_mar_miss00","gamlss.longitudinal",500,4,"theta",0.48,0.176791490275426,0.189854422854635,0.141212750629168,0.234437735979838,0.0103367225208749,0.0348420099492004,"mar",0,0,1,"0%"
"n500_d4_mar_miss00","gamlss.longitudinal",500,4,"theta",0.46,0.18144646150192,0.190226952812528,0.146195708236018,0.237984852727426,0.00850934223574406,0.0337457247333508,"mar",0,0,1,"0%"
"n500_d4_mar_miss00","gamlss.longitudinal",500,4,"theta",0.44,0.184201951226786,0.188440989943094,0.149568787331077,0.234297003063385,0.00635790512834657,0.0325741148375159,"mar",0,0,1,"0%"
"n500_d4_mar_miss00","gamlss2",500,4,"mu",0.77,-0.545663085722963,-0.554469291012876,-0.59808402049734,-0.48223151888254,-0.00304702089667594,0.0348418009169405,"mar",0,0,1,"0%"
"n500_d4_mar_miss00","gamlss.longitudinal",500,4,"mu",0.59,-0.294704737238448,-0.300141643860371,-0.319702627056872,-0.245798068600491,0.00194182206017783,0.026654464005209,"mar",0,0,1,"0%"
"n500_d4_mar_miss00","gamlss.longitudinal",500,4,"theta",0.4,0.183902827970943,0.181440540966956,0.150900459811993,0.218606823769542,0.0013199900659904,0.0304168811516822,"mar",0,0,1,"0%"
"n500_d4_mar_miss00","gamlss.longitudinal",500,4,"sigma",0.89,0.221473675803034,0.17211235238006,0.0952145709180243,0.221623819217991,-0.0511669902266028,0.0635139056098701,"mar",0,0,1,"0%"
"n500_d4_mar_miss00","gamlss.longitudinal",500,4,"sigma",0.04,0.274944651308886,0.277954180161541,0.196515309236489,0.355142174135658,-5.4379292160607e-05,0.0576524530042214,"mar",0,0,1,"0%"
"n500_d4_mar_miss00","gamlss2",500,4,"mu",0.69,-0.511377067238538,-0.507623184065821,-0.593623765334675,-0.469015305251758,-0.00815278168521097,0.0406404661466218,"mar",0,0,1,"0%"
"n500_d4_mar_miss00","gamlss.longitudinal",500,4,"theta",0.34,0.168711664468909,0.157706516420876,0.134742744480665,0.190989015688159,-0.00679127498229337,0.0290445000979903,"mar",0,0,1,"0%"
"n500_d4_mar_miss00","gamlss.longitudinal",500,4,"sigma",0.83,0.139165805200812,0.0925834606016073,0.0415221265656796,0.131916120735763,-0.0475734640834861,0.0592343435832422,"mar",0,0,1,"0%"
"n500_d4_mar_miss00","gamlss2",500,4,"mu",0.65,-0.444959346906221,-0.449957221414277,-0.514831244806415,-0.387890156520079,-0.00684836923232347,0.0394067640184281,"mar",0,0,1,"0%"
"n500_d4_mar_miss00","gamlss.longitudinal",500,4,"mu",0.49,0.0345347857411225,0.0376659904073344,0.0150056212415061,0.072831597239827,0.0032063855966615,0.0190909867298877,"mar",0,0,1,"0%"
"n500_d4_mar_miss00","gamlss.longitudinal",500,4,"mu",0.47,0.103059723022149,0.106705404394114,0.0816136657713309,0.138936982951955,0.00335487058718518,0.0201612726343732,"mar",0,0,1,"0%"
"n500_d4_mar_miss00","gamlss.longitudinal",500,4,"mu",0.45,0.169959346906221,0.169808623831548,0.141925333607884,0.198544073437761,0.00315350693099785,0.0215200701715038,"mar",0,0,1,"0%"
"n500_d4_mar_miss00","gamlss.longitudinal",500,4,"sigma",0.77,0.0358396730395883,-0.00130612990208763,-0.0417135162543586,0.0770760692027423,-0.0270327294619505,0.0465859722395342,"mar",0,0,1,"0%"
"n500_d4_mar_miss00","gamlss2",500,4,"mu",0.59,-0.294704737238448,-0.309958805707184,-0.337891362914065,-0.242860552889705,-0.00498482890938622,0.0312284565312215,"mar",0,0,1,"0%"
"n500_d4_mar_miss00","gamlss.longitudinal",500,4,"mu",0.41,0.294704737238448,0.290347611736492,0.260750568639573,0.328846916929048,0.00122122445416314,0.0242335507524595,"mar",0,0,1,"0%"
"n500_d4_mar_miss00","gamlss2",500,4,"sigma",0.89,0.221473675803034,0.200480144633321,-0.00206066181918741,0.333722708365463,-0.0245234431251727,0.0967722580053627,"mar",0,0,1,"0%"
"n500_d4_mar_miss00","gamlss2",500,4,"sigma",0.04,0.274944651308886,0.230418470953795,0.0176316978253972,0.397433435543477,-0.042352810162693,0.114966346365592,"mar",0,0,1,"0%"
"n500_d4_mar_miss00","gamlss.longitudinal",500,4,"sigma",0.69,-0.108517662835106,-0.102255515815584,-0.14142140857138,-0.0538690607353269,0.00819261547888187,0.0360287494967092,"mar",0,0,1,"0%"
"n500_d4_mar_miss00","gamlss.longitudinal",500,4,"mu",0.35,0.444959346906221,0.440235238486037,0.401713418295555,0.483192092294489,-0.00531176979609446,0.0272381719732442,"mar",0,0,1,"0%"
"n500_d4_mar_miss00","gamlss2",500,4,"sigma",0.83,0.139165805200812,0.117403251152288,-0.00907068617405533,0.24607633863652,-0.0199825876408792,0.0752606266422934,"mar",0,0,1,"0%"
"n500_d4_mar_miss00","gamlss.longitudinal",500,4,"sigma",0.65,-0.173055872717445,-0.153842421569164,-0.182251575623492,-0.0987476003785698,0.0244847213515142,0.0406580408139805,"mar",0,0,1,"0%"
"n500_d4_mar_miss00","gamlss2",500,4,"mu",0.49,0.0345347857411225,0.0266640739612882,0.00853015336556083,0.0705823242064268,0.000464079221711322,0.0216596036571459,"mar",0,0,1,"0%"
"n500_d4_mar_miss00","gamlss2",500,4,"mu",0.47,0.103059723022149,0.101779515300121,0.0750227962662271,0.145432064018177,0.00232249913631163,0.0243090751535256,"mar",0,0,1,"0%"
"n500_d4_mar_miss00","gamlss2",500,4,"mu",0.45,0.169959346906221,0.167303056115859,0.135182895435711,0.207891220827188,0.00394720310531653,0.0270344785236798,"mar",0,0,1,"0%"
"n500_d4_mar_miss00","gamlss2",500,4,"sigma",0.77,0.0358396730395883,0.000837443073828159,-0.0836660627747789,0.182169908615933,-0.0169919775672039,0.0824905000169453,"mar",0,0,1,"0%"
"n500_d4_mar_miss00","gamlss.longitudinal",500,4,"sigma",0.59,-0.248578674680307,-0.214083168038597,-0.244948823004688,-0.152280518787417,0.0435558219108692,0.0540544368878893,"mar",0,0,1,"0%"
"n500_d4_mar_miss00","gamlss2",500,4,"mu",0.41,0.294704737238448,0.298514595710891,0.255491956823359,0.340305908711605,0.00529614825869057,0.0300000417756986,"mar",0,0,1,"0%"
"n500_d4_mar_miss00","gamlss.longitudinal",500,4,"theta",0.89,-0.223855116916594,-0.240225771289028,-0.297735854885922,-0.197438569319928,-0.0201526590811431,0.0402959649876469,"mar",0,0,1,"0%"
"n500_d4_mar_miss00","gamlss.longitudinal",500,4,"theta",0.04,-0.149762537475142,-0.107348173054391,-0.181628367708288,-0.0420044404919319,0.0413134866094099,0.0725407904820133,"mar",0,0,1,"0%"
"n500_d4_mar_miss00","gamlss2",500,4,"sigma",0.69,-0.108517662835106,-0.0990164683533589,-0.203950642368717,0.00238750246616267,0.00904168956561515,0.0832693845354913,"mar",0,0,1,"0%"
"n500_d4_mar_miss00","gamlss2",500,4,"mu",0.35,0.444959346906221,0.444540604205132,0.394515186795239,0.490384975776939,0.0013407955945325,0.031384006210461,"mar",0,0,1,"0%"
"n500_d4_mar_miss00","gamlss.longitudinal",500,4,"theta",0.83,-0.144221415468067,-0.157947059500502,-0.201435948639557,-0.100452110504722,-0.0138783425141897,0.0345336000527123,"mar",0,0,1,"0%"
"n500_d4_mar_miss00","gamlss2",500,4,"sigma",0.65,-0.173055872717445,-0.161397528891345,-0.280853240525416,-0.00583473766501739,0.022082337399157,0.0963464208359233,"mar",0,0,1,"0%"
"n500_d4_mar_miss00","gamlss.longitudinal",500,4,"sigma",0.49,-0.293888315558184,-0.238063129366468,-0.312621828158177,-0.188351962742639,0.0537683445223676,0.0663236724019781,"mar",0,0,1,"0%"
"n500_d4_mar_miss00","gamlss.longitudinal",500,4,"sigma",0.47,-0.28924647224831,-0.23109242174579,-0.316861754772728,-0.18365663014336,0.0520912175351705,0.0653040369052881,"mar",0,0,1,"0%"
"n500_d4_mar_miss00","gamlss.longitudinal",500,4,"sigma",0.45,-0.280037251918249,-0.225253030105266,-0.315601884677054,-0.176371852060493,0.0492260341737133,0.062944183805187,"mar",0,0,1,"0%"
"n500_d4_mar_miss00","gamlss.longitudinal",500,4,"theta",0.77,-0.0669553676332503,-0.0775078447173247,-0.12605798115524,-0.0128821925659425,-0.00679342900611818,0.0338703440322771,"mar",0,0,1,"0%"
"n500_d4_mar_miss00","gamlss2",500,4,"sigma",0.59,-0.248578674680307,-0.226469404493629,-0.326406558711008,-0.00366867832386371,0.0315938002114758,0.0976437588597879,"mar",0,0,1,"0%"
"n500_d4_mar_miss00","gamlss.longitudinal",500,4,"sigma",0.41,-0.248578674680307,-0.207138210945765,-0.279380817078815,-0.154736640598226,0.0403074629729589,0.0541849217742686,"mar",0,0,1,"0%"
"n500_d4_mar_miss00","gamlss.longitudinal",500,4,"mu",0.9,-0.32328188876086,-0.322848608694028,-0.361186378305569,-0.282294330711481,0.00195004489593848,0.0255434829901007,"mar",0,0,1,"0%"
"n500_d4_mar_miss00","gamlss.longitudinal",500,4,"mu",0.05,0.169959346906221,0.196053381782414,0.121021786276434,0.271556384115008,0.0291932553624496,0.0650334614332657,"mar",0,0,1,"0%"
"n500_d4_mar_miss00","gamlss.longitudinal",500,4,"theta",0.69,0.0267968943074191,0.0292265670647037,-0.0314667053704283,0.0810254864972313,0.0038189314233037,0.0360337635177914,"mar",0,0,1,"0%"
"n500_d4_mar_miss00","gamlss.longitudinal",500,4,"sigma",0.35,-0.173055872717445,-0.155778973314732,-0.178356375571671,-0.107950784138566,0.0208902921429489,0.0332947273541788,"mar",0,0,1,"0%"
"n500_d4_mar_miss00","gamlss.longitudinal",500,4,"mu",0.84,-0.464380359026109,-0.455056584514866,-0.480801181141149,-0.414621105523965,0.0120020402735108,0.0255335251095283,"mar",0,0,1,"0%"
"n500_d4_mar_miss00","gamlss.longitudinal",500,4,"theta",0.65,0.0676834184975002,0.0783655394739438,0.0104565246381868,0.13498722408613,0.0084388808463454,0.0371574971760528,"mar",0,0,1,"0%"
"n500_d4_mar_miss00","gamlss2",500,4,"sigma",0.49,-0.293888315558184,-0.265367212328374,-0.336807577784449,-0.000185573187739363,0.0456137933421697,0.107874419836865,"mar",0,0,1,"0%"
"n500_d4_mar_miss00","gamlss2",500,4,"sigma",0.47,-0.28924647224831,-0.251327370381075,-0.349576943420103,-6.70039146049899e-05,0.0492144234664719,0.110662756680236,"mar",0,0,1,"0%"
"n500_d4_mar_miss00","gamlss2",500,4,"sigma",0.45,-0.280037251918249,-0.23496869960184,-0.347736863434253,5.43967870746743e-05,0.0515604936878859,0.112035172284747,"mar",0,0,1,"0%"
"n500_d4_mar_miss00","gamlss.longitudinal",500,4,"mu",0.78,-0.540257987900779,-0.533516424263696,-0.569711355758691,-0.48450474833384,0.00847630264290502,0.0298627722111733,"mar",0,0,1,"0%"
"n500_d4_mar_miss00","gamlss.longitudinal",500,4,"theta",0.59,0.119266256313551,0.136250755575584,0.0745377051544666,0.196279379665196,0.01280582453018,0.037908553940434,"mar",0,0,1,"0%"
"n500_d4_mar_miss00","gamlss2",500,4,"sigma",0.41,-0.248578674680307,-0.210346750056728,-0.305220384169227,0.000305524055308173,0.049182050442234,0.10545889370899,"mar",0,0,1,"0%"
"n500_d4_mar_miss00","gamlss2",500,4,"mu",0.9,-0.32328188876086,-0.31282566893814,-0.349023020355449,-0.276623237596814,0.0103910482320003,0.0279177249574805,"mar",0,0,1,"0%"
"n500_d4_mar_miss00","gamlss2",500,4,"mu",0.05,0.169959346906221,0.187573613658406,0.102788392415861,0.259158887579811,0.014783403841055,0.0647373414139674,"mar",0,0,1,"0%"
"n500_d4_mar_miss00","gamlss.longitudinal",500,4,"mu",0.7,-0.523081083962334,-0.51408761044091,-0.581213081117227,-0.483483265900466,0.00257246764813771,0.0336712057710243,"mar",0,0,1,"0%"
"n500_d4_mar_miss00","gamlss2",500,4,"sigma",0.35,-0.173055872717445,-0.166467003339927,-0.225582260201326,0.000701779599132527,0.0263714373214446,0.0738685103778634,"mar",0,0,1,"0%"
"n500_d4_mar_miss00","gamlss2",500,4,"mu",0.84,-0.464380359026109,-0.454708958127389,-0.490143364081262,-0.418165614417692,0.00901560634294727,0.0275882910570292,"mar",0,0,1,"0%"
"n500_d4_mar_miss00","gamlss.longitudinal",500,4,"mu",0.66,-0.464380359026108,-0.457214601071281,-0.52336745281906,-0.412561220426182,0.00189622350973181,0.0334869497664154,"mar",0,0,1,"0%"
"n500_d4_mar_miss00","gamlss.longitudinal",500,4,"theta",0.49,0.173763070864592,0.188683459589221,0.138132295901233,0.235056742571309,0.0111046416232611,0.0353445494593075,"mar",0,0,1,"0%"
"n500_d4_mar_miss00","gamlss.longitudinal",500,4,"theta",0.47,0.179354253037097,0.190453550374337,0.143906860704618,0.237478132771503,0.00947169038958965,0.0343029326072333,"mar",0,0,1,"0%"
"n500_d4_mar_miss00","gamlss.longitudinal",500,4,"theta",0.45,0.183063682402491,0.18941705180249,0.14808287792642,0.236508143672232,0.00747809865178093,0.033163476993281,"mar",0,0,1,"0%"
"n500_d4_mar_miss00","gamlss2",500,4,"mu",0.78,-0.540257987900779,-0.545191687751823,-0.58199007626315,-0.476739694238698,-0.00147914392768619,0.0340633711671293,"mar",0,0,1,"0%"
"n500_d4_mar_miss00","gamlss.longitudinal",500,4,"mu",0.6,-0.32328188876086,-0.327967116708615,-0.350639656622263,-0.271145345191133,0.0019286585651423,0.0280443832127506,"mar",0,0,1,"0%"
"n500_d4_mar_miss00","gamlss.longitudinal",500,4,"theta",0.41,0.184710510346205,0.184199336790604,0.151608300823543,0.223602861956621,0.00265556761596378,0.0309036324952902,"mar",0,0,1,"0%"
"n500_d4_mar_miss00","gamlss.longitudinal",500,4,"sigma",0.9,0.232234801282781,0.189130602122613,0.104421370804485,0.237604572142013,-0.0492037290675096,0.063031279254636,"mar",0,0,1,"0%"
"n500_d4_mar_miss00","gamlss.longitudinal",500,4,"sigma",0.05,0.270596657858843,0.265732074105235,0.188503002432339,0.337316306437855,-0.00837231675727118,0.0546182920804767,"mar",0,0,1,"0%"
"n500_d4_mar_miss00","gamlss2",500,4,"mu",0.7,-0.523081083962334,-0.515325290723253,-0.607175832606277,-0.488006824496372,-0.00822275525779672,0.0401411205578838,"mar",0,0,1,"0%"
"n500_d4_mar_miss00","gamlss.longitudinal",500,4,"theta",0.35,0.17247564632995,0.165398932180851,0.141004461810164,0.193544120583826,-0.00549795412293875,0.0290557377534011,"mar",0,0,1,"0%"
"n500_d4_mar_miss00","gamlss.longitudinal",500,4,"sigma",0.84,0.154717741463996,0.104730334995735,0.0552827197513632,0.143175053780289,-0.0496940024554148,0.0607419690428804,"mar",0,0,1,"0%"
"n500_d4_mar_miss00","gamlss2",500,4,"mu",0.66,-0.464380359026108,-0.465352471694869,-0.53796087562102,-0.409619283829679,-0.00725517780127589,0.0402075096830791,"mar",0,0,1,"0%"
"n500_d4_mar_miss00","gamlss.longitudinal",500,4,"mu",0.5,7.55070274106452e-17,0.00176844110021189,-0.0200661078451262,0.0341763361867294,0.00305088045858653,0.0187985709786356,"mar",0,0,1,"0%"
"n500_d4_mar_miss00","gamlss.longitudinal",500,4,"mu",0.48,0.0689332784603675,0.0718936396344371,0.0501598307430101,0.10892282339809,0.00331415606088368,0.019558788743456,"mar",0,0,1,"0%"
"n500_d4_mar_miss00","gamlss.longitudinal",500,4,"mu",0.46,0.13677943794067,0.138663418802858,0.111717337020032,0.167902242516124,0.00329596546970073,0.0208031634986107,"mar",0,0,1,"0%"
"n500_d4_mar_miss00","gamlss.longitudinal",500,4,"sigma",0.78,0.0539040973460143,0.0136707897687982,-0.0279561253851868,0.08239341750539,-0.0311190465405454,0.04888063225663,"mar",0,0,1,"0%"
"n500_d4_mar_miss00","gamlss2",500,4,"mu",0.6,-0.32328188876086,-0.336895269538753,-0.368519463188767,-0.267522109216339,-0.00520850988641665,0.0327463497362994,"mar",0,0,1,"0%"
"n500_d4_mar_miss00","gamlss.longitudinal",500,4,"mu",0.42,0.264964520755944,0.262059291846407,0.231697502157158,0.297922174078138,0.00190570250632301,0.0235733736578095,"mar",0,0,1,"0%"
"n500_d4_mar_miss00","gamlss2",500,4,"sigma",0.9,0.232234801282781,0.209871447523781,-0.00210028481195586,0.346320354606922,-0.027056735704034,0.100724347918073,"mar",0,0,1,"0%"
"n500_d4_mar_miss00","gamlss2",500,4,"sigma",0.05,0.270596657858843,0.232403320306274,0.0172314765043403,0.367778500009426,-0.0391981222049482,0.106309413797314,"mar",0,0,1,"0%"
"n500_d4_mar_miss00","gamlss.longitudinal",500,4,"sigma",0.7,-0.0911753953421872,-0.0901151232739277,-0.130329164965857,-0.0306566737325053,0.00384136100590736,0.0359957156470365,"mar",0,0,1,"0%"
"n500_d4_mar_miss00","gamlss.longitudinal",500,4,"mu",0.36,0.423782283526684,0.419898778505071,0.38526438317725,0.461955162782462,-0.00401493833678322,0.0269427196662641,"mar",0,0,1,"0%"
"n500_d4_mar_miss00","gamlss2",500,4,"sigma",0.84,0.154717741463996,0.136775575670638,-0.00186086600360345,0.229474179087594,-0.0198699958067602,0.0758656758764186,"mar",0,0,1,"0%"
"n500_d4_mar_miss00","gamlss.longitudinal",500,4,"sigma",0.66,-0.157778335523402,-0.14109624943389,-0.17168086034974,-0.0925190461704052,0.0206219439833339,0.0389397963673763,"mar",0,0,1,"0%"
"n500_d4_mar_miss00","gamlss2",500,4,"mu",0.5,7.55070274106452e-17,-0.00401981135236512,-0.0248854340246865,0.0274966867698758,-0.000449362278080022,0.0208628834256224,"mar",0,0,1,"0%"
"n500_d4_mar_miss00","gamlss2",500,4,"mu",0.48,0.0689332784603675,0.0644259490257756,0.0422577104815523,0.113215049083645,0.00140151942787938,0.0228808121768413,"mar",0,0,1,"0%"
"n500_d4_mar_miss00","gamlss2",500,4,"mu",0.46,0.13677943794067,0.134188032606977,0.102916787381043,0.177146621781848,0.00318470046830771,0.0257424338742265,"mar",0,0,1,"0%"
"n500_d4_mar_miss00","gamlss2",500,4,"sigma",0.78,0.0539040973460143,0.0183867805629309,-0.0742622525691124,0.201680911716712,-0.0184676232477434,0.0826331342709727,"mar",0,0,1,"0%"
"n500_d4_mar_miss00","gamlss.longitudinal",500,4,"sigma",0.6,-0.238175395342187,-0.207068509512277,-0.240309100659831,-0.136645334416823,0.0409464518293596,0.0517645979404712,"mar",0,0,1,"0%"
"n500_d4_mar_miss00","gamlss2",500,4,"mu",0.42,0.264964520755944,0.269168511905134,0.227135760275884,0.306118756647522,0.00526142181692341,0.0295372756838814,"mar",0,0,1,"0%"
"n500_d4_mar_miss00","gamlss.longitudinal",500,4,"theta",0.9,-0.237123821009634,-0.25389289951459,-0.316132609960173,-0.20934340912023,-0.021247658299999,0.0418706688959669,"mar",0,0,1,"0%"
"n500_d4_mar_miss00","gamlss.longitudinal",500,4,"theta",0.05,-0.133901324913069,-0.0967201318900598,-0.168918032342194,-0.0336980498828019,0.0360902645207443,0.0677595772191458,"mar",0,0,1,"0%"
"n500_d4_mar_miss00","gamlss2",500,4,"sigma",0.7,-0.0911753953421872,-0.0862743153725994,-0.182229505675269,0.00307341967358719,0.0051915931247262,0.0800749100599734,"mar",0,0,1,"0%"
"n500_d4_mar_miss00","gamlss2",500,4,"mu",0.36,0.423782283526684,0.425378736279775,0.375094578992996,0.476448604096945,0.0024025152964038,0.0314055337160292,"mar",0,0,1,"0%"
"n500_d4_mar_miss00","gamlss.longitudinal",500,4,"theta",0.84,-0.157418833384277,-0.172048701088593,-0.216183293250908,-0.117264063845508,-0.0149417517634498,0.0350704732023504,"mar",0,0,1,"0%"
"n500_d4_mar_miss00","gamlss2",500,4,"sigma",0.66,-0.157778335523402,-0.14341113365108,-0.258601483325465,-0.000333270953414748,0.0193199625915157,0.0938285791015854,"mar",0,0,1,"0%"
"n500_d4_mar_miss00","gamlss.longitudinal",500,4,"sigma",0.5,-0.294470297029703,-0.239319680571281,-0.308661895693476,-0.189694305436918,0.0541370897770641,0.0663272448229571,"mar",0,0,1,"0%"
"n500_d4_mar_miss00","gamlss.longitudinal",500,4,"mu",0.99,-0.0345347857411223,-0.0830160759213364,-0.186090011882902,-0.00334125588909406,-0.0543478963951688,0.0811107925553725,"mar",0,0,1,"0%"
"n500_d4_mar_miss00","gamlss.longitudinal",500,4,"sigma",0.46,-0.285205245368292,-0.228522797811349,-0.317092973062662,-0.180334684251225,0.0508149223339395,0.0643073962415788,"mar",0,0,1,"0%"
"n500_d4_mar_miss00","gamlss.longitudinal",500,4,"theta",0.78,-0.0795289530669703,-0.0926560606262625,-0.137100405741935,-0.0237798850401636,-0.00806016409978895,0.0337504376113602,"mar",0,0,1,"0%"
"n500_d4_mar_miss00","gamlss2",500,4,"sigma",0.6,-0.238175395342187,-0.21469956755022,-0.319437400445677,-0.00403191233550126,0.0306200830533366,0.0981065144742146,"mar",0,0,1,"0%"
"n500_d4_mar_miss00","gamlss.longitudinal",500,4,"sigma",0.42,-0.258002301042862,-0.213344188530987,-0.292695788644653,-0.160967246635982,0.0429011345688173,0.0568586003470387,"mar",0,0,1,"0%"
"n500_d4_mar_miss00","gamlss.longitudinal",500,4,"mu",0.91,-0.294704737238448,-0.300251844011378,-0.341791413710775,-0.255237561163186,-0.00189814125548877,0.0279867815755946,"mar",0,0,1,"0%"
"n500_d4_mar_miss00","gamlss.longitudinal",500,4,"mu",0.06,0.202468503976573,0.225609121793542,0.146349036924736,0.291511086887672,0.023549879605463,0.0590131075537051,"mar",0,0,1,"0%"
"n500_d4_mar_miss00","gamlss.longitudinal",500,4,"mu",0.04,0.13677943794067,0.170389840300943,0.0960582412722424,0.251082062153236,0.0352154196049078,0.071646968277544,"mar",0,0,1,"0%"
"n500_d4_mar_miss00","gamlss.longitudinal",500,4,"sigma",0.36,-0.18765749395431,-0.165889373716171,-0.196367176412365,-0.116714375130177,0.0244797356675671,0.037119807576608,"mar",0,0,1,"0%"
"n500_d4_mar_miss00","gamlss.longitudinal",500,4,"mu",0.85,-0.444959346906221,-0.436274576752024,-0.46589610406803,-0.396664205323657,0.0116433450644542,0.0247592220394979,"mar",0,0,1,"0%"
"n500_d4_mar_miss00","gamlss.longitudinal",500,4,"mu",0,8.15367795041445e-18,0.0750014072674293,-0.0317012803812319,0.185312019932334,0.0666785087047215,0.105975682050318,"mar",0,0,1,"0%"
"n500_d4_mar_miss00","gamlss2",500,4,"sigma",0.5,-0.294470297029703,-0.267287352475502,-0.332890913033381,-0.000355870258149116,0.0436450853545611,0.106297508456358,"mar",0,0,1,"0%"
"n500_d4_mar_miss00","gamlss2",500,4,"mu",0.99,-0.0345347857411223,-0.0674307683860174,-0.186364653438873,0.038070424247813,-0.0264303931479185,0.0756463576021956,"mar",0,0,1,"0%"
"n500_d4_mar_miss00","gamlss2",500,4,"mu",0.97,-0.103059723022149,-0.120743436540404,-0.204097475336779,-0.0390492331342153,-0.0148842131020264,0.0578883567393612,"mar",0,0,1,"0%"
"n500_d4_mar_miss00","gamlss.longitudinal",500,4,"mu",0.79,-0.532720738620747,-0.524861077794031,-0.561243172249609,-0.477977300588022,0.00938977306978078,0.0292118049154102,"mar",0,0,1,"0%"
"n500_d4_mar_miss00","gamlss2",500,4,"mu",0.95,-0.169959346906221,-0.176411963930907,-0.247401675577641,-0.114557529260648,-0.00475742678409452,0.0432824272879135,"mar",0,0,1,"0%"
"n500_d4_mar_miss00","gamlss2",500,4,"mu",0.93,-0.23417861036079,-0.233054346892063,-0.288513072058409,-0.185354077903907,0.0032326929669589,0.0335944868206997,"mar",0,0,1,"0%"
"n500_d4_mar_miss00","gamlss2",500,4,"mu",0.91,-0.294704737238448,-0.282528510751306,-0.327309319227326,-0.246811539591773,0.00866727400443304,0.0289671690070869,"mar",0,0,1,"0%"
"n500_d4_mar_miss00","gamlss2",500,4,"mu",0.06,0.202468503976573,0.219937241835014,0.116312711192905,0.28412816537783,0.0125762224360585,0.0601864832744393,"mar",0,0,1,"0%"
"n500_d4_mar_miss00","gamlss.longitudinal",500,4,"theta",0.54,0.151839401451125,0.172592591327069,0.108774655926062,0.225973713828561,0.013385166271213,0.0372453294611685,"mar",0,0,1,"0%"
"n500_d4_mar_miss00","gamlss2",500,4,"sigma",0.36,-0.18765749395431,-0.170989530153715,-0.246839331646412,0.000634218295003034,0.0312443605284701,0.0795704250777087,"mar",0,0,1,"0%"
"n500_d4_mar_miss00","gamlss.longitudinal",500,4,"sigma",0.18,0.123023490439819,0.0821483829091622,0.0337142060943302,0.146938939073465,-0.0368150040039329,0.050728267335064,"mar",0,0,1,"0%"
"n500_d4_mar_miss00","gamlss2",500,4,"mu",0,8.15367795041445e-18,0.0469713961313688,-0.134253370045087,0.125455888691019,0.0289055943449873,0.105150050819351,"mar",0,0,1,"0%"
"n500_d4_mar_miss00","gamlss.longitudinal",500,4,"theta",0.5,0.170274351999171,0.186928789828252,0.133882595177939,0.234868096046807,0.0117811072940921,0.0358194176860455,"mar",0,0,1,"0%"
"n500_d4_mar_miss00","gamlss.longitudinal",500,4,"sigma",0.99,0.280927721498779,0.308378657824414,0.189226624569715,0.380967832886492,0.0141211536517968,0.0703626303072349,"mar",0,0,1,"0%"
"n500_d4_mar_miss00","gamlss.longitudinal",500,4,"sigma",0.97,0.278125878188904,0.283299087895468,0.170334733399892,0.346330154607489,-0.00778673434599275,0.0614923488419797,"mar",0,0,1,"0%"
"n500_d4_mar_miss00","gamlss2",500,4,"mu",0.79,-0.532720738620747,-0.540209063300145,-0.572671861989654,-0.470931992286364,0.000231186900837727,0.0331462350350455,"mar",0,0,1,"0%"
"n500_d4_mar_miss00","gamlss.longitudinal",500,4,"sigma",0.95,0.270596657858843,0.260006449417362,0.151451811177346,0.311607249493191,-0.0250096391435307,0.0591580722942928,"mar",0,0,1,"0%"
"n500_d4_mar_miss00","gamlss.longitudinal",500,4,"sigma",0.93,0.258487818710103,0.229516843618631,0.132594737637832,0.276675258363562,-0.0377612456836955,0.060309485133694,"mar",0,0,1,"0%"
"n500_d4_mar_miss00","gamlss.longitudinal",500,4,"sigma",0.91,0.242018080620902,0.20584003413813,0.113790717336654,0.253557810425962,-0.046350167537055,0.0622653077516381,"mar",0,0,1,"0%"
"n500_d4_mar_miss00","gamlss.longitudinal",500,4,"sigma",0.06,0.265102648736772,0.253144502631034,0.180200843767703,0.319499340087739,-0.0156023486618971,0.0529904907858009,"mar",0,0,1,"0%"
"n500_d4_mar_miss00","gamlss.longitudinal",500,4,"mu",0.55,-0.169959346906221,-0.176562163640206,-0.197925744654446,-0.137123083392377,0.00221268934392886,0.0212292736782815,"mar",0,0,1,"0%"
"n500_d4_mar_miss00","gamlss.longitudinal",500,4,"theta",0.36,0.175747440125566,0.170879824686265,0.144820059990937,0.199317357889499,-0.00415372142755657,0.0291525062465205,"mar",0,0,1,"0%"
"n500_d4_mar_miss00","gamlss2",500,4,"sigma",0.18,0.123023490439819,0.116671176896045,0.0120373098964862,0.189841074693277,-0.00620002344175557,0.0576321488682055,"mar",0,0,1,"0%"
"n500_d4_mar_miss00","gamlss.longitudinal",500,4,"sigma",0,0.280529702970297,0.323778766781488,0.226789321056661,0.421443187011062,0.0424062939336251,0.0854461990686382,"mar",0,0,1,"0%"
"n500_d4_mar_miss00","gamlss.longitudinal",500,4,"mu",0.51,-0.0345347857411223,-0.0337697721970939,-0.0549036292870092,-0.00450438911387223,0.00286667049485429,0.0187403632732098,"mar",0,0,1,"0%"
"n500_d4_mar_miss00","gamlss2",500,4,"sigma",0.99,0.280927721498779,0.226269798451508,-0.00245511846946632,0.409852355665041,-0.0519136281606338,0.130240912291472,"mar",0,0,1,"0%"
"n500_d4_mar_miss00","gamlss2",500,4,"sigma",0.97,0.278125878188904,0.232260379951704,-0.00237637076105651,0.383371829168499,-0.0500329366625564,0.118169867231884,"mar",0,0,1,"0%"
"n500_d4_mar_miss00","gamlss.longitudinal",500,4,"sigma",0.79,0.0717266691197535,0.028768672611179,-0.0140409863500534,0.0868841457493578,-0.0350155858757087,0.0511595309422996,"mar",0,0,1,"0%"
"n500_d4_mar_miss00","gamlss2",500,4,"sigma",0.95,0.270596657858843,0.240073063009668,-0.00229760476622663,0.356396145409286,-0.0445821557804832,0.111162626904485,"mar",0,0,1,"0%"
"n500_d4_mar_miss00","gamlss2",500,4,"sigma",0.93,0.258487818710103,0.241002800325015,-0.00221878423288307,0.343351662923283,-0.037311627343541,0.107599518583976,"mar",0,0,1,"0%"
"n500_d4_mar_miss00","gamlss2",500,4,"sigma",0.91,0.242018080620902,0.22189661299473,-0.00213983658193872,0.346297483019618,-0.0301172611495389,0.103755733274781,"mar",0,0,1,"0%"
"n500_d4_mar_miss00","gamlss2",500,4,"sigma",0.06,0.265102648736772,0.23992050541671,0.0168312786228176,0.346962373520039,-0.0354954842129811,0.100510556473803,"mar",0,0,1,"0%"
"n500_d4_mar_miss00","gamlss2",500,4,"mu",0.55,-0.169959346906221,-0.1777829328181,-0.204560312558122,-0.135325014162279,-0.00379903362324011,0.0248774585624412,"mar",0,0,1,"0%"
"n500_d4_mar_miss00","gamlss.longitudinal",500,4,"mu",0.37,0.400932745081776,0.397301006754701,0.36731445586607,0.438395606140016,-0.0027950132220837,0.026512291910397,"mar",0,0,1,"0%"
"n500_d4_mar_miss00","gamlss.longitudinal",500,4,"theta",0.18,0.044106825753044,0.0321978891455809,-0.00873259069017792,0.0862160326287155,-0.00824290664238206,0.0356892992612909,"mar",0,0,1,"0%"
"n500_d4_mar_miss00","gamlss2",500,4,"sigma",0,0.280529702970297,0.243778324972186,0.00213656207970643,0.515973429458832,-0.0459983404983494,0.172275134036737,"mar",0,0,1,"0%"
"n500_d4_mar_miss00","gamlss2",500,4,"mu",0.51,-0.0345347857411223,-0.0355787023806924,-0.0637598700826979,-0.0110029736402212,-0.00130455239357018,0.0206518779507315,"mar",0,0,1,"0%"
"n500_d4_mar_miss00","gamlss.longitudinal",500,4,"theta",0.99,-0.352803626444951,-0.380943834794621,-0.477960793984029,-0.316322451865323,-0.0348483736165227,0.0632560836227948,"mar",0,0,1,"0%"
"n500_d4_mar_miss00","gamlss.longitudinal",500,4,"theta",0.97,-0.327961441658366,-0.352101780784631,-0.443898965767711,-0.2928369349975,-0.0309675834049239,0.0574338488013762,"mar",0,0,1,"0%"
"n500_d4_mar_miss00","gamlss2",500,4,"sigma",0.79,0.0717266691197535,0.0403258985178795,-0.0456382137847591,0.218298585229489,-0.0194563310676945,0.0818208650875167,"mar",0,0,1,"0%"
"n500_d4_mar_miss00","gamlss.longitudinal",500,4,"theta",0.95,-0.302525281225209,-0.324001487161998,-0.408391011377519,-0.268983727531127,-0.0276780285147702,0.0522151910824406,"mar",0,0,1,"0%"
"n500_d4_mar_miss00","gamlss.longitudinal",500,4,"theta",0.93,-0.276614473457123,-0.295774141543628,-0.371459234783404,-0.245120497910207,-0.0248572515835697,0.0476017288618941,"mar",0,0,1,"0%"
"n500_d4_mar_miss00","gamlss.longitudinal",500,4,"theta",0.91,-0.250350219881933,-0.267477031914906,-0.33455751756058,-0.221261511069539,-0.0223879035919596,0.0436168346620342,"mar",0,0,1,"0%"
"n500_d4_mar_miss00","gamlss.longitudinal",500,4,"theta",0.06,-0.11830099864248,-0.0861002996735824,-0.156228541887415,-0.0255694286673199,0.0311079612549589,0.0633043399953223,"mar",0,0,1,"0%"
"n500_d4_mar_miss00","gamlss.longitudinal",500,4,"sigma",0.55,-0.280037251918249,-0.231634983695546,-0.274800954135577,-0.18417394188361,0.0512799687456102,0.0618649918302406,"mar",0,0,1,"0%"
"n500_d4_mar_miss00","gamlss2",500,4,"mu",0.37,0.400932745081776,0.403178669543806,0.355636545218978,0.455918234189465,0.00334098827991093,0.031256567666604,"mar",0,0,1,"0%"
"n500_d4_mar_miss00","gamlss.longitudinal",500,4,"mu",0.19,0.511377067238538,0.501803299114304,0.463041988889421,0.519589957230225,-0.0139449074579526,0.0244065177879736,"mar",0,0,1,"0%"
"n500_d4_mar_miss00","gamlss.longitudinal",500,4,"theta",0,-0.215546973847946,-0.149014643232539,-0.231404925015474,-0.0720731960541029,0.0663293319213995,0.0960705785827039,"mar",0,0,1,"0%"
"n500_d4_mar_miss00","gamlss.longitudinal",500,4,"sigma",0.51,-0.293888315558184,-0.238494191883555,-0.303603768450165,-0.190311881387115,0.054189141234332,0.0660172108467581,"mar",0,0,1,"0%"
"n500_d4_mar_miss00","gamlss.longitudinal",500,4,"mu",1,-1.26553020970047e-16,-0.0628540369125575,-0.164880169889192,0.0303400446703105,-0.0677594750416177,0.0926494971972092,"mar",0,0,1,"0%"
"n500_d4_mar_miss00","gamlss.longitudinal",500,4,"mu",0.98,-0.0689332784603676,-0.11028406054594,-0.207683605711197,-0.038702510482186,-0.0462702497144199,0.0722531063952032,"mar",0,0,1,"0%"
"n500_d4_mar_miss00","gamlss.longitudinal",500,4,"theta",0.79,-0.0922441825108828,-0.107107536044442,-0.14757550216233,-0.0351859742017073,-0.00930011593447188,0.0336995504181019,"mar",0,0,1,"0%"
"n500_d4_mar_miss00","gamlss.longitudinal",500,4,"mu",0.96,-0.13677943794067,-0.164821993842299,-0.245685344461213,-0.107180096622682,-0.0309818054322444,0.0557784372066829,"mar",0,0,1,"0%"
"n500_d4_mar_miss00","gamlss.longitudinal",500,4,"mu",0.94,-0.202468503976573,-0.220542591460115,-0.283789940996526,-0.168362385636988,-0.0175099887957696,0.0418616724926087,"mar",0,0,1,"0%"
"n500_d4_mar_miss00","gamlss.longitudinal",500,4,"mu",0.92,-0.264964520755943,-0.273952370282917,-0.322386522868777,-0.227146284281806,-0.00643338726302012,0.0315416352454249,"mar",0,0,1,"0%"
"n500_d4_mar_miss00","gamlss.longitudinal",500,4,"mu",0.07,0.23417861036079,0.25474757304967,0.172129478867539,0.316828052447318,0.0183368977183739,0.0536191809923327,"mar",0,0,1,"0%"
"n500_d4_mar_miss00","gamlss2",500,4,"sigma",0.55,-0.280037251918249,-0.271708377996314,-0.327749911216837,-0.00220623147490854,0.0354334933958069,0.0990891118715796,"mar",0,0,1,"0%"
"n500_d4_mar_miss00","gamlss.longitudinal",500,4,"sigma",0.37,-0.20152442880831,-0.175396459772234,-0.214771207488508,-0.12512699999203,0.0279719486620454,0.0408942064465644,"mar",0,0,1,"0%"
"n500_d4_mar_miss00","gamlss2",500,4,"mu",0.19,0.511377067238538,0.507296268270729,0.468888405112342,0.534750163849576,-0.00468556166710053,0.0269062346432419,"mar",0,0,1,"0%"
"n500_d4_mar_miss00","gamlss.longitudinal",500,4,"mu",0.01,0.0345347857411224,0.0976348169624679,0.00194656536282684,0.196900961406531,0.0550959081162635,0.0944712906933739,"mar",0,0,1,"0%"
"n500_d4_mar_miss00","gamlss2",500,4,"sigma",0.51,-0.293888315558184,-0.269677343058632,-0.340031306496335,-0.000727972503879248,0.041704022028379,0.10470315138448,"mar",0,0,1,"0%"
"n500_d4_mar_miss00","gamlss2",500,4,"mu",1,-1.26553020970047e-16,-0.0415381006327388,-0.176411728923686,0.0767913852138953,-0.0324571476982371,0.0851514243469035,"mar",0,0,1,"0%"
"n500_d4_mar_miss00","gamlss2",500,4,"mu",0.98,-0.0689332784603676,-0.0942896248818619,-0.195160316483374,-0.000586345724720992,-0.0205331539599624,0.0664940850913081,"mar",0,0,1,"0%"
"n500_d4_mar_miss00","gamlss.longitudinal",500,4,"mu",0.8,-0.523081083962335,-0.514295768406255,-0.548427874297524,-0.470140571460442,0.0102586030102669,0.0285737281388445,"mar",0,0,1,"0%"
"n500_d4_mar_miss00","gamlss2",500,4,"mu",0.96,-0.13677943794067,-0.147291223242672,-0.223121829224353,-0.0771204847549269,-0.00959298433325642,0.0500665693776216,"mar",0,0,1,"0%"
"n500_d4_mar_miss00","gamlss2",500,4,"mu",0.94,-0.202468503976573,-0.206721883293602,-0.270461460847698,-0.151107968470994,-0.000460891353511528,0.037753466527958,"mar",0,0,1,"0%"
"n500_d4_mar_miss00","gamlss2",500,4,"mu",0.92,-0.264964520755943,-0.257991184349543,-0.307451290490581,-0.216352743005778,0.00628196699886994,0.030746729437329,"mar",0,0,1,"0%"
"n500_d4_mar_miss00","gamlss2",500,4,"mu",0.07,0.23417861036079,0.251471101142451,0.14738316180199,0.309429698849462,0.0105918654264778,0.0567712212283028,"mar",0,0,1,"0%"
"n500_d4_mar_miss00","gamlss.longitudinal",500,4,"theta",0.55,0.146145232346583,0.168646437761843,0.107362752072256,0.221694255967272,0.0134995377474748,0.0374755313865089,"mar",0,0,1,"0%"
"n500_d4_mar_miss00","gamlss2",500,4,"sigma",0.37,-0.20152442880831,-0.180088712149944,-0.262086484698339,0.00056724106512445,0.0358512343556054,0.0854652972772709,"mar",0,0,1,"0%"
"n500_d4_mar_miss00","gamlss.longitudinal",500,4,"sigma",0.19,0.1063570687757,0.0661848589863128,0.0191000443336161,0.131436320037635,-0.0348127333444827,0.048589768794041,"mar",0,0,1,"0%"
"n500_d4_mar_miss00","gamlss2",500,4,"mu",0.01,0.0345347857411224,0.0723313031602159,-0.08179507872489,0.148461796418179,0.0257808144091525,0.0952680225098044,"mar",0,0,1,"0%"
"n500_d4_mar_miss00","gamlss.longitudinal",500,4,"theta",0.51,0.16633114513373,0.184695125217098,0.127889971595845,0.233826176629561,0.0123502560695093,0.0362436444916085,"mar",0,0,1,"0%"
"n500_d4_mar_miss00","gamlss.longitudinal",500,4,"sigma",1,0.280529702970297,0.320902384672997,0.194463562397158,0.390840839414567,0.024535287509663,0.0765843958718392,"mar",0,0,1,"0%"
"n500_d4_mar_miss00","gamlss.longitudinal",500,4,"sigma",0.98,0.28012411336464,0.293861832121197,0.179780154702645,0.363653350347226,0.00257230026220139,0.0649587236882166,"mar",0,0,1,"0%"
"n500_d4_mar_miss00","gamlss2",500,4,"mu",0.8,-0.523081083962335,-0.530938894311743,-0.560402196656385,-0.464852974096357,0.00203855640003943,0.0320723002844603,"mar",0,0,1,"0%"
"n500_d4_mar_miss00","gamlss.longitudinal",500,4,"sigma",0.96,0.274944651308886,0.273601093793365,0.160891200514125,0.328986699647491,-0.0169729916441295,0.0596866828714371,"mar",0,0,1,"0%"
"n500_d4_mar_miss00","gamlss.longitudinal",500,4,"sigma",0.94,0.265102648736772,0.244768286153564,0.142018541554375,0.294174233429706,-0.0319269676166064,0.0594914646693257,"mar",0,0,1,"0%"
"n500_d4_mar_miss00","gamlss.longitudinal",500,4,"sigma",0.92,0.250781706983456,0.217912729301472,0.123185007115352,0.261633849008312,-0.0425526204454399,0.0613069804936266,"mar",0,0,1,"0%"
"n500_d4_mar_miss00","gamlss.longitudinal",500,4,"sigma",0.07,0.258487818710103,0.240969867463504,0.171840400966414,0.305663201646226,-0.0217947392727596,0.0524338060975354,"mar",0,0,1,"0%"
"n500_d4_mar_miss00","gamlss.longitudinal",500,4,"mu",0.56,-0.202468503976573,-0.211047104846053,-0.228881736272642,-0.16652936396662,0.00209385467360556,0.0224510737172203,"mar",0,0,1,"0%"
"n500_d4_mar_miss00","gamlss.longitudinal",500,4,"theta",0.37,0.178526185500532,0.175831104094585,0.146775946272485,0.204810847451204,-0.00279085156747721,0.0293483428140007,"mar",0,0,1,"0%"
"n500_d4_mar_miss00","gamlss2",500,4,"sigma",0.19,0.1063570687757,0.107850668891284,0.0116393043861326,0.175263310270032,-0.00673512334874017,0.0531754142537605,"mar",0,0,1,"0%"
"n500_d4_mar_miss00","gamlss.longitudinal",500,4,"sigma",0.01,0.280927721498779,0.314209749613413,0.219243000041544,0.408638128144623,0.03177367333854,0.0771257868185111,"mar",0,0,1,"0%"
"n500_d4_mar_miss00","gamlss.longitudinal",500,4,"mu",0.52,-0.0689332784603674,-0.0674194734716852,-0.0893604271518405,-0.0409621376447349,0.00268419641813505,0.0189501849968407,"mar",0,0,1,"0%"
"n500_d4_mar_miss00","gamlss2",500,4,"sigma",1,0.280529702970297,0.231114604629183,-0.0024944910661093,0.422947990034052,-0.0511568275468541,0.137944958293401,"mar",0,0,1,"0%"
"n500_d4_mar_miss00","gamlss2",500,4,"sigma",0.98,0.28012411336464,0.226988282531022,-0.00241574553033172,0.396706256940442,-0.0515061151723424,0.12359023488651,"mar",0,0,1,"0%"
"n500_d4_mar_miss00","gamlss.longitudinal",500,4,"sigma",0.8,0.0892348012827812,0.0439904901137438,0.00279755073221005,0.0942087509648502,-0.0386558801964508,0.0533927123356927,"mar",0,0,1,"0%"
"n500_d4_mar_miss00","gamlss2",500,4,"sigma",0.96,0.274944651308886,0.232483331541807,-0.00233699163974656,0.369627941353962,-0.0476543112067126,0.114060809152982,"mar",0,0,1,"0%"
"n500_d4_mar_miss00","gamlss2",500,4,"sigma",0.94,0.265102648736772,0.241812164057939,-0.00225820503298305,0.34321859038061,-0.0410533006831679,0.109164669625409,"mar",0,0,1,"0%"
"n500_d4_mar_miss00","gamlss2",500,4,"sigma",0.92,0.250781706983456,0.233772752120697,-0.00217933199193512,0.341186742371375,-0.0335932253608726,0.105948338210824,"mar",0,0,1,"0%"
"n500_d4_mar_miss00","gamlss2",500,4,"sigma",0.07,0.258487818710103,0.243647562079233,0.0164311164969385,0.31279872404774,-0.0314441933028165,0.097228768500649,"mar",0,0,1,"0%"
"n500_d4_mar_miss00","gamlss2",500,4,"mu",0.56,-0.202468503976573,-0.213531057884041,-0.239028120844682,-0.167464383150452,-0.00418519827041463,0.0264900953482991,"mar",0,0,1,"0%"
"n500_d4_mar_miss00","gamlss.longitudinal",500,4,"mu",0.38,0.376500908260779,0.372830833826471,0.34252385546753,0.413475107945176,-0.00163454859438612,0.0260220268556291,"mar",0,0,1,"0%"
"n500_d4_mar_miss00","gamlss.longitudinal",500,4,"theta",0.19,0.055240565451063,0.0415637415118322,0.0029311359680386,0.0952432829084254,-0.00977195111794519,0.0349730730598478,"mar",0,0,1,"0%"
"n500_d4_mar_miss00","gamlss2",500,4,"sigma",0.01,0.280927721498779,0.251476870427373,0.0188324174918455,0.48634502972487,-0.0467191233760938,0.155560760879212,"mar",0,0,1,"0%"
"n500_d4_mar_miss00","gamlss2",500,4,"mu",0.52,-0.0689332784603674,-0.0676071495603375,-0.104058032809451,-0.0468148080726981,-0.002076547824718,0.0210664925429788,"mar",0,0,1,"0%"
"n500_d4_mar_miss00","gamlss.longitudinal",500,4,"theta",1,-0.364965316156597,-0.395038634187348,-0.489818372814433,-0.327188312214373,-0.0340162774965492,0.0631987843491421,"mar",0,0,1,"0%"
"n500_d4_mar_miss00","gamlss.longitudinal",500,4,"theta",0.98,-0.34046415291859,-0.366125646942196,-0.460151010096257,-0.305272219155998,-0.0328264867752801,0.0602688112712,"mar",0,0,1,"0%"
"n500_d4_mar_miss00","gamlss2",500,4,"sigma",0.8,0.0892348012827812,0.057761156599248,-0.0146010984433508,0.232005636310216,-0.0200070375911793,0.080173318887846,"mar",0,0,1,"0%"
"n500_d4_mar_miss00","gamlss.longitudinal",500,4,"theta",0.96,-0.315310199841068,-0.338062677009001,-0.426860028169718,-0.280911770852416,-0.029256177663181,0.0547494385911284,"mar",0,0,1,"0%"
"n500_d4_mar_miss00","gamlss.longitudinal",500,4,"theta",0.94,-0.289621671492168,-0.309907547377576,-0.389923377425583,-0.257052947335628,-0.0262165644043016,0.0498318416266939,"mar",0,0,1,"0%"
"n500_d4_mar_miss00","gamlss.longitudinal",500,4,"theta",0.92,-0.2635188921644,-0.281598207116023,-0.35300253371619,-0.233188861065398,-0.0235862528912049,0.0455288090321239,"mar",0,0,1,"0%"
"n500_d4_mar_miss00","gamlss.longitudinal",500,4,"theta",0.07,-0.10297458579171,-0.0754946690549392,-0.143570590301683,-0.0172798592838911,0.0263763747429302,0.0591924814790587,"mar",0,0,1,"0%"
"n500_d4_mar_miss00","gamlss.longitudinal",500,4,"sigma",0.56,-0.273763242796178,-0.228989961346254,-0.265841138154446,-0.179166108835512,0.0497713145191025,0.060177303495229,"mar",0,0,1,"0%"
"n500_d4_mar_miss00","gamlss2",500,4,"mu",0.38,0.376500908260779,0.378196143016828,0.341745847868566,0.431188906501438,0.00412208932881479,0.0310046684773757,"mar",0,0,1,"0%"
"n500_d4_mar_miss00","gamlss.longitudinal",500,4,"mu",0.2,0.523081083962334,0.514568378677346,0.472285552405783,0.524780689436879,-0.0146674723750011,0.023951938603148,"mar",0,0,1,"0%"
"n500_d4_mar_miss00","gamlss.longitudinal",500,4,"theta",0.01,-0.198777438580707,-0.139249657659853,-0.219826918067898,-0.0655044015827004,0.058358391126667,0.0886992825563106,"mar",0,0,1,"0%"
"n500_d4_mar_miss00","gamlss.longitudinal",500,4,"sigma",0.52,-0.292144707424046,-0.236847421441834,-0.297591316244214,-0.190311304855803,0.0539388377044324,0.065404152116127,"mar",0,0,1,"0%"
"n500_d4_mar_miss00","gamlss.longitudinal",500,4,"mu",0.18,0.497654878856311,0.488887642993037,0.45258145094341,0.512687635973325,-0.0129891593493194,0.0251157236911633,"mar",0,0,1,"0%"
"n500_d4_mar_miss00","gamlss.longitudinal",500,4,"mu",0.16,0.464380359026108,0.459963387649713,0.416930097616163,0.492326598420432,-0.0103161294515216,0.0273117933255371,"mar",0,0,1,"0%"
"n500_d4_mar_miss00","gamlss.longitudinal",500,4,"theta",0.8,-0.10508613905841,-0.120171511537425,-0.1578157038182,-0.0511386819506063,-0.0104985593450616,0.0337411235410898,"mar",0,0,1,"0%"
"n500_d4_mar_miss00","gamlss.longitudinal",500,4,"mu",0.97,-0.103059723022149,-0.137556182643598,-0.226801443263607,-0.0740003417522329,-0.0384448428200567,0.0637640148980419,"mar",0,0,1,"0%"
"n500_d4_mar_miss00","gamlss.longitudinal",500,4,"mu",0.95,-0.169959346906221,-0.192474938234165,-0.264674411255931,-0.137951216486046,-0.0239738654222567,0.0484352942080667,"mar",0,0,1,"0%"
"n500_d4_mar_miss00","gamlss.longitudinal",500,4,"mu",0.93,-0.23417861036079,-0.248394279578931,-0.303035170927772,-0.198120344575537,-0.0116420113268814,0.0361924030147591,"mar",0,0,1,"0%"
"n500_d4_mar_miss00","gamlss.longitudinal",500,4,"mu",0.08,0.264964520755943,0.284393938529479,0.199115145383525,0.344169388993285,0.0135190479793435,0.0488357544391357,"mar",0,0,1,"0%"
"n500_d4_mar_miss00","gamlss2",500,4,"sigma",0.56,-0.273763242796178,-0.267047443818043,-0.332093059192577,-0.00257329831170956,0.0343322288691268,0.0981763579659434,"mar",0,0,1,"0%"
"n500_d4_mar_miss00","gamlss.longitudinal",500,4,"sigma",0.38,-0.214600885256126,-0.184301754315173,-0.232408219460846,-0.133139800461094,0.0313107770228317,0.0445435984481468,"mar",0,0,1,"0%"
"n500_d4_mar_miss00","gamlss2",500,4,"mu",0.2,0.523081083962334,0.522051136505677,0.479909125078945,0.542536399177607,-0.00552217418839963,0.0266995339339557,"mar",0,0,1,"0%"
"n500_d4_mar_miss00","gamlss.longitudinal",500,4,"mu",0.02,0.0689332784603674,0.121841567408149,0.0376063275542115,0.213612520416036,0.0482330347257021,0.0864450665483104,"mar",0,0,1,"0%"
"n500_d4_mar_miss00","gamlss2",500,4,"sigma",0.52,-0.292144707424046,-0.27392050253716,-0.343325661528086,-0.00109905341731347,0.0398662559653991,0.103137937299384,"mar",0,0,1,"0%"
"n500_d4_mar_miss00","gamlss2",500,4,"mu",0.18,0.497654878856311,0.493623012951961,0.456516888117495,0.527514387079655,-0.00373965631573284,0.0277271898323802,"mar",0,0,1,"0%"
"n500_d4_mar_miss00","gamlss2",500,4,"mu",0.16,0.464380359026108,0.46525817887446,0.424325206096312,0.508483119558355,-0.00162250029066947,0.0317846447873725,"mar",0,0,1,"0%"
"n500_d4_mar_miss00","gamlss.longitudinal",500,4,"mu",0.81,-0.511377067238538,-0.504355955359129,-0.533043505017623,-0.458762852031815,0.011016598154461,0.0278816537533362,"mar",0,0,1,"0%"
"n500_d4_mar_miss00","gamlss2",500,4,"mu",0.14,0.423782283526684,0.425270886335063,0.371680008931762,0.479301177041413,0.000676150451363494,0.0381661619751144,"mar",0,0,1,"0%"
"n500_d4_mar_miss00","gamlss2",500,4,"mu",0.12,0.376500908260779,0.387518299063959,0.315465957856817,0.440236763694176,0.00310225586944974,0.04464232970497,"mar",0,0,1,"0%"
"n500_d4_mar_miss00","gamlss2",500,4,"mu",0.1,0.32328188876086,0.337707558981421,0.25744164441831,0.392158934253984,0.0057400441325167,0.0498003705251211,"mar",0,0,1,"0%"
"n500_d4_mar_miss00","gamlss2",500,4,"mu",0.08,0.264964520755943,0.282389565063783,0.186469140637998,0.338385355339309,0.00881091980377817,0.0541610197658821,"mar",0,0,1,"0%"
"n500_d4_mar_miss00","gamlss.longitudinal",500,4,"theta",0.56,0.140032230321198,0.162187471855325,0.103515543327617,0.216573847128436,0.0135079142961899,0.0376597892165614,"mar",0,0,1,"0%"
"n500_d4_mar_miss00","gamlss2",500,4,"sigma",0.38,-0.214600885256126,-0.186089184406626,-0.272044018659861,0.000500866380252066,0.0400560715513206,0.0912589604737829,"mar",0,0,1,"0%"
"n500_d4_mar_miss00","gamlss.longitudinal",500,4,"sigma",0.2,0.0892348012827813,0.0505981534180249,0.00457938744323633,0.114782593636757,-0.0324680212591899,0.0460860276718457,"mar",0,0,1,"0%"
"n500_d4_mar_miss00","gamlss2",500,4,"mu",0.02,0.0689332784603674,0.0891893699314523,-0.0295063059233149,0.17704641919288,0.0227516347185897,0.0860561532090865,"mar",0,0,1,"0%"
"n500_d4_mar_miss00","gamlss.longitudinal",500,4,"theta",0.52,0.161939710247622,0.181876727654729,0.121579482728182,0.232047905675482,0.0128042553951856,0.0366246760602632,"mar",0,0,1,"0%"
"n500_d4_mar_miss00","gamlss.longitudinal",500,4,"mu",0.13,0.400932745081776,0.401968533898177,0.347567025028473,0.445679600843998,-0.00412400397705183,0.0326487296543335,"mar",0,0,1,"0%"
"n500_d4_mar_miss00","gamlss.longitudinal",500,4,"sigma",0.16,0.154717741463996,0.113979240823596,0.0630947853345799,0.174160329866207,-0.0396146292264713,0.0538068022780295,"mar",0,0,1,"0%"
"n500_d4_mar_miss00","gamlss2",500,4,"mu",0.81,-0.511377067238538,-0.516369407375673,-0.546167853713066,-0.458471974075022,0.00388754672125269,0.0308771701754755,"mar",0,0,1,"0%"
"n500_d4_mar_miss00","gamlss.longitudinal",500,4,"sigma",0.14,0.183796899894904,0.146006426401714,0.0925128115434065,0.196369773788442,-0.0404742479211967,0.0552412912517785,"mar",0,0,1,"0%"
"n500_d4_mar_miss00","gamlss.longitudinal",500,4,"sigma",0.12,0.20978029119672,0.176922901723183,0.121830992827162,0.219162763720712,-0.0389646796611715,0.0551396113372841,"mar",0,0,1,"0%"
"n500_d4_mar_miss00","gamlss.longitudinal",500,4,"sigma",0.1,0.232234801282781,0.201764280099484,0.144797181014452,0.264476328986148,-0.0346277161756843,0.0539367974535896,"mar",0,0,1,"0%"
"n500_d4_mar_miss00","gamlss.longitudinal",500,4,"sigma",0.08,0.250781706983456,0.231296602380136,0.163405836660142,0.297721039142925,-0.02699323300523,0.0526099266954826,"mar",0,0,1,"0%"
"n500_d4_mar_miss00","gamlss.longitudinal",500,4,"mu",0.57,-0.23417861036079,-0.241667588198844,-0.258713866694266,-0.19438807766201,0.00202690208191719,0.0238022381049757,"mar",0,0,1,"0%"
"n500_d4_mar_miss00","gamlss.longitudinal",500,4,"theta",0.38,0.18081150867889,0.177628061604703,0.148448617992998,0.209731288107372,-0.00141309572504438,0.0296230068093881,"mar",0,0,1,"0%"
"n500_d4_mar_miss00","gamlss2",500,4,"sigma",0.2,0.0892348012827813,0.0765364522431803,0.011241682598317,0.160586960415968,-0.00744663677731556,0.0502206079764953,"mar",0,0,1,"0%"
"n500_d4_mar_miss00","gamlss.longitudinal",500,4,"sigma",0.02,0.28012411336464,0.302163276171666,0.211684256289555,0.390804573053942,0.0199906702390417,0.0688192330730991,"mar",0,0,1,"0%"
"n500_d4_mar_miss00","gamlss.longitudinal",500,4,"mu",0.53,-0.103059723022149,-0.10374504478312,-0.125363991762487,-0.0746266877867319,0.00250251329969939,0.0194441489595617,"mar",0,0,1,"0%"
"n500_d4_mar_miss00","gamlss2",500,4,"mu",0.13,0.400932745081776,0.407361852584074,0.343901904524319,0.460960218896301,0.00187164480674406,0.0415174318623849,"mar",0,0,1,"0%"
"n500_d4_mar_miss00","gamlss2",500,4,"sigma",0.16,0.154717741463996,0.151539154034286,0.0128343262078375,0.236528360063198,-0.00617258780880119,0.0694888767992771,"mar",0,0,1,"0%"
"n500_d4_mar_miss00","gamlss.longitudinal",500,4,"sigma",0.81,0.106357068775701,0.0597026306403116,0.0186393955856271,0.10746569989063,-0.0419920240939954,0.055520482594383,"mar",0,0,1,"0%"
"n500_d4_mar_miss00","gamlss2",500,4,"sigma",0.14,0.183796899894904,0.171817271662888,0.0136324493596225,0.300792730341365,-0.00815593470673589,0.0816415079237527,"mar",0,0,1,"0%"
"n500_d4_mar_miss00","gamlss2",500,4,"sigma",0.12,0.20978029119672,0.203950831313546,0.0144314174062391,0.342836168007453,-0.012522354713685,0.0904069601413325,"mar",0,0,1,"0%"
"n500_d4_mar_miss00","gamlss2",500,4,"sigma",0.1,0.232234801282781,0.222762474086535,0.0152309989249055,0.354306632486467,-0.0191356028697841,0.0943697153473249,"mar",0,0,1,"0%"
"n500_d4_mar_miss00","gamlss2",500,4,"sigma",0.08,0.250781706983456,0.246099318546196,0.016031004513768,0.331771889143381,-0.0272389882186076,0.0957243730182448,"mar",0,0,1,"0%"
"n500_d4_mar_miss00","gamlss2",500,4,"mu",0.57,-0.23417861036079,-0.246829032128373,-0.272432380666973,-0.193728919180238,-0.00449755942797918,0.0281038681324607,"mar",0,0,1,"0%"
"n500_d4_mar_miss00","gamlss.longitudinal",500,4,"mu",0.39,0.350583194361779,0.346646586971868,0.316359076369005,0.386749414578156,-0.000578695989274547,0.02545036372185,"mar",0,0,1,"0%"
"n500_d4_mar_miss00","gamlss.longitudinal",500,4,"theta",0.2,0.0659599177906087,0.0507346783226129,0.0144784328792031,0.105270917943381,-0.0110397121583746,0.0343476429950053,"mar",0,0,1,"0%"
"n500_d4_mar_miss00","gamlss2",500,4,"sigma",0.02,0.28012411336464,0.244475805402336,0.0184321736156183,0.456720099049192,-0.0462734568436789,0.140085280196659,"mar",0,0,1,"0%"
"n500_d4_mar_miss00","gamlss2",500,4,"mu",0.53,-0.103059723022149,-0.10365782595285,-0.138361639946654,-0.0746247728620085,-0.00275116776889781,0.0220182084741499,"mar",0,0,1,"0%"
"n500_d4_mar_miss00","gamlss.longitudinal",500,4,"sigma",0.13,0.197203834748904,0.162028472703557,0.107190647306344,0.205596715795764,-0.0400478305715719,0.0553637250897764,"mar",0,0,1,"0%"
"n500_d4_mar_miss00","gamlss.longitudinal",500,4,"theta",0.16,0.0206310613124014,0.013610258390584,-0.0324137411323943,0.0658460386766308,-0.004382565860364,0.0375403698977178,"mar",0,0,1,"0%"
"n500_d4_mar_miss00","gamlss2",500,4,"sigma",0.81,0.106357068775701,0.082092041537974,-0.0141903729761987,0.242843237972271,-0.0201971839109237,0.0780816983756317,"mar",0,0,1,"0%"
"n500_d4_mar_miss00","gamlss.longitudinal",500,4,"theta",0.14,-0.00439367082121678,-0.00100947162334803,-0.0565277435777138,0.0440968647058239,0.000564713252724861,0.0401946804186913,"mar",0,0,1,"0%"
"n500_d4_mar_miss00","gamlss.longitudinal",500,4,"theta",0.12,-0.0308875528698806,-0.0185364121423935,-0.0810272768101352,0.0236039793881427,0.00660210763288731,0.0439347298273591,"mar",0,0,1,"0%"
"n500_d4_mar_miss00","gamlss.longitudinal",500,4,"theta",0.1,-0.0587649689921358,-0.0407102820813995,-0.105856102533004,0.00755143399765178,0.0137192156599314,0.0489749608481613,"mar",0,0,1,"0%"
"n500_d4_mar_miss00","gamlss.longitudinal",500,4,"theta",0.08,-0.0879348431696164,-0.0649090836741435,-0.130948176591901,-0.00887217487356998,0.0218963219763263,0.0554268999918397,"mar",0,0,1,"0%"
"n500_d4_mar_miss00","gamlss.longitudinal",500,4,"sigma",0.57,-0.266408412769509,-0.226120097989522,-0.256288805876681,-0.173505101748104,0.0479906804339484,0.0583050387489334,"mar",0,0,1,"0%"
"n500_d4_mar_miss00","gamlss2",500,4,"mu",0.39,0.350583194361779,0.349367049279812,0.31614357416616,0.403162489793273,0.00471862610396742,0.0307028164433365,"mar",0,0,1,"0%"
"n500_d4_mar_miss00","gamlss.longitudinal",500,4,"mu",0.21,0.532720738620747,0.524304216156001,0.482707081637829,0.534980718772725,-0.0151821485272366,0.0237201281771081,"mar",0,0,1,"0%"
"n500_d4_mar_miss00","gamlss.longitudinal",500,4,"theta",0.02,-0.182214238754327,-0.128614701068501,-0.207088374443112,-0.0576193117046802,0.0524568920541426,0.0830273367386817,"mar",0,0,1,"0%"
"n500_d4_mar_miss00","gamlss.longitudinal",500,4,"sigma",0.53,-0.28924647224831,-0.23495686891579,-0.290721768124888,-0.189580639566884,0.0533604022976551,0.0644879542346915,"mar",0,0,1,"0%"
"n500_d4_mar_miss00","gamlss2",500,4,"sigma",0.13,0.197203834748904,0.189946415847284,0.0140318430904956,0.325244401657901,-0.0100363339560075,0.0866044311818017,"mar",0,0,1,"0%"
"n500_d4_mar_miss00","gamlss.longitudinal",500,4,"mu",0.17,0.481968674024125,0.476115934007208,0.440864642569708,0.503642415692265,-0.0117743732474746,0.0260778522562229,"mar",0,0,1,"0%"
"n500_d4_mar_miss00","gamlss.longitudinal",500,4,"theta",0.81,-0.118039780738624,-0.133052278209441,-0.171948307926075,-0.0673663477789152,-0.0116576127687424,0.03388599800592,"mar",0,0,1,"0%"
"n500_d4_mar_miss00","gamlss.longitudinal",500,4,"mu",0.15,0.444959346906221,0.440890377306815,0.394973890118347,0.478946051893987,-0.00855688914378048,0.0288035244478243,"mar",0,0,1,"0%"
"n500_d4_mar_miss00","gamlss.longitudinal",500,4,"mu",0.4,0.32328188876086,0.31872122645653,0.288966334491408,0.358457938832487,0.000380756344942285,0.024854754251368,"mar",0,0,1,"0%"
"n500_d4_mar_miss00","gamlss.longitudinal",500,4,"mu",0.11,0.350583194361779,0.359857636226833,0.291511322316732,0.405372396004317,0.00173778556671372,0.0377949764458661,"mar",0,0,1,"0%"
"n500_d4_mar_miss00","gamlss.longitudinal",500,4,"mu",0.09,0.294704737238448,0.312068136437169,0.230825128085285,0.370672439200349,0.00917307089868465,0.0446263157246144,"mar",0,0,1,"0%"
"n500_d4_mar_miss00","gamlss2",500,4,"sigma",0.57,-0.266408412769509,-0.258022568190435,-0.33310198578355,-0.00293938651229367,0.0333699339194575,0.0976123534441796,"mar",0,0,1,"0%"
"n500_d4_mar_miss00","gamlss.longitudinal",500,4,"sigma",0.39,-0.22683426986244,-0.192579610955573,-0.249160380419542,-0.140800918992153,0.034501716327167,0.047995898831416,"mar",0,0,1,"0%"
"n500_d4_mar_miss00","gamlss2",500,4,"mu",0.21,0.532720738620747,0.531997048597296,0.489132630563549,0.564316878156523,-0.0062246596933039,0.0268138783068829,"mar",0,0,1,"0%"
"n500_d4_mar_miss00","gamlss.longitudinal",500,4,"mu",0.03,0.103059723022149,0.146085510721545,0.0669397856662602,0.230314356514959,0.0415809200912312,0.0788072313330496,"mar",0,0,1,"0%"
"n500_d4_mar_miss00","gamlss2",500,4,"sigma",0.53,-0.28924647224831,-0.275361200118165,-0.342424448326491,-0.00146911848502063,0.0381898307736632,0.101644225246371,"mar",0,0,1,"0%"
"n500_d4_mar_miss00","gamlss.longitudinal",500,4,"theta",0.13,-0.0174621870551856,-0.00949460459535686,-0.0687340442221751,0.0326977250054959,0.00344757343424209,0.0419135801046518,"mar",0,0,1,"0%"
"n500_d4_mar_miss00","gamlss2",500,4,"mu",0.17,0.481968674024125,0.484893493983224,0.440392181278919,0.519254541522867,-0.0027112590587006,0.0293541930992216,"mar",0,0,1,"0%"
"n500_d4_mar_miss00","gamlss.longitudinal",500,4,"mu",0.82,-0.497654878856311,-0.490685490525827,-0.517709626970029,-0.445688841465664,0.0116118497666618,0.0271334343957614,"mar",0,0,1,"0%"
"n500_d4_mar_miss00","gamlss2",500,4,"mu",0.15,0.444959346906221,0.44603956223419,0.398568807964764,0.495162500495795,-0.000489984666643134,0.0348218982289935,"mar",0,0,1,"0%"
"n500_d4_mar_miss00","gamlss2",500,4,"mu",0.4,0.32328188876086,0.319149709887666,0.283908436449143,0.372152221043107,0.00511370336848091,0.0303730903898157,"mar",0,0,1,"0%"
"n500_d4_mar_miss00","gamlss2",500,4,"mu",0.11,0.350583194361779,0.364959885338774,0.286584471817074,0.417252279772342,0.00438335579785738,0.0474062170918327,"mar",0,0,1,"0%"
"n500_d4_mar_miss00","gamlss2",500,4,"mu",0.09,0.294704737238448,0.308835290815942,0.224559296590675,0.36589264773805,0.00720506003958004,0.0519601783948135,"mar",0,0,1,"0%"
"n500_d4_mar_miss00","gamlss.longitudinal",500,4,"theta",0.57,0.13350879668018,0.153290693063717,0.0941820273482934,0.210504254058644,0.0133820827933154,0.0377788997797411,"mar",0,0,1,"0%"
"n500_d4_mar_miss00","gamlss2",500,4,"sigma",0.39,-0.22683426986244,-0.192098499075447,-0.280719796029627,0.000435111300980909,0.0437380608328192,0.0966727233019069,"mar",0,0,1,"0%"
"n500_d4_mar_miss00","gamlss.longitudinal",500,4,"sigma",0.21,0.0717266691197535,0.0366945155036675,-0.00943049762447369,0.0971461211613937,-0.0298226276412564,0.0432514305941034,"mar",0,0,1,"0%"
"n500_d4_mar_miss00","gamlss2",500,4,"mu",0.03,0.103059723022149,0.123188480474597,0.022328895483707,0.205253091835817,0.0198838207839292,0.0777555796216993,"mar",0,0,1,"0%"
"n500_d4_mar_miss00","gamlss.longitudinal",500,4,"theta",0.53,0.157106749667138,0.177576562455376,0.11496265323495,0.229394127656478,0.0131530196675793,0.0369556315218903,"mar",0,0,1,"0%"
"n500_d4_mar_miss00","gamlss.longitudinal",500,4,"mu",0.14,0.423782283526684,0.420249837187959,0.373513013101541,0.463361305635853,-0.00650924496346309,0.0305828198669176,"mar",0,0,1,"0%"
"n500_d4_mar_miss00","gamlss.longitudinal",500,4,"sigma",0.17,0.139165805200812,0.0980267476961155,0.0483884803586346,0.16116467509922,-0.0384317417975883,0.0524739368267118,"mar",0,0,1,"0%"
"n500_d4_mar_miss00","gamlss2",500,4,"mu",0.82,-0.497654878856311,-0.499322966634882,-0.528964223347334,-0.451640066113785,0.00571529996711585,0.0296503405628812,"mar",0,0,1,"0%"
"n500_d4_mar_miss00","gamlss.longitudinal",500,4,"sigma",0.15,0.169615278658039,0.129980531649232,0.0778094785324295,0.185919378955227,-0.040312471394139,0.0547307581037641,"mar",0,0,1,"0%"
"n500_d4_mar_miss00","gamlss2",500,4,"mu",0.24,0.548914700635549,0.544744359777836,0.50772529605373,0.57864441703146,-0.00737121861423187,0.0269419660349602,"mar",0,0,1,"0%"
"n500_d4_mar_miss00","gamlss.longitudinal",500,4,"sigma",0.11,0.221473675803034,0.186944759044188,0.134690783787122,0.241673486930295,-0.0371778947429396,0.0546317249265114,"mar",0,0,1,"0%"
"n500_d4_mar_miss00","gamlss.longitudinal",500,4,"sigma",0.09,0.242018080620902,0.217574808464953,0.154877246896755,0.287564602609833,-0.03125368168084,0.0531941112932372,"mar",0,0,1,"0%"
"n500_d4_mar_miss00","gamlss.longitudinal",500,4,"mu",0.58,-0.264964520755943,-0.27055232041777,-0.287253266057061,-0.220221607828611,0.00196428942056207,0.0252194128946383,"mar",0,0,1,"0%"
"n500_d4_mar_miss00","gamlss.longitudinal",500,4,"theta",0.39,0.182603522832818,0.17851338189149,0.149823704000428,0.21401838089256,-4.01373950316648e-05,0.0299847378371494,"mar",0,0,1,"0%"
"n500_d4_mar_miss00","gamlss2",500,4,"sigma",0.21,0.0717266691197535,0.0417987109195795,0.00100818715605192,0.144173147715343,-0.00818873368603972,0.0488171884982556,"mar",0,0,1,"0%"
"n500_d4_mar_miss00","gamlss.longitudinal",500,4,"sigma",0.03,0.278125878188904,0.290086214163917,0.204113546080382,0.372972337396011,0.00938955859731621,0.0623392690862114,"mar",0,0,1,"0%"
"n500_d4_mar_miss00","gamlss.longitudinal",500,4,"mu",0.54,-0.13677943794067,-0.140440085938175,-0.163202807035132,-0.107435002041875,0.00235106995618509,0.0202229556129523,"mar",0,0,1,"0%"
"n500_d4_mar_miss00","gamlss.longitudinal",500,4,"mu",0.25,0.55,0.53969614864334,0.503678225540653,0.559980972392233,-0.0152241968037275,0.0244462576026298,"mar",0,0,1,"0%"
"n500_d4_mar_miss00","gamlss2",500,4,"sigma",0.17,0.139165805200812,0.128391101897578,0.0124356624874276,0.215909921124779,-0.00597493684166255,0.0632435639833057,"mar",0,0,1,"0%"
"n500_d4_mar_miss00","gamlss.longitudinal",500,4,"sigma",0.82,0.123023490439819,0.0768721928869684,0.0280376569269866,0.120016746198746,-0.0449859687740533,0.0574789420976641,"mar",0,0,1,"0%"
"n500_d4_mar_miss00","gamlss2",500,4,"sigma",0.15,0.169615278658039,0.16188737772632,0.0132332663138523,0.27086018531858,-0.00687914263016035,0.0757966722264054,"mar",0,0,1,"0%"
"n500_d4_mar_miss00","gamlss.longitudinal",500,4,"sigma",0.24,0.0176068588290911,-0.00613518800282985,-0.0441040321025743,0.0409148819216069,-0.0204878591758825,0.0332902957584399,"mar",0,0,1,"0%"
"n500_d4_mar_miss00","gamlss2",500,4,"sigma",0.11,0.221473675803034,0.212427791184647,0.0148311442715676,0.352736133517928,-0.0155793837295319,0.0929518150543391,"mar",0,0,1,"0%"
"n500_d4_mar_miss00","gamlss2",500,4,"sigma",0.09,0.242018080620902,0.235793429339646,0.015630959234774,0.34727612826469,-0.0230746535082044,0.0950668507917118,"mar",0,0,1,"0%"
"n500_d4_mar_miss00","gamlss2",500,4,"mu",0.58,-0.264964520755943,-0.280159775469934,-0.304603678766168,-0.218301093033149,-0.00475647696952802,0.0296843200214664,"mar",0,0,1,"0%"
"n500_d4_mar_miss00","gamlss.longitudinal",500,4,"theta",0.25,0.113068267653095,0.0961311371210709,0.0595079686544468,0.146370070921197,-0.0136933600318737,0.0318620934629449,"mar",0,0,1,"0%"
"n500_d4_mar_miss00","gamlss.longitudinal",500,4,"theta",0.21,0.0762566725753297,0.0602337124182526,0.0258943045332851,0.114336582481963,-0.0120508680262784,0.033789056230589,"mar",0,0,1,"0%"
"n500_d4_mar_miss00","gamlss2",500,4,"sigma",0.03,0.278125878188904,0.2374623673751,0.0180319324826077,0.427086368289674,-0.0447686080590225,0.126369514379345,"mar",0,0,1,"0%"
"n500_d4_mar_miss00","gamlss2",500,4,"mu",0.54,-0.13677943794067,-0.142572106269361,-0.171929127657776,-0.104013809768101,-0.00332396319046052,0.0233445678593588,"mar",0,0,1,"0%"
"n500_d4_mar_miss00","gamlss2",500,4,"mu",0.25,0.55,0.544522798087896,0.510651349305118,0.581543207598903,-0.00738015982006227,0.0267615119786501,"mar",0,0,1,"0%"
"n500_d4_mar_miss00","gamlss.longitudinal",500,4,"theta",0.17,0.0325673178431966,0.0226373680420215,-0.0205166729700729,0.0762393609861938,-0.00644555991842948,0.0365341932535872,"mar",0,0,1,"0%"
"n500_d4_mar_miss00","gamlss2",500,4,"sigma",0.82,0.123023490439819,0.102206719504714,-0.0134993180462194,0.2509100600385,-0.0201416301905265,0.0761973620591045,"mar",0,0,1,"0%"
"n500_d4_mar_miss00","gamlss.longitudinal",500,4,"theta",0.15,0.00830746729452853,0.0060235616859657,-0.0444213742637975,0.0551711943713158,-0.00204240402594244,0.0387511507760945,"mar",0,0,1,"0%"
"n500_d4_mar_miss00","gamlss2",500,4,"sigma",0.24,0.0176068588290911,0.00556654373453058,-0.0628512479500954,0.0785830517815895,-0.00915278840568713,0.0505137918337092,"mar",0,0,1,"0%"
"n500_d4_mar_miss00","gamlss.longitudinal",500,4,"theta",0.11,-0.0446588875603512,-0.0283572564756099,-0.0934050162574487,0.0156300701227671,0.010026370541219,0.0462823926709313,"mar",0,0,1,"0%"
"n500_d4_mar_miss00","gamlss.longitudinal",500,4,"theta",0.09,-0.0731942446761535,-0.0534895180325893,-0.118373577687367,-0.000621476709161031,0.0176767639678088,0.0520216835939984,"mar",0,0,1,"0%"
"n500_d4_mar_miss00","gamlss.longitudinal",500,4,"sigma",0.58,-0.258002301042862,-0.220927492311693,-0.2486843649744,-0.167282597889152,0.0459009781752055,0.0562418690100069,"mar",0,0,1,"0%"
"n500_d4_mar_miss00","gamlss.longitudinal",500,4,"mu",0.26,0.548914700635549,0.538414797306521,0.504323941477941,0.56240993225209,-0.0147833604971348,0.0248846936561285,"mar",0,0,1,"0%"
"n500_d4_mar_miss00","gamlss.longitudinal",500,4,"mu",0.22,0.540257987900779,0.528478504885259,0.491429706947665,0.543680483031199,-0.0154776993346531,0.0236660734310622,"mar",0,0,1,"0%"
"n500_d4_mar_miss00","gamlss.longitudinal",500,4,"theta",0.03,-0.165871351737091,-0.117980491899508,-0.194354024247662,-0.0497372419734,0.0467719747055337,0.0776356218199263,"mar",0,0,1,"0%"
"n500_d4_mar_miss00","gamlss.longitudinal",500,4,"sigma",0.54,-0.285205245368292,-0.23357774901985,-0.283080664288986,-0.188217306031995,0.0524777357980478,0.0633017183719068,"mar",0,0,1,"0%"
"n500_d4_mar_miss00","gamlss.longitudinal",500,4,"sigma",0.25,-0.000720297029702949,-0.0201456315933319,-0.0552966040298119,0.0227769138524123,-0.0170037775974699,0.0297664784642303,"mar",0,0,1,"0%"
"n500_d4_mar_miss00","gamlss.longitudinal",500,4,"sigma",0.23,0.0358396730395883,0.00752896517052536,-0.0327263293303554,0.0590307654341179,-0.0237955720479697,0.0367845866366285,"mar",0,0,1,"0%"
"n500_d4_mar_miss00","gamlss.longitudinal",500,4,"mu",0.27,0.545663085722963,0.534823740644728,0.50322506540516,0.562487685618486,-0.0141899780528473,0.0254177189709237,"mar",0,0,1,"0%"
"n500_d4_mar_miss00","gamlss.longitudinal",500,4,"theta",0.26,0.121143738894038,0.10439473588587,0.0715940984712145,0.153298142701724,-0.0135525349959231,0.031413555899807,"mar",0,0,1,"0%"
"n500_d4_mar_miss00","gamlss.longitudinal",500,4,"theta",0.24,0.104535551154696,0.0875776800553825,0.0542960802458562,0.139022377801483,-0.0136231085455489,0.0323232500871963,"mar",0,0,1,"0%"
"n500_d4_mar_miss00","gamlss.longitudinal",500,4,"mu",0.12,0.376500908260779,0.379894757537157,0.32017764340983,0.426117773403784,-0.00138139746451548,0.0350395159762951,"mar",0,0,1,"0%"
"n500_d4_mar_miss00","gamlss.longitudinal",500,4,"mu",0.1,0.32328188876086,0.338491081688156,0.261668964790049,0.394912886294257,0.00524429283117105,0.0409751415921912,"mar",0,0,1,"0%"
"n500_d4_mar_miss00","gamlss2",500,4,"mu",0.26,0.548914700635549,0.537899612761238,0.512017619485786,0.581801918974966,-0.00718160288879546,0.0266211507280621,"mar",0,0,1,"0%"
"n500_d4_mar_miss00","gamlss.longitudinal",500,4,"sigma",0.22,0.0539040973460145,0.0230033493268904,-0.0211646128186629,0.0784956848547753,-0.0269238610021834,0.0401269027509192,"mar",0,0,1,"0%"
"n500_d4_mar_miss00","gamlss2",500,4,"mu",0.22,0.540257987900779,0.538247456180688,0.496826233023792,0.575860948930147,-0.0067770467196394,0.0269799297551779,"mar",0,0,1,"0%"
"n500_d4_mar_miss00","gamlss.longitudinal",500,4,"theta",0.27,0.128756363872617,0.112352553455357,0.0839629055003437,0.159759764915144,-0.0132237265075897,0.0309731004801941,"mar",0,0,1,"0%"
"n500_d4_mar_miss00","gamlss2",500,4,"sigma",0.54,-0.285205245368292,-0.272091630241975,-0.337104452363192,-0.00183817488941444,0.0367111397915185,0.100272186889429,"mar",0,0,1,"0%"
"n500_d4_mar_miss00","gamlss2",500,4,"sigma",0.25,-0.000720297029702949,-0.000265440626666558,-0.0899489939407673,0.0643887874318681,-0.00863805610052234,0.0516432019624199,"mar",0,0,1,"0%"
"n500_d4_mar_miss00","gamlss2",500,4,"sigma",0.23,0.0358396730395883,0.0112510763166126,-0.032497632136905,0.100466283970195,-0.00917713997938666,0.0494179075922258,"mar",0,0,1,"0%"
"n500_d4_mar_miss00","gamlss2",500,4,"mu",0.27,0.545663085722963,0.539232008407392,0.507074789960369,0.579506687689036,-0.00677364213923121,0.0266521704765229,"mar",0,0,1,"0%"
"n500_d4_mar_miss00","gamlss.longitudinal",500,4,"sigma",0.26,-0.019067452888497,-0.0331792175029827,-0.066270382599104,0.00383037055606636,-0.0134032800698588,0.0263676658959836,"mar",0,0,1,"0%"
"n500_d4_mar_miss00","gamlss2",500,4,"mu",0.23,0.545663085722963,0.540400992093498,0.50302216588156,0.57303320540969,-0.00716461458632365,0.0270356024306328,"mar",0,0,1,"0%"
"n500_d4_mar_miss00","gamlss.longitudinal",500,4,"mu",0.23,0.545663085722963,0.534895982917607,0.497771651585789,0.551949439669722,-0.0155575997959828,0.0237849784669032,"mar",0,0,1,"0%"
"n500_d4_mar_miss00","gamlss2",500,4,"sigma",0.26,-0.019067452888497,-0.013554025414331,-0.11373871029959,0.0435490517638167,-0.00755317468418466,0.0526147409521625,"mar",0,0,1,"0%"
"n500_d4_mar_miss00","gamlss2",500,4,"sigma",0.22,0.0539040973460145,0.0301603707803125,-0.00517353739563175,0.124201177981738,-0.00881338145883792,0.0486995609009036,"mar",0,0,1,"0%"
"n500_d4_mar_miss00","gamlss.longitudinal",500,4,"theta",0.23,0.0955516416496119,0.078747737599265,0.0483280273194628,0.131209875108462,-0.0133317021046104,0.0327874149778517,"mar",0,0,1,"0%"
"n500_d4_mar_miss00","gamlss.longitudinal",500,4,"mu",0.28,0.540257987900779,0.528597809658913,0.494471979739735,0.56009593973037,-0.0134036217887208,0.0259236418519139,"mar",0,0,1,"0%"
"n500_d4_mar_miss00","gamlss.longitudinal",500,4,"mu",0.24,0.548914700635549,0.538948665374641,0.501477042471866,0.555136572773907,-0.0155007079048723,0.0240588478043356,"mar",0,0,1,"0%"
"n500_d4_mar_miss00","gamlss.longitudinal",500,4,"sigma",0.27,-0.0373602670989943,-0.0460371860795454,-0.0770127877163348,-0.0172376959086128,-0.0096911053489524,0.0233022332418826,"mar",0,0,1,"0%"
"n500_d4_mar_miss00","gamlss.longitudinal",500,4,"theta",0.22,0.0861230366616402,0.0696272585596025,0.0371794191071295,0.122986141540991,-0.0128137088140546,0.0332760685542235,"mar",0,0,1,"0%"
"n500_d4_mar_miss00","gamlss2",500,4,"sigma",0.27,-0.0373602670989943,-0.0320318698165692,-0.134253274015064,0.0279087993885714,-0.00584567650435744,0.0533876458387483,"mar",0,0,1,"0%"
"n500_d4_mar_miss30","gamlss2",500,4,"mu",0.34,0.464380359026108,0.457350224043005,0.425553270425361,0.511631614351414,-0.00132827212577882,0.0302333652771265,"mar",0.3,0.30165,0.514,"30%"
"n500_d4_mar_miss30","gamlss.longitudinal",500,4,"theta",0.76,-0.0545382033307625,-0.0584129192087887,-0.119422474523795,0.0186760698335188,-0.00494127196416869,0.0557825799047881,"mar",0.3,0.30165,0.514,"30%"
"n500_d4_mar_miss30","gamlss.longitudinal",500,4,"mu",0.37,0.400932745081776,0.4078088259931,0.379573801613723,0.449215538156098,0.0103580334908854,0.0298608095444928,"mar",0.3,0.30165,0.514,"30%"
"n500_d4_mar_miss30","gamlss.longitudinal",500,4,"sigma",0.34,-0.157778335523402,-0.148619729471148,-0.158969959290281,-0.100826844205488,0.0194357772902484,0.0312928288497432,"mar",0.3,0.30165,0.514,"30%"
"n500_d4_mar_miss30","gamlss.longitudinal",500,4,"theta",0.37,0.178526185500532,0.134229437148305,0.0848031042646716,0.160487421142319,-0.0506093454358645,0.0590610116675582,"mar",0.3,0.30165,0.514,"30%"
"n500_d4_mar_miss30","gamlss2",500,4,"mu",0.12,0.376500908260779,0.371807253342817,0.319952387610955,0.441523903868196,-0.00379190444851267,0.0437321050264323,"mar",0.3,0.30165,0.514,"30%"
"n500_d4_mar_miss30","gamlss.longitudinal",500,4,"mu",0.38,0.376500908260779,0.384389141218588,0.359430590691512,0.422586115946391,0.0109977720524933,0.0279792126102383,"mar",0.3,0.30165,0.514,"30%"
"n500_d4_mar_miss30","gamlss2",500,4,"mu",0.37,0.400932745081776,0.392114938319107,0.362485739900878,0.461499320265879,0.00116885865158782,0.0292433450899273,"mar",0.3,0.30165,0.514,"30%"
"n500_d4_mar_miss30","gamlss.longitudinal",500,4,"sigma",0.12,0.20978029119672,0.133443558228129,0.125049473211575,0.192785033371659,-0.0598637532805928,0.0663448050019528,"mar",0.3,0.30165,0.514,"30%"
"n500_d4_mar_miss30","gamlss.longitudinal",500,4,"mu",0.77,-0.545663085722963,-0.557353817882944,-0.585309644790359,-0.539287184654624,-0.0152313386570911,0.0241467052420637,"mar",0.3,0.30165,0.514,"30%"
"n500_d4_mar_miss30","gamlss.longitudinal",500,4,"theta",0.36,0.175747440125566,0.126915488642332,0.084577663113049,0.159442309022284,-0.0502373985584207,0.0583353377694499,"mar",0.3,0.30165,0.514,"30%"
"n500_d4_mar_miss30","gamlss2",500,4,"sigma",0.36,-0.18765749395431,-0.182729702405068,-0.299785034031677,-0.0937719765920761,0.00218816248834204,0.0713400831473201,"mar",0.3,0.30165,0.514,"30%"
"n500_d4_mar_miss30","gamlss2",500,4,"mu",0.77,-0.545663085722963,-0.550100634128731,-0.599737309474066,-0.485833819087918,0.00100655035516076,0.035909762912625,"mar",0.3,0.30165,0.514,"30%"
"n500_d4_mar_miss30","gamlss2",500,4,"sigma",0.34,-0.157778335523402,-0.155404611129801,-0.279962565706587,-0.0655800272913801,-0.00354471547512615,0.0698566081632635,"mar",0.3,0.30165,0.514,"30%"
"n500_d4_mar_miss30","gamlss2",500,4,"mu",0.38,0.376500908260779,0.368480319208098,0.347590091821195,0.440622539856836,0.00204647650536863,0.0284955383133295,"mar",0.3,0.30165,0.514,"30%"
"n500_d4_mar_miss30","gamlss2",500,4,"mu",0.36,0.423782283526684,0.417675787860814,0.384676957573953,0.480230379732707,0.000285876578828298,0.029854525542657,"mar",0.3,0.30165,0.514,"30%"
"n500_d4_mar_miss30","gamlss2",500,4,"sigma",0.12,0.20978029119672,0.237006434590027,0.129519587691315,0.380103758623376,0.0261420208211887,0.0865863913984,"mar",0.3,0.30165,0.514,"30%"
"n500_d4_mar_miss30","gamlss.longitudinal",500,4,"sigma",0.52,-0.292144707424046,-0.236796788850735,-0.334694354389647,-0.215827221765295,0.038033339501883,0.0652234681159515,"mar",0.3,0.30165,0.514,"30%"
"n500_d4_mar_miss30","gamlss2",500,4,"sigma",0.37,-0.20152442880831,-0.191262418675479,-0.30564052021786,-0.100151676456444,0.00538482556343918,0.0719583873633099,"mar",0.3,0.30165,0.514,"30%"
"n500_d4_mar_miss30","gamlss.longitudinal",500,4,"sigma",0.37,-0.20152442880831,-0.176559480991746,-0.212689066541195,-0.13069798014654,0.0261237344478478,0.0412000512098397,"mar",0.3,0.30165,0.514,"30%"
"n500_d4_mar_miss30","gamlss.longitudinal",500,4,"sigma",0.77,0.0358396730395883,0.0242734083796082,-0.0175644057201362,0.137020520284068,0.00485165972815523,0.0640582354201888,"mar",0.3,0.30165,0.514,"30%"
"n500_d4_mar_miss30","gamlss.longitudinal",500,4,"mu",0.41,0.294704737238448,0.301384165735912,0.286223868704418,0.328745066831585,0.0106544235926081,0.0199051316799021,"mar",0.3,0.30165,0.514,"30%"
"n500_d4_mar_miss30","gamlss.longitudinal",500,4,"mu",0.39,0.350583194361779,0.358761276355451,0.338003836082086,0.393281155204627,0.011234887034491,0.025523704485717,"mar",0.3,0.30165,0.514,"30%"
"n500_d4_mar_miss30","gamlss2",500,4,"sigma",0.04,0.274944651308886,0.268238392071905,0.102401657806207,0.426859401525095,-0.0119630161898847,0.089583466430284,"mar",0.3,0.30165,0.514,"30%"
"n500_d4_mar_miss30","gamlss.longitudinal",500,4,"mu",0.35,0.444959346906221,0.44767488734742,0.41678791423304,0.494179045857929,0.00798903044290352,0.0317474431562965,"mar",0.3,0.30165,0.514,"30%"
"n500_d4_mar_miss30","gamlss.longitudinal",500,4,"theta",0.34,0.168711664468909,0.110813507395109,0.083896802093065,0.156054406725587,-0.0489222924069275,0.0565872692588176,"mar",0.3,0.30165,0.514,"30%"
"n500_d4_mar_miss30","gamlss.longitudinal",500,4,"sigma",0.38,-0.214600885256126,-0.184944686384668,-0.230676021187743,-0.139982139003772,0.0279842446236456,0.0447342169606813,"mar",0.3,0.30165,0.514,"30%"
"n500_d4_mar_miss30","gamlss.longitudinal",500,4,"sigma",0.36,-0.18765749395431,-0.167691069057794,-0.193858595134931,-0.121058635205919,0.0240726459127868,0.0376978200273813,"mar",0.3,0.30165,0.514,"30%"
"n500_d4_mar_miss30","gamlss.longitudinal",500,4,"theta",0.12,-0.0308875528698806,0.0600606655519517,-0.126028571293427,0.0898035242011119,0.042957410536472,0.100038960067421,"mar",0.3,0.30165,0.514,"30%"
"n500_d4_mar_miss30","gamlss2",500,4,"sigma",0.52,-0.292144707424046,-0.279393136642091,-0.332953731154005,-0.19361458792544,0.0190320205184462,0.0536287261230839,"mar",0.3,0.30165,0.514,"30%"
"n500_d4_mar_miss30","gamlss.longitudinal",500,4,"sigma",0.32,-0.125444084499225,-0.116044715703367,-0.134451968390936,-0.0777548558499873,0.0139625733470098,0.0267379954445042,"mar",0.3,0.30165,0.514,"30%"
"n500_d4_mar_miss30","gamlss.longitudinal",500,4,"sigma",0.3,-0.0911753953421872,-0.0919753917339041,-0.108540604184252,-0.0515172290941763,0.00768270242945332,0.0253478539154162,"mar",0.3,0.30165,0.514,"30%"
"n500_d4_mar_miss30","gamlss2",500,4,"sigma",0.77,0.0358396730395883,-0.0237248839900013,-0.0847141776436518,0.208492795334937,-0.0167344652324494,0.097255932150623,"mar",0.3,0.30165,0.514,"30%"
"n500_d4_mar_miss30","gamlss2",500,4,"mu",0.41,0.294704737238448,0.293258688301342,0.265454902795025,0.34490008164031,0.00418959960389576,0.0265809281299452,"mar",0.3,0.30165,0.514,"30%"
"n500_d4_mar_miss30","gamlss2",500,4,"mu",0.39,0.350583194361779,0.341001831721529,0.330404068488896,0.416690768324991,0.00287203963756696,0.0277405836932915,"mar",0.3,0.30165,0.514,"30%"
"n500_d4_mar_miss30","gamlss.longitudinal",500,4,"theta",0.04,-0.149762537475142,0.00465070310621658,-0.230545908812846,0.0868860831412935,0.114636467431392,0.173119395113515,"mar",0.3,0.30165,0.514,"30%"
"n500_d4_mar_miss30","gamlss2",500,4,"mu",0.35,0.444959346906221,0.439534963639872,0.405685187934275,0.496908241352956,-0.000558661118864451,0.0302099626453101,"mar",0.3,0.30165,0.514,"30%"
"n500_d4_mar_miss30","gamlss2",500,4,"sigma",0.4,-0.238175395342187,-0.234850787655256,-0.306187756237109,-0.118558042532212,0.0147234479123309,0.0723560023708251,"mar",0.3,0.30165,0.514,"30%"
"n500_d4_mar_miss30","gamlss2",500,4,"sigma",0.38,-0.214600885256126,-0.205280330365472,-0.308675911499201,-0.106399319479079,0.00862359142706893,0.0723929749546081,"mar",0.3,0.30165,0.514,"30%"
"n500_d4_mar_miss30","gamlss2",500,4,"mu",0.04,0.13677943794067,0.154198869731155,0.0682066126479048,0.226349671789948,0.0153628660556602,0.0790684917475645,"mar",0.3,0.30165,0.514,"30%"
"n500_d4_mar_miss30","gamlss.longitudinal",500,4,"mu",0.13,0.400932745081776,0.427232411990811,0.395150356621197,0.450070181886781,0.0218948639977361,0.0305159161282407,"mar",0.3,0.30165,0.514,"30%"
"n500_d4_mar_miss30","gamlss.longitudinal",500,4,"theta",0.52,0.161939710247622,0.108009678580956,0.0740488378074279,0.17705633611667,-0.0416704528631621,0.0594112757969309,"mar",0.3,0.30165,0.514,"30%"
"n500_d4_mar_miss30","gamlss2",500,4,"sigma",0.32,-0.125444084499225,-0.120278326221211,-0.249938755607641,-0.0636442510247299,-0.00755260631086227,0.0682094284925028,"mar",0.3,0.30165,0.514,"30%"
"n500_d4_mar_miss30","gamlss2",500,4,"sigma",0.3,-0.0911753953421872,-0.0875638409892872,-0.210222403396153,-0.0303390667404874,-0.00902279712838341,0.0659865359626689,"mar",0.3,0.30165,0.514,"30%"
"n500_d4_mar_miss30","gamlss.longitudinal",500,4,"theta",0.77,-0.0669553676332503,-0.0715744018031527,-0.128876501056933,0.00833770492410905,-0.00284199858252693,0.0552446539006766,"mar",0.3,0.30165,0.514,"30%"
"n500_d4_mar_miss30","gamlss.longitudinal",500,4,"sigma",0.41,-0.248578674680307,-0.206938793145586,-0.278183871140669,-0.165424817442465,0.0324808430174998,0.0546189548283472,"mar",0.3,0.30165,0.514,"30%"
"n500_d4_mar_miss30","gamlss.longitudinal",500,4,"sigma",0.39,-0.22683426986244,-0.192820773955785,-0.247683465934689,-0.148890116192485,0.029667979493602,0.0482079364613284,"mar",0.3,0.30165,0.514,"30%"
"n500_d4_mar_miss30","gamlss.longitudinal",500,4,"mu",0.05,0.169959346906221,0.249147419057891,0.13706790476603,0.348696161784748,0.0658472282300107,0.10638019561688,"mar",0.3,0.30165,0.514,"30%"
"n500_d4_mar_miss30","gamlss.longitudinal",500,4,"sigma",0.35,-0.173055872717445,-0.158369008642676,-0.17427252591023,-0.11108187191693,0.0218495450390785,0.0343510076656035,"mar",0.3,0.30165,0.514,"30%"
"n500_d4_mar_miss30","gamlss.longitudinal",500,4,"theta",0.4,0.183902827970943,0.153181864782229,0.0849806664439958,0.162088837359465,-0.0507175748838753,0.0605653743298547,"mar",0.3,0.30165,0.514,"30%"
"n500_d4_mar_miss30","gamlss.longitudinal",500,4,"theta",0.38,0.18081150867889,0.141053207857656,0.0849503486394051,0.161073421456386,-0.0508055916968821,0.0596749633253044,"mar",0.3,0.30165,0.514,"30%"
"n500_d4_mar_miss30","gamlss.longitudinal",500,4,"sigma",0.04,0.274944651308886,0.230167862719435,0.148441012166899,0.335985427683061,-0.0435736266358999,0.0855810974834313,"mar",0.3,0.30165,0.514,"30%"
"n500_d4_mar_miss30","gamlss2",500,4,"mu",0.13,0.400932745081776,0.396426007742058,0.345035350897085,0.467963637761867,-0.00428010050599528,0.041613551976777,"mar",0.3,0.30165,0.514,"30%"
"n500_d4_mar_miss30","gamlss.longitudinal",500,4,"mu",0.53,-0.103059723022149,-0.117876943372549,-0.136279199398859,-0.10693450350017,-0.0168657938913917,0.0206118527874494,"mar",0.3,0.30165,0.514,"30%"
"n500_d4_mar_miss30","gamlss.longitudinal",500,4,"theta",0.32,0.159713005294007,0.107412533933817,0.0800632617318282,0.151088655061691,-0.0467161124522485,0.0545007233054568,"mar",0.3,0.30165,0.514,"30%"
"n500_d4_mar_miss30","gamlss.longitudinal",500,4,"theta",0.3,0.14876803279044,0.105459953704182,0.0737632672175072,0.14472067212663,-0.0435049966852255,0.0522661391725566,"mar",0.3,0.30165,0.514,"30%"
"n500_d4_mar_miss30","gamlss.longitudinal",500,4,"mu",0.78,-0.540257987900779,-0.548339908178,-0.575230716372691,-0.530547504041646,-0.0115280422365121,0.0219104302907228,"mar",0.3,0.30165,0.514,"30%"
"n500_d4_mar_miss30","gamlss2",500,4,"sigma",0.41,-0.248578674680307,-0.245151709228895,-0.31053219118356,-0.124480704604848,0.0173662338557581,0.0717673686499945,"mar",0.3,0.30165,0.514,"30%"
"n500_d4_mar_miss30","gamlss2",500,4,"sigma",0.39,-0.22683426986244,-0.221812860924679,-0.308848547669001,-0.112531458467817,0.0117751494137267,0.072550559703229,"mar",0.3,0.30165,0.514,"30%"
"n500_d4_mar_miss30","gamlss2",500,4,"mu",0.05,0.169959346906221,0.183261246189323,0.10565591198845,0.251014893239772,0.0113490306365444,0.0708885619821509,"mar",0.3,0.30165,0.514,"30%"
"n500_d4_mar_miss30","gamlss2",500,4,"sigma",0.35,-0.173055872717445,-0.17233677443918,-0.291193457020395,-0.0785716350475547,-0.000832100464596186,0.070620229844215,"mar",0.3,0.30165,0.514,"30%"
"n500_d4_mar_miss30","gamlss.longitudinal",500,4,"theta",0.53,0.157106749667138,0.100668646957249,0.0719083535542507,0.175582287849483,-0.0405075853138696,0.0591538856786102,"mar",0.3,0.30165,0.514,"30%"
"n500_d4_mar_miss30","gamlss2",500,4,"sigma",0.33,-0.141886399260218,-0.138428878873546,-0.266185770106474,-0.0668997000255851,-0.00582311612272752,0.0690637645407734,"mar",0.3,0.30165,0.514,"30%"
"n500_d4_mar_miss30","gamlss2",500,4,"sigma",0.31,-0.108517662835106,-0.101025629280756,-0.231274661886102,-0.0541171371335093,-0.008641889020501,0.0672178710591679,"mar",0.3,0.30165,0.514,"30%"
"n500_d4_mar_miss30","gamlss.longitudinal",500,4,"sigma",0.13,0.197203834748904,0.121409803155637,0.114805391656182,0.177219742433066,-0.0581223749128968,0.0642237413045122,"mar",0.3,0.30165,0.514,"30%"
"n500_d4_mar_miss30","gamlss2",500,4,"mu",0.53,-0.103059723022149,-0.1022340643606,-0.146902534463534,-0.0802018029454034,-0.00289952021977291,0.0248545226334044,"mar",0.3,0.30165,0.514,"30%"
"n500_d4_mar_miss30","gamlss.longitudinal",500,4,"mu",0.33,0.481968674024125,0.478110197816828,0.450298978184305,0.527746632447038,0.00459185848879585,0.0310417499094098,"mar",0.3,0.30165,0.514,"30%"
"n500_d4_mar_miss30","gamlss.longitudinal",500,4,"mu",0.31,0.511377067238538,0.49925477055014,0.480044762640085,0.550104888573925,0.000639522991614194,0.0281464568606882,"mar",0.3,0.30165,0.514,"30%"
"n500_d4_mar_miss30","gamlss2",500,4,"mu",0.78,-0.540257987900779,-0.538868904778049,-0.58578785639626,-0.479727341229331,0.00218480006542306,0.0353775032629727,"mar",0.3,0.30165,0.514,"30%"
"n500_d4_mar_miss30","gamlss.longitudinal",500,4,"theta",0.41,0.184710510346205,0.158468634803631,0.0848499394097948,0.163422384448162,-0.0504616436707249,0.0608460440809164,"mar",0.3,0.30165,0.514,"30%"
"n500_d4_mar_miss30","gamlss.longitudinal",500,4,"theta",0.39,0.182603522832818,0.147375509678452,0.0850131489897764,0.161153211120722,-0.0508460503567407,0.0601782521157846,"mar",0.3,0.30165,0.514,"30%"
"n500_d4_mar_miss30","gamlss.longitudinal",500,4,"sigma",0.05,0.270596657858843,0.21797471436391,0.150756159476053,0.316964819934381,-0.0491200874321408,0.0823192914647503,"mar",0.3,0.30165,0.514,"30%"
"n500_d4_mar_miss30","gamlss.longitudinal",500,4,"theta",0.35,0.17247564632995,0.119076210099483,0.0842765929268658,0.157956084851029,-0.0496862819990416,0.0575125129974199,"mar",0.3,0.30165,0.514,"30%"
"n500_d4_mar_miss30","gamlss.longitudinal",500,4,"mu",0.54,-0.13677943794067,-0.152074219573767,-0.173360305992893,-0.144864914381075,-0.0194131901429359,0.0227387966124261,"mar",0.3,0.30165,0.514,"30%"
"n500_d4_mar_miss30","gamlss.longitudinal",500,4,"theta",0.33,0.164456840627863,0.10834920927279,0.0822193622799248,0.15376392672238,-0.047930960367982,0.0555699753788481,"mar",0.3,0.30165,0.514,"30%"
"n500_d4_mar_miss30","gamlss.longitudinal",500,4,"theta",0.31,0.154482471549843,0.106441942968812,0.0778005499150088,0.148074746968169,-0.0452371355871482,0.0533792821179787,"mar",0.3,0.30165,0.514,"30%"
"n500_d4_mar_miss30","gamlss2",500,4,"sigma",0.13,0.197203834748904,0.221952710194257,0.122783285777454,0.371305114132414,0.028613955592086,0.0867097616728402,"mar",0.3,0.30165,0.514,"30%"
"n500_d4_mar_miss30","gamlss.longitudinal",500,4,"sigma",0.53,-0.28924647224831,-0.234890923418448,-0.329245712476265,-0.216256608028355,0.0379055615259733,0.0637680906985889,"mar",0.3,0.30165,0.514,"30%"
"n500_d4_mar_miss30","gamlss2",500,4,"mu",0.33,0.481968674024125,0.473741841287621,0.444312688170061,0.524498017617939,-0.00199455561637106,0.0299103145563444,"mar",0.3,0.30165,0.514,"30%"
"n500_d4_mar_miss30","gamlss2",500,4,"mu",0.31,0.511377067238538,0.50354330818067,0.471162749965665,0.548309983382779,-0.00294404339050418,0.0284343249406845,"mar",0.3,0.30165,0.514,"30%"
"n500_d4_mar_miss30","gamlss.longitudinal",500,4,"sigma",0.78,0.0539040973460143,0.0403070329568393,-0.00224336525617097,0.154293008940288,0.0018452296430675,0.0653247343069524,"mar",0.3,0.30165,0.514,"30%"
"n500_d4_mar_miss30","gamlss.longitudinal",500,4,"mu",0.42,0.264964520755944,0.269776538681156,0.25857636783527,0.293552488282279,0.00969475994650224,0.0167704349667773,"mar",0.3,0.30165,0.514,"30%"
"n500_d4_mar_miss30","gamlss.longitudinal",500,4,"mu",0.4,0.32328188876086,0.330994659056958,0.312718016759247,0.362128623080793,0.0111652142974675,0.0228844972216544,"mar",0.3,0.30165,0.514,"30%"
"n500_d4_mar_miss30","gamlss2",500,4,"sigma",0.05,0.270596657858843,0.261274535083113,0.105237938189318,0.394856404745449,-0.00733380121094598,0.0786501504731635,"mar",0.3,0.30165,0.514,"30%"
"n500_d4_mar_miss30","gamlss.longitudinal",500,4,"mu",0.36,0.423782283526684,0.428921971560651,0.398691569185276,0.473122753709225,0.009360379629779,0.0311299291743235,"mar",0.3,0.30165,0.514,"30%"
"n500_d4_mar_miss30","gamlss2",500,4,"mu",0.54,-0.13677943794067,-0.138820576662215,-0.182554391957496,-0.112889716735568,-0.00382033609928974,0.0261171997795444,"mar",0.3,0.30165,0.514,"30%"
"n500_d4_mar_miss30","gamlss.longitudinal",500,4,"mu",0.34,0.464380359026108,0.464029047939555,0.433875086666162,0.512370518313305,0.00634359218462669,0.0317254029359815,"mar",0.3,0.30165,0.514,"30%"
"n500_d4_mar_miss30","gamlss.longitudinal",500,4,"mu",0.32,0.497654878856311,0.489753345275272,0.465497195382116,0.540228420949658,0.0025705480052159,0.0298519794194591,"mar",0.3,0.30165,0.514,"30%"
"n500_d4_mar_miss30","gamlss.longitudinal",500,4,"theta",0.13,-0.0174621870551856,0.0612868720597062,-0.113151956581277,0.0911619891449481,0.0353090780259642,0.0926065566095171,"mar",0.3,0.30165,0.514,"30%"
"n500_d4_mar_miss30","gamlss2",500,4,"sigma",0.53,-0.28924647224831,-0.274217138476913,-0.330373007238058,-0.194898628969701,0.0175829050860807,0.0511096510415191,"mar",0.3,0.30165,0.514,"30%"
"n500_d4_mar_miss30","gamlss.longitudinal",500,4,"sigma",0.33,-0.141886399260218,-0.12973788108007,-0.146628682120319,-0.0903228162307576,0.0167888284361327,0.0286909006743239,"mar",0.3,0.30165,0.514,"30%"
"n500_d4_mar_miss30","gamlss.longitudinal",500,4,"sigma",0.31,-0.108517662835106,-0.104163448350404,-0.121757373544153,-0.0646529902954225,0.0109229842248993,0.0255957633742557,"mar",0.3,0.30165,0.514,"30%"
"n500_d4_mar_miss30","gamlss2",500,4,"sigma",0.78,0.0539040973460143,0.00033915259216033,-0.057922091977933,0.229860726410943,-0.0162494280221141,0.0959452479846896,"mar",0.3,0.30165,0.514,"30%"
"n500_d4_mar_miss30","gamlss2",500,4,"mu",0.42,0.264964520755944,0.264803069280292,0.231778124095851,0.305554151677953,0.00459709042823052,0.0262272265099645,"mar",0.3,0.30165,0.514,"30%"
"n500_d4_mar_miss30","gamlss2",500,4,"mu",0.4,0.32328188876086,0.316169350206007,0.299305962604891,0.382100916012344,0.00360111850368444,0.0270842131219689,"mar",0.3,0.30165,0.514,"30%"
"n500_d4_mar_miss30","gamlss.longitudinal",500,4,"theta",0.05,-0.133901324913069,0.0117963080289479,-0.217400914071652,0.0872956873969697,0.104734513815043,0.162850588991712,"mar",0.3,0.30165,0.514,"30%"
"n500_d4_mar_miss30","gamlss.longitudinal",500,4,"theta",0.03,-0.165871351737091,-0.00252129548592993,-0.243698504631666,0.0864704517307298,0.124779426940715,0.183662735465072,"mar",0.3,0.30165,0.514,"30%"
"n500_d4_mar_miss30","gamlss.longitudinal",500,4,"sigma",0.54,-0.285205245368292,-0.232087367207991,-0.322086262670218,-0.212871423859214,0.037687570273499,0.061970643497534,"mar",0.3,0.30165,0.514,"30%"
"n500_d4_mar_miss30","gamlss.longitudinal",500,4,"mu",0.18,0.497654878856311,0.503508968075374,0.474892627813434,0.525509557206557,0.00185887251469412,0.0198168129026858,"mar",0.3,0.30165,0.514,"30%"
"n500_d4_mar_miss30","gamlss2",500,4,"mu",0.32,0.497654878856311,0.489401670224824,0.459211313524148,0.535596937552736,-0.00253721455885549,0.0292794911233657,"mar",0.3,0.30165,0.514,"30%"
"n500_d4_mar_miss30","gamlss.longitudinal",500,4,"mu",0.14,0.423782283526684,0.438642153437386,0.417467052748511,0.468288893988264,0.0172417153313748,0.0261440567727604,"mar",0.3,0.30165,0.514,"30%"
"n500_d4_mar_miss30","gamlss2",500,4,"mu",0.3,0.523081083962335,0.514208412281208,0.482445853682469,0.558934640610906,-0.00321246694187431,0.0275111684537474,"mar",0.3,0.30165,0.514,"30%"
"n500_d4_mar_miss30","gamlss2",500,4,"mu",0.28,0.540257987900779,0.529995522138027,0.502869744530933,0.583789161624789,-0.00337523624731835,0.0260947814251209,"mar",0.3,0.30165,0.514,"30%"
"n500_d4_mar_miss30","gamlss.longitudinal",500,4,"mu",0.1,0.32328188876086,0.366404191013201,0.31788905279275,0.402954418744481,0.0370209806101703,0.0512831704863754,"mar",0.3,0.30165,0.514,"30%"
"n500_d4_mar_miss30","gamlss.longitudinal",500,4,"theta",0.78,-0.0795289530669703,-0.0849271486572947,-0.138149619627168,-0.00222183887191632,-0.000677534468821699,0.0546759565201174,"mar",0.3,0.30165,0.514,"30%"
"n500_d4_mar_miss30","gamlss.longitudinal",500,4,"sigma",0.42,-0.258002301042862,-0.213068408125913,-0.291492715897179,-0.172977901349423,0.0336591816881404,0.0574806690502901,"mar",0.3,0.30165,0.514,"30%"
"n500_d4_mar_miss30","gamlss.longitudinal",500,4,"sigma",0.4,-0.238175395342187,-0.20014598912865,-0.263578649246461,-0.15738022967267,0.0311493955728516,0.0515220123509521,"mar",0.3,0.30165,0.514,"30%"
"n500_d4_mar_miss30","gamlss.longitudinal",500,4,"mu",0.06,0.202468503976573,0.273688474683028,0.177218333102008,0.359481716677548,0.0596487753010321,0.0937813997752724,"mar",0.3,0.30165,0.514,"30%"
"n500_d4_mar_miss30","gamlss.longitudinal",500,4,"mu",0.04,0.13677943794067,0.224283317084596,0.0955637001442635,0.337942426028532,0.0722156301711432,0.119574803320323,"mar",0.3,0.30165,0.514,"30%"
"n500_d4_mar_miss30","gamlss2",500,4,"sigma",0.54,-0.285205245368292,-0.26890454680283,-0.326274263610493,-0.199542819893574,0.0160992910380014,0.0487437545498672,"mar",0.3,0.30165,0.514,"30%"
"n500_d4_mar_miss30","gamlss2",500,4,"mu",0.18,0.497654878856311,0.497337675769577,0.450551872622262,0.551308720150007,-0.00371481134990361,0.0322198389928392,"mar",0.3,0.30165,0.514,"30%"
"n500_d4_mar_miss30","gamlss2",500,4,"mu",0.16,0.464380359026108,0.454999240586402,0.411973535671682,0.527866255717475,-0.00429442647476656,0.0353926417942096,"mar",0.3,0.30165,0.514,"30%"
"n500_d4_mar_miss30","gamlss2",500,4,"mu",0.14,0.423782283526684,0.415911593714995,0.3688139120744,0.492503631270195,-0.00448502633501709,0.0394783949125081,"mar",0.3,0.30165,0.514,"30%"
"n500_d4_mar_miss30","gamlss2",500,4,"sigma",0.48,-0.292144707424046,-0.268015324040551,-0.32668333209522,-0.197059413981135,0.0234083397791212,0.0613540452866056,"mar",0.3,0.30165,0.514,"30%"
"n500_d4_mar_miss30","gamlss.longitudinal",500,4,"sigma",0.28,-0.0555246914054204,-0.0669168447384976,-0.0823187965413867,-0.0192132911755102,0.0006046311821833,0.0273681438605046,"mar",0.3,0.30165,0.514,"30%"
"n500_d4_mar_miss30","gamlss2",500,4,"mu",0.1,0.32328188876086,0.328392567119938,0.26053298026142,0.394713022362004,-0.0017401478032643,0.0481515449028415,"mar",0.3,0.30165,0.514,"30%"
"n500_d4_mar_miss30","gamlss.longitudinal",500,4,"mu",0.79,-0.532720738620747,-0.536500054829638,-0.562583043773874,-0.519887832555801,-0.00760008392784492,0.019791383982182,"mar",0.3,0.30165,0.514,"30%"
"n500_d4_mar_miss30","gamlss2",500,4,"sigma",0.42,-0.258002301042862,-0.255170050892156,-0.31828579794481,-0.130293117383228,0.019618237209822,0.0707865664515327,"mar",0.3,0.30165,0.514,"30%"
"n500_d4_mar_miss30","gamlss.longitudinal",500,4,"sigma",0.24,0.0176068588290911,-0.015520823133905,-0.030463098114853,0.0517258577064761,-0.0156833826152316,0.0369386823392426,"mar",0.3,0.30165,0.514,"30%"
"n500_d4_mar_miss30","gamlss2",500,4,"mu",0.06,0.202468503976573,0.21358698136039,0.116974402031585,0.275370446306917,0.00776873386434184,0.0640182844338328,"mar",0.3,0.30165,0.514,"30%"
"n500_d4_mar_miss30","gamlss.longitudinal",500,4,"mu",0.73,-0.545663085722963,-0.565535063168294,-0.600764386105842,-0.551946732064813,-0.0273264862963432,0.0334111606574116,"mar",0.3,0.30165,0.514,"30%"
"n500_d4_mar_miss30","gamlss.longitudinal",500,4,"theta",0.54,0.151839401451125,0.0929501225479322,0.069531321420517,0.17360572269907,-0.0393052067669263,0.0589154401956813,"mar",0.3,0.30165,0.514,"30%"
"n500_d4_mar_miss30","gamlss.longitudinal",500,4,"sigma",0.18,0.123023490439819,0.0739364359593028,0.0480953742496968,0.128466637468011,-0.0419165059047446,0.0527755732225488,"mar",0.3,0.30165,0.514,"30%"
"n500_d4_mar_miss30","gamlss.longitudinal",500,4,"sigma",0.16,0.154717741463996,0.0915484524895159,0.0749367221189043,0.146825375043332,-0.0495725026692422,0.0575348624833648,"mar",0.3,0.30165,0.514,"30%"
"n500_d4_mar_miss30","gamlss.longitudinal",500,4,"sigma",0.14,0.183796899894904,0.109344153673097,0.101894798322261,0.161555126949651,-0.0557721981978126,0.0620518924489116,"mar",0.3,0.30165,0.514,"30%"
"n500_d4_mar_miss30","gamlss.longitudinal",500,4,"theta",0.48,0.176791490275426,0.133260717978725,0.0803817804734079,0.177870105187038,-0.0458556889799632,0.0604932881230361,"mar",0.3,0.30165,0.514,"30%"
"n500_d4_mar_miss30","gamlss2",500,4,"sigma",0.28,-0.0555246914054204,-0.0526254698485205,-0.165819115278885,0.0219654069518875,-0.00750560102100453,0.0624125103423757,"mar",0.3,0.30165,0.514,"30%"
"n500_d4_mar_miss30","gamlss.longitudinal",500,4,"sigma",0.1,0.232234801282781,0.157490797941712,0.14300542701144,0.223636578284846,-0.0612390299112613,0.0705053752300932,"mar",0.3,0.30165,0.514,"30%"
"n500_d4_mar_miss30","gamlss2",500,4,"mu",0.79,-0.532720738620747,-0.529984335149743,-0.575963087654836,-0.472745010312281,0.00349711589853845,0.0346294719840175,"mar",0.3,0.30165,0.514,"30%"
"n500_d4_mar_miss30","gamlss.longitudinal",500,4,"theta",0.42,0.185028141383857,0.156744031684808,0.0846063346432642,0.165576260287965,-0.0500965219307581,0.0610356466505325,"mar",0.3,0.30165,0.514,"30%"
"n500_d4_mar_miss30","gamlss2",500,4,"sigma",0.24,0.0176068588290911,0.00970354537667228,-0.0593777935548779,0.108086466004784,0.00376592203128785,0.0516488817620095,"mar",0.3,0.30165,0.514,"30%"
"n500_d4_mar_miss30","gamlss.longitudinal",500,4,"sigma",0.06,0.265102648736772,0.205811050511452,0.152836959524179,0.297997681856233,-0.0535607329061063,0.0795108273991425,"mar",0.3,0.30165,0.514,"30%"
"n500_d4_mar_miss30","gamlss2",500,4,"mu",0.73,-0.545663085722963,-0.538197805627177,-0.630069615315293,-0.500028009306949,-0.00219590552706812,0.0367202254869905,"mar",0.3,0.30165,0.514,"30%"
"n500_d4_mar_miss30","gamlss.longitudinal",500,4,"mu",0.55,-0.169959346906221,-0.185248036816209,-0.209647368201526,-0.181533491538975,-0.0217845018779312,0.024822471495145,"mar",0.3,0.30165,0.514,"30%"
"n500_d4_mar_miss30","gamlss2",500,4,"sigma",0.18,0.123023490439819,0.148662072720829,0.0642173035805726,0.241179810875946,0.0264275844376416,0.0646209544893208,"mar",0.3,0.30165,0.514,"30%"
"n500_d4_mar_miss30","gamlss2",500,4,"sigma",0.16,0.154717741463996,0.182543241449679,0.0868592889385326,0.309237149218166,0.030117495289211,0.0766015903898742,"mar",0.3,0.30165,0.514,"30%"
"n500_d4_mar_miss30","gamlss2",500,4,"sigma",0.14,0.183796899894904,0.203288477616734,0.110531583699704,0.357193418459839,0.0301121312746674,0.0849522505225894,"mar",0.3,0.30165,0.514,"30%"
"n500_d4_mar_miss30","gamlss.longitudinal",500,4,"mu",0.49,0.0345347857411225,0.0268513086433361,0.0170017106444919,0.0438909699815027,-0.00564347439912386,0.0119084892326319,"mar",0.3,0.30165,0.514,"30%"
"n500_d4_mar_miss30","gamlss.longitudinal",500,4,"theta",0.28,0.135900998357306,0.103555999575992,0.0564987119490083,0.137144727692887,-0.0391739977248355,0.050222569194384,"mar",0.3,0.30165,0.514,"30%"
"n500_d4_mar_miss30","gamlss2",500,4,"sigma",0.1,0.232234801282781,0.254811565830757,0.14521884843402,0.389653287924144,0.0185986152758167,0.0811308545496193,"mar",0.3,0.30165,0.514,"30%"
"n500_d4_mar_miss30","gamlss.longitudinal",500,4,"sigma",0.79,0.0717266691197535,0.0563836188433363,0.0133751639069416,0.169982231993097,-0.00125568519786996,0.0659893885495067,"mar",0.3,0.30165,0.514,"30%"
"n500_d4_mar_miss30","gamlss.longitudinal",500,4,"mu",0.43,0.23417861036079,0.242264482870632,0.228674230924344,0.256960144046743,0.00841226456581555,0.0137619624334191,"mar",0.3,0.30165,0.514,"30%"
"n500_d4_mar_miss30","gamlss.longitudinal",500,4,"theta",0.24,0.104535551154696,0.0835516337982047,0.0184615229585031,0.122358452704974,-0.0267932618944767,0.0488973798499514,"mar",0.3,0.30165,0.514,"30%"
"n500_d4_mar_miss30","gamlss2",500,4,"sigma",0.06,0.265102648736772,0.265389319266806,0.110126750282738,0.375171905132085,-0.00221397390418249,0.0723569529079107,"mar",0.3,0.30165,0.514,"30%"
"n500_d4_mar_miss30","gamlss.longitudinal",500,4,"sigma",0.73,-0.0373602670989943,-0.0386878822869486,-0.0752516706766664,0.0557339202981674,0.0157915839244339,0.0546205083626566,"mar",0.3,0.30165,0.514,"30%"
"n500_d4_mar_miss30","gamlss2",500,4,"mu",0.55,-0.169959346906221,-0.17544815992579,-0.216624356326418,-0.141020863800262,-0.00460244672780632,0.0275557666879969,"mar",0.3,0.30165,0.514,"30%"
"n500_d4_mar_miss30","gamlss.longitudinal",500,4,"theta",0.18,0.044106825753044,0.0661315938474186,-0.050084260360611,0.0978560557871283,0.00194745759316193,0.0631661115365243,"mar",0.3,0.30165,0.514,"30%"
"n500_d4_mar_miss30","gamlss.longitudinal",500,4,"theta",0.16,0.0206310613124014,0.064163652825987,-0.0749988881455425,0.095229668443315,0.0142887936554699,0.0732426022237463,"mar",0.3,0.30165,0.514,"30%"
"n500_d4_mar_miss30","gamlss.longitudinal",500,4,"theta",0.14,-0.00439367082121678,0.0622296127952573,-0.10035480412978,0.0925460138549288,0.0279754506433844,0.0856421813048632,"mar",0.3,0.30165,0.514,"30%"
"n500_d4_mar_miss30","gamlss2",500,4,"mu",0.49,0.0345347857411225,0.0338724996909174,0.006672106618138,0.0736489778968605,0.00142293236889265,0.023443627191874,"mar",0.3,0.30165,0.514,"30%"
"n500_d4_mar_miss30","gamlss.longitudinal",500,4,"mu",0.29,0.532720738620747,0.51941785263956,0.504014818390205,0.562393523596747,-0.00316110321333385,0.0241318854894492,"mar",0.3,0.30165,0.514,"30%"
"n500_d4_mar_miss30","gamlss.longitudinal",500,4,"theta",0.1,-0.0587649689921358,0.0467044417900034,-0.151955747292988,0.0891624625250264,0.0591755837460199,0.116177286202452,"mar",0.3,0.30165,0.514,"30%"
"n500_d4_mar_miss30","gamlss2",500,4,"sigma",0.79,0.0717266691197535,0.033376210485714,-0.0429208035913273,0.248421425036649,-0.0155040825063144,0.0928327410628121,"mar",0.3,0.30165,0.514,"30%"
"n500_d4_mar_miss30","gamlss2",500,4,"mu",0.43,0.23417861036079,0.235766701512228,0.19920489203332,0.275602205797262,0.00479381080362814,0.0259717089492205,"mar",0.3,0.30165,0.514,"30%"
"n500_d4_mar_miss30","gamlss.longitudinal",500,4,"mu",0.25,0.55,0.540748640165371,0.519176240747532,0.562081644283612,-0.00777084705177091,0.0184491343139643,"mar",0.3,0.30165,0.514,"30%"
"n500_d4_mar_miss30","gamlss.longitudinal",500,4,"theta",0.06,-0.11830099864248,0.0188951178204859,-0.204267481052495,0.0876967379401774,0.0950819704773779,0.152869749316578,"mar",0.3,0.30165,0.514,"30%"
"n500_d4_mar_miss30","gamlss2",500,4,"sigma",0.73,-0.0373602670989943,-0.0758684479703777,-0.147033435632945,0.110947738059274,-0.0152617625421389,0.0892023287861097,"mar",0.3,0.30165,0.514,"30%"
"n500_d4_mar_miss30","gamlss.longitudinal",500,4,"sigma",0.55,-0.280037251918249,-0.227013585866031,-0.313444857061356,-0.208174727686677,0.0374091798770606,0.0598520201404842,"mar",0.3,0.30165,0.514,"30%"
"n500_d4_mar_miss30","gamlss.longitudinal",500,4,"mu",0.19,0.511377067238538,0.514142675822892,0.484105078543374,0.534943005855656,-0.00100132918929299,0.0196377923397011,"mar",0.3,0.30165,0.514,"30%"
"n500_d4_mar_miss30","gamlss.longitudinal",500,4,"mu",0.17,0.481968674024125,0.490727780972465,0.465132899882728,0.514038038993929,0.00517431379757635,0.0202776556763637,"mar",0.3,0.30165,0.514,"30%"
"n500_d4_mar_miss30","gamlss.longitudinal",500,4,"mu",0.15,0.444959346906221,0.455191601808428,0.436427770259462,0.4854631016102,0.0129026553681512,0.0231268646135605,"mar",0.3,0.30165,0.514,"30%"
"n500_d4_mar_miss30","gamlss.longitudinal",500,4,"sigma",0.49,-0.293888315558184,-0.237602585182439,-0.340134936488027,-0.20997179064628,0.0379195471892281,0.0672199868668535,"mar",0.3,0.30165,0.514,"30%"
"n500_d4_mar_miss30","gamlss2",500,4,"mu",0.29,0.532720738620747,0.522938864791797,0.493015665109158,0.571484575333544,-0.00335067472231897,0.0266769277179989,"mar",0.3,0.30165,0.514,"30%"
"n500_d4_mar_miss30","gamlss.longitudinal",500,4,"mu",0.11,0.350583194361779,0.387630745823558,0.345301274784607,0.413812930301293,0.0317690347218613,0.0431405337117786,"mar",0.3,0.30165,0.514,"30%"
"n500_d4_mar_miss30","gamlss.longitudinal",500,4,"theta",0.79,-0.0922441825108828,-0.0984615242693765,-0.14723744977842,-0.0129836215628956,0.00154410417571041,0.0540921842246823,"mar",0.3,0.30165,0.514,"30%"
"n500_d4_mar_miss30","gamlss.longitudinal",500,4,"sigma",0.43,-0.266408412769509,-0.218686624402051,-0.303372713676688,-0.180014671064247,0.0346562738352717,0.0600188335540743,"mar",0.3,0.30165,0.514,"30%"
"n500_d4_mar_miss30","gamlss2",500,4,"mu",0.25,0.55,0.549635814420707,0.511388526052279,0.59924645483081,-0.00305389144535703,0.026532013361594,"mar",0.3,0.30165,0.514,"30%"
"n500_d4_mar_miss30","gamlss.longitudinal",500,4,"mu",0.07,0.23417861036079,0.297798241763555,0.216375137001685,0.370308458496972,0.0537651795722962,0.0818405844911233,"mar",0.3,0.30165,0.514,"30%"
"n500_d4_mar_miss30","gamlss.longitudinal",500,4,"theta",0.73,-0.0183706064707613,-0.0202768924401484,-0.0901206654940156,0.0481987572528796,-0.0108382010422985,0.0570991468292924,"mar",0.3,0.30165,0.514,"30%"
"n500_d4_mar_miss30","gamlss2",500,4,"sigma",0.55,-0.280037251918249,-0.25740424675881,-0.320984614825496,-0.207277925920018,0.0146170239144681,0.0470845548476506,"mar",0.3,0.30165,0.514,"30%"
"n500_d4_mar_miss30","gamlss2",500,4,"mu",0.19,0.511377067238538,0.510277055994831,0.465239406390892,0.55885322503811,-0.00341281914876193,0.0310960546415804,"mar",0.3,0.30165,0.514,"30%"
"n500_d4_mar_miss30","gamlss2",500,4,"mu",0.17,0.481968674024125,0.478907724966404,0.431124250828076,0.540990681699067,-0.00402412616771965,0.0336518017418862,"mar",0.3,0.30165,0.514,"30%"
"n500_d4_mar_miss30","gamlss2",500,4,"mu",0.15,0.444959346906221,0.434434454734376,0.391166509181394,0.511941968041632,-0.00446899152752245,0.0373718732694253,"mar",0.3,0.30165,0.514,"30%"
"n500_d4_mar_miss30","gamlss2",500,4,"sigma",0.49,-0.293888315558184,-0.271326546048992,-0.331406004732482,-0.1919754030612,0.0226378392610672,0.0597503240169471,"mar",0.3,0.30165,0.514,"30%"
"n500_d4_mar_miss30","gamlss.longitudinal",500,4,"sigma",0.29,-0.0734872631791594,-0.079540080919582,-0.0948759693097172,-0.0384135464391558,0.00424070664574328,0.02598989342553,"mar",0.3,0.30165,0.514,"30%"
"n500_d4_mar_miss30","gamlss2",500,4,"mu",0.11,0.350583194361779,0.346723840356573,0.292630751104148,0.413583955814552,-0.00296231937910871,0.0458670387395635,"mar",0.3,0.30165,0.514,"30%"
"n500_d4_mar_miss30","gamlss.longitudinal",500,4,"mu",0.8,-0.523081083962335,-0.522000810903266,-0.54782958343263,-0.507313049390299,-0.00369338027572572,0.0182671395083918,"mar",0.3,0.30165,0.514,"30%"
"n500_d4_mar_miss30","gamlss2",500,4,"sigma",0.43,-0.266408412769509,-0.267675181755155,-0.323828561977383,-0.135982183760185,0.0214175157836498,0.0694662982820865,"mar",0.3,0.30165,0.514,"30%"
"n500_d4_mar_miss30","gamlss.longitudinal",500,4,"sigma",0.25,-0.000720297029702949,-0.0284148814382207,-0.0437834783023697,0.0354764888201353,-0.0113541104891178,0.0342871204481456,"mar",0.3,0.30165,0.514,"30%"
"n500_d4_mar_miss30","gamlss2",500,4,"mu",0.07,0.23417861036079,0.243379536112341,0.144732228313635,0.303488557089682,0.00466077593098394,0.0584832277853638,"mar",0.3,0.30165,0.514,"30%"
"n500_d4_mar_miss30","gamlss.longitudinal",500,4,"mu",0.74,-0.548914700635549,-0.567074834502933,-0.600918222577924,-0.552389811896828,-0.0248561672824573,0.0313273865304106,"mar",0.3,0.30165,0.514,"30%"
"n500_d4_mar_miss30","gamlss.longitudinal",500,4,"theta",0.55,0.146145232346583,0.0848933837249015,0.0668967851979736,0.17112464741597,-0.0380726131916193,0.0587068215248238,"mar",0.3,0.30165,0.514,"30%"
"n500_d4_mar_miss30","gamlss.longitudinal",500,4,"sigma",0.19,0.1063570687757,0.0647515513387009,0.0348052142390691,0.117591370885809,-0.0377061659575457,0.0503035103514337,"mar",0.3,0.30165,0.514,"30%"
"n500_d4_mar_miss30","gamlss.longitudinal",500,4,"sigma",0.17,0.139165805200812,0.0828663366080403,0.0614806869069387,0.138239476331402,-0.0458865325927666,0.0551863859255704,"mar",0.3,0.30165,0.514,"30%"
"n500_d4_mar_miss30","gamlss.longitudinal",500,4,"sigma",0.15,0.169615278658039,0.0999955476022362,0.0884833124123687,0.154282375948065,-0.0528993199373246,0.0598260236171163,"mar",0.3,0.30165,0.514,"30%"
"n500_d4_mar_miss30","gamlss.longitudinal",500,4,"theta",0.49,0.173763070864592,0.127605781945852,0.0791051938389208,0.178436065999749,-0.0448921418409463,0.0602377431764275,"mar",0.3,0.30165,0.514,"30%"
"n500_d4_mar_miss30","gamlss2",500,4,"sigma",0.29,-0.0734872631791594,-0.0714299787090514,-0.186770569494693,-0.00369807659028076,-0.00864908309953409,0.0644103802268696,"mar",0.3,0.30165,0.514,"30%"
"n500_d4_mar_miss30","gamlss.longitudinal",500,4,"sigma",0.11,0.221473675803034,0.145466386406582,0.134074301885797,0.208255134171957,-0.0609287103759118,0.0684331823054193,"mar",0.3,0.30165,0.514,"30%"
"n500_d4_mar_miss30","gamlss2",500,4,"mu",0.8,-0.523081083962335,-0.521063249233688,-0.557586260433157,-0.464914328066947,0.00491080688547595,0.0336770523196477,"mar",0.3,0.30165,0.514,"30%"
"n500_d4_mar_miss30","gamlss.longitudinal",500,4,"theta",0.43,0.184857776130657,0.1541363423429,0.0842572470347938,0.167434674084235,-0.0496077074311966,0.0611163469937972,"mar",0.3,0.30165,0.514,"30%"
"n500_d4_mar_miss30","gamlss2",500,4,"sigma",0.25,-0.000720297029702949,-0.00747836698322668,-0.08055824099376,0.0908909202175363,0.000124220472441676,0.0542995008477898,"mar",0.3,0.30165,0.514,"30%"
"n500_d4_mar_miss30","gamlss.longitudinal",500,4,"sigma",0.07,0.258487818710103,0.193681905113478,0.154604665826029,0.279071501169992,-0.0569435586631846,0.0770198654496919,"mar",0.3,0.30165,0.514,"30%"
"n500_d4_mar_miss30","gamlss2",500,4,"mu",0.74,-0.548914700635549,-0.547192514835837,-0.627515744599923,-0.49821938611881,-0.00161233420267668,0.0366023553142983,"mar",0.3,0.30165,0.514,"30%"
"n500_d4_mar_miss30","gamlss.longitudinal",500,4,"mu",0.56,-0.202468503976573,-0.219382373325531,-0.2450263767446,-0.217007636235199,-0.0239860559002806,0.0268749345727256,"mar",0.3,0.30165,0.514,"30%"
"n500_d4_mar_miss30","gamlss2",500,4,"sigma",0.19,0.1063570687757,0.135441144517962,0.0492522944591341,0.203214615592446,0.0234468850790799,0.0587492216011541,"mar",0.3,0.30165,0.514,"30%"
"n500_d4_mar_miss30","gamlss2",500,4,"sigma",0.17,0.139165805200812,0.159379824563337,0.0754153754379186,0.277174718231379,0.0286936670493991,0.0707931537759158,"mar",0.3,0.30165,0.514,"30%"
"n500_d4_mar_miss30","gamlss2",500,4,"sigma",0.15,0.169615278658039,0.19333835789805,0.0985603828823364,0.336237104890764,0.0306080887218087,0.0814744030545229,"mar",0.3,0.30165,0.514,"30%"
"n500_d4_mar_miss30","gamlss.longitudinal",500,4,"mu",0.5,7.55070274106452e-17,-0.0102873197935395,-0.0217392965894498,0.00690121212813248,-0.00852401745864916,0.0140537499752883,"mar",0.3,0.30165,0.514,"30%"
"n500_d4_mar_miss30","gamlss.longitudinal",500,4,"theta",0.29,0.142572959966697,0.104490687632913,0.0652896994416369,0.141085859402136,-0.0414810981880667,0.051192756913432,"mar",0.3,0.30165,0.514,"30%"
"n500_d4_mar_miss30","gamlss2",500,4,"sigma",0.11,0.221473675803034,0.252312888108241,0.136902967196419,0.389319145527774,0.0227656587212674,0.0846208937583176,"mar",0.3,0.30165,0.514,"30%"
"n500_d4_mar_miss30","gamlss.longitudinal",500,4,"sigma",0.8,0.0892348012827812,0.0724631781874572,0.0292578552423182,0.184434448496832,-0.00431614739908237,0.066229803803497,"mar",0.3,0.30165,0.514,"30%"
"n500_d4_mar_miss30","gamlss.longitudinal",500,4,"mu",0.44,0.202468503976573,0.212503875430459,0.197464703146821,0.219495371029489,0.00670933392032619,0.0110543604268323,"mar",0.3,0.30165,0.514,"30%"
"n500_d4_mar_miss30","gamlss.longitudinal",500,4,"theta",0.25,0.113068267653095,0.0901878809117574,0.028365270107764,0.126032513599164,-0.0303796481092637,0.0486703633431793,"mar",0.3,0.30165,0.514,"30%"
"n500_d4_mar_miss30","gamlss2",500,4,"sigma",0.07,0.258487818710103,0.270946923613656,0.123643509304546,0.365304351892212,0.00316954298533118,0.0707762589385987,"mar",0.3,0.30165,0.514,"30%"
"n500_d4_mar_miss30","gamlss.longitudinal",500,4,"sigma",0.74,-0.0190674528884969,-0.0232181503240542,-0.0614411359641746,0.0776660300338122,0.0132635749434431,0.0575232600414504,"mar",0.3,0.30165,0.514,"30%"
"n500_d4_mar_miss30","gamlss2",500,4,"mu",0.56,-0.202468503976573,-0.21006706821663,-0.249035893560418,-0.168602215224454,-0.00522057551873176,0.0290400875090393,"mar",0.3,0.30165,0.514,"30%"
"n500_d4_mar_miss30","gamlss.longitudinal",500,4,"theta",0.19,0.055240565451063,0.0671143334739839,-0.0378304321823357,0.101717989145892,-0.00371193769439904,0.059093795377488,"mar",0.3,0.30165,0.514,"30%"
"n500_d4_mar_miss30","gamlss.longitudinal",500,4,"theta",0.17,0.0325673178431966,0.065146128747825,-0.0624798982998491,0.0965507562074815,0.00795045951516964,0.0678967359473836,"mar",0.3,0.30165,0.514,"30%"
"n500_d4_mar_miss30","gamlss.longitudinal",500,4,"theta",0.15,0.00830746729452853,0.0631898059890704,-0.0876278297002783,0.0939014356350103,0.0209696439847034,0.0791745052181756,"mar",0.3,0.30165,0.514,"30%"
"n500_d4_mar_miss30","gamlss2",500,4,"mu",0.5,7.55070274106452e-17,5.704610543672e-05,-0.0339911498481699,0.0350528211610941,0.000336295079537076,0.0232098339069931,"mar",0.3,0.30165,0.514,"30%"
"n500_d4_mar_miss30","gamlss.longitudinal",500,4,"mu",0.3,0.523081083962335,0.509105284967909,0.492824292838296,0.557333387595398,-0.0013876885766987,0.0261562745967109,"mar",0.3,0.30165,0.514,"30%"
"n500_d4_mar_miss30","gamlss.longitudinal",500,4,"theta",0.11,-0.0446588875603512,0.0534346010539129,-0.138970069522396,0.0894900934066325,0.0509137937512316,0.107905690766677,"mar",0.3,0.30165,0.514,"30%"
"n500_d4_mar_miss30","gamlss2",500,4,"sigma",0.8,0.0892348012827812,0.0642584471425532,-0.0123287448950494,0.264074267739189,-0.014563956040997,0.0880903179912986,"mar",0.3,0.30165,0.514,"30%"
"n500_d4_mar_miss30","gamlss2",500,4,"mu",0.44,0.202468503976573,0.205603554644919,0.167542053845499,0.246069194881447,0.00476197192260718,0.0257307249231109,"mar",0.3,0.30165,0.514,"30%"
"n500_d4_mar_miss30","gamlss.longitudinal",500,4,"mu",0.26,0.548914700635549,0.53836915551229,0.519200743781395,0.564845802830647,-0.00719743221271669,0.0191907295572664,"mar",0.3,0.30165,0.514,"30%"
"n500_d4_mar_miss30","gamlss.longitudinal",500,4,"theta",0.07,-0.10297458579171,0.0259615979887053,-0.191150015162569,0.0880858885006429,0.0856938454068852,0.143197141061861,"mar",0.3,0.30165,0.514,"30%"
"n500_d4_mar_miss30","gamlss2",500,4,"sigma",0.74,-0.0190674528884969,-0.0602441310669842,-0.137981668877567,0.129525580298756,-0.0161670524186322,0.0922298435331336,"mar",0.3,0.30165,0.514,"30%"
"n500_d4_mar_miss30","gamlss.longitudinal",500,4,"sigma",0.56,-0.273763242796178,-0.221266714671005,-0.303045638617683,-0.202606871707626,0.0370489616435784,0.0574284109331986,"mar",0.3,0.30165,0.514,"30%"
"n500_d4_mar_miss30","gamlss.longitudinal",500,4,"mu",0.2,0.523081083962334,0.523248725965567,0.492676678063752,0.542039391042061,-0.00337683913934115,0.0194437429559943,"mar",0.3,0.30165,0.514,"30%"
"n500_d4_mar_miss30","gamlss.longitudinal",500,4,"theta",0.01,-0.198777438580707,-0.0169061362023973,-0.270013706562373,0.0856296767475991,0.145744507058908,0.205514490407939,"mar",0.3,0.30165,0.514,"30%"
"n500_d4_mar_miss30","gamlss.longitudinal",500,4,"mu",0.16,0.464380359026108,0.473793847383308,0.453302226247584,0.500758875012143,0.00881783510780341,0.0212329639237626,"mar",0.3,0.30165,0.514,"30%"
"n500_d4_mar_miss30","gamlss.longitudinal",500,4,"sigma",0.5,-0.294470297029703,-0.238114565102384,-0.340098412174278,-0.212693908397634,0.0380566145526128,0.0669484664790162,"mar",0.3,0.30165,0.514,"30%"
"n500_d4_mar_miss30","gamlss.longitudinal",500,4,"theta",0.82,-0.131089955360852,-0.13997840296071,-0.173313830493292,-0.0462274588011873,0.00860966768991869,0.0525059423460174,"mar",0.3,0.30165,0.514,"30%"
"n500_d4_mar_miss30","gamlss.longitudinal",500,4,"mu",0.12,0.376500908260779,0.408011034906123,0.371093668828642,0.431937947460718,0.0267556551320665,0.0362083131129271,"mar",0.3,0.30165,0.514,"30%"
"n500_d4_mar_miss30","gamlss.longitudinal",500,4,"theta",0.8,-0.10508613905841,-0.112162709154731,-0.156124692847631,-0.0239137283314423,0.00383983191057627,0.0535194666211075,"mar",0.3,0.30165,0.514,"30%"
"n500_d4_mar_miss30","gamlss.longitudinal",500,4,"sigma",0.44,-0.273763242796178,-0.223564092298973,-0.313686767663267,-0.186513842952704,0.0355370647445823,0.0622211606195842,"mar",0.3,0.30165,0.514,"30%"
"n500_d4_mar_miss30","gamlss2",500,4,"mu",0.26,0.548914700635549,0.54463275573994,0.512996191005,0.597871780010654,-0.00319305098888729,0.0260430011115525,"mar",0.3,0.30165,0.514,"30%"
"n500_d4_mar_miss30","gamlss.longitudinal",500,4,"mu",0.08,0.264964520755943,0.321348732127808,0.253424348487858,0.381178883941954,0.0479784055427803,0.0707285888259355,"mar",0.3,0.30165,0.514,"30%"
"n500_d4_mar_miss30","gamlss.longitudinal",500,4,"theta",0.74,-0.0302314603288967,-0.0327460584604482,-0.100026747884274,0.0386306530770336,-0.00893594164559369,0.0567187840860544,"mar",0.3,0.30165,0.514,"30%"
"n500_d4_mar_miss30","gamlss2",500,4,"sigma",0.56,-0.273763242796178,-0.262946093995686,-0.323572404272078,-0.194579561918586,0.0131486953072105,0.0467958446617152,"mar",0.3,0.30165,0.514,"30%"
"n500_d4_mar_miss30","gamlss2",500,4,"mu",0.2,0.523081083962334,0.52513339013574,0.475205155656169,0.56368938960999,-0.00315288901044622,0.0302111574500001,"mar",0.3,0.30165,0.514,"30%"
"n500_d4_mar_miss30","gamlss.longitudinal",500,4,"mu",0.02,0.0689332784603674,0.173959107546224,0.0103775651308491,0.316501538070583,0.0855845952946996,0.147219859363444,"mar",0.3,0.30165,0.514,"30%"
"n500_d4_mar_miss30","gamlss.longitudinal",500,4,"mu",0,8.15367795041445e-18,0.124161276389032,-0.0722024886450245,0.299495988934346,0.102188707436153,0.177630468348787,"mar",0.3,0.30165,0.514,"30%"
"n500_d4_mar_miss30","gamlss2",500,4,"sigma",0.5,-0.294470297029703,-0.270588998565468,-0.33332509914633,-0.190977477434565,0.0216124325124775,0.0579926147892458,"mar",0.3,0.30165,0.514,"30%"
"n500_d4_mar_miss30","gamlss.longitudinal",500,4,"mu",0.83,-0.481968674024125,-0.465619903346664,-0.496407670689599,-0.459853158926796,0.00692426157599283,0.0173951642635655,"mar",0.3,0.30165,0.514,"30%"
"n500_d4_mar_miss30","gamlss.longitudinal",500,4,"theta",0.66,0.057907947299117,0.0282764317279647,-0.0191685389332648,0.111894814880874,-0.0226778374997843,0.0581846469685889,"mar",0.3,0.30165,0.514,"30%"
"n500_d4_mar_miss30","gamlss.longitudinal",500,4,"mu",0.81,-0.511377067238538,-0.505234512601699,-0.532839059826623,-0.493056974595352,5.59253597010367e-05,0.0173972192834491,"mar",0.3,0.30165,0.514,"30%"
"n500_d4_mar_miss30","gamlss2",500,4,"sigma",0.44,-0.273763242796178,-0.266383573995173,-0.327233068215519,-0.141526753567397,0.0227312566912447,0.0679039162708446,"mar",0.3,0.30165,0.514,"30%"
"n500_d4_mar_miss30","gamlss.longitudinal",500,4,"sigma",0.26,-0.019067452888497,-0.0413047696109768,-0.0568809967777617,0.0180312167384257,-0.00721625628359457,0.031688463213624,"mar",0.3,0.30165,0.514,"30%"
"n500_d4_mar_miss30","gamlss2",500,4,"mu",0.08,0.264964520755943,0.272486745621293,0.186388959788692,0.33536733106018,0.00204480217551282,0.0541627420790525,"mar",0.3,0.30165,0.514,"30%"
"n500_d4_mar_miss30","gamlss.longitudinal",500,4,"mu",0.75,-0.55,-0.566796353690906,-0.598271965352073,-0.550262494301249,-0.0219565522483909,0.0289881254003454,"mar",0.3,0.30165,0.514,"30%"
"n500_d4_mar_miss30","gamlss.longitudinal",500,4,"theta",0.56,0.140032230321198,0.0765177517072284,0.0624393919248657,0.168150415163561,-0.0367987746802533,0.0585283868451067,"mar",0.3,0.30165,0.514,"30%"
"n500_d4_mar_miss30","gamlss.longitudinal",500,4,"sigma",0.2,0.0892348012827813,0.0514683443571247,0.0216089776741348,0.106253825553136,-0.0333517009802134,0.0477574992758189,"mar",0.3,0.30165,0.514,"30%"
"n500_d4_mar_miss30","gamlss2",500,4,"mu",0.02,0.0689332784603674,0.108708942040829,-0.0274359017932624,0.179646346507445,0.0244533220987403,0.0987153835974225,"mar",0.3,0.30165,0.514,"30%"
"n500_d4_mar_miss30","gamlss2",500,4,"mu",0,8.15367795041445e-18,0.0517417819556623,-0.13062273204509,0.137387495335441,0.0343994246669008,0.121294107396794,"mar",0.3,0.30165,0.514,"30%"
"n500_d4_mar_miss30","gamlss.longitudinal",500,4,"theta",0.5,0.170274351999171,0.12150168419959,0.0776286251180683,0.178488804292624,-0.0438650223521877,0.0599665150832372,"mar",0.3,0.30165,0.514,"30%"
"n500_d4_mar_miss30","gamlss2",500,4,"mu",0.83,-0.481968674024125,-0.477302096748039,-0.514345333679442,-0.435999199356149,0.00924427699537549,0.0302093295429409,"mar",0.3,0.30165,0.514,"30%"
"n500_d4_mar_miss30","gamlss.longitudinal",500,4,"mu",0.67,-0.481968674024125,-0.516407731176361,-0.545721956736198,-0.496103822550423,-0.0344249501782274,0.0400299271934316,"mar",0.3,0.30165,0.514,"30%"
"n500_d4_mar_miss30","gamlss2",500,4,"mu",0.81,-0.511377067238538,-0.506925430351443,-0.54580002785691,-0.456226927261585,0.0063802100640832,0.0325685582747156,"mar",0.3,0.30165,0.514,"30%"
"n500_d4_mar_miss30","gamlss.longitudinal",500,4,"theta",0.44,0.184201951226786,0.150988259307091,0.0837713576586489,0.17053939963921,-0.0490306996870589,0.0611252690427939,"mar",0.3,0.30165,0.514,"30%"
"n500_d4_mar_miss30","gamlss2",500,4,"sigma",0.26,-0.019067452888497,-0.0201772094017818,-0.103311152899357,0.0694637879757401,-0.00304460957691197,0.0572037668156934,"mar",0.3,0.30165,0.514,"30%"
"n500_d4_mar_miss30","gamlss.longitudinal",500,4,"sigma",0.08,0.250781706983456,0.181589802804374,0.154618180199153,0.260235076838277,-0.0593090370024508,0.0747428994671014,"mar",0.3,0.30165,0.514,"30%"
"n500_d4_mar_miss30","gamlss2",500,4,"mu",0.75,-0.55,-0.553637644037298,-0.621097951727055,-0.495171104210582,-0.000891666801923585,0.0364645652016266,"mar",0.3,0.30165,0.514,"30%"
"n500_d4_mar_miss30","gamlss.longitudinal",500,4,"mu",0.57,-0.23417861036079,-0.254977092628758,-0.279359458566716,-0.249280081853691,-0.0259501381939773,0.0288416979722806,"mar",0.3,0.30165,0.514,"30%"
"n500_d4_mar_miss30","gamlss2",500,4,"sigma",0.2,0.0892348012827813,0.113720838496643,0.034583969893479,0.17647898082016,0.0199088623157018,0.0538797005126438,"mar",0.3,0.30165,0.514,"30%"
"n500_d4_mar_miss30","gamlss.longitudinal",500,4,"sigma",0.02,0.28012411336464,0.254618555587252,0.143394152879982,0.374107103405276,-0.0290380801230541,0.0940588902639345,"mar",0.3,0.30165,0.514,"30%"
"n500_d4_mar_miss30","gamlss.longitudinal",500,4,"sigma",0,0.280529702970297,0.278706789918869,0.138507403116799,0.408453448854273,-0.0123153143078743,0.105047208768479,"mar",0.3,0.30165,0.514,"30%"
"n500_d4_mar_miss30","gamlss.longitudinal",500,4,"mu",0.51,-0.0345347857411223,-0.046873556594147,-0.0603161935873806,-0.0307442805322233,-0.0113792426302938,0.0162547238182205,"mar",0.3,0.30165,0.514,"30%"
"n500_d4_mar_miss30","gamlss.longitudinal",500,4,"sigma",0.83,0.139165805200812,0.114500991155959,0.072114151902826,0.219997460987918,-0.0131605349697366,0.0638662659326685,"mar",0.3,0.30165,0.514,"30%"
"n500_d4_mar_miss30","gamlss2",500,4,"mu",0.67,-0.481968674024125,-0.480292663532374,-0.563625462742385,-0.431661113054063,-0.00411414070634021,0.0373076856665736,"mar",0.3,0.30165,0.514,"30%"
"n500_d4_mar_miss30","gamlss.longitudinal",500,4,"sigma",0.81,0.106357068775701,0.0885152041359085,0.044904241210426,0.197518812260811,-0.00732224327943539,0.0660005308614668,"mar",0.3,0.30165,0.514,"30%"
"n500_d4_mar_miss30","gamlss.longitudinal",500,4,"mu",0.45,0.169959346906221,0.176160523725111,0.16536287287266,0.183521769048592,0.00472824671022737,0.00904137056575632,"mar",0.3,0.30165,0.514,"30%"
"n500_d4_mar_miss30","gamlss.longitudinal",500,4,"theta",0.26,0.121143738894038,0.0967009996897042,0.038010065276531,0.129548663497551,-0.033633594038007,0.0488816313097129,"mar",0.3,0.30165,0.514,"30%"
"n500_d4_mar_miss30","gamlss2",500,4,"sigma",0.08,0.250781706983456,0.266569408107564,0.136447614092439,0.364058697907293,0.00858630486894341,0.0728309905012093,"mar",0.3,0.30165,0.514,"30%"
"n500_d4_mar_miss30","gamlss.longitudinal",500,4,"sigma",0.75,-0.000720297029703023,-0.00753053239165086,-0.0472033640492801,0.0985875970625091,0.0105802525214149,0.0601014667507548,"mar",0.3,0.30165,0.514,"30%"
"n500_d4_mar_miss30","gamlss2",500,4,"mu",0.57,-0.23417861036079,-0.241913724341276,-0.279759227854214,-0.195684647356418,-0.00565999993185491,0.0304644158381684,"mar",0.3,0.30165,0.514,"30%"
"n500_d4_mar_miss30","gamlss.longitudinal",500,4,"theta",0.2,0.0659599177906087,0.0680876934861949,-0.0257150219634736,0.106119026821914,-0.00902149786748867,0.0556970537462207,"mar",0.3,0.30165,0.514,"30%"
"n500_d4_mar_miss30","gamlss2",500,4,"sigma",0.02,0.28012411336464,0.275996954308229,0.0748369039617163,0.480639929794324,-0.0189226223165525,0.121515074753891,"mar",0.3,0.30165,0.514,"30%"
"n500_d4_mar_miss30","gamlss2",500,4,"sigma",0,0.280529702970297,0.298453616410891,-0.0068654869470319,0.534691692753283,-0.0217470146109479,0.160485137889616,"mar",0.3,0.30165,0.514,"30%"
"n500_d4_mar_miss30","gamlss2",500,4,"mu",0.51,-0.0345347857411223,-0.0350993597289811,-0.0738617591328449,-0.00346475218393468,-0.000778566638666368,0.0233415916547105,"mar",0.3,0.30165,0.514,"30%"
"n500_d4_mar_miss30","gamlss2",500,4,"sigma",0.83,0.139165805200812,0.128483377433634,0.0267226396180659,0.229337274558694,-0.0114307545123432,0.0703571692488878,"mar",0.3,0.30165,0.514,"30%"
"n500_d4_mar_miss30","gamlss.longitudinal",500,4,"sigma",0.67,-0.141886399260218,-0.123596308980018,-0.147464376923428,-0.0836648030157114,0.0275849676045217,0.037989277443221,"mar",0.3,0.30165,0.514,"30%"
"n500_d4_mar_miss30","gamlss2",500,4,"sigma",0.81,0.106357068775701,0.0858939728943888,0.00144802632289465,0.266698009263323,-0.0135042991941468,0.0821980885242624,"mar",0.3,0.30165,0.514,"30%"
"n500_d4_mar_miss30","gamlss2",500,4,"mu",0.45,0.169959346906221,0.170584932449353,0.134921051809578,0.214758127313043,0.00449560428980737,0.025424240754463,"mar",0.3,0.30165,0.514,"30%"
"n500_d4_mar_miss30","gamlss.longitudinal",500,4,"mu",0.27,0.545663085722963,0.534088945302922,0.517682372633497,0.565915722542094,-0.00617310250875842,0.0204463024633162,"mar",0.3,0.30165,0.514,"30%"
"n500_d4_mar_miss30","gamlss.longitudinal",500,4,"theta",0.08,-0.0879348431696164,0.0329507578933809,-0.178054909184629,0.0884599747408998,0.0765722077438667,0.133843354229444,"mar",0.3,0.30165,0.514,"30%"
"n500_d4_mar_miss30","gamlss2",500,4,"sigma",0.75,-0.000720297029703023,-0.0565088674651493,-0.130928030276021,0.15807402614309,-0.0167209175875936,0.0949916836516654,"mar",0.3,0.30165,0.514,"30%"
"n500_d4_mar_miss30","gamlss.longitudinal",500,4,"sigma",0.57,-0.266408412769509,-0.214860524333085,-0.29087697361706,-0.196194044305622,0.0366467740411565,0.0547651073007698,"mar",0.3,0.30165,0.514,"30%"
"n500_d4_mar_miss30","gamlss.longitudinal",500,4,"mu",0.21,0.532720738620747,0.530493140604075,0.500461993505316,0.546860561784228,-0.0052829954968603,0.0191644607767134,"mar",0.3,0.30165,0.514,"30%"
"n500_d4_mar_miss30","gamlss.longitudinal",500,4,"theta",0.02,-0.182214238754327,-0.00970935392815124,-0.256855130328498,0.086050775691698,0.135152744813581,0.194465969219419,"mar",0.3,0.30165,0.514,"30%"
"n500_d4_mar_miss30","gamlss.longitudinal",500,4,"theta",0,-0.215546973847946,-0.0233580147313039,-0.282784441699158,0.085418249552572,0.156853791333502,0.216962397088123,"mar",0.3,0.30165,0.514,"30%"
"n500_d4_mar_miss30","gamlss.longitudinal",500,4,"sigma",0.51,-0.293888315558184,-0.237869433507348,-0.33831972379868,-0.214642727567097,0.0380814481449295,0.0662874432933986,"mar",0.3,0.30165,0.514,"30%"
"n500_d4_mar_miss30","gamlss.longitudinal",500,4,"theta",0.83,-0.144221415468067,-0.154078267987755,-0.181618245712803,-0.0575858238915232,0.0110613515418154,0.0521169023407776,"mar",0.3,0.30165,0.514,"30%"
"n500_d4_mar_miss30","gamlss2",500,4,"sigma",0.67,-0.141886399260218,-0.135636119766658,-0.249185693947942,-0.0241631747244313,-0.00506478159686403,0.0869355436292474,"mar",0.3,0.30165,0.514,"30%"
"n500_d4_mar_miss30","gamlss.longitudinal",500,4,"theta",0.81,-0.118039780738624,-0.12600542627659,-0.164818748462075,-0.0349958362326813,0.00620126981618145,0.0529847467022257,"mar",0.3,0.30165,0.514,"30%"
"n500_d4_mar_miss30","gamlss.longitudinal",500,4,"sigma",0.45,-0.280037251918249,-0.227831064028726,-0.322423336195003,-0.192489802508944,0.0362394441360682,0.0640230301208443,"mar",0.3,0.30165,0.514,"30%"
"n500_d4_mar_miss30","gamlss2",500,4,"mu",0.27,0.545663085722963,0.536792924479943,0.510720601369758,0.592667080753829,-0.00331176706255006,0.0258759841024606,"mar",0.3,0.30165,0.514,"30%"
"n500_d4_mar_miss30","gamlss.longitudinal",500,4,"mu",0.09,0.294704737238448,0.344284610449188,0.288730774309482,0.39205970063944,0.042441188575667,0.0605074972077183,"mar",0.3,0.30165,0.514,"30%"
"n500_d4_mar_miss30","gamlss.longitudinal",500,4,"theta",0.75,-0.0422920829117761,-0.0454624055558927,-0.109798996637028,0.0287802499510527,-0.00697171462953369,0.0562763561989219,"mar",0.3,0.30165,0.514,"30%"
"n500_d4_mar_miss30","gamlss2",500,4,"sigma",0.57,-0.266408412769509,-0.253427000054657,-0.325447461677465,-0.181136307825847,0.0116989919712903,0.0484063880475377,"mar",0.3,0.30165,0.514,"30%"
"n500_d4_mar_miss30","gamlss2",500,4,"mu",0.21,0.532720738620747,0.532708690610531,0.486067300053341,0.567488751904798,-0.00296296356870929,0.0294582515376857,"mar",0.3,0.30165,0.514,"30%"
"n500_d4_mar_miss30","gamlss.longitudinal",500,4,"mu",0.03,0.103059723022149,0.199190227665915,0.0532372532877268,0.327213483582807,0.0788026104091733,0.133227719760865,"mar",0.3,0.30165,0.514,"30%"
"n500_d4_mar_miss30","gamlss.longitudinal",500,4,"mu",0.01,0.0345347857411224,0.148658047503181,-0.0327745095032532,0.305794793220164,0.0925284134060081,0.161437304124039,"mar",0.3,0.30165,0.514,"30%"
"n500_d4_mar_miss30","gamlss2",500,4,"sigma",0.51,-0.293888315558184,-0.271810635079049,-0.333728377357704,-0.19430497575267,0.0203936030891651,0.0559652998585974,"mar",0.3,0.30165,0.514,"30%"
"n500_d4_mar_miss30","gamlss.longitudinal",500,4,"mu",0.84,-0.464380359026109,-0.443548875125635,-0.475418963479264,-0.441192001602031,0.00971647676144274,0.0179834761885131,"mar",0.3,0.30165,0.514,"30%"
"n500_d4_mar_miss30","gamlss.longitudinal",500,4,"theta",0.67,0.0478267763399046,0.022966923177703,-0.0292851768113213,0.103792162438452,-0.0211137317083844,0.0581609435368424,"mar",0.3,0.30165,0.514,"30%"
"n500_d4_mar_miss30","gamlss.longitudinal",500,4,"mu",0.82,-0.497654878856311,-0.486404360188819,-0.515613069116359,-0.477187575585774,0.00364729913077311,0.0171072950584869,"mar",0.3,0.30165,0.514,"30%"
"n500_d4_mar_miss30","gamlss2",500,4,"sigma",0.45,-0.280037251918249,-0.261525693865559,-0.328603729249135,-0.146892316962326,0.0235598662498004,0.0662260493557042,"mar",0.3,0.30165,0.514,"30%"
"n500_d4_mar_miss30","gamlss.longitudinal",500,4,"sigma",0.27,-0.0373602670989943,-0.0541543804723206,-0.0697325268793272,-0.000209592542121256,-0.00321659204942516,0.0293417905703047,"mar",0.3,0.30165,0.514,"30%"
"n500_d4_mar_miss30","gamlss2",500,4,"mu",0.09,0.294704737238448,0.29961624993299,0.226895625252821,0.365851942522817,-8.17625864572291e-05,0.0508175782698079,"mar",0.3,0.30165,0.514,"30%"
"n500_d4_mar_miss30","gamlss.longitudinal",500,4,"mu",0.76,-0.548914700635549,-0.563535584806384,-0.593149479134349,-0.545877144111197,-0.0187580204701162,0.0266092651838402,"mar",0.3,0.30165,0.514,"30%"
"n500_d4_mar_miss30","gamlss.longitudinal",500,4,"theta",0.57,0.13350879668018,0.0678354678284647,0.056852858650225,0.16467743002899,-0.0355042026283271,0.0583896907598519,"mar",0.3,0.30165,0.514,"30%"
"n500_d4_mar_miss30","gamlss.longitudinal",500,4,"sigma",0.21,0.0717266691197535,0.033887917399667,0.00851382294782715,0.0945197060330813,-0.0289159492476192,0.0451408875746416,"mar",0.3,0.30165,0.514,"30%"
"n500_d4_mar_miss30","gamlss2",500,4,"mu",0.03,0.103059723022149,0.12734692625063,0.0206092308596343,0.201470455381833,0.0197546440052161,0.0884142394359307,"mar",0.3,0.30165,0.514,"30%"
"n500_d4_mar_miss30","gamlss2",500,4,"mu",0.01,0.0345347857411224,0.0850417580105531,-0.0788993144734098,0.158541607499019,0.0293693625129196,0.109745341650928,"mar",0.3,0.30165,0.514,"30%"
"n500_d4_mar_miss30","gamlss.longitudinal",500,4,"theta",0.51,0.16633114513373,0.114960876091695,0.0759520339459888,0.178029284183213,-0.0427888570843393,0.0596848641740435,"mar",0.3,0.30165,0.514,"30%"
"n500_d4_mar_miss30","gamlss2",500,4,"mu",0.84,-0.464380359026109,-0.456759843370442,-0.496344664295466,-0.423217713724665,0.0104867100516669,0.0291344170628684,"mar",0.3,0.30165,0.514,"30%"
"n500_d4_mar_miss30","gamlss.longitudinal",500,4,"mu",0.68,-0.497654878856311,-0.532192424131082,-0.561055265456055,-0.511168341244544,-0.0340489779588244,0.0397154289342128,"mar",0.3,0.30165,0.514,"30%"
"n500_d4_mar_miss30","gamlss2",500,4,"mu",0.82,-0.497654878856311,-0.493007350375394,-0.529701052440561,-0.446621126759618,0.00784831444848173,0.0313820440016057,"mar",0.3,0.30165,0.514,"30%"
"n500_d4_mar_miss30","gamlss.longitudinal",500,4,"theta",0.45,0.183063682402491,0.147315830573821,0.0831578774399001,0.173168542260054,-0.0483411876908451,0.061047266945191,"mar",0.3,0.30165,0.514,"30%"
"n500_d4_mar_miss30","gamlss2",500,4,"sigma",0.27,-0.0373602670989943,-0.0347622951333164,-0.140085950498848,0.0464234592615211,-0.0056179614757275,0.0599814978112305,"mar",0.3,0.30165,0.514,"30%"
"n500_d4_mar_miss30","gamlss.longitudinal",500,4,"sigma",0.09,0.242018080620902,0.169527626634669,0.149330763286539,0.241476108205027,-0.0607214128798586,0.0725920685227285,"mar",0.3,0.30165,0.514,"30%"
"n500_d4_mar_miss30","gamlss2",500,4,"mu",0.76,-0.548914700635549,-0.553684027473901,-0.61170549993737,-0.491008752548298,-2.06575158889999e-05,0.036253835280593,"mar",0.3,0.30165,0.514,"30%"
"n500_d4_mar_miss30","gamlss.longitudinal",500,4,"mu",0.58,-0.264964520755943,-0.289275644101365,-0.31254384502233,-0.280188029864903,-0.027724019861034,0.0307446103363841,"mar",0.3,0.30165,0.514,"30%"
"n500_d4_mar_miss30","gamlss2",500,4,"sigma",0.21,0.0717266691197535,0.0843567458729583,0.0188653695662793,0.158933277969814,0.0159883179516286,0.0506187321308322,"mar",0.3,0.30165,0.514,"30%"
"n500_d4_mar_miss30","gamlss.longitudinal",500,4,"sigma",0.03,0.278125878188904,0.242384911416871,0.145971015387803,0.355036806806846,-0.0368875892696021,0.0894399134805413,"mar",0.3,0.30165,0.514,"30%"
"n500_d4_mar_miss30","gamlss.longitudinal",500,4,"sigma",0.01,0.280927721498779,0.266861477819073,0.14076492257649,0.39318728783798,-0.020003128755008,0.0995941929177265,"mar",0.3,0.30165,0.514,"30%"
"n500_d4_mar_miss30","gamlss.longitudinal",500,4,"mu",0.52,-0.0689332784603674,-0.0827649965023358,-0.09855295932531,-0.0687967235975046,-0.0141742574962218,0.0184468746218328,"mar",0.3,0.30165,0.514,"30%"
"n500_d4_mar_miss30","gamlss.longitudinal",500,4,"sigma",0.84,0.154717741463996,0.124796495481263,0.0857988385757241,0.229489758143194,-0.0158563609371628,0.0621008598345362,"mar",0.3,0.30165,0.514,"30%"
"n500_d4_mar_miss30","gamlss2",500,4,"mu",0.68,-0.497654878856311,-0.49208673380281,-0.584485833811155,-0.452194474094847,-0.0038630829129613,0.0373650068115397,"mar",0.3,0.30165,0.514,"30%"
"n500_d4_mar_miss30","gamlss.longitudinal",500,4,"sigma",0.82,0.123023490439819,0.103775584293541,0.0584758943353723,0.209074629910463,-0.010300099744849,0.0651821869202231,"mar",0.3,0.30165,0.514,"30%"
"n500_d4_mar_miss30","gamlss.longitudinal",500,4,"mu",0.46,0.13677943794067,0.139139081132756,0.130392241615121,0.150078664013541,0.00242174206235599,0.00814445825481296,"mar",0.3,0.30165,0.514,"30%"
"n500_d4_mar_miss30","gamlss.longitudinal",500,4,"theta",0.27,0.128756363872617,0.102669676629587,0.0473994398393624,0.132959055090082,-0.036559150554733,0.0494254976113807,"mar",0.3,0.30165,0.514,"30%"
"n500_d4_mar_miss30","gamlss2",500,4,"sigma",0.09,0.242018080620902,0.264650822628011,0.148348645626293,0.372974021280938,0.0138047560340968,0.0768161269014247,"mar",0.3,0.30165,0.514,"30%"
"n500_d4_mar_miss30","gamlss.longitudinal",500,4,"sigma",0.76,0.0176068588290909,0.00830851653497341,-0.0325636831661713,0.118424345355132,0.00777152060200917,0.0623058216009473,"mar",0.3,0.30165,0.514,"30%"
"n500_d4_mar_miss30","gamlss2",500,4,"mu",0.58,-0.264964520755943,-0.271779199555429,-0.308814306198823,-0.222325849217112,-0.00591901496906505,0.0317592775525399,"mar",0.3,0.30165,0.514,"30%"
"n500_d4_mar_miss30","gamlss.longitudinal",500,4,"theta",0.21,0.0762566725753297,0.0690447388217971,-0.0137790276444882,0.110392064641482,-0.0139835443892952,0.0530022690914403,"mar",0.3,0.30165,0.514,"30%"
"n500_d4_mar_miss30","gamlss2",500,4,"sigma",0.03,0.278125878188904,0.261476628660569,0.0999246120683171,0.453683831794939,-0.0158885129578777,0.104240866235468,"mar",0.3,0.30165,0.514,"30%"
"n500_d4_mar_miss30","gamlss2",500,4,"sigma",0.01,0.280927721498779,0.292044269471103,0.03344673995597,0.507657786494963,-0.0209125467307095,0.140483055701112,"mar",0.3,0.30165,0.514,"30%"
"n500_d4_mar_miss30","gamlss2",500,4,"mu",0.52,-0.0689332784603674,-0.066837278014067,-0.10979234995308,-0.0420305933408657,-0.00187224592583192,0.0238979579955515,"mar",0.3,0.30165,0.514,"30%"
"n500_d4_mar_miss30","gamlss2",500,4,"sigma",0.84,0.154717741463996,0.139015703542407,0.0400175192570576,0.227570472744034,-0.0106610716390095,0.0664120053651243,"mar",0.3,0.30165,0.514,"30%"
"n500_d4_mar_miss30","gamlss.longitudinal",500,4,"sigma",0.68,-0.125444084499225,-0.111115385023363,-0.136749674438908,-0.0625905387365086,0.0260223778895598,0.0398565423070052,"mar",0.3,0.30165,0.514,"30%"
"n500_d4_mar_miss30","gamlss2",500,4,"sigma",0.82,0.123023490439819,0.10760724242852,0.0138513858698039,0.250566639759122,-0.0124204677779124,0.0759540264255991,"mar",0.3,0.30165,0.514,"30%"
"n500_d4_mar_miss30","gamlss2",500,4,"mu",0.46,0.13677943794067,0.131374135603011,0.104496008772033,0.181677682837439,0.00400180685149639,0.0250045033845183,"mar",0.3,0.30165,0.514,"30%"
"n500_d4_mar_miss30","gamlss.longitudinal",500,4,"mu",0.28,0.540257987900779,0.527773940211719,0.513849600421931,0.565089859460188,-0.00483767338145775,0.0221448072524042,"mar",0.3,0.30165,0.514,"30%"
"n500_d4_mar_miss30","gamlss.longitudinal",500,4,"theta",0.09,-0.0731942446761535,0.039874825795502,-0.164986235166564,0.0888202714298322,0.0677318024767249,0.124831147039883,"mar",0.3,0.30165,0.514,"30%"
"n500_d4_mar_miss30","gamlss2",500,4,"sigma",0.76,0.0176068588290909,-0.0407493537509803,-0.112541063318332,0.184487180157069,-0.0169058745429241,0.0968358207477687,"mar",0.3,0.30165,0.514,"30%"
"n500_d4_mar_miss30","gamlss.longitudinal",500,4,"sigma",0.58,-0.258002301042862,-0.212090823332531,-0.277194532297296,-0.188128773856708,0.0361393818737469,0.0519516936571843,"mar",0.3,0.30165,0.514,"30%"
"n500_d4_mar_miss30","gamlss.longitudinal",500,4,"mu",0.22,0.540257987900779,0.535763762653105,0.507417370615492,0.549463174477164,-0.00669873519379942,0.0187822471095603,"mar",0.3,0.30165,0.514,"30%"
"n500_d4_mar_miss30","gamlss.longitudinal",500,4,"theta",0.88,-0.210559570722046,-0.213722664943336,-0.225189561569054,-0.115748920173202,0.0236736328067316,0.0524787215062849,"mar",0.3,0.30165,0.514,"30%"
"n500_d4_mar_miss30","gamlss2",500,4,"sigma",0.72,-0.0555246914054204,-0.0906182182579756,-0.168698333765083,0.0702522329390838,-0.0140434645968256,0.0865785071543149,"mar",0.3,0.30165,0.514,"30%"
"n500_d4_mar_miss30","gamlss2",500,4,"sigma",0.7,-0.0911753953421872,-0.110771700193791,-0.206558917810858,0.00853882685219528,-0.0108595240351888,0.0843556510391704,"mar",0.3,0.30165,0.514,"30%"
"n500_d4_mar_miss30","gamlss.longitudinal",500,4,"theta",0.84,-0.157418833384277,-0.16827355911819,-0.189743837890833,-0.0690570640685439,0.0135511548889524,0.0518458425024437,"mar",0.3,0.30165,0.514,"30%"
"n500_d4_mar_miss30","gamlss2",500,4,"sigma",0.68,-0.125444084499225,-0.127673238260158,-0.236726192657803,-0.0118129010544256,-0.00705282553821584,0.0859186997592728,"mar",0.3,0.30165,0.514,"30%"
"n500_d4_mar_miss30","gamlss.longitudinal",500,4,"sigma",0.48,-0.292144707424046,-0.236284331035758,-0.338365314428732,-0.20660024216621,0.0376745039820078,0.06705788660288,"mar",0.3,0.30165,0.514,"30%"
"n500_d4_mar_miss30","gamlss.longitudinal",500,4,"sigma",0.46,-0.285205245368292,-0.23137835557041,-0.329473547633524,-0.197819024485359,0.0368403461317548,0.0654527175439886,"mar",0.3,0.30165,0.514,"30%"
"n500_d4_mar_miss30","gamlss.longitudinal",500,4,"mu",0.97,-0.103059723022149,-0.141610665478815,-0.148341735219749,-0.123063801169456,-0.034724868093821,0.0361422907239885,"mar",0.3,0.30165,0.514,"30%"
"n500_d4_mar_miss30","gamlss.longitudinal",500,4,"mu",0.95,-0.169959346906221,-0.193048832525845,-0.197989584504778,-0.171669467978502,-0.0178443108986583,0.020818503193598,"mar",0.3,0.30165,0.514,"30%"
"n500_d4_mar_miss30","gamlss2",500,4,"sigma",0.6,-0.238175395342187,-0.243687160946961,-0.317510101509414,-0.140484262154027,0.0073097012330227,0.0635113309234407,"mar",0.3,0.30165,0.514,"30%"
"n500_d4_mar_miss30","gamlss2",500,4,"sigma",0.58,-0.258002301042862,-0.250718454208355,-0.324508587786414,-0.16912672259748,0.0102567653608327,0.0520301893864154,"mar",0.3,0.30165,0.514,"30%"
"n500_d4_mar_miss30","gamlss2",500,4,"mu",0.22,0.540257987900779,0.538828401704907,0.495169689017304,0.579614029956538,-0.00286341497811842,0.0287352575470281,"mar",0.3,0.30165,0.514,"30%"
"n500_d4_mar_miss30","gamlss.longitudinal",500,4,"mu",0.89,-0.350583194361779,-0.340607012155222,-0.352349162309546,-0.32166482668977,0.0122572143895531,0.0171543480345763,"mar",0.3,0.30165,0.514,"30%"
"n500_d4_mar_miss30","gamlss.longitudinal",500,4,"theta",0.72,-0.00672359507839471,-0.00875470011251802,-0.0801055803579117,0.0576037638138186,-0.0126802839308802,0.0574168857567251,"mar",0.3,0.30165,0.514,"30%"
"n500_d4_mar_miss30","gamlss.longitudinal",500,4,"theta",0.7,0.0158736742092329,0.0050098207834291,-0.0598459872965704,0.0771301593438486,-0.0161941558423316,0.0578687065970666,"mar",0.3,0.30165,0.514,"30%"
"n500_d4_mar_miss30","gamlss.longitudinal",500,4,"mu",0.85,-0.444959346906221,-0.42459009592756,-0.452885611489028,-0.420071905829615,0.0118892999586521,0.0185862324811394,"mar",0.3,0.30165,0.514,"30%"
"n500_d4_mar_miss30","gamlss.longitudinal",500,4,"theta",0.68,0.0374522230287292,0.0173299535346299,-0.0394588158100035,0.0952784053687906,-0.0195157458093846,0.0581045969730124,"mar",0.3,0.30165,0.514,"30%"
"n500_d4_mar_miss30","gamlss.longitudinal",500,4,"sigma",0.61,-0.22683426986244,-0.189947144082049,-0.228639884050455,-0.159795516855071,0.0342337661304673,0.0432937286816503,"mar",0.3,0.30165,0.514,"30%"
"n500_d4_mar_miss30","gamlss2",500,4,"sigma",0.46,-0.285205245368292,-0.257393514256256,-0.328071757564848,-0.156650368054056,0.0239234586053518,0.0645458988523161,"mar",0.3,0.30165,0.514,"30%"
"n500_d4_mar_miss30","gamlss2",500,4,"mu",0.97,-0.103059723022149,-0.1317563427424,-0.194847561404505,-0.0438322306600111,-0.0195873031314071,0.0616368702081331,"mar",0.3,0.30165,0.514,"30%"
"n500_d4_mar_miss30","gamlss2",500,4,"mu",0.95,-0.169959346906221,-0.18190739574839,-0.240184569403906,-0.117275792285199,-0.00810275318116357,0.0444100379910032,"mar",0.3,0.30165,0.514,"30%"
"n500_d4_mar_miss30","gamlss.longitudinal",500,4,"theta",0.6,0.111565942276249,0.0534736826498643,0.0354859668271085,0.151331150081985,-0.0314448595611591,0.0581612076503445,"mar",0.3,0.30165,0.514,"30%"
"n500_d4_mar_miss30","gamlss.longitudinal",500,4,"theta",0.58,0.126583737775194,0.0595341110166982,0.0508025476484486,0.160709755629101,-0.0341770381332058,0.0582798564278309,"mar",0.3,0.30165,0.514,"30%"
"n500_d4_mar_miss30","gamlss.longitudinal",500,4,"sigma",0.22,0.0539040973460145,0.0165846113220515,-0.00449243461832237,0.0815144303677978,-0.0244565092376321,0.0424653030785761,"mar",0.3,0.30165,0.514,"30%"
"n500_d4_mar_miss30","gamlss2",500,4,"mu",0.89,-0.350583194361779,-0.33565411740888,-0.375385633752263,-0.301736106261337,0.0112972336938449,0.0260977650036815,"mar",0.3,0.30165,0.514,"30%"
"n500_d4_mar_miss30","gamlss2",500,4,"mu",0.62,-0.376500908260779,-0.391504858225021,-0.424017904223577,-0.3203801023597,-0.00554049820658734,0.0353745000931551,"mar",0.3,0.30165,0.514,"30%"
"n500_d4_mar_miss30","gamlss.longitudinal",500,4,"mu",0.71,-0.532720738620747,-0.561555505645945,-0.592434632900544,-0.542521607668121,-0.0311050579184501,0.0368323515240835,"mar",0.3,0.30165,0.514,"30%"
"n500_d4_mar_miss30","gamlss2",500,4,"mu",0.85,-0.444959346906221,-0.435868253783375,-0.474621588535402,-0.404137672359479,0.0114882724584224,0.0282106183965083,"mar",0.3,0.30165,0.514,"30%"
"n500_d4_mar_miss30","gamlss.longitudinal",500,4,"mu",0.69,-0.511377067238538,-0.54598777996066,-0.573812747539065,-0.523820807521225,-0.0334083129536754,0.0390850964455029,"mar",0.3,0.30165,0.514,"30%"
"n500_d4_mar_miss30","gamlss2",500,4,"sigma",0.61,-0.22683426986244,-0.230552097521815,-0.311155693543379,-0.12511492047945,0.00576802039990955,0.0699300786966854,"mar",0.3,0.30165,0.514,"30%"
"n500_d4_mar_miss30","gamlss.longitudinal",500,4,"theta",0.46,0.18144646150192,0.143131071549115,0.0823951666172024,0.175246345700107,-0.0475872781633827,0.0609114410635183,"mar",0.3,0.30165,0.514,"30%"
"n500_d4_mar_miss30","gamlss.longitudinal",500,4,"sigma",0.97,0.278125878188904,0.248919130918339,0.225760932420017,0.33167239299871,-0.00270051948964192,0.045872688344095,"mar",0.3,0.30165,0.514,"30%"
"n500_d4_mar_miss30","gamlss.longitudinal",500,4,"sigma",0.95,0.270596657858843,0.2563651771573,0.212027867805624,0.301120281276234,-0.0138045636643581,0.0394652254399846,"mar",0.3,0.30165,0.514,"30%"
"n500_d4_mar_miss30","gamlss.longitudinal",500,4,"mu",0.61,-0.350583194361779,-0.381647316675567,-0.405795564067478,-0.364505593106542,-0.0317126072072914,0.0356965649150526,"mar",0.3,0.30165,0.514,"30%"
"n500_d4_mar_miss30","gamlss.longitudinal",500,4,"mu",0.59,-0.294704737238448,-0.320269027406293,-0.344825990249727,-0.310010167760655,-0.0292725355229982,0.0325479426917813,"mar",0.3,0.30165,0.514,"30%"
"n500_d4_mar_miss30","gamlss2",500,4,"sigma",0.22,0.0539040973460145,0.0694917096052599,-0.0155363671369587,0.141018283560641,0.0118686805318573,0.0492844476733696,"mar",0.3,0.30165,0.514,"30%"
"n500_d4_mar_miss30","gamlss.longitudinal",500,4,"sigma",0.89,0.221473675803034,0.186215772648528,0.151236533384214,0.258167281079353,-0.0243382531203464,0.0487054945224367,"mar",0.3,0.30165,0.514,"30%"
"n500_d4_mar_miss30","gamlss.longitudinal",500,4,"sigma",0.62,-0.214600885256126,-0.180754649964429,-0.209887011519252,-0.149237068925092,0.0333849733605617,0.0407780174850011,"mar",0.3,0.30165,0.514,"30%"
"n500_d4_mar_miss30","gamlss2",500,4,"mu",0.71,-0.532720738620747,-0.520063259759112,-0.621060713467238,-0.501229075477982,-0.0030392317915832,0.0370156681977994,"mar",0.3,0.30165,0.514,"30%"
"n500_d4_mar_miss30","gamlss.longitudinal",500,4,"sigma",0.85,0.169615278658039,0.134755512412469,0.0995199707642296,0.237621157907274,-0.0182956140235952,0.0599293255600546,"mar",0.3,0.30165,0.514,"30%"
"n500_d4_mar_miss30","gamlss2",500,4,"mu",0.69,-0.511377067238538,-0.501228605030207,-0.599499235062151,-0.471712935172608,-0.00361351604694026,0.0373120644645559,"mar",0.3,0.30165,0.514,"30%"
"n500_d4_mar_miss30","gamlss.longitudinal",500,4,"theta",0.61,0.103492763453817,0.0500093297502565,0.027368401622773,0.145911698107379,-0.0300542066190382,0.0581512489058956,"mar",0.3,0.30165,0.514,"30%"
"n500_d4_mar_miss30","gamlss.longitudinal",500,4,"mu",0.47,0.103059723022149,0.101768139648844,0.093757705755254,0.115216859061703,-0.000115728030759993,0.00856570736844288,"mar",0.3,0.30165,0.514,"30%"
"n500_d4_mar_miss30","gamlss2",500,4,"sigma",0.97,0.278125878188904,0.237383076157575,0.143008633591325,0.368056675908558,-0.034780375273863,0.0874374256422057,"mar",0.3,0.30165,0.514,"30%"
"n500_d4_mar_miss30","gamlss2",500,4,"sigma",0.95,0.270596657858843,0.224175172222391,0.16615369527215,0.351545573041507,-0.0306501300546699,0.0732581648924928,"mar",0.3,0.30165,0.514,"30%"
"n500_d4_mar_miss30","gamlss2",500,4,"mu",0.61,-0.350583194361779,-0.363768268998984,-0.399049559955177,-0.297297616376749,-0.00578258650064501,0.0346792817247757,"mar",0.3,0.30165,0.514,"30%"
"n500_d4_mar_miss30","gamlss2",500,4,"mu",0.59,-0.294704737238448,-0.30138888983751,-0.34149849385263,-0.248581933864893,-0.00600760163330405,0.0328916819295155,"mar",0.3,0.30165,0.514,"30%"
"n500_d4_mar_miss30","gamlss.longitudinal",500,4,"theta",0.22,0.0861230366616402,0.0700043933556732,-0.00205253873149577,0.11452546458048,-0.0186031448019028,0.0510039555992421,"mar",0.3,0.30165,0.514,"30%"
"n500_d4_mar_miss30","gamlss2",500,4,"sigma",0.89,0.221473675803034,0.19454629119938,0.107661492436168,0.332823011070378,-0.0134685091149931,0.0726528905616936,"mar",0.3,0.30165,0.514,"30%"
"n500_d4_mar_miss30","gamlss2",500,4,"sigma",0.62,-0.214600885256126,-0.216152175803502,-0.302867164855246,-0.110846227379337,0.0041608458060444,0.0758757034221867,"mar",0.3,0.30165,0.514,"30%"
"n500_d4_mar_miss30","gamlss.longitudinal",500,4,"sigma",0.71,-0.0734872631791595,-0.0687957313573648,-0.101449476171957,0.00961267008344766,0.0203764084981886,0.0483328111980368,"mar",0.3,0.30165,0.514,"30%"
"n500_d4_mar_miss30","gamlss2",500,4,"sigma",0.85,0.169615278658039,0.149585833462797,0.0551816667739526,0.255586698743974,-0.0102279094960073,0.0647822783556174,"mar",0.3,0.30165,0.514,"30%"
"n500_d4_mar_miss30","gamlss.longitudinal",500,4,"sigma",0.69,-0.108517662835106,-0.0974604114126037,-0.125558590268042,-0.0383612509961415,0.0243019503989776,0.0423284760068197,"mar",0.3,0.30165,0.514,"30%"
"n500_d4_mar_miss30","gamlss.longitudinal",500,4,"mu",0.62,-0.376500908260779,-0.408984948601168,-0.434155706131854,-0.389889704202333,-0.0327101959068644,0.0370817766412304,"mar",0.3,0.30165,0.514,"30%"
"n500_d4_mar_miss30","gamlss2",500,4,"mu",0.47,0.103059723022149,0.0977963699632639,0.0750758534965723,0.146896648753748,0.00330245634456034,0.0244799388246442,"mar",0.3,0.30165,0.514,"30%"
"n500_d4_mar_miss30","gamlss.longitudinal",500,4,"theta",0.97,-0.327961441658366,-0.286155792499281,-0.343396207983522,-0.22208247650656,0.0439904700924471,0.0648907887331962,"mar",0.3,0.30165,0.514,"30%"
"n500_d4_mar_miss30","gamlss.longitudinal",500,4,"theta",0.95,-0.302525281225209,-0.267658657622055,-0.317093532267454,-0.198927990532378,0.0401248992744171,0.0611907755611072,"mar",0.3,0.30165,0.514,"30%"
"n500_d4_mar_miss30","gamlss.longitudinal",500,4,"sigma",0.63,-0.20152442880831,-0.170791064302354,-0.18986683979982,-0.138220270398777,0.0324679319566705,0.0387238708831457,"mar",0.3,0.30165,0.514,"30%"
"n500_d4_mar_miss30","gamlss.longitudinal",500,4,"sigma",0.59,-0.248578674680307,-0.206085585501128,-0.262377450855801,-0.179315333368223,0.0355768706786672,0.0490098985157343,"mar",0.3,0.30165,0.514,"30%"
"n500_d4_mar_miss30","gamlss.longitudinal",500,4,"mu",0.23,0.545663085722963,0.541393947684583,0.512951604562923,0.553520481430666,-0.00752895079843843,0.0184165286613258,"mar",0.3,0.30165,0.514,"30%"
"n500_d4_mar_miss30","gamlss.longitudinal",500,4,"theta",0.89,-0.223855116916594,-0.221615738082937,-0.238288976836752,-0.127565633290407,0.0261885000918191,0.0531481803066474,"mar",0.3,0.30165,0.514,"30%"
"n500_d4_mar_miss30","gamlss.longitudinal",500,4,"theta",0.62,0.0950570556093092,0.0462942129820623,0.0190020065149625,0.140017351176329,-0.0286241328165615,0.0581422964951198,"mar",0.3,0.30165,0.514,"30%"
"n500_d4_mar_miss30","gamlss2",500,4,"sigma",0.71,-0.0734872631791595,-0.100076985892179,-0.189075269657815,0.0397418586660296,-0.012558626060548,0.0848854110429182,"mar",0.3,0.30165,0.514,"30%"
"n500_d4_mar_miss30","gamlss.longitudinal",500,4,"theta",0.85,-0.170666816341098,-0.182565257148642,-0.197701517710513,-0.0806156032260787,0.0160712166547194,0.0517267363623509,"mar",0.3,0.30165,0.514,"30%"
"n500_d4_mar_miss30","gamlss2",500,4,"sigma",0.69,-0.108517662835106,-0.114474644082004,-0.222398565467771,-0.00108472533871534,-0.00900395056360286,0.0848531012170002,"mar",0.3,0.30165,0.514,"30%"
"n500_d4_mar_miss30","gamlss2",500,4,"mu",0.64,-0.423782283526684,-0.434002703052163,-0.477212556666035,-0.365994350636472,-0.00495769057026556,0.0364522785001363,"mar",0.3,0.30165,0.514,"30%"
"n500_d4_mar_miss30","gamlss.longitudinal",500,4,"sigma",0.47,-0.28924647224831,-0.234206266620923,-0.334795960173643,-0.202545556662978,0.037314291897313,0.0664615481515095,"mar",0.3,0.30165,0.514,"30%"
"n500_d4_mar_miss30","gamlss.longitudinal",500,4,"mu",0.98,-0.0689332784603676,-0.115792005709701,-0.123465112543589,-0.0989061562908745,-0.0438921492432821,0.044935793422337,"mar",0.3,0.30165,0.514,"30%"
"n500_d4_mar_miss30","gamlss.longitudinal",500,4,"mu",0.96,-0.13677943794067,-0.167507869068188,-0.173156071553768,-0.147301152780173,-0.0259882828930149,0.0279892106615721,"mar",0.3,0.30165,0.514,"30%"
"n500_d4_mar_miss30","gamlss2",500,4,"sigma",0.63,-0.20152442880831,-0.196416616934951,-0.297858839420852,-0.0906302728577841,0.00247605568284269,0.0808217047392755,"mar",0.3,0.30165,0.514,"30%"
"n500_d4_mar_miss30","gamlss2",500,4,"sigma",0.59,-0.248578674680307,-0.253864572761354,-0.321687042993794,-0.166463318844498,0.00880072569588297,0.0572929663542895,"mar",0.3,0.30165,0.514,"30%"
"n500_d4_mar_miss30","gamlss2",500,4,"mu",0.23,0.545663085722963,0.544348399109445,0.501201364375378,0.587569900668133,-0.00285769076408566,0.0279849887783668,"mar",0.3,0.30165,0.514,"30%"
"n500_d4_mar_miss30","gamlss.longitudinal",500,4,"mu",0.9,-0.32328188876086,-0.318045133481057,-0.325824387308613,-0.296361761471003,0.00982601383159967,0.0153077761787651,"mar",0.3,0.30165,0.514,"30%"
"n500_d4_mar_miss30","gamlss.longitudinal",500,4,"mu",0.63,-0.400932745081776,-0.434276421933887,-0.460641244086622,-0.414002270355348,-0.0334453309334152,0.0381829112049891,"mar",0.3,0.30165,0.514,"30%"
"n500_d4_mar_miss30","gamlss.longitudinal",500,4,"theta",0.71,0.00469571114387557,-0.00169436669663092,-0.0700068359691995,0.0675285930086204,-0.0144648825304248,0.0576732333869454,"mar",0.3,0.30165,0.514,"30%"
"n500_d4_mar_miss30","gamlss.longitudinal",500,4,"mu",0.86,-0.423782283526684,-0.404529385374272,-0.42903859209448,-0.396290647665568,0.013401206293174,0.0190532807397519,"mar",0.3,0.30165,0.514,"30%"
"n500_d4_mar_miss30","gamlss.longitudinal",500,4,"theta",0.69,0.0267968943074191,0.0113440406706133,-0.0496551414795061,0.0863834067838902,-0.0178779692874798,0.0580094294388138,"mar",0.3,0.30165,0.514,"30%"
"n500_d4_mar_miss30","gamlss.longitudinal",500,4,"sigma",0.64,-0.18765749395431,-0.16014265302924,-0.177306975739899,-0.126799128302436,0.0314424442811913,0.0373073938142059,"mar",0.3,0.30165,0.514,"30%"
"n500_d4_mar_miss30","gamlss2",500,4,"sigma",0.47,-0.28924647224831,-0.261593598573737,-0.325787519436459,-0.177251139089752,0.023857046003342,0.0629256760356109,"mar",0.3,0.30165,0.514,"30%"
"n500_d4_mar_miss30","gamlss2",500,4,"mu",0.98,-0.0689332784603676,-0.104576684523246,-0.177782356815915,-0.000872256841923738,-0.0259415535977389,0.071566437731877,"mar",0.3,0.30165,0.514,"30%"
"n500_d4_mar_miss30","gamlss2",500,4,"mu",0.96,-0.13677943794067,-0.159573034587956,-0.216307364777319,-0.0817554921092562,-0.0136059988152306,0.0524908883973225,"mar",0.3,0.30165,0.514,"30%"
"n500_d4_mar_miss30","gamlss.longitudinal",500,4,"theta",0.63,0.0862695122781584,0.0422558731898023,0.0103763064147916,0.133659340754113,-0.0271783943036762,0.0581570991887824,"mar",0.3,0.30165,0.514,"30%"
"n500_d4_mar_miss30","gamlss.longitudinal",500,4,"theta",0.59,0.119266256313551,0.0566397918174353,0.0432994578447919,0.156269556146439,-0.0328228517305658,0.0582082708115593,"mar",0.3,0.30165,0.514,"30%"
"n500_d4_mar_miss30","gamlss.longitudinal",500,4,"sigma",0.23,0.0358396730395883,-0.0004184487667833,-0.0173784083218598,0.0673034405231319,-0.0200083213756224,0.0397386326703064,"mar",0.3,0.30165,0.514,"30%"
"n500_d4_mar_miss30","gamlss2",500,4,"mu",0.9,-0.32328188876086,-0.309936173497397,-0.347042852735297,-0.274332209275877,0.009806272144671,0.0262067522573123,"mar",0.3,0.30165,0.514,"30%"
"n500_d4_mar_miss30","gamlss2",500,4,"mu",0.63,-0.400932745081776,-0.415599825847198,-0.447469112617301,-0.34329340598324,-0.0052569974855901,0.0359626355926294,"mar",0.3,0.30165,0.514,"30%"
"n500_d4_mar_miss30","gamlss.longitudinal",500,4,"mu",0.72,-0.540257987900779,-0.564844460718302,-0.597832911761437,-0.54840814639006,-0.0293786366026463,0.0352117519129104,"mar",0.3,0.30165,0.514,"30%"
"n500_d4_mar_miss30","gamlss2",500,4,"mu",0.86,-0.423782283526684,-0.415346905679824,-0.449904728800853,-0.379922806142405,0.012157630513449,0.027451546710868,"mar",0.3,0.30165,0.514,"30%"
"n500_d4_mar_miss30","gamlss.longitudinal",500,4,"mu",0.7,-0.523081083962334,-0.555557863808976,-0.584355622817586,-0.534242020557743,-0.032432638587991,0.0381296912246305,"mar",0.3,0.30165,0.514,"30%"
"n500_d4_mar_miss30","gamlss.longitudinal",500,4,"mu",0.48,0.0689332784603675,0.064253612000566,0.0557127462272538,0.0799304020157222,-0.00282823842140446,0.00998274684633619,"mar",0.3,0.30165,0.514,"30%"
"n500_d4_mar_miss30","gamlss.longitudinal",500,4,"theta",0.47,0.179354253037097,0.138440723694433,0.0814740649616599,0.17681487607876,-0.0467536319053175,0.0607218434800541,"mar",0.3,0.30165,0.514,"30%"
"n500_d4_mar_miss30","gamlss.longitudinal",500,4,"sigma",0.98,0.28012411336464,0.260538236902081,0.229378939681441,0.346926398618736,0.00454176687556648,0.0516154977785209,"mar",0.3,0.30165,0.514,"30%"
"n500_d4_mar_miss30","gamlss.longitudinal",500,4,"sigma",0.96,0.274944651308886,0.252723974857511,0.218957838711247,0.316406651649957,-0.00879914581413135,0.0418221629823058,"mar",0.3,0.30165,0.514,"30%"
"n500_d4_mar_miss30","gamlss.longitudinal",500,4,"mu",0.64,-0.423782283526684,-0.457625383245584,-0.485177113566857,-0.436785303726251,-0.0339654628034539,0.039026941389126,"mar",0.3,0.30165,0.514,"30%"
"n500_d4_mar_miss30","gamlss.longitudinal",500,4,"mu",0.6,-0.32328188876086,-0.35159804109295,-0.376082305985577,-0.337937435385025,-0.0306266375429986,0.0342310737644789,"mar",0.3,0.30165,0.514,"30%"
"n500_d4_mar_miss30","gamlss2",500,4,"sigma",0.23,0.0358396730395883,0.0388635936567615,-0.0376552252039592,0.117220876936405,0.00773551630919042,0.0497794143417708,"mar",0.3,0.30165,0.514,"30%"
"n500_d4_mar_miss30","gamlss.longitudinal",500,4,"sigma",0.9,0.232234801282781,0.203960988598401,0.162936937021347,0.260868184370821,-0.0245383395223061,0.0457657817424968,"mar",0.3,0.30165,0.514,"30%"
"n500_d4_mar_miss30","gamlss.longitudinal",500,4,"sigma",0.72,-0.0555246914054204,-0.0538838612136401,-0.0885984168044635,0.0329909919064807,0.0181669190424221,0.0515152246936702,"mar",0.3,0.30165,0.514,"30%"
"n500_d4_mar_miss30","gamlss2",500,4,"mu",0.72,-0.540257987900779,-0.528896564662828,-0.627212742044291,-0.500443514316988,-0.00266375468535922,0.0368551440611444,"mar",0.3,0.30165,0.514,"30%"
"n500_d4_mar_miss30","gamlss.longitudinal",500,4,"sigma",0.86,0.183796899894904,0.144135557274159,0.113263230485125,0.24442712968915,-0.0204655983991863,0.0574256523744398,"mar",0.3,0.30165,0.514,"30%"
"n500_d4_mar_miss30","gamlss2",500,4,"mu",0.7,-0.523081083962334,-0.510359070889502,-0.611761658728668,-0.489976213392709,-0.00334688274279898,0.0371805332681698,"mar",0.3,0.30165,0.514,"30%"
"n500_d4_mar_miss30","gamlss2",500,4,"mu",0.48,0.0689332784603675,0.0660472250869581,0.0464677226668095,0.11055979874666,0.00242866256916083,0.0239174150218505,"mar",0.3,0.30165,0.514,"30%"
"n500_d4_mar_miss30","gamlss.longitudinal",500,4,"theta",0.98,-0.34046415291859,-0.293351418042949,-0.357728862659259,-0.232887071550567,0.0457091986946159,0.0668113057876956,"mar",0.3,0.30165,0.514,"30%"
"n500_d4_mar_miss30","gamlss2",500,4,"sigma",0.98,0.28012411336464,0.246389642842403,0.113545958271944,0.389724842230327,-0.0355522539603762,0.099310104070665,"mar",0.3,0.30165,0.514,"30%"
"n500_d4_mar_miss30","gamlss2",500,4,"sigma",0.96,0.274944651308886,0.220343475868366,0.165243917679365,0.346414081332553,-0.0330781419118437,0.078593118557856,"mar",0.3,0.30165,0.514,"30%"
"n500_d4_mar_miss30","gamlss.longitudinal",500,4,"sigma",0.6,-0.238175395342187,-0.198425693412691,-0.246241389333296,-0.169850186691283,0.0349314924333183,0.0460786922274869,"mar",0.3,0.30165,0.514,"30%"
"n500_d4_mar_miss30","gamlss2",500,4,"mu",0.6,-0.32328188876086,-0.3315417016098,-0.371602519663006,-0.274023863318218,-0.00595042916927272,0.0338594314977857,"mar",0.3,0.30165,0.514,"30%"
"n500_d4_mar_miss30","gamlss.longitudinal",500,4,"theta",0.23,0.0955516416496119,0.0768208333422374,0.00832300966292822,0.118513617223559,-0.0228673263438469,0.0496449027561758,"mar",0.3,0.30165,0.514,"30%"
"n500_d4_mar_miss30","gamlss2",500,4,"sigma",0.9,0.232234801282781,0.211915894053187,0.120971936918896,0.340197949568848,-0.0156628001515453,0.073821788899447,"mar",0.3,0.30165,0.514,"30%"
"n500_d4_mar_miss30","gamlss.longitudinal",500,4,"mu",0.87,-0.400932745081776,-0.383988316936653,-0.404207668582743,-0.371827029083075,0.0139429836091729,0.0189876981944505,"mar",0.3,0.30165,0.514,"30%"
"n500_d4_mar_miss30","gamlss.longitudinal",500,4,"theta",0.86,-0.183949921668556,-0.196934999433655,-0.20549444175369,-0.0922668087457607,0.0186068532821816,0.0517743992267769,"mar",0.3,0.30165,0.514,"30%"
"n500_d4_mar_miss30","gamlss2",500,4,"sigma",0.86,0.183796899894904,0.159088894974073,0.0802158850758227,0.280548442393339,-0.0102310700349897,0.0654429753848479,"mar",0.3,0.30165,0.514,"30%"
"n500_d4_mar_miss30","gamlss.longitudinal",500,4,"sigma",0.7,-0.0911753953421872,-0.083337330354832,-0.113775970419973,-0.0142260244090814,0.022424658918942,0.0452173697070592,"mar",0.3,0.30165,0.514,"30%"
"n500_d4_mar_miss30","gamlss2",500,4,"mu",0.99,-0.0345347857411223,-0.0813909230157593,-0.160634732056865,0.0422148043023493,-0.032552032417241,0.0820298587830353,"mar",0.3,0.30165,0.514,"30%"
"n500_d4_mar_miss30","gamlss.longitudinal",500,4,"mu",0.99,-0.0345347857411223,-0.090055129261657,-0.0985547337947061,-0.0747853419041749,-0.0533504242387723,0.0541439099862148,"mar",0.3,0.30165,0.514,"30%"
"n500_d4_mar_miss30","gamlss2",500,4,"sigma",0.64,-0.18765749395431,-0.176182659732911,-0.294439251075644,-0.071644401110647,0.000703362052019041,0.0844316208716857,"mar",0.3,0.30165,0.514,"30%"
"n500_d4_mar_miss30","gamlss.longitudinal",500,4,"theta",0.96,-0.315310199841068,-0.275211047776532,-0.330244048800121,-0.210845485600559,0.0421242915394936,0.0630085404531258,"mar",0.3,0.30165,0.514,"30%"
"n500_d4_mar_miss30","gamlss2",500,4,"mu",0.93,-0.23417861036079,-0.227632570661116,-0.28743747817746,-0.186157055860033,0.00112533078247394,0.0325215972867317,"mar",0.3,0.30165,0.514,"30%"
"n500_d4_mar_miss30","gamlss2",500,4,"mu",0.24,0.548914700635549,0.548630520140759,0.507313840444277,0.596714021636963,-0.00293058247045394,0.0272222164050028,"mar",0.3,0.30165,0.514,"30%"
"n500_d4_mar_miss30","gamlss.longitudinal",500,4,"mu",0.24,0.548914700635549,0.545030452514897,0.516803383289039,0.557825319315464,-0.0079740791611963,0.0182711229336604,"mar",0.3,0.30165,0.514,"30%"
"n500_d4_mar_miss30","gamlss.longitudinal",500,4,"theta",0.9,-0.237123821009634,-0.229427085996665,-0.251404058943059,-0.139417141303332,0.0286694678318212,0.0540326995588086,"mar",0.3,0.30165,0.514,"30%"
"n500_d4_mar_miss30","gamlss2",500,4,"mu",0.87,-0.400932745081776,-0.388328016707886,-0.422626705800255,-0.352635955686631,0.0124042009101222,0.0268419818828939,"mar",0.3,0.30165,0.514,"30%"
"n500_d4_mar_miss30","gamlss2",500,4,"sigma",0.65,-0.173055872717445,-0.156975923325054,-0.284744128726176,-0.0541296825850728,-0.00115615503062578,0.0865662989322919,"mar",0.3,0.30165,0.514,"30%"
"n500_d4_mar_miss30","gamlss.longitudinal",500,4,"sigma",0.65,-0.173055872717445,-0.144921594714815,-0.167325109873758,-0.114209409529888,0.0302862056644495,0.0366583636959182,"mar",0.3,0.30165,0.514,"30%"
"n500_d4_mar_miss30","gamlss2",500,4,"mu",0.65,-0.444959346906221,-0.450280343569341,-0.509013751255698,-0.388381364339484,-0.00466083999820664,0.03684435979461,"mar",0.3,0.30165,0.514,"30%"
"n500_d4_mar_miss30","gamlss.longitudinal",500,4,"sigma",0.99,0.280927721498779,0.27314816681975,0.232739747074659,0.362305515792746,0.0129532164889682,0.0589857123367725,"mar",0.3,0.30165,0.514,"30%"
"n500_d4_mar_miss30","gamlss.longitudinal",500,4,"mu",0.65,-0.444959346906221,-0.479135494925985,-0.507644557994611,-0.458134429799415,-0.0343628769285489,0.0396726807412709,"mar",0.3,0.30165,0.514,"30%"
"n500_d4_mar_miss30","gamlss.longitudinal",500,4,"theta",0.64,0.0771411742149436,0.0379045928595074,0.000822294477786957,0.126818176000549,-0.0257133062612385,0.0581661775942587,"mar",0.3,0.30165,0.514,"30%"
"n500_d4_mar_miss30","gamlss2",500,4,"sigma",0.93,0.258487818710103,0.224885111456701,0.112980938213065,0.349005179488094,-0.0245529501737243,0.0714624634753139,"mar",0.3,0.30165,0.514,"30%"
"n500_d4_mar_miss30","gamlss.longitudinal",500,4,"sigma",0.93,0.258487818710103,0.257009683577333,0.197432561185099,0.271606315002141,-0.0207516217038397,0.0392245781118535,"mar",0.3,0.30165,0.514,"30%"
"n500_d4_mar_miss30","gamlss.longitudinal",500,4,"sigma",0.91,0.242018080620902,0.221679188849315,0.174525145252419,0.262828146688579,-0.0240682502005296,0.0430642632525714,"mar",0.3,0.30165,0.514,"30%"
"n500_d4_mar_miss30","gamlss2",500,4,"mu",0.91,-0.294704737238448,-0.287758015670641,-0.326330483036639,-0.246724365420688,0.00762528557818543,0.0270395565237933,"mar",0.3,0.30165,0.514,"30%"
"n500_d4_mar_miss30","gamlss.longitudinal",500,4,"mu",0.91,-0.294704737238448,-0.294951942768341,-0.299162917713293,-0.271076727585166,0.0063253359671503,0.0131701187825585,"mar",0.3,0.30165,0.514,"30%"
"n500_d4_mar_miss30","gamlss.longitudinal",500,4,"sigma",0.87,0.197203834748904,0.153228875863508,0.127016468559913,0.250081768244347,-0.0222117792539919,0.0546522752140708,"mar",0.3,0.30165,0.514,"30%"
"n500_d4_mar_miss30","gamlss.longitudinal",500,4,"theta",0.65,0.0676834184975002,0.0332504357014377,-0.00911788267471538,0.119588708376537,-0.0242065837067709,0.0581861406475052,"mar",0.3,0.30165,0.514,"30%"
"n500_d4_mar_miss30","gamlss.longitudinal",500,4,"mu",1,-1.26553020970047e-16,-0.0713146485665661,-0.0755324286094435,-0.0598797768675918,-0.0684576818852872,0.0687428272816464,"mar",0.3,0.30165,0.514,"30%"
"n500_d4_mar_miss30","gamlss.longitudinal",500,4,"theta",0.99,-0.352803626444951,-0.30031893153961,-0.372108622778311,-0.243689825922402,0.0472644077364922,0.0687445085423836,"mar",0.3,0.30165,0.514,"30%"
"n500_d4_mar_miss30","gamlss2",500,4,"sigma",0.99,0.280927721498779,0.255146979523439,0.0694074859002971,0.411375718388342,-0.0352418870742339,0.113431719302975,"mar",0.3,0.30165,0.514,"30%"
"n500_d4_mar_miss30","gamlss2",500,4,"mu",0.92,-0.264964520755943,-0.256766895829959,-0.306003274718961,-0.218555097319513,0.00473140824229307,0.0290249391444889,"mar",0.3,0.30165,0.514,"30%"
"n500_d4_mar_miss30","gamlss.longitudinal",500,4,"mu",0.94,-0.202468503976573,-0.218390723141751,-0.222776965024767,-0.196215873680378,-0.0104295030615007,0.0151571714901199,"mar",0.3,0.30165,0.514,"30%"
"n500_d4_mar_miss30","gamlss.longitudinal",500,4,"theta",0.93,-0.276614473457123,-0.252489072676192,-0.290800462827653,-0.175097206643423,0.0357905315511567,0.0578628597804552,"mar",0.3,0.30165,0.514,"30%"
"n500_d4_mar_miss30","gamlss.longitudinal",500,4,"theta",0.91,-0.250350219881933,-0.237168929146986,-0.264528253725026,-0.151294377561239,0.0311065780099618,0.055123937794803,"mar",0.3,0.30165,0.514,"30%"
"n500_d4_mar_miss30","gamlss2",500,4,"sigma",0.91,0.242018080620902,0.229259116154147,0.118977957097864,0.341151470723238,-0.0183321240087326,0.073741328916704,"mar",0.3,0.30165,0.514,"30%"
"n500_d4_mar_miss30","gamlss.longitudinal",500,4,"mu",0.88,-0.376500908260779,-0.362623495314833,-0.378544374504142,-0.346881526758751,0.01360686059198,0.0183908611358401,"mar",0.3,0.30165,0.514,"30%"
"n500_d4_mar_miss30","gamlss.longitudinal",500,4,"theta",0.87,-0.197252672035138,-0.20573661914411,-0.214306652592161,-0.103976635951259,0.0211417556439959,0.052025245173443,"mar",0.3,0.30165,0.514,"30%"
"n500_d4_mar_miss30","gamlss2",500,4,"sigma",0.87,0.197203834748904,0.162914769566118,0.105274070599478,0.302109863201081,-0.0107467065642819,0.0676695959682236,"mar",0.3,0.30165,0.514,"30%"
"n500_d4_mar_miss30","gamlss.longitudinal",500,4,"mu",0.66,-0.464380359026108,-0.498746895763425,-0.527874609972377,-0.477908701509401,-0.034462557603843,0.0399865299565975,"mar",0.3,0.30165,0.514,"30%"
"n500_d4_mar_miss30","gamlss2",500,4,"mu",1,-1.26553020970047e-16,-0.0582446659673275,-0.143460890768141,0.0853438998989764,-0.0392935892675128,0.092823643821937,"mar",0.3,0.30165,0.514,"30%"
"n500_d4_mar_miss30","gamlss.longitudinal",500,4,"theta",0.92,-0.2635188921644,-0.244852863412013,-0.277661678267548,-0.163189889855202,0.0334846523096852,0.0564073558747252,"mar",0.3,0.30165,0.514,"30%"
"n500_d4_mar_miss30","gamlss2",500,4,"sigma",0.92,0.250781706983456,0.23403952534404,0.115395349287403,0.346415874502311,-0.0213518972500982,0.072698662586919,"mar",0.3,0.30165,0.514,"30%"
"n500_d4_mar_miss30","gamlss.longitudinal",500,4,"sigma",0.92,0.250781706983456,0.239361976099615,0.186027709301976,0.26418356055118,-0.0228250326891664,0.0407867857086551,"mar",0.3,0.30165,0.514,"30%"
"n500_d4_mar_miss30","gamlss2",500,4,"mu",0.94,-0.202468503976573,-0.204258617586793,-0.263922038784086,-0.152140438378557,-0.0031684663454318,0.037677300256546,"mar",0.3,0.30165,0.514,"30%"
"n500_d4_mar_miss30","gamlss2",500,4,"sigma",0.66,-0.157778335523402,-0.143329875391384,-0.269446872352192,-0.0382668836316069,-0.00308753246927581,0.0873063895288362,"mar",0.3,0.30165,0.514,"30%"
"n500_d4_mar_miss30","gamlss.longitudinal",500,4,"mu",0.92,-0.264964520755943,-0.269355165965552,-0.272938452633548,-0.245928020721015,0.00173775823150896,0.0115269059032069,"mar",0.3,0.30165,0.514,"30%"
"n500_d4_mar_miss30","gamlss.longitudinal",500,4,"sigma",0.88,0.20978029119672,0.168452166170636,0.139434603927219,0.254599731361447,-0.0235377690374734,0.051705144842471,"mar",0.3,0.30165,0.514,"30%"
"n500_d4_mar_miss30","gamlss2",500,4,"mu",0.88,-0.376500908260779,-0.363640270675374,-0.398663749824138,-0.328800828000754,0.0121425903716277,0.02637187498894,"mar",0.3,0.30165,0.514,"30%"
"n500_d4_mar_miss30","gamlss.longitudinal",500,4,"mu",0.93,-0.23417861036079,-0.243826833281335,-0.247417625307251,-0.220957822259327,-0.0038654010514907,0.0118689348598052,"mar",0.3,0.30165,0.514,"30%"
"n500_d4_mar_miss30","gamlss.longitudinal",500,4,"sigma",0.66,-0.157778335523402,-0.134361745402436,-0.157762730754681,-0.0990724527978358,0.0290099350401916,0.0368946870396465,"mar",0.3,0.30165,0.514,"30%"
"n500_d4_mar_miss30","gamlss2",500,4,"mu",0.66,-0.464380359026108,-0.465721223542754,-0.537999460879741,-0.410326122573738,-0.00437854152328697,0.0371324340725501,"mar",0.3,0.30165,0.514,"30%"
"n500_d4_mar_miss30","gamlss.longitudinal",500,4,"sigma",1,0.280529702970297,0.283603905737078,0.236102562327805,0.373900881330948,0.0202718388990464,0.0648334335081336,"mar",0.3,0.30165,0.514,"30%"
"n500_d4_mar_miss30","gamlss.longitudinal",500,4,"theta",0.94,-0.289621671492168,-0.26008825130646,-0.303945489963254,-0.187011210371647,0.0380083184926491,0.0594660813766481,"mar",0.3,0.30165,0.514,"30%"
"n500_d4_mar_miss30","gamlss2",500,4,"sigma",0.94,0.265102648736772,0.224811489713469,0.136426311621313,0.349300284899146,-0.0277283934462067,0.0712080958912709,"mar",0.3,0.30165,0.514,"30%"
"n500_d4_mar_miss30","gamlss.longitudinal",500,4,"sigma",0.94,0.265102648736772,0.2597790183774,0.204920081363635,0.285801752086647,-0.0177675797855855,0.0386797126745418,"mar",0.3,0.30165,0.514,"30%"
"n500_d4_mar_miss30","gamlss2",500,4,"sigma",0.88,0.20978029119672,0.177808165581514,0.102479760644849,0.316294344015455,-0.011820993754572,0.0703986801133871,"mar",0.3,0.30165,0.514,"30%"
"n500_d4_mar_miss30","gamlss2",500,4,"sigma",1,0.280529702970297,0.263829824019413,0.0524676681620332,0.433022050652424,-0.0337605338800704,0.129075518423415,"mar",0.3,0.30165,0.514,"30%"
"n500_d4_mar_miss30","gamlss.longitudinal",500,4,"theta",1,-0.364965316156597,-0.306096160591759,-0.380599152271214,-0.253780803807504,0.0512826973064613,0.0711075693686254,"mar",0.3,0.30165,0.514,"30%"
"n500_d4_mar_miss50","gamlss2",500,4,"mu",0.23,0.545663085722963,0.538936877496894,0.483127628931006,0.584901162283418,-0.0071390680041564,0.0321041230434189,"mar",0.5,0.500025,0.283,"50%"
"n500_d4_mar_miss50","gamlss.longitudinal",500,4,"sigma",0.23,0.0358396730395883,0.00732057618988395,-0.035458178033794,0.0767452202032395,-0.0218988552955919,0.0409408707358505,"mar",0.5,0.500025,0.283,"50%"
"n500_d4_mar_miss50","gamlss.longitudinal",500,4,"mu",0.16,0.464380359026108,0.466981664717066,0.42427556619277,0.504562395006961,-0.00365038585375267,0.0272148017530797,"mar",0.5,0.500025,0.283,"50%"
"n500_d4_mar_miss50","gamlss.longitudinal",500,4,"mu",0.68,-0.497654878856311,-0.491902327278449,-0.550255347475935,-0.453364380475756,0.000426839747648698,0.031380032715171,"mar",0.5,0.500025,0.283,"50%"
"n500_d4_mar_miss50","gamlss2",500,4,"sigma",0.22,0.0539040973460145,0.0310464029957341,-0.0317905804725079,0.144543459241593,-0.0123274505299992,0.0659826384716713,"mar",0.5,0.500025,0.283,"50%"
"n500_d4_mar_miss50","gamlss.longitudinal",500,4,"theta",0.22,0.0861230366616402,0.109271393209007,0.0273525768885556,0.159900925848533,0.0191172362378262,0.0501674669679628,"mar",0.5,0.500025,0.283,"50%"
"n500_d4_mar_miss50","gamlss.longitudinal",500,4,"sigma",0.67,-0.141886399260218,-0.129068811006397,-0.168212913786167,-0.0785356960324071,0.0179328529522097,0.0365077569721694,"mar",0.5,0.500025,0.283,"50%"
"n500_d4_mar_miss50","gamlss2",500,4,"mu",0.67,-0.481968674024125,-0.488217024183566,-0.556270875991265,-0.432233687363297,-0.00375427746913068,0.0387380041554765,"mar",0.5,0.500025,0.283,"50%"
"n500_d4_mar_miss50","gamlss.longitudinal",500,4,"mu",0.67,-0.481968674024125,-0.480620881443781,-0.531103231352565,-0.436456179359924,-3.7305950447746e-05,0.0315992991458348,"mar",0.5,0.500025,0.283,"50%"
"n500_d4_mar_miss50","gamlss.longitudinal",500,4,"theta",0.66,0.057907947299117,0.0108564386779358,-0.0653074589360021,0.0796922474903644,-0.0477733241060538,0.0659159989744942,"mar",0.5,0.500025,0.283,"50%"
"n500_d4_mar_miss50","gamlss2",500,4,"sigma",0.23,0.0358396730395883,0.00770093213285061,-0.0478932718540186,0.130570409390174,-0.0134167318889233,0.0654160225563951,"mar",0.5,0.500025,0.283,"50%"
"n500_d4_mar_miss50","gamlss2",500,4,"mu",0.16,0.464380359026108,0.462969848164017,0.421307979333459,0.526577546444555,0.00578392556201989,0.0386027524719039,"mar",0.5,0.500025,0.283,"50%"
"n500_d4_mar_miss50","gamlss2",500,4,"sigma",0.68,-0.125444084499225,-0.131849763731695,-0.220363521074517,0.0132499168305069,0.00248351783857786,0.0830442685108172,"mar",0.5,0.500025,0.283,"50%"
"n500_d4_mar_miss50","gamlss.longitudinal",500,4,"mu",0.23,0.545663085722963,0.530381124193737,0.501277526908156,0.570418315599364,-0.0145948666890146,0.0278206815790821,"mar",0.5,0.500025,0.283,"50%"
"n500_d4_mar_miss50","gamlss2",500,4,"mu",0.68,-0.497654878856311,-0.501756645775776,-0.577959039485752,-0.452421197838899,-0.00404360013842995,0.0390164164864059,"mar",0.5,0.500025,0.283,"50%"
"n500_d4_mar_miss50","gamlss2",500,4,"mu",0.1,0.32328188876086,0.341200474961708,0.264061924408902,0.440487620871648,0.0168108807516192,0.0520694384107772,"mar",0.5,0.500025,0.283,"50%"
"n500_d4_mar_miss50","gamlss.longitudinal",500,4,"mu",0.1,0.32328188876086,0.344671063302154,0.261161422421702,0.433032200608317,0.0162604004193293,0.0502642570899567,"mar",0.5,0.500025,0.283,"50%"
"n500_d4_mar_miss50","gamlss.longitudinal",500,4,"sigma",0.22,0.0539040973460145,0.0209308463111931,-0.0245191852643001,0.0995115629937152,-0.0254170185353863,0.0445058284587658,"mar",0.5,0.500025,0.283,"50%"
"n500_d4_mar_miss50","gamlss2",500,4,"sigma",0.67,-0.141886399260218,-0.14250119822814,-0.238831835713313,0.0110806777446227,0.00384750199769457,0.0824960463380535,"mar",0.5,0.500025,0.283,"50%"
"n500_d4_mar_miss50","gamlss2",500,4,"mu",0.06,0.202468503976573,0.230353687336201,0.129736265072915,0.314162189521849,0.0245600834513389,0.0697322055037256,"mar",0.5,0.500025,0.283,"50%"
"n500_d4_mar_miss50","gamlss2",500,4,"mu",0.22,0.540257987900779,0.533992252354779,0.477199214103243,0.57631617923019,-0.0057372728690098,0.0328900835019194,"mar",0.5,0.500025,0.283,"50%"
"n500_d4_mar_miss50","gamlss.longitudinal",500,4,"mu",0.22,0.540257987900779,0.528381721701946,0.497972504715405,0.562988451917211,-0.0139836648837916,0.0269747495447303,"mar",0.5,0.500025,0.283,"50%"
"n500_d4_mar_miss50","gamlss.longitudinal",500,4,"theta",0.23,0.0955516416496119,0.11123385495731,0.0353241916828915,0.160916320041199,0.0126465586046091,0.0460239428727057,"mar",0.5,0.500025,0.283,"50%"
"n500_d4_mar_miss50","gamlss.longitudinal",500,4,"sigma",0.16,0.154717741463996,0.109547997621978,0.057739725306432,0.183759910494769,-0.0397425851356302,0.0589182461712178,"mar",0.5,0.500025,0.283,"50%"
"n500_d4_mar_miss50","gamlss.longitudinal",500,4,"theta",0.68,0.0374522230287292,-0.00865760362334252,-0.0801110404332105,0.0648821064491666,-0.045226530476469,0.0640917005664009,"mar",0.5,0.500025,0.283,"50%"
"n500_d4_mar_miss50","gamlss.longitudinal",500,4,"theta",0.1,-0.0587649689921358,0.076107349412314,-0.0749321309059471,0.184326047628657,0.123106644373395,0.147114019509138,"mar",0.5,0.500025,0.283,"50%"
"n500_d4_mar_miss50","gamlss.longitudinal",500,4,"sigma",0.68,-0.125444084499225,-0.121054841614134,-0.158363256237039,-0.0674123722875568,0.0130332073031977,0.0352097185330168,"mar",0.5,0.500025,0.283,"50%"
"n500_d4_mar_miss50","gamlss.longitudinal",500,4,"sigma",0.1,0.232234801282781,0.203197852400644,0.112865977358158,0.252105245900313,-0.0355657823818916,0.0566237666110247,"mar",0.5,0.500025,0.283,"50%"
"n500_d4_mar_miss50","gamlss.longitudinal",500,4,"mu",0.25,0.55,0.526385483057278,0.499552816639,0.578634655786879,-0.0148830184489895,0.0292833815482531,"mar",0.5,0.500025,0.283,"50%"
"n500_d4_mar_miss50","gamlss.longitudinal",500,4,"theta",0.24,0.104535551154696,0.11259812627536,0.0431329854919299,0.161753667115925,0.00650288791251314,0.0427908767419149,"mar",0.5,0.500025,0.283,"50%"
"n500_d4_mar_miss50","gamlss.longitudinal",500,4,"theta",0.67,0.0478267763399046,0.00125001974231999,-0.0726773655690132,0.0724449602878783,-0.0465218362545653,0.0650061335418406,"mar",0.5,0.500025,0.283,"50%"
"n500_d4_mar_miss50","gamlss.longitudinal",500,4,"sigma",0.06,0.265102648736772,0.253546567183329,0.151089238867902,0.308741573216123,-0.0166752835488085,0.0511283311772665,"mar",0.5,0.500025,0.283,"50%"
"n500_d4_mar_miss50","gamlss.longitudinal",500,4,"sigma",0.24,0.0176068588290911,-0.005916962095857,-0.0452448781254059,0.0533639596539497,-0.0181551735799816,0.037247479295248,"mar",0.5,0.500025,0.283,"50%"
"n500_d4_mar_miss50","gamlss2",500,4,"mu",0.24,0.548914700635549,0.539244655975903,0.487956231369842,0.590417893611465,-0.00824654726155156,0.0313781860654129,"mar",0.5,0.500025,0.283,"50%"
"n500_d4_mar_miss50","gamlss.longitudinal",500,4,"mu",0.24,0.548914700635549,0.529941770861801,0.503893173595596,0.575376690803727,-0.0149254426127419,0.0286141572374698,"mar",0.5,0.500025,0.283,"50%"
"n500_d4_mar_miss50","gamlss2",500,4,"sigma",0.16,0.154717741463996,0.16774904836689,0.019757888990929,0.266963256504002,-0.00360490397710252,0.0803486415716617,"mar",0.5,0.500025,0.283,"50%"
"n500_d4_mar_miss50","gamlss.longitudinal",500,4,"mu",0.69,-0.511377067238538,-0.502918020769163,-0.566244243693625,-0.468319658818079,0.000822619836504378,0.0310425628680909,"mar",0.5,0.500025,0.283,"50%"
"n500_d4_mar_miss50","gamlss.longitudinal",500,4,"mu",0.11,0.350583194361779,0.365684539395528,0.28869138462794,0.447973773243647,0.0123111839727159,0.0449628216379163,"mar",0.5,0.500025,0.283,"50%"
"n500_d4_mar_miss50","gamlss2",500,4,"sigma",0.7,-0.0911753953421872,-0.102832399108841,-0.195632029235712,0.0165269396466929,-0.00100181389660848,0.0816458031309868,"mar",0.5,0.500025,0.283,"50%"
"n500_d4_mar_miss50","gamlss2",500,4,"sigma",0.1,0.232234801282781,0.246154764150352,0.0740670393114912,0.329040135065309,-0.00769508326022781,0.0858919232214971,"mar",0.5,0.500025,0.283,"50%"
"n500_d4_mar_miss50","gamlss2",500,4,"mu",0.25,0.55,0.538061211771541,0.493661890833512,0.591801249555701,-0.00900932657911923,0.0308056153982902,"mar",0.5,0.500025,0.283,"50%"
"n500_d4_mar_miss50","gamlss.longitudinal",500,4,"mu",0.07,0.23417861036079,0.266018685758113,0.174721335336265,0.372076482711518,0.0299127415477197,0.0694968196100387,"mar",0.5,0.500025,0.283,"50%"
"n500_d4_mar_miss50","gamlss.longitudinal",500,4,"theta",0.06,-0.11830099864248,0.0663630564871774,-0.109899118282655,0.192384516952237,0.168050211709966,0.192537254990756,"mar",0.5,0.500025,0.283,"50%"
"n500_d4_mar_miss50","gamlss2",500,4,"sigma",0.06,0.265102648736772,0.280727915729443,0.105293519693429,0.344013779307158,-0.0158018289122578,0.0934440538107671,"mar",0.5,0.500025,0.283,"50%"
"n500_d4_mar_miss50","gamlss2",500,4,"sigma",0.24,0.0176068588290911,-0.0141446750434858,-0.062196690018535,0.115936837569762,-0.0140087319119175,0.065305748110265,"mar",0.5,0.500025,0.283,"50%"
"n500_d4_mar_miss50","gamlss2",500,4,"mu",0.17,0.481968674024125,0.479411732093249,0.432793388802303,0.543658884212681,0.00375991869315961,0.0372508174892633,"mar",0.5,0.500025,0.283,"50%"
"n500_d4_mar_miss50","gamlss.longitudinal",500,4,"mu",0.17,0.481968674024125,0.479173942809132,0.441360497966009,0.521293149046562,-0.00607668488489665,0.0257631181697117,"mar",0.5,0.500025,0.283,"50%"
"n500_d4_mar_miss50","gamlss.longitudinal",500,4,"theta",0.16,0.0206310613124014,0.0957391691424177,-0.0227936965950382,0.171596458425893,0.0650536980465722,0.0898092855599335,"mar",0.5,0.500025,0.283,"50%"
"n500_d4_mar_miss50","gamlss2",500,4,"mu",0.69,-0.511377067238538,-0.511661920385078,-0.595311748553221,-0.471462251572744,-0.00453422794626901,0.0388930371163691,"mar",0.5,0.500025,0.283,"50%"
"n500_d4_mar_miss50","gamlss2",500,4,"mu",0.11,0.350583194361779,0.3590876312153,0.295598422322662,0.446553661573072,0.0150629079488466,0.0492065545290811,"mar",0.5,0.500025,0.283,"50%"
"n500_d4_mar_miss50","gamlss.longitudinal",500,4,"theta",0.7,0.0158736742092329,-0.0329566973354412,-0.0951220720914602,0.048702856408079,-0.0425458179383186,0.062287269639542,"mar",0.5,0.500025,0.283,"50%"
"n500_d4_mar_miss50","gamlss2",500,4,"sigma",0.25,-0.000720297029702949,-0.0267775250031972,-0.074715867670485,0.100681961041938,-0.0139750983802389,0.065429904177918,"mar",0.5,0.500025,0.283,"50%"
"n500_d4_mar_miss50","gamlss.longitudinal",500,4,"sigma",0.25,-0.000720297029702949,-0.0187369073492736,-0.0548538997944206,0.0296650750648601,-0.0141775795817676,0.033607513215277,"mar",0.5,0.500025,0.283,"50%"
"n500_d4_mar_miss50","gamlss2",500,4,"mu",0.07,0.23417861036079,0.261787966524419,0.165102909404386,0.348931221929154,0.0224264062969938,0.0640089786912973,"mar",0.5,0.500025,0.283,"50%"
"n500_d4_mar_miss50","gamlss2",500,4,"mu",0.72,-0.540257987900779,-0.534497616800741,-0.620448817884976,-0.510270656704515,-0.00660108243060822,0.0371598703004327,"mar",0.5,0.500025,0.283,"50%"
"n500_d4_mar_miss50","gamlss2",500,4,"mu",0.7,-0.523081083962334,-0.517216506982923,-0.608163125091599,-0.484299595926306,-0.00517182478567024,0.0384377753756886,"mar",0.5,0.500025,0.283,"50%"
"n500_d4_mar_miss50","gamlss.longitudinal",500,4,"mu",0.7,-0.523081083962334,-0.516206809635308,-0.578783400379504,-0.481521812115763,0.00119835806568844,0.0306065077384721,"mar",0.5,0.500025,0.283,"50%"
"n500_d4_mar_miss50","gamlss.longitudinal",500,4,"sigma",0.17,0.139165805200812,0.094077451946511,0.0452843558727407,0.174394365277238,-0.0383514790167443,0.0576116107550555,"mar",0.5,0.500025,0.283,"50%"
"n500_d4_mar_miss50","gamlss2",500,4,"sigma",0.71,-0.0734872631791595,-0.087127379394869,-0.179802742769097,0.0382243770374769,-0.00309589811186556,0.080402441032155,"mar",0.5,0.500025,0.283,"50%"
"n500_d4_mar_miss50","gamlss2",500,4,"sigma",0.69,-0.108517662835106,-0.116843743257334,-0.209164134493437,0.0150676058068063,0.000865348222136558,0.0826655664920361,"mar",0.5,0.500025,0.283,"50%"
"n500_d4_mar_miss50","gamlss.longitudinal",500,4,"sigma",0.69,-0.108517662835106,-0.106963029627789,-0.147887850294179,-0.0512925073348766,0.00797344673466354,0.034525698966776,"mar",0.5,0.500025,0.283,"50%"
"n500_d4_mar_miss50","gamlss.longitudinal",500,4,"sigma",0.11,0.221473675803034,0.189661163102996,0.103473392250527,0.237896826910714,-0.0380321259748787,0.0580497571031287,"mar",0.5,0.500025,0.283,"50%"
"n500_d4_mar_miss50","gamlss.longitudinal",500,4,"mu",0.71,-0.532720738620747,-0.526584409813783,-0.588267345771829,-0.49200845486102,0.00151027850451981,0.0301581441983752,"mar",0.5,0.500025,0.283,"50%"
"n500_d4_mar_miss50","gamlss.longitudinal",500,4,"theta",0.25,0.113068267653095,0.112687378233691,0.0507664283790513,0.16241646967337,0.000688700939887237,0.0405271081071247,"mar",0.5,0.500025,0.283,"50%"
"n500_d4_mar_miss50","gamlss2",500,4,"sigma",0.07,0.258487818710103,0.27130490446408,0.105789796660978,0.335603266541711,-0.0139780378981511,0.0889896560668358,"mar",0.5,0.500025,0.283,"50%"
"n500_d4_mar_miss50","gamlss.longitudinal",500,4,"sigma",0.07,0.258487818710103,0.239946241886365,0.141450587500568,0.294189021317448,-0.0228623095309371,0.0519276370858979,"mar",0.5,0.500025,0.283,"50%"
"n500_d4_mar_miss50","gamlss.longitudinal",500,4,"sigma",0.72,-0.0555246914054204,-0.0717969044094575,-0.113092915884002,-0.0047643595602043,-0.00789087966236571,0.0366622191505958,"mar",0.5,0.500025,0.283,"50%"
"n500_d4_mar_miss50","gamlss.longitudinal",500,4,"sigma",0.7,-0.0911753953421872,-0.0979119403982831,-0.136831403847891,-0.0353842638230563,0.00278989860042113,0.0345636172899808,"mar",0.5,0.500025,0.283,"50%"
"n500_d4_mar_miss50","gamlss.longitudinal",500,4,"theta",0.17,0.0325673178431966,0.0990157865157183,-0.0142271277413302,0.169343470769893,0.0565458092240541,0.0817667379613845,"mar",0.5,0.500025,0.283,"50%"
"n500_d4_mar_miss50","gamlss2",500,4,"sigma",0.17,0.139165805200812,0.145467694679542,0.0120380541015284,0.262420605508643,-0.00459737426086699,0.0774323536499858,"mar",0.5,0.500025,0.283,"50%"
"n500_d4_mar_miss50","gamlss.longitudinal",500,4,"theta",0.71,0.00469571114387557,-0.0428349168461896,-0.10270792557846,0.0401323627658878,-0.0411616889811548,0.0614164014189193,"mar",0.5,0.500025,0.283,"50%"
"n500_d4_mar_miss50","gamlss.longitudinal",500,4,"theta",0.69,0.0267968943074191,-0.0201914404269805,-0.0875864105529759,0.0569785646905769,-0.0439014444460228,0.0631822221016594,"mar",0.5,0.500025,0.283,"50%"
"n500_d4_mar_miss50","gamlss.longitudinal",500,4,"theta",0.11,-0.0446588875603512,0.0809625763352441,-0.0661941894709074,0.182274614313078,0.112620542832845,0.136593028492237,"mar",0.5,0.500025,0.283,"50%"
"n500_d4_mar_miss50","gamlss2",500,4,"sigma",0.11,0.221473675803034,0.229878336562774,0.0640950018172835,0.317099538855204,-0.00589195975625412,0.0862507689340417,"mar",0.5,0.500025,0.283,"50%"
"n500_d4_mar_miss50","gamlss2",500,4,"mu",0.71,-0.532720738620747,-0.525203789477266,-0.616512363227335,-0.49442180081281,-0.00588632933464794,0.0378001607717419,"mar",0.5,0.500025,0.283,"50%"
"n500_d4_mar_miss50","gamlss.longitudinal",500,4,"mu",0.26,0.548914700635549,0.524580489071651,0.49389522042175,0.578701883220178,-0.014534596130512,0.0298305403507555,"mar",0.5,0.500025,0.283,"50%"
"n500_d4_mar_miss50","gamlss.longitudinal",500,4,"theta",0.07,-0.10297458579171,0.0678197727665961,-0.101161705120895,0.190385971598023,0.15638293323619,0.180709632204333,"mar",0.5,0.500025,0.283,"50%"
"n500_d4_mar_miss50","gamlss2",500,4,"sigma",0.74,-0.0190674528884969,-0.0444459704916411,-0.123598610125013,0.137916697170437,-0.0103259493923859,0.0790423041092358,"mar",0.5,0.500025,0.283,"50%"
"n500_d4_mar_miss50","gamlss2",500,4,"sigma",0.72,-0.0555246914054204,-0.0714785594616753,-0.161771845313089,0.0730513874012965,-0.00538130264953097,0.0793640081731562,"mar",0.5,0.500025,0.283,"50%"
"n500_d4_mar_miss50","gamlss.longitudinal",500,4,"mu",0.2,0.523081083962334,0.51080934658237,0.479880334523007,0.543196135260341,-0.0117285217126346,0.0254127845829369,"mar",0.5,0.500025,0.283,"50%"
"n500_d4_mar_miss50","gamlss.longitudinal",500,4,"mu",0.18,0.497654878856311,0.486075092131507,0.454963292030633,0.535233039971228,-0.00825979991988287,0.0250775871035046,"mar",0.5,0.500025,0.283,"50%"
"n500_d4_mar_miss50","gamlss.longitudinal",500,4,"theta",0.86,-0.183949921668556,-0.206677797566281,-0.276518382726703,-0.115576411973417,-0.0193767515716477,0.057585774021654,"mar",0.5,0.500025,0.283,"50%"
"n500_d4_mar_miss50","gamlss.longitudinal",500,4,"mu",0.72,-0.540257987900779,-0.534022442654547,-0.594119353543747,-0.500316601289032,0.00184569229150528,0.0296939324552141,"mar",0.5,0.500025,0.283,"50%"
"n500_d4_mar_miss50","gamlss2",500,4,"sigma",0.64,-0.18765749395431,-0.177940826415247,-0.288437657234216,-0.0616473038381995,0.00671543796082537,0.0758953050589939,"mar",0.5,0.500025,0.283,"50%"
"n500_d4_mar_miss50","gamlss.longitudinal",500,4,"mu",0.12,0.376500908260779,0.384396663095116,0.317028686701608,0.454843377960587,0.00860917454268284,0.0401919518894552,"mar",0.5,0.500025,0.283,"50%"
"n500_d4_mar_miss50","gamlss.longitudinal",500,4,"theta",0.8,-0.10508613905841,-0.131871822598475,-0.190464841038797,-0.0509814191824765,-0.0279815757834013,0.0562302681838658,"mar",0.5,0.500025,0.283,"50%"
"n500_d4_mar_miss50","gamlss.longitudinal",500,4,"sigma",0.71,-0.0734872631791595,-0.0850288967904067,-0.125224173023858,-0.0198372122051055,-0.00250842510783772,0.0352875370975815,"mar",0.5,0.500025,0.283,"50%"
"n500_d4_mar_miss50","gamlss2",500,4,"mu",0.26,0.548914700635549,0.531963534355643,0.499172729601076,0.589448045951782,-0.00939240476363399,0.0304788218764295,"mar",0.5,0.500025,0.283,"50%"
"n500_d4_mar_miss50","gamlss.longitudinal",500,4,"mu",0.08,0.264964520755943,0.297754874399275,0.207348668974398,0.39345209572104,0.0250218135994915,0.0625150783214419,"mar",0.5,0.500025,0.283,"50%"
"n500_d4_mar_miss50","gamlss.longitudinal",500,4,"theta",0.74,-0.0302314603288967,-0.0730843198548466,-0.125749993718813,0.0124158125596883,-0.0368810833815872,0.0590401347438934,"mar",0.5,0.500025,0.283,"50%"
"n500_d4_mar_miss50","gamlss.longitudinal",500,4,"theta",0.72,-0.00672359507839471,-0.0526286424837289,-0.110342320473743,0.0312151765629561,-0.0397571742329641,0.0605794261519933,"mar",0.5,0.500025,0.283,"50%"
"n500_d4_mar_miss50","gamlss2",500,4,"mu",0.2,0.523081083962334,0.517963719683187,0.46743549852992,0.574454292494678,-0.00227095206128524,0.0344478159774529,"mar",0.5,0.500025,0.283,"50%"
"n500_d4_mar_miss50","gamlss2",500,4,"mu",0.18,0.497654878856311,0.491288503719896,0.44505752892604,0.557615433779973,0.00171339139534996,0.0361566767715689,"mar",0.5,0.500025,0.283,"50%"
"n500_d4_mar_miss50","gamlss.longitudinal",500,4,"mu",0.87,-0.400932745081776,-0.397164393563115,-0.434239445736006,-0.360874522926163,0.00222359787900509,0.0242995539910892,"mar",0.5,0.500025,0.283,"50%"
"n500_d4_mar_miss50","gamlss.longitudinal",500,4,"mu",0.85,-0.444959346906221,-0.434271978383485,-0.474992075133877,-0.406447479856297,0.00393778519321353,0.0245857959102919,"mar",0.5,0.500025,0.283,"50%"
"n500_d4_mar_miss50","gamlss.longitudinal",500,4,"theta",0.64,0.0771411742149436,0.0283193964971287,-0.0507564147477151,0.0930617383522182,-0.0501684467870532,0.0676898747164374,"mar",0.5,0.500025,0.283,"50%"
"n500_d4_mar_miss50","gamlss2",500,4,"mu",0.12,0.376500908260779,0.380085433000641,0.326187302956439,0.450844529833033,0.0133110756382011,0.046635631418689,"mar",0.5,0.500025,0.283,"50%"
"n500_d4_mar_miss50","gamlss.longitudinal",500,4,"mu",0.81,-0.511377067238538,-0.510203922517139,-0.544544130945903,-0.459461250330023,0.00443949261382838,0.0270216914969528,"mar",0.5,0.500025,0.283,"50%"
"n500_d4_mar_miss50","gamlss.longitudinal",500,4,"mu",0.79,-0.532720738620747,-0.530620758297601,-0.56533705686382,-0.480951864379559,0.00400735361176772,0.0278809730596151,"mar",0.5,0.500025,0.283,"50%"
"n500_d4_mar_miss50","gamlss.longitudinal",500,4,"sigma",0.26,-0.019067452888497,-0.031133072136648,-0.0642593561269865,0.0120136943277383,-0.0100276395867624,0.030173144514158,"mar",0.5,0.500025,0.283,"50%"
"n500_d4_mar_miss50","gamlss2",500,4,"mu",0.08,0.264964520755943,0.291377063018477,0.198763284209807,0.38176214177646,0.0204508100949077,0.0592764164989506,"mar",0.5,0.500025,0.283,"50%"
"n500_d4_mar_miss50","gamlss.longitudinal",500,4,"mu",0.75,-0.55,-0.551579817074651,-0.592262961813867,-0.493968929831231,0.00276595454076307,0.0287231986795506,"mar",0.5,0.500025,0.283,"50%"
"n500_d4_mar_miss50","gamlss.longitudinal",500,4,"mu",0.73,-0.545663085722963,-0.542034168416593,-0.596811314247073,-0.499655929879326,0.00212504783221401,0.0293273281336756,"mar",0.5,0.500025,0.283,"50%"
"n500_d4_mar_miss50","gamlss.longitudinal",500,4,"sigma",0.2,0.0892348012827813,0.0492362203488981,0.00283722964133469,0.137653669526065,-0.0316286580139696,0.0508932547690701,"mar",0.5,0.500025,0.283,"50%"
"n500_d4_mar_miss50","gamlss.longitudinal",500,4,"sigma",0.18,0.123023490439819,0.0788584722178823,0.0309756681203236,0.163539093671725,-0.0365075632207959,0.0558196075409462,"mar",0.5,0.500025,0.283,"50%"
"n500_d4_mar_miss50","gamlss2",500,4,"mu",0.87,-0.400932745081776,-0.392535439875855,-0.437013192706157,-0.336265807871871,0.00722358779259332,0.0287235795372878,"mar",0.5,0.500025,0.283,"50%"
"n500_d4_mar_miss50","gamlss2",500,4,"mu",0.85,-0.444959346906221,-0.437302160611236,-0.483170414040759,-0.398984023185014,0.0043603929436335,0.0282938361507996,"mar",0.5,0.500025,0.283,"50%"
"n500_d4_mar_miss50","gamlss.longitudinal",500,4,"mu",0.65,-0.444959346906221,-0.451386923224032,-0.484351160030439,-0.395641821547326,-0.00115406861095722,0.0316657770616151,"mar",0.5,0.500025,0.283,"50%"
"n500_d4_mar_miss50","gamlss.longitudinal",500,4,"sigma",0.12,0.20978029119672,0.175146965311361,0.0941590120489019,0.223568048862032,-0.0397137430087712,0.0591404500083788,"mar",0.5,0.500025,0.283,"50%"
"n500_d4_mar_miss50","gamlss2",500,4,"mu",0.81,-0.511377067238538,-0.515514314526555,-0.55275271669157,-0.454815336296118,-0.0031697978706451,0.0338112175725392,"mar",0.5,0.500025,0.283,"50%"
"n500_d4_mar_miss50","gamlss2",500,4,"mu",0.79,-0.532720738620747,-0.544958195197132,-0.581589797055754,-0.479963605966111,-0.00606437970176155,0.0361146669556565,"mar",0.5,0.500025,0.283,"50%"
"n500_d4_mar_miss50","gamlss2",500,4,"sigma",0.26,-0.019067452888497,-0.0479565209739077,-0.0916644643968419,0.0837653749149764,-0.0132115243347467,0.0655753784831537,"mar",0.5,0.500025,0.283,"50%"
"n500_d4_mar_miss50","gamlss.longitudinal",500,4,"sigma",0.08,0.250781706983456,0.224930039495703,0.1318640492689,0.280234030468181,-0.0280373161893286,0.0533349895629339,"mar",0.5,0.500025,0.283,"50%"
"n500_d4_mar_miss50","gamlss2",500,4,"mu",0.75,-0.55,-0.553242702270493,-0.608352545087824,-0.493361866251323,-0.00800685690088353,0.0364827933757734,"mar",0.5,0.500025,0.283,"50%"
"n500_d4_mar_miss50","gamlss2",500,4,"mu",0.73,-0.545663085722963,-0.542095606753861,-0.620188129500853,-0.507147858530773,-0.00724033460758375,0.036681797870831,"mar",0.5,0.500025,0.283,"50%"
"n500_d4_mar_miss50","gamlss2",500,4,"sigma",0.2,0.0892348012827813,0.0703340986485845,-0.00890857304516404,0.180626034033631,-0.0092381404108673,0.069021893353103,"mar",0.5,0.500025,0.283,"50%"
"n500_d4_mar_miss50","gamlss2",500,4,"sigma",0.18,0.123023490439819,0.114766317266741,0.00469265778600087,0.244449572630918,-0.00594779155758475,0.0743831769616043,"mar",0.5,0.500025,0.283,"50%"
"n500_d4_mar_miss50","gamlss.longitudinal",500,4,"sigma",0.87,0.197203834748904,0.137594047649626,0.080711820078225,0.201641411105862,-0.0674517444561272,0.0775794729014525,"mar",0.5,0.500025,0.283,"50%"
"n500_d4_mar_miss50","gamlss.longitudinal",500,4,"sigma",0.85,0.169615278658039,0.113307670132892,0.0610570286849373,0.166660744978871,-0.0651240005949179,0.0746942642447199,"mar",0.5,0.500025,0.283,"50%"
"n500_d4_mar_miss50","gamlss2",500,4,"mu",0.65,-0.444959346906221,-0.454999177211614,-0.501504690415372,-0.389285230297188,-0.00390753574810995,0.0371763763038149,"mar",0.5,0.500025,0.283,"50%"
"n500_d4_mar_miss50","gamlss2",500,4,"sigma",0.12,0.20978029119672,0.226154007646771,0.0544723599977035,0.311453691592342,-0.00445837142834547,0.0863719529035693,"mar",0.5,0.500025,0.283,"50%"
"n500_d4_mar_miss50","gamlss.longitudinal",500,4,"sigma",0.81,0.106357068775701,0.0556967926463214,0.0110975262122126,0.106053201436832,-0.0531566858107885,0.0643314117015397,"mar",0.5,0.500025,0.283,"50%"
"n500_d4_mar_miss50","gamlss.longitudinal",500,4,"sigma",0.79,0.0717266691197535,0.0249198790814568,-0.0160518248268606,0.085911984426116,-0.0445032580442412,0.0576353419596609,"mar",0.5,0.500025,0.283,"50%"
"n500_d4_mar_miss50","gamlss.longitudinal",500,4,"theta",0.26,0.121143738894038,0.116448091529361,0.0576241925499176,0.16424112918319,-0.00480609742539966,0.03924423426827,"mar",0.5,0.500025,0.283,"50%"
"n500_d4_mar_miss50","gamlss2",500,4,"sigma",0.08,0.250781706983456,0.270283511204962,0.0949477624039315,0.332313711876268,-0.0118995693038579,0.0866154504062471,"mar",0.5,0.500025,0.283,"50%"
"n500_d4_mar_miss50","gamlss.longitudinal",500,4,"sigma",0.75,-0.000720297029703023,-0.0304665817434571,-0.0738473129776702,0.0409533382400432,-0.0241563629304145,0.0440620131986758,"mar",0.5,0.500025,0.283,"50%"
"n500_d4_mar_miss50","gamlss.longitudinal",500,4,"sigma",0.73,-0.0373602670989943,-0.0583088530720054,-0.100463325355419,0.00977314213379413,-0.0133076589629228,0.0386748718173436,"mar",0.5,0.500025,0.283,"50%"
"n500_d4_mar_miss50","gamlss.longitudinal",500,4,"theta",0.2,0.0659599177906087,0.105063698897384,0.0110308719837513,0.162268207553265,0.0330691316847569,0.0608560242866509,"mar",0.5,0.500025,0.283,"50%"
"n500_d4_mar_miss50","gamlss.longitudinal",500,4,"theta",0.18,0.044106825753044,0.102427796427612,-0.00572663667099354,0.167042324374193,0.048377805778087,0.0742291407719879,"mar",0.5,0.500025,0.283,"50%"
"n500_d4_mar_miss50","gamlss2",500,4,"sigma",0.87,0.197203834748904,0.158640996284819,0.0560518415486737,0.260124835290251,-0.0348571767541141,0.0794332210501934,"mar",0.5,0.500025,0.283,"50%"
"n500_d4_mar_miss50","gamlss2",500,4,"sigma",0.85,0.169615278658039,0.133897269030193,0.0324943898519373,0.239997017083017,-0.0322555477087797,0.0757597140671749,"mar",0.5,0.500025,0.283,"50%"
"n500_d4_mar_miss50","gamlss.longitudinal",500,4,"sigma",0.65,-0.173055872717445,-0.151293392862031,-0.19249041424936,-0.0927667608739639,0.0271845837895258,0.0406708421887073,"mar",0.5,0.500025,0.283,"50%"
"n500_d4_mar_miss50","gamlss.longitudinal",500,4,"theta",0.12,-0.0308875528698806,0.0855804518078492,-0.057466068399207,0.180201121614238,0.102451105537378,0.126436628843706,"mar",0.5,0.500025,0.283,"50%"
"n500_d4_mar_miss50","gamlss2",500,4,"sigma",0.81,0.106357068775701,0.0604581137120473,-0.0141717502527994,0.213399400088512,-0.0262978045798736,0.079458654811347,"mar",0.5,0.500025,0.283,"50%"
"n500_d4_mar_miss50","gamlss2",500,4,"sigma",0.79,0.0717266691197535,0.0251202712329024,-0.0570867649137696,0.185714750718707,-0.0223909645073994,0.0819476064359956,"mar",0.5,0.500025,0.283,"50%"
"n500_d4_mar_miss50","gamlss.longitudinal",500,4,"mu",0.27,0.545663085722963,0.524212612733107,0.493149109200577,0.576284713126601,-0.0138889029504134,0.0303163038761827,"mar",0.5,0.500025,0.283,"50%"
"n500_d4_mar_miss50","gamlss.longitudinal",500,4,"theta",0.08,-0.0879348431696164,0.0691299208039339,-0.0924195216691602,0.188377038557636,0.144996477834009,0.169186725322416,"mar",0.5,0.500025,0.283,"50%"
"n500_d4_mar_miss50","gamlss2",500,4,"sigma",0.75,-0.000720297029703023,-0.0242503656510429,-0.121363904055058,0.143279214152709,-0.012869486971512,0.0797884644191338,"mar",0.5,0.500025,0.283,"50%"
"n500_d4_mar_miss50","gamlss2",500,4,"sigma",0.73,-0.0373602670989943,-0.0568344013973658,-0.141701991587559,0.106543943156083,-0.00780974125238551,0.0788652387617791,"mar",0.5,0.500025,0.283,"50%"
"n500_d4_mar_miss50","gamlss.longitudinal",500,4,"mu",0.21,0.532720738620747,0.520763756651119,0.49081674795796,0.553240261151564,-0.0130259473129197,0.0261319472960686,"mar",0.5,0.500025,0.283,"50%"
"n500_d4_mar_miss50","gamlss.longitudinal",500,4,"mu",0.19,0.511377067238538,0.500348564063435,0.467843149269708,0.540169607531064,-0.0101476658543058,0.0249959277083115,"mar",0.5,0.500025,0.283,"50%"
"n500_d4_mar_miss50","gamlss.longitudinal",500,4,"theta",0.87,-0.197252672035138,-0.218746662779541,-0.284308087143181,-0.123848643584664,-0.0180581850266093,0.0583033051506461,"mar",0.5,0.500025,0.283,"50%"
"n500_d4_mar_miss50","gamlss.longitudinal",500,4,"theta",0.85,-0.170666816341098,-0.194711246124832,-0.26863965240471,-0.107344292931648,-0.0207394901198482,0.0570155224017852,"mar",0.5,0.500025,0.283,"50%"
"n500_d4_mar_miss50","gamlss2",500,4,"sigma",0.65,-0.173055872717445,-0.163035581173944,-0.280154895636217,-0.0151767373540981,0.00590500891909016,0.0786027787323458,"mar",0.5,0.500025,0.283,"50%"
"n500_d4_mar_miss50","gamlss.longitudinal",500,4,"mu",0.13,0.400932745081776,0.401305154252613,0.345831591932004,0.461374206677613,0.00516126905075407,0.0359749314336075,"mar",0.5,0.500025,0.283,"50%"
"n500_d4_mar_miss50","gamlss.longitudinal",500,4,"theta",0.81,-0.118039780738624,-0.143072036958828,-0.205960541105427,-0.0624700479857883,-0.0264964115422796,0.0561246543516259,"mar",0.5,0.500025,0.283,"50%"
"n500_d4_mar_miss50","gamlss.longitudinal",500,4,"theta",0.79,-0.0922441825108828,-0.122152275931584,-0.175101778933972,-0.0397374781291055,-0.0294731092778561,0.0564547854547228,"mar",0.5,0.500025,0.283,"50%"
"n500_d4_mar_miss50","gamlss2",500,4,"mu",0.27,0.545663085722963,0.533465698839816,0.493733635643981,0.583829375183889,-0.00938065115032923,0.0304527497649665,"mar",0.5,0.500025,0.283,"50%"
"n500_d4_mar_miss50","gamlss.longitudinal",500,4,"mu",0.09,0.294704737238448,0.32062258334289,0.234686166397055,0.413757171519895,0.0205087398733182,0.0561059932713437,"mar",0.5,0.500025,0.283,"50%"
"n500_d4_mar_miss50","gamlss.longitudinal",500,4,"theta",0.75,-0.0422920829117761,-0.0832082422077124,-0.133518787944746,0.00257869332001422,-0.0354198313505072,0.0583607551006105,"mar",0.5,0.500025,0.283,"50%"
"n500_d4_mar_miss50","gamlss.longitudinal",500,4,"theta",0.73,-0.0183706064707613,-0.0626262177815832,-0.118022675725834,0.021979233642871,-0.0383272201790117,0.0597827871451967,"mar",0.5,0.500025,0.283,"50%"
"n500_d4_mar_miss50","gamlss2",500,4,"mu",0.21,0.532720738620747,0.530021733817104,0.471654880883174,0.576923963325463,-0.00409617365785355,0.0336745646935648,"mar",0.5,0.500025,0.283,"50%"
"n500_d4_mar_miss50","gamlss2",500,4,"mu",0.19,0.511377067238538,0.506348082180957,0.461244452887068,0.567772622419032,-0.000315168634940194,0.0352509577838467,"mar",0.5,0.500025,0.283,"50%"
"n500_d4_mar_miss50","gamlss.longitudinal",500,4,"mu",0.88,-0.376500908260779,-0.371456674222704,-0.41530180288169,-0.335854874689901,0.000818885216529552,0.0248370223387286,"mar",0.5,0.500025,0.283,"50%"
"n500_d4_mar_miss50","gamlss.longitudinal",500,4,"mu",0.86,-0.423782283526684,-0.413747933907972,-0.454026010676405,-0.385655120322301,0.00327114985363405,0.0242583655026378,"mar",0.5,0.500025,0.283,"50%"
"n500_d4_mar_miss50","gamlss.longitudinal",500,4,"theta",0.65,0.0676834184975002,0.02012014793423,-0.0580001597029382,0.0865631005486711,-0.0489889931023937,0.0668133753247125,"mar",0.5,0.500025,0.283,"50%"
"n500_d4_mar_miss50","gamlss2",500,4,"mu",0.13,0.400932745081776,0.404981642358149,0.355661260350625,0.46801217588772,0.0115222658333567,0.0442855315353675,"mar",0.5,0.500025,0.283,"50%"
"n500_d4_mar_miss50","gamlss.longitudinal",500,4,"mu",0.82,-0.497654878856311,-0.496401391785333,-0.53245948892181,-0.445158201696133,0.00455510006275469,0.0264127692654707,"mar",0.5,0.500025,0.283,"50%"
"n500_d4_mar_miss50","gamlss.longitudinal",500,4,"mu",0.8,-0.523081083962335,-0.520850475588595,-0.553057747424713,-0.472159484945189,0.00425189099842098,0.0275045919358766,"mar",0.5,0.500025,0.283,"50%"
"n500_d4_mar_miss50","gamlss.longitudinal",500,4,"sigma",0.27,-0.0373602670989943,-0.0431305742917755,-0.0765270979505834,-0.00319128660432214,-0.00571328502257427,0.0272049065962075,"mar",0.5,0.500025,0.283,"50%"
"n500_d4_mar_miss50","gamlss2",500,4,"mu",0.09,0.294704737238448,0.317311720288176,0.231735225161397,0.412366211924544,0.0185936907898643,0.0553633108254946,"mar",0.5,0.500025,0.283,"50%"
"n500_d4_mar_miss50","gamlss.longitudinal",500,4,"mu",0.76,-0.548914700635549,-0.553128784657074,-0.585470413468166,-0.492148781244204,0.00303679511134907,0.0285606658603313,"mar",0.5,0.500025,0.283,"50%"
"n500_d4_mar_miss50","gamlss.longitudinal",500,4,"mu",0.74,-0.548914700635549,-0.546327097079729,-0.596124328598038,-0.49756272278309,0.00243090415061936,0.0289893333479988,"mar",0.5,0.500025,0.283,"50%"
"n500_d4_mar_miss50","gamlss.longitudinal",500,4,"sigma",0.21,0.0717266691197535,0.0349152851442589,-0.0109493996885329,0.121464007041926,-0.0286703176354983,0.0478517855358872,"mar",0.5,0.500025,0.283,"50%"
"n500_d4_mar_miss50","gamlss.longitudinal",500,4,"sigma",0.19,0.1063570687757,0.0638893933907965,0.0168192159372126,0.15131940001148,-0.034251266616808,0.0535670667124269,"mar",0.5,0.500025,0.283,"50%"
"n500_d4_mar_miss50","gamlss2",500,4,"mu",0.88,-0.376500908260779,-0.370166187808312,-0.412605935073997,-0.307466019312022,0.0079778632791003,0.0298053700104639,"mar",0.5,0.500025,0.283,"50%"
"n500_d4_mar_miss50","gamlss2",500,4,"mu",0.86,-0.423782283526684,-0.414103430484964,-0.461155928490148,-0.369395561699411,0.00597486026535595,0.0281578280142044,"mar",0.5,0.500025,0.283,"50%"
"n500_d4_mar_miss50","gamlss.longitudinal",500,4,"mu",0.66,-0.464380359026108,-0.467035649969795,-0.509049682784587,-0.416433466642007,-0.000559221910951217,0.0316740973907116,"mar",0.5,0.500025,0.283,"50%"
"n500_d4_mar_miss50","gamlss.longitudinal",500,4,"sigma",0.13,0.197203834748904,0.160026878259108,0.0849261201436091,0.209101310029053,-0.040670659076729,0.0598121388437765,"mar",0.5,0.500025,0.283,"50%"
"n500_d4_mar_miss50","gamlss2",500,4,"mu",0.82,-0.497654878856311,-0.500604824479087,-0.542116919968448,-0.438660871282001,-0.00136720918813,0.0321928408078276,"mar",0.5,0.500025,0.283,"50%"
"n500_d4_mar_miss50","gamlss2",500,4,"mu",0.8,-0.523081083962335,-0.530160607595573,-0.565156492557139,-0.469390731622341,-0.00475612345553492,0.035163137993226,"mar",0.5,0.500025,0.283,"50%"
"n500_d4_mar_miss50","gamlss2",500,4,"sigma",0.27,-0.0373602670989943,-0.0581860139349422,-0.119402931790836,0.0546043487582353,-0.0116400580425981,0.0655877715443954,"mar",0.5,0.500025,0.283,"50%"
"n500_d4_mar_miss50","gamlss.longitudinal",500,4,"sigma",0.09,0.242018080620902,0.212206803298876,0.122332553143679,0.266211011767327,-0.0322531828381211,0.0549881222735309,"mar",0.5,0.500025,0.283,"50%"
"n500_d4_mar_miss50","gamlss2",500,4,"mu",0.76,-0.548914700635549,-0.558306415613664,-0.610829039831557,-0.491485528671889,-0.00801062506485269,0.036640758315373,"mar",0.5,0.500025,0.283,"50%"
"n500_d4_mar_miss50","gamlss2",500,4,"mu",0.74,-0.548914700635549,-0.549792513977304,-0.616029600647179,-0.499327159579072,-0.00773151093798774,0.0364596249596124,"mar",0.5,0.500025,0.283,"50%"
"n500_d4_mar_miss50","gamlss2",500,4,"sigma",0.21,0.0717266691197535,0.0507924123027126,-0.0160302452862538,0.157822585713445,-0.0108844379043032,0.0671657884890622,"mar",0.5,0.500025,0.283,"50%"
"n500_d4_mar_miss50","gamlss2",500,4,"sigma",0.19,0.1063570687757,0.0895888132062336,-0.00228648122439314,0.214264779069211,-0.00754170074145311,0.0714894402104472,"mar",0.5,0.500025,0.283,"50%"
"n500_d4_mar_miss50","gamlss.longitudinal",500,4,"sigma",0.88,0.20978029119672,0.141353638776614,0.0902078617224027,0.219045087113774,-0.0674912802652364,0.0783397905617553,"mar",0.5,0.500025,0.283,"50%"
"n500_d4_mar_miss50","gamlss.longitudinal",500,4,"sigma",0.86,0.183796899894904,0.125788652026823,0.0708446875683377,0.184171969642068,-0.0666464684543832,0.0763591484548265,"mar",0.5,0.500025,0.283,"50%"
"n500_d4_mar_miss50","gamlss2",500,4,"mu",0.66,-0.464380359026108,-0.473231810355128,-0.530621890199115,-0.411124680384661,-0.00370256894335981,0.0380876362501574,"mar",0.5,0.500025,0.283,"50%"
"n500_d4_mar_miss50","gamlss2",500,4,"sigma",0.13,0.197203834748904,0.209130695023714,0.0452188491653919,0.301828339233323,-0.00347942043583709,0.0859281462149186,"mar",0.5,0.500025,0.283,"50%"
"n500_d4_mar_miss50","gamlss.longitudinal",500,4,"sigma",0.82,0.123023490439819,0.0707618494264187,0.0224809337918897,0.114707994518919,-0.0569096604965781,0.0673871027486062,"mar",0.5,0.500025,0.283,"50%"
"n500_d4_mar_miss50","gamlss.longitudinal",500,4,"sigma",0.8,0.0892348012827812,0.0402201706795806,-0.000826852944698123,0.0964467632146263,-0.0490072812915699,0.0610547387966456,"mar",0.5,0.500025,0.283,"50%"
"n500_d4_mar_miss50","gamlss.longitudinal",500,4,"theta",0.27,0.128756363872617,0.117934870266149,0.059317310403771,0.166818522213414,-0.00998721787715669,0.0388899022428712,"mar",0.5,0.500025,0.283,"50%"
"n500_d4_mar_miss50","gamlss2",500,4,"sigma",0.09,0.242018080620902,0.26408350238783,0.0843617384050837,0.335647320325951,-0.00974743297388139,0.0858014022333203,"mar",0.5,0.500025,0.283,"50%"
"n500_d4_mar_miss50","gamlss.longitudinal",500,4,"sigma",0.76,0.0176068588290909,-0.0191248953638958,-0.0599201558209434,0.0611668228951944,-0.029474651066973,0.0472776722571444,"mar",0.5,0.500025,0.283,"50%"
"n500_d4_mar_miss50","gamlss.longitudinal",500,4,"sigma",0.74,-0.0190674528884969,-0.0445210038322487,-0.0873724795901621,0.0236151412558262,-0.0187451175440762,0.0411772131581184,"mar",0.5,0.500025,0.283,"50%"
"n500_d4_mar_miss50","gamlss.longitudinal",500,4,"theta",0.21,0.0762566725753297,0.10721041835497,0.0192573513556069,0.159785935628143,0.0259237863635234,0.0551382626486138,"mar",0.5,0.500025,0.283,"50%"
"n500_d4_mar_miss50","gamlss.longitudinal",500,4,"theta",0.19,0.055240565451063,0.102934087223762,0.00269611506801226,0.164686288468738,0.0405526252855392,0.0672415712789115,"mar",0.5,0.500025,0.283,"50%"
"n500_d4_mar_miss50","gamlss2",500,4,"sigma",0.88,0.20978029119672,0.176661553310909,0.0680334680094079,0.28458099413798,-0.0361375329178255,0.0821205383316077,"mar",0.5,0.500025,0.283,"50%"
"n500_d4_mar_miss50","gamlss2",500,4,"sigma",0.86,0.183796899894904,0.143387137972028,0.0442005347862296,0.241338218347722,-0.0335656634467901,0.0771668402229452,"mar",0.5,0.500025,0.283,"50%"
"n500_d4_mar_miss50","gamlss.longitudinal",500,4,"sigma",0.66,-0.157778335523402,-0.139580089471918,-0.177430157261428,-0.0857221170789145,0.0226505417276683,0.0383562571907058,"mar",0.5,0.500025,0.283,"50%"
"n500_d4_mar_miss50","gamlss.longitudinal",500,4,"theta",0.13,-0.0174621870551856,0.0881766835357553,-0.0487549001368006,0.178101138312825,0.0926048121997364,0.116660851409886,"mar",0.5,0.500025,0.283,"50%"
"n500_d4_mar_miss50","gamlss2",500,4,"sigma",0.82,0.123023490439819,0.074417666770623,0.00685704697046864,0.225171520510379,-0.0279704035002471,0.077702248485196,"mar",0.5,0.500025,0.283,"50%"
"n500_d4_mar_miss50","gamlss2",500,4,"sigma",0.8,0.0892348012827812,0.0422508567555233,-0.0260490481296833,0.200376861998086,-0.0244395916731866,0.0809950511624061,"mar",0.5,0.500025,0.283,"50%"
"n500_d4_mar_miss50","gamlss.longitudinal",500,4,"mu",0.28,0.540257987900779,0.521227327065617,0.491010078888952,0.571224149917716,-0.0129385492324789,0.0306108462975502,"mar",0.5,0.500025,0.283,"50%"
"n500_d4_mar_miss50","gamlss.longitudinal",500,4,"theta",0.09,-0.0731942446761535,0.0712362125125332,-0.083675087424414,0.186358428520335,0.13390117697086,0.157983230077329,"mar",0.5,0.500025,0.283,"50%"
"n500_d4_mar_miss50","gamlss2",500,4,"sigma",0.76,0.0176068588290909,-0.0126408383933831,-0.114241788798288,0.132240659211002,-0.0153841989680392,0.0808014162549873,"mar",0.5,0.500025,0.283,"50%"
"n500_d4_mar_miss50","gamlss.longitudinal",500,4,"sigma",0.58,-0.258002301042862,-0.208385305037487,-0.246727049620437,-0.1588181064361,0.0528787269460064,0.0626594859696265,"mar",0.5,0.500025,0.283,"50%"
"n500_d4_mar_miss50","gamlss2",500,4,"mu",0.4,0.32328188876086,0.322485265765105,0.280508654941425,0.374482614401337,0.00547899624833084,0.0343337294754349,"mar",0.5,0.500025,0.283,"50%"
"n500_d4_mar_miss50","gamlss.longitudinal",500,4,"theta",0.03,-0.165871351737091,0.0502352975833213,-0.136078991236707,0.198351955594738,0.204625851092535,0.229706271226413,"mar",0.5,0.500025,0.283,"50%"
"n500_d4_mar_miss50","gamlss.longitudinal",500,4,"theta",0.88,-0.210559570722046,-0.230902391320352,-0.2970321795204,-0.13214798594591,-0.0167922444876644,0.0591607275235949,"mar",0.5,0.500025,0.283,"50%"
"n500_d4_mar_miss50","gamlss.longitudinal",500,4,"sigma",0.52,-0.292144707424046,-0.225169962572734,-0.312051188122542,-0.175979996754715,0.0648839685459624,0.0766660254839705,"mar",0.5,0.500025,0.283,"50%"
"n500_d4_mar_miss50","gamlss2",500,4,"sigma",0.66,-0.157778335523402,-0.152673560031986,-0.260608725426584,0.00858701701523273,0.00497345776217313,0.080950986355262,"mar",0.5,0.500025,0.283,"50%"
"n500_d4_mar_miss50","gamlss.longitudinal",500,4,"mu",0.14,0.423782283526684,0.419652527203855,0.374701099207633,0.467579109413474,0.00197445680796748,0.0323804238725784,"mar",0.5,0.500025,0.283,"50%"
"n500_d4_mar_miss50","gamlss.longitudinal",500,4,"theta",0.82,-0.131089955360852,-0.158776176635694,-0.221564915228135,-0.0741921039345908,-0.0250244678892569,0.0561443283188477,"mar",0.5,0.500025,0.283,"50%"
"n500_d4_mar_miss50","gamlss.longitudinal",500,4,"sigma",0.46,-0.285205245368292,-0.215079082833951,-0.306232164870336,-0.173800731168981,0.0646936401953964,0.0763057454677582,"mar",0.5,0.500025,0.283,"50%"
"n500_d4_mar_miss50","gamlss2",500,4,"mu",0.28,0.540257987900779,0.529361472718333,0.492052554674713,0.575441067685512,-0.00898115108523496,0.0307203549863171,"mar",0.5,0.500025,0.283,"50%"
"n500_d4_mar_miss50","gamlss.longitudinal",500,4,"theta",0.78,-0.0795289530669703,-0.112551521010325,-0.162398489319142,-0.0287446966587261,-0.0309681277559202,0.0567898524206427,"mar",0.5,0.500025,0.283,"50%"
"n500_d4_mar_miss50","gamlss.longitudinal",500,4,"theta",0.76,-0.0545382033307625,-0.0934818406577893,-0.14133250242305,-0.0075796028020012,-0.0339409887278165,0.0577499738988259,"mar",0.5,0.500025,0.283,"50%"
"n500_d4_mar_miss50","gamlss2",500,4,"sigma",0.58,-0.258002301042862,-0.2473939320336,-0.340914979625382,-0.102974544884065,0.0144721556230102,0.0819491826519015,"mar",0.5,0.500025,0.283,"50%"
"n500_d4_mar_miss50","gamlss.longitudinal",500,4,"sigma",0.4,-0.238175395342187,-0.184851671815882,-0.241905393783334,-0.150577427695194,0.050826063943449,0.0606432047721928,"mar",0.5,0.500025,0.283,"50%"
"n500_d4_mar_miss50","gamlss.longitudinal",500,4,"mu",0.04,0.13677943794067,0.188452260150821,0.0743763268895733,0.303388723555015,0.0463701872394949,0.0938971457229018,"mar",0.5,0.500025,0.283,"50%"
"n500_d4_mar_miss50","gamlss.longitudinal",500,4,"mu",0.89,-0.350583194361779,-0.350744721561413,-0.391421285832261,-0.31084614966127,-0.000990025342836008,0.0259982219808882,"mar",0.5,0.500025,0.283,"50%"
"n500_d4_mar_miss50","gamlss2",500,4,"sigma",0.52,-0.292144707424046,-0.255572203209719,-0.422152838451487,-0.0992699513385134,0.036436104508028,0.0996664261685641,"mar",0.5,0.500025,0.283,"50%"
"n500_d4_mar_miss50","gamlss.longitudinal",500,4,"sigma",0.34,-0.157778335523402,-0.132763029407551,-0.166473535363822,-0.0921535700197094,0.026513697086915,0.0358368532283253,"mar",0.5,0.500025,0.283,"50%"
"n500_d4_mar_miss50","gamlss2",500,4,"mu",0.14,0.423782283526684,0.426854899582672,0.379654028185192,0.491304221462094,0.00967443268374804,0.0421450520548861,"mar",0.5,0.500025,0.283,"50%"
"n500_d4_mar_miss50","gamlss.longitudinal",500,4,"mu",0.83,-0.481968674024125,-0.478286593509035,-0.515125001177043,-0.430723426083157,0.00458244342636506,0.0257290311015186,"mar",0.5,0.500025,0.283,"50%"
"n500_d4_mar_miss50","gamlss2",500,4,"sigma",0.46,-0.285205245368292,-0.232046080096061,-0.309524135403163,-0.0897152101820466,0.0594352626992002,0.0990468230539995,"mar",0.5,0.500025,0.283,"50%"
"n500_d4_mar_miss50","gamlss.longitudinal",500,4,"sigma",0.28,-0.0555246914054204,-0.058364404201726,-0.0906101690135554,-0.018319419088437,-0.00127436787035902,0.0250321674548382,"mar",0.5,0.500025,0.283,"50%"
"n500_d4_mar_miss50","gamlss2",500,4,"mu",0.97,-0.103059723022149,-0.116499892124025,-0.203655856361295,-0.0271766564605266,-0.0183169736317307,0.0567639653187443,"mar",0.5,0.500025,0.283,"50%"
"n500_d4_mar_miss50","gamlss.longitudinal",500,4,"mu",0.77,-0.545663085722963,-0.549429900949673,-0.578964735283829,-0.489498434150187,0.00337657858731408,0.0283634875014615,"mar",0.5,0.500025,0.283,"50%"
"n500_d4_mar_miss50","gamlss.longitudinal",500,4,"theta",0.58,0.126583737775194,0.076013263016049,-0.00881134557171348,0.132472490566209,-0.0560785642583112,0.0720669979511874,"mar",0.5,0.500025,0.283,"50%"
"n500_d4_mar_miss50","gamlss2",500,4,"sigma",0.4,-0.238175395342187,-0.180053956002781,-0.305237610134707,-0.0770374600505906,0.0548209329378434,0.0966116319123342,"mar",0.5,0.500025,0.283,"50%"
"n500_d4_mar_miss50","gamlss2",500,4,"mu",0.04,0.13677943794067,0.161356401254201,0.0583699756319001,0.255680215512592,0.029420453245709,0.0844635395607514,"mar",0.5,0.500025,0.283,"50%"
"n500_d4_mar_miss50","gamlss2",500,4,"mu",0.89,-0.350583194361779,-0.343390233694776,-0.389451153219946,-0.28054449715849,0.0081219908262191,0.0311552226591695,"mar",0.5,0.500025,0.283,"50%"
"n500_d4_mar_miss50","gamlss.longitudinal",500,4,"theta",0.52,0.161939710247622,0.104841637121908,0.0299896343628837,0.161799017431249,-0.0593100676402191,0.0738237914574729,"mar",0.5,0.500025,0.283,"50%"
"n500_d4_mar_miss50","gamlss2",500,4,"sigma",0.34,-0.157778335523402,-0.14176977673849,-0.257677229443837,-0.0470478468441949,0.0207364098761612,0.0709762114796613,"mar",0.5,0.500025,0.283,"50%"
"n500_d4_mar_miss50","gamlss.longitudinal",500,4,"sigma",0.14,0.183796899894904,0.142424664697361,0.0757780345204049,0.198157285741879,-0.0409501126646315,0.0600146890473403,"mar",0.5,0.500025,0.283,"50%"
"n500_d4_mar_miss50","gamlss2",500,4,"mu",0.83,-0.481968674024125,-0.480588570959076,-0.528321434029759,-0.420963503079295,0.000563644808916447,0.0305386717969065,"mar",0.5,0.500025,0.283,"50%"
"n500_d4_mar_miss50","gamlss.longitudinal",500,4,"theta",0.46,0.18144646150192,0.128492757381389,0.0613603440770539,0.186498673351774,-0.0584829835448391,0.0715108732649513,"mar",0.5,0.500025,0.283,"50%"
"n500_d4_mar_miss50","gamlss2",500,4,"sigma",0.28,-0.0555246914054204,-0.0681236043747229,-0.145021311368219,0.0402247176031498,-0.00922057095205418,0.0654234945081531,"mar",0.5,0.500025,0.283,"50%"
"n500_d4_mar_miss50","gamlss.longitudinal",500,4,"sigma",0.97,0.278125878188904,0.269090165393998,0.130189314481694,0.330547462372812,-0.0248379807013894,0.0731909655018614,"mar",0.5,0.500025,0.283,"50%"
"n500_d4_mar_miss50","gamlss2",500,4,"mu",0.77,-0.545663085722963,-0.557194163380546,-0.610687857852718,-0.488632588356473,-0.00770097690588988,0.0367539259698404,"mar",0.5,0.500025,0.283,"50%"
"n500_d4_mar_miss50","gamlss.longitudinal",500,4,"mu",0.59,-0.294704737238448,-0.309020311102458,-0.329901675312088,-0.240424368991346,-0.00515435965066143,0.0304013377056696,"mar",0.5,0.500025,0.283,"50%"
"n500_d4_mar_miss50","gamlss.longitudinal",500,4,"theta",0.4,0.183902827970943,0.120073503006271,0.076357182247303,0.187110989254978,-0.0519592223041005,0.0639000506424608,"mar",0.5,0.500025,0.283,"50%"
"n500_d4_mar_miss50","gamlss.longitudinal",500,4,"sigma",0.04,0.274944651308886,0.284615811618566,0.170479083940306,0.33949421629785,-0.00109181980546042,0.0531097007630419,"mar",0.5,0.500025,0.283,"50%"
"n500_d4_mar_miss50","gamlss.longitudinal",500,4,"sigma",0.89,0.221473675803034,0.145117062521305,0.0998370465641248,0.23116361792668,-0.0666984107065003,0.07862912067431,"mar",0.5,0.500025,0.283,"50%"
"n500_d4_mar_miss50","gamlss.longitudinal",500,4,"mu",0.53,-0.103059723022149,-0.107727077950784,-0.140475386780481,-0.0688083752596021,-0.00595971736095456,0.0269820362702836,"mar",0.5,0.500025,0.283,"50%"
"n500_d4_mar_miss50","gamlss.longitudinal",500,4,"theta",0.34,0.168711664468909,0.123626843528072,0.0762551603089271,0.183723139603775,-0.0380033115065159,0.0511218077036191,"mar",0.5,0.500025,0.283,"50%"
"n500_d4_mar_miss50","gamlss2",500,4,"sigma",0.14,0.183796899894904,0.192024014607269,0.0363461216630663,0.290207000516581,-0.00300702590407279,0.0847612597204034,"mar",0.5,0.500025,0.283,"50%"
"n500_d4_mar_miss50","gamlss.longitudinal",500,4,"sigma",0.83,0.139165805200812,0.0834276909689817,0.0339589218460873,0.131552422649569,-0.0601918338234959,0.0701641660229241,"mar",0.5,0.500025,0.283,"50%"
"n500_d4_mar_miss50","gamlss.longitudinal",500,4,"mu",0.47,0.103059723022149,0.0978597331358063,0.071573730309817,0.143581898839327,-0.00138733890965677,0.0268752116186432,"mar",0.5,0.500025,0.283,"50%"
"n500_d4_mar_miss50","gamlss.longitudinal",500,4,"theta",0.28,0.135900998357306,0.121173977649158,0.0609466320800954,0.169706755886915,-0.014857335197157,0.0393584139611345,"mar",0.5,0.500025,0.283,"50%"
"n500_d4_mar_miss50","gamlss2",500,4,"sigma",0.97,0.278125878188904,0.245846720152409,0.101116036109962,0.345443843941419,-0.0376615208869941,0.0910089017592502,"mar",0.5,0.500025,0.283,"50%"
"n500_d4_mar_miss50","gamlss.longitudinal",500,4,"sigma",0.77,0.0358396730395883,-0.00498673991833401,-0.0456208462965671,0.0693326039432479,-0.0346749101568692,0.0506635158313335,"mar",0.5,0.500025,0.283,"50%"
"n500_d4_mar_miss50","gamlss2",500,4,"mu",0.59,-0.294704737238448,-0.312080475250805,-0.35331379899556,-0.248784333628264,-0.00913208573777381,0.0340615338521131,"mar",0.5,0.500025,0.283,"50%"
"n500_d4_mar_miss50","gamlss.longitudinal",500,4,"mu",0.41,0.294704737238448,0.294101980506559,0.262191111720071,0.333616180306109,0.0018747821721016,0.0294973914851286,"mar",0.5,0.500025,0.283,"50%"
"n500_d4_mar_miss50","gamlss2",500,4,"sigma",0.04,0.274944651308886,0.295972114000552,0.0505842710302028,0.386382979156387,-0.0179512271465661,0.109334873167287,"mar",0.5,0.500025,0.283,"50%"
"n500_d4_mar_miss50","gamlss2",500,4,"sigma",0.89,0.221473675803034,0.19124058940087,0.0783325252024311,0.311355328488827,-0.0373980679665449,0.0847331605798257,"mar",0.5,0.500025,0.283,"50%"
"n500_d4_mar_miss50","gamlss2",500,4,"mu",0.53,-0.103059723022149,-0.113616300495164,-0.162603473461677,-0.0792973983304031,-0.0109494818980409,0.0299869347951481,"mar",0.5,0.500025,0.283,"50%"
"n500_d4_mar_miss50","gamlss.longitudinal",500,4,"mu",0.35,0.444959346906221,0.43955912569195,0.400518916763777,0.488703262122848,-0.00281883495910912,0.030345086304434,"mar",0.5,0.500025,0.283,"50%"
"n500_d4_mar_miss50","gamlss.longitudinal",500,4,"theta",0.14,-0.00439367082121678,0.0907321783984511,-0.0400663586469874,0.175969976240884,0.0830863580063572,0.107283399694726,"mar",0.5,0.500025,0.283,"50%"
"n500_d4_mar_miss50","gamlss2",500,4,"sigma",0.83,0.139165805200812,0.0974357309291551,0.0169637684138078,0.234049001169135,-0.0294909767939833,0.0762080382526384,"mar",0.5,0.500025,0.283,"50%"
"n500_d4_mar_miss50","gamlss2",500,4,"mu",0.47,0.103059723022149,0.0899144266990218,0.0575794712359576,0.172657287907121,-0.00209662304496148,0.0327714403037004,"mar",0.5,0.500025,0.283,"50%"
"n500_d4_mar_miss50","gamlss.longitudinal",500,4,"mu",0.29,0.532720738620747,0.515539237548538,0.481858454117101,0.563800944034028,-0.0117414743570625,0.0307888142351541,"mar",0.5,0.500025,0.283,"50%"
"n500_d4_mar_miss50","gamlss.longitudinal",500,4,"theta",0.97,-0.327961441658366,-0.335747690850403,-0.430757716702445,-0.213246282394311,-0.00922255799282221,0.0724088486366928,"mar",0.5,0.500025,0.283,"50%"
"n500_d4_mar_miss50","gamlss2",500,4,"sigma",0.77,0.0358396730395883,0.00199901228838217,-0.100516344209081,0.140718152655445,-0.0178303299430066,0.081707137991653,"mar",0.5,0.500025,0.283,"50%"
"n500_d4_mar_miss50","gamlss.longitudinal",500,4,"sigma",0.59,-0.248578674680307,-0.202463339209005,-0.242836248941743,-0.154021595104847,0.0499153400114133,0.0594490414067851,"mar",0.5,0.500025,0.283,"50%"
"n500_d4_mar_miss50","gamlss2",500,4,"mu",0.41,0.294704737238448,0.291477066400354,0.251677902359003,0.34064640130458,0.00541466111389942,0.0350264894492579,"mar",0.5,0.500025,0.283,"50%"
"n500_d4_mar_miss50","gamlss.longitudinal",500,4,"theta",0.04,-0.149762537475142,0.0556171789584824,-0.127357087767516,0.19636569518892,0.192183679536,0.217050183146987,"mar",0.5,0.500025,0.283,"50%"
"n500_d4_mar_miss50","gamlss.longitudinal",500,4,"theta",0.89,-0.223855116916594,-0.242029771379991,-0.311900678209505,-0.140467835356723,-0.0155873653638289,0.0601565689205514,"mar",0.5,0.500025,0.283,"50%"
"n500_d4_mar_miss50","gamlss.longitudinal",500,4,"sigma",0.53,-0.28924647224831,-0.226790986915483,-0.304751892704217,-0.174499324856352,0.0636424255001786,0.0751946787403525,"mar",0.5,0.500025,0.283,"50%"
"n500_d4_mar_miss50","gamlss2",500,4,"mu",0.35,0.444959346906221,0.446492088176934,0.400275355249553,0.50765685806294,0.000691462859504027,0.0330035875681818,"mar",0.5,0.500025,0.283,"50%"
"n500_d4_mar_miss50","gamlss.longitudinal",500,4,"mu",0.15,0.444959346906221,0.444054894081968,0.403247681280957,0.485131721483956,-0.000957982446379075,0.0294126137119538,"mar",0.5,0.500025,0.283,"50%"
"n500_d4_mar_miss50","gamlss.longitudinal",500,4,"theta",0.83,-0.144221415468067,-0.171142774464071,-0.237256908252151,-0.0861280490616577,-0.0235716917302817,0.0562957759390946,"mar",0.5,0.500025,0.283,"50%"
"n500_d4_mar_miss50","gamlss.longitudinal",500,4,"sigma",0.47,-0.28924647224831,-0.217966892193892,-0.312501159541367,-0.175442300908365,0.0656701714835066,0.0774824707606351,"mar",0.5,0.500025,0.283,"50%"
"n500_d4_mar_miss50","gamlss2",500,4,"mu",0.29,0.532720738620747,0.523206836779259,0.483245105726132,0.566712976170516,-0.00821776746322753,0.0312066047128232,"mar",0.5,0.500025,0.283,"50%"
"n500_d4_mar_miss50","gamlss.longitudinal",500,4,"mu",0.98,-0.0689332784603676,-0.109746905698043,-0.186615865585256,-0.0109188216985941,-0.0393863556378455,0.0710984304752002,"mar",0.5,0.500025,0.283,"50%"
"n500_d4_mar_miss50","gamlss.longitudinal",500,4,"theta",0.77,-0.0669553676332503,-0.103068797635315,-0.149963260963618,-0.0180208670062596,-0.0324569060337633,0.0572247770834209,"mar",0.5,0.500025,0.283,"50%"
"n500_d4_mar_miss50","gamlss2",500,4,"sigma",0.59,-0.248578674680307,-0.238244974062866,-0.319030760365404,-0.102487617253955,0.0123763825097852,0.0774949530327253,"mar",0.5,0.500025,0.283,"50%"
"n500_d4_mar_miss50","gamlss.longitudinal",500,4,"sigma",0.41,-0.248578674680307,-0.192425470654017,-0.255655958443237,-0.158601018065308,0.0540101731467879,0.0641485724007465,"mar",0.5,0.500025,0.283,"50%"
"n500_d4_mar_miss50","gamlss.longitudinal",500,4,"mu",0.05,0.169959346906221,0.212353152990633,0.108135257478162,0.326860147246084,0.0405703417414556,0.0851993982644939,"mar",0.5,0.500025,0.283,"50%"
"n500_d4_mar_miss50","gamlss.longitudinal",500,4,"mu",0.9,-0.32328188876086,-0.329390756620248,-0.364563755353254,-0.282783393552976,-0.00330262523375659,0.0278666719003012,"mar",0.5,0.500025,0.283,"50%"
"n500_d4_mar_miss50","gamlss2",500,4,"sigma",0.53,-0.28924647224831,-0.261953877245366,-0.426133614409645,-0.100511087880501,0.031930533524662,0.0990617416472892,"mar",0.5,0.500025,0.283,"50%"
"n500_d4_mar_miss50","gamlss.longitudinal",500,4,"sigma",0.35,-0.173055872717445,-0.142365393835785,-0.176325062000107,-0.102759264900226,0.031021884532404,0.0400306426271124,"mar",0.5,0.500025,0.283,"50%"
"n500_d4_mar_miss50","gamlss2",500,4,"mu",0.15,0.444959346906221,0.445938204938404,0.397645112518435,0.510680976494667,0.00775979823859654,0.0402391015698069,"mar",0.5,0.500025,0.283,"50%"
"n500_d4_mar_miss50","gamlss.longitudinal",500,4,"mu",0.84,-0.464380359026109,-0.457001938630231,-0.49516806099877,-0.419028917204677,0.0043649170761637,0.0251099921657402,"mar",0.5,0.500025,0.283,"50%"
"n500_d4_mar_miss50","gamlss2",500,4,"sigma",0.47,-0.28924647224831,-0.241605983620109,-0.320182777860647,-0.091403689423385,0.0568641606886465,0.0984961963306105,"mar",0.5,0.500025,0.283,"50%"
"n500_d4_mar_miss50","gamlss.longitudinal",500,4,"sigma",0.29,-0.0734872631791594,-0.0732833987599962,-0.104206916669241,-0.0333285664383187,0.00326984689199801,0.02397009778368,"mar",0.5,0.500025,0.283,"50%"
"n500_d4_mar_miss50","gamlss2",500,4,"mu",0.98,-0.0689332784603676,-0.0930319709714141,-0.178969205394899,0.0135419518756229,-0.0245204314782036,0.0643611721818465,"mar",0.5,0.500025,0.283,"50%"
"n500_d4_mar_miss50","gamlss.longitudinal",500,4,"mu",0.78,-0.540257987900779,-0.539701525868424,-0.574863291841013,-0.485732554502631,0.00374732628111467,0.028207580191839,"mar",0.5,0.500025,0.283,"50%"
"n500_d4_mar_miss50","gamlss.longitudinal",500,4,"theta",0.59,0.119266256313551,0.0689975618565044,-0.0156085755987883,0.129556112918538,-0.0552482418411195,0.071480895791103,"mar",0.5,0.500025,0.283,"50%"
"n500_d4_mar_miss50","gamlss2",500,4,"sigma",0.41,-0.248578674680307,-0.186007896643221,-0.307057869363822,-0.0814386844307424,0.0581696961343736,0.0990060401239607,"mar",0.5,0.500025,0.283,"50%"
"n500_d4_mar_miss50","gamlss2",500,4,"mu",0.05,0.169959346906221,0.195822563276002,0.0942114370801416,0.277793364863317,0.0268846268378643,0.0765486612956456,"mar",0.5,0.500025,0.283,"50%"
"n500_d4_mar_miss50","gamlss2",500,4,"mu",0.9,-0.32328188876086,-0.316648843516512,-0.359134497083311,-0.252651591176387,0.00756082132824875,0.0325923326884998,"mar",0.5,0.500025,0.283,"50%"
"n500_d4_mar_miss50","gamlss.longitudinal",500,4,"theta",0.53,0.157106749667138,0.101510903009787,0.0237753595533001,0.155110238449757,-0.0590102396452382,0.073776191148114,"mar",0.5,0.500025,0.283,"50%"
"n500_d4_mar_miss50","gamlss2",500,4,"sigma",0.35,-0.173055872717445,-0.154498899011266,-0.270206852175466,-0.0512318222713927,0.0271893128716067,0.0748707188733199,"mar",0.5,0.500025,0.283,"50%"
"n500_d4_mar_miss50","gamlss.longitudinal",500,4,"sigma",0.15,0.169615278658039,0.125246440028663,0.0667151761500474,0.191676703446918,-0.0406232378374572,0.0597231264334013,"mar",0.5,0.500025,0.283,"50%"
"n500_d4_mar_miss50","gamlss2",500,4,"mu",0.84,-0.464380359026109,-0.458519506073944,-0.508583856038162,-0.408075892973633,0.00251333229361918,0.0291447103284466,"mar",0.5,0.500025,0.283,"50%"
"n500_d4_mar_miss50","gamlss.longitudinal",500,4,"theta",0.47,0.179354253037097,0.124561944853854,0.0579310083787146,0.185085583077397,-0.058966729516651,0.0722343855345051,"mar",0.5,0.500025,0.283,"50%"
"n500_d4_mar_miss50","gamlss2",500,4,"sigma",0.29,-0.0734872631791594,-0.0781455060181138,-0.168437502381546,0.0255261364060111,-0.00594759600831165,0.0651606027313862,"mar",0.5,0.500025,0.283,"50%"
"n500_d4_mar_miss50","gamlss.longitudinal",500,4,"sigma",0.98,0.28012411336464,0.274552386921239,0.131939239074732,0.346396216929294,-0.014600423065063,0.0746742518024693,"mar",0.5,0.500025,0.283,"50%"
"n500_d4_mar_miss50","gamlss2",500,4,"mu",0.78,-0.540257987900779,-0.552579434623652,-0.597541762135178,-0.484800726139477,-0.00705347178099163,0.0366270871353976,"mar",0.5,0.500025,0.283,"50%"
"n500_d4_mar_miss50","gamlss.longitudinal",500,4,"mu",0.6,-0.32328188876086,-0.333246944320745,-0.356908793671302,-0.2683625438951,-0.00453812512286576,0.0307199012980445,"mar",0.5,0.500025,0.283,"50%"
"n500_d4_mar_miss50","gamlss.longitudinal",500,4,"theta",0.41,0.184710510346205,0.11959403793553,0.0742130712090993,0.18629093026511,-0.0535120993457275,0.0655623688029014,"mar",0.5,0.500025,0.283,"50%"
"n500_d4_mar_miss50","gamlss.longitudinal",500,4,"sigma",0.05,0.270596657858843,0.269772693813101,0.16076857712184,0.324113000588031,-0.00943319785404361,0.0513704564979051,"mar",0.5,0.500025,0.283,"50%"
"n500_d4_mar_miss50","gamlss.longitudinal",500,4,"sigma",0.9,0.232234801282781,0.161449790975766,0.10906799005302,0.2381932955297,-0.0650326796958142,0.0784766835345856,"mar",0.5,0.500025,0.283,"50%"
"n500_d4_mar_miss50","gamlss.longitudinal",500,4,"mu",0.54,-0.13677943794067,-0.146404412382434,-0.176595283011371,-0.0977777206211233,-0.0062455820275855,0.0276342297679018,"mar",0.5,0.500025,0.283,"50%"
"n500_d4_mar_miss50","gamlss.longitudinal",500,4,"theta",0.35,0.17247564632995,0.123634286989183,0.0814396001316932,0.185194702640343,-0.0409210130047637,0.0534969241575171,"mar",0.5,0.500025,0.283,"50%"
"n500_d4_mar_miss50","gamlss2",500,4,"sigma",0.15,0.169615278658039,0.181503413709008,0.0278589987759804,0.272905374404322,-0.00305618223335303,0.0828627764656545,"mar",0.5,0.500025,0.283,"50%"
"n500_d4_mar_miss50","gamlss.longitudinal",500,4,"sigma",0.84,0.154717741463996,0.0990450640989764,0.0460067856317618,0.149111119026507,-0.0629529829172768,0.0726166076275996,"mar",0.5,0.500025,0.283,"50%"
"n500_d4_mar_miss50","gamlss.longitudinal",500,4,"mu",0.48,0.0689332784603675,0.0651638778314541,0.0376601824161341,0.111592391678459,-0.00232136346593659,0.0263758192986221,"mar",0.5,0.500025,0.283,"50%"
"n500_d4_mar_miss50","gamlss.longitudinal",500,4,"theta",0.29,0.142572959966697,0.127172272843663,0.0625002387044825,0.171690655289177,-0.0194238044609047,0.0405004942986318,"mar",0.5,0.500025,0.283,"50%"
"n500_d4_mar_miss50","gamlss2",500,4,"sigma",0.98,0.28012411336464,0.251260893803626,0.096170910038387,0.355077349237189,-0.0345411116649343,0.0941239029262945,"mar",0.5,0.500025,0.283,"50%"
"n500_d4_mar_miss50","gamlss.longitudinal",500,4,"sigma",0.78,0.0539040973460143,0.00985590286288814,-0.0309939937883315,0.0744253146374644,-0.0396987590925392,0.0541464772114298,"mar",0.5,0.500025,0.283,"50%"
"n500_d4_mar_miss50","gamlss2",500,4,"mu",0.6,-0.32328188876086,-0.338625757552992,-0.379640485695481,-0.273182760747548,-0.00806549267843809,0.0340588463523696,"mar",0.5,0.500025,0.283,"50%"
"n500_d4_mar_miss50","gamlss.longitudinal",500,4,"mu",0.42,0.264964520755944,0.262586350010252,0.233130861091761,0.299821617181107,0.00180191357700388,0.0292809061445362,"mar",0.5,0.500025,0.283,"50%"
"n500_d4_mar_miss50","gamlss2",500,4,"sigma",0.05,0.270596657858843,0.291284540498902,0.0783861331490436,0.365259914217313,-0.0171869374740111,0.100237789804584,"mar",0.5,0.500025,0.283,"50%"
"n500_d4_mar_miss50","gamlss2",500,4,"sigma",0.9,0.232234801282781,0.192357989528043,0.0895191263524447,0.333648455837587,-0.0386053952730909,0.0868598123641846,"mar",0.5,0.500025,0.283,"50%"
"n500_d4_mar_miss50","gamlss2",500,4,"mu",0.54,-0.13677943794067,-0.146007600592989,-0.194905606591615,-0.109118525226126,-0.0114416640269825,0.0311091931073387,"mar",0.5,0.500025,0.283,"50%"
"n500_d4_mar_miss50","gamlss.longitudinal",500,4,"mu",0.36,0.423782283526684,0.421074366438461,0.384924408159365,0.470043910922107,-0.00148614526990309,0.0301646346782299,"mar",0.5,0.500025,0.283,"50%"
"n500_d4_mar_miss50","gamlss.longitudinal",500,4,"theta",0.15,0.00830746729452853,0.0932605143080877,-0.031409054495444,0.173804008978323,0.0739020117306108,0.0983255681748092,"mar",0.5,0.500025,0.283,"50%"
"n500_d4_mar_miss50","gamlss2",500,4,"sigma",0.84,0.154717741463996,0.116989751821475,0.0209474788390592,0.240300739641056,-0.0309064375853271,0.0754544728826826,"mar",0.5,0.500025,0.283,"50%"
"n500_d4_mar_miss50","gamlss2",500,4,"mu",0.48,0.0689332784603675,0.0560661778692801,0.0251307994759354,0.128313021892595,-0.00397573873772467,0.0312767646025778,"mar",0.5,0.500025,0.283,"50%"
"n500_d4_mar_miss50","gamlss.longitudinal",500,4,"mu",0.3,0.523081083962335,0.506974273804096,0.468536164882179,0.554830558138141,-0.0104045894057744,0.0308627076809299,"mar",0.5,0.500025,0.283,"50%"
"n500_d4_mar_miss50","gamlss.longitudinal",500,4,"theta",0.98,-0.34046415291859,-0.349459813895449,-0.445608374842303,-0.22447276314354,-0.00899184562702743,0.074367955842348,"mar",0.5,0.500025,0.283,"50%"
"n500_d4_mar_miss50","gamlss2",500,4,"sigma",0.78,0.0539040973460143,0.0132421960094142,-0.0797877423409283,0.165831535936908,-0.0201773470240876,0.0821649928073377,"mar",0.5,0.500025,0.283,"50%"
"n500_d4_mar_miss50","gamlss.longitudinal",500,4,"sigma",0.6,-0.238175395342187,-0.195422151080835,-0.238070576555733,-0.14868004404668,0.046700802924242,0.056138306199211,"mar",0.5,0.500025,0.283,"50%"
"n500_d4_mar_miss50","gamlss2",500,4,"mu",0.42,0.264964520755944,0.260066391388004,0.221251555267592,0.320079605644371,0.00495711563117642,0.0356016725676115,"mar",0.5,0.500025,0.283,"50%"
"n500_d4_mar_miss50","gamlss.longitudinal",500,4,"theta",0.05,-0.133901324913069,0.0609938521666559,-0.118630828601494,0.194377236445502,0.179987697155957,0.204655670391101,"mar",0.5,0.500025,0.283,"50%"
"n500_d4_mar_miss50","gamlss.longitudinal",500,4,"theta",0.9,-0.237123821009634,-0.250786702780167,-0.326766436944144,-0.148797531221515,-0.0144513777191658,0.0612872550893204,"mar",0.5,0.500025,0.283,"50%"
"n500_d4_mar_miss50","gamlss.longitudinal",500,4,"sigma",0.54,-0.285205245368292,-0.227630441637521,-0.295152605009602,-0.172471464307677,0.0620877745027745,0.0733336908934594,"mar",0.5,0.500025,0.283,"50%"
"n500_d4_mar_miss50","gamlss2",500,4,"mu",0.36,0.423782283526684,0.425066635808369,0.389229321595082,0.488240070211088,0.00218103267426793,0.0329380080145121,"mar",0.5,0.500025,0.283,"50%"
"n500_d4_mar_miss50","gamlss2",500,4,"mu",0.34,0.464380359026108,0.466639692549211,0.415836661041895,0.523155232193193,-0.000929885958635196,0.0330534782972956,"mar",0.5,0.500025,0.283,"50%"
"n500_d4_mar_miss50","gamlss.longitudinal",500,4,"theta",0.84,-0.157418833384277,-0.182858079461115,-0.253016441616494,-0.098266941705797,-0.022140292217103,0.0565842119590148,"mar",0.5,0.500025,0.283,"50%"
"n500_d4_mar_miss50","gamlss.longitudinal",500,4,"sigma",0.48,-0.292144707424046,-0.220253253037349,-0.31743900159056,-0.176578986312472,0.0662687745924366,0.0782177911722577,"mar",0.5,0.500025,0.283,"50%"
"n500_d4_mar_miss50","gamlss2",500,4,"mu",0.3,0.523081083962335,0.517731944172978,0.467141824400263,0.556812558356648,-0.00713319698369527,0.0317887432486209,"mar",0.5,0.500025,0.283,"50%"
"n500_d4_mar_miss50","gamlss.longitudinal",500,4,"mu",0.99,-0.0345347857411223,-0.0807228411069556,-0.162355391442743,0.0238386153235135,-0.0456415718677886,0.0790572904846674,"mar",0.5,0.500025,0.283,"50%"
"n500_d4_mar_miss50","gamlss2",500,4,"sigma",0.62,-0.214600885256126,-0.200889012053566,-0.30061903637673,-0.0986409653664048,0.00835655130136952,0.0720232653153546,"mar",0.5,0.500025,0.283,"50%"
"n500_d4_mar_miss50","gamlss2",500,4,"sigma",0.6,-0.238175395342187,-0.233671019459709,-0.31085237776811,-0.101614861182818,0.0107075756497675,0.0740400992338341,"mar",0.5,0.500025,0.283,"50%"
"n500_d4_mar_miss50","gamlss.longitudinal",500,4,"sigma",0.42,-0.258002301042862,-0.197951776763946,-0.268271876030708,-0.162816116705304,0.056870431386732,0.0673409247899959,"mar",0.5,0.500025,0.283,"50%"
"n500_d4_mar_miss50","gamlss.longitudinal",500,4,"mu",0.06,0.202468503976573,0.236105099204998,0.141625746538179,0.349813962553707,0.0350696114698627,0.0770529863130246,"mar",0.5,0.500025,0.283,"50%"
"n500_d4_mar_miss50","gamlss.longitudinal",500,4,"mu",0.91,-0.294704737238448,-0.307543833855264,-0.341912518447809,-0.252841416217973,-0.00608536665541735,0.0305805718897369,"mar",0.5,0.500025,0.283,"50%"
"n500_d4_mar_miss50","gamlss2",500,4,"sigma",0.54,-0.285205245368292,-0.268184413105503,-0.422957442553779,-0.101552201516654,0.0276373618285,0.0974873720814096,"mar",0.5,0.500025,0.283,"50%"
"n500_d4_mar_miss50","gamlss.longitudinal",500,4,"sigma",0.36,-0.18765749395431,-0.152123315292285,-0.186705002120677,-0.113045043989888,0.0353793122523489,0.0443399731611579,"mar",0.5,0.500025,0.283,"50%"
"n500_d4_mar_miss50","gamlss.longitudinal",500,4,"mu",0,8.15367795041445e-18,0.0710031160289668,-0.109412353369043,0.208167789806709,0.0761793093040705,0.135473531219105,"mar",0.5,0.500025,0.283,"50%"
"n500_d4_mar_miss50","gamlss2",500,4,"sigma",0.5,-0.294470297029703,-0.250170594463892,-0.394971034048939,-0.0963484239576689,0.0454958523693151,0.099084820566874,"mar",0.5,0.500025,0.283,"50%"
"n500_d4_mar_miss50","gamlss2",500,4,"sigma",0.48,-0.292144707424046,-0.244453214248011,-0.34803434516537,-0.0930867076317645,0.0535842817895637,0.0983349830010827,"mar",0.5,0.500025,0.283,"50%"
"n500_d4_mar_miss50","gamlss.longitudinal",500,4,"sigma",0.3,-0.0911753953421872,-0.090084939472091,-0.11730994420688,-0.047841121059983,0.00789668476834244,0.0242320139883059,"mar",0.5,0.500025,0.283,"50%"
"n500_d4_mar_miss50","gamlss2",500,4,"mu",0.99,-0.0345347857411223,-0.065485746033436,-0.154257003890916,0.0541387626224968,-0.0310030567100168,0.0727363147149347,"mar",0.5,0.500025,0.283,"50%"
"n500_d4_mar_miss50","gamlss.longitudinal",500,4,"theta",0.62,0.0950570556093092,0.0460042133338677,-0.0364727325319132,0.10627566509311,-0.0523651262926316,0.0693467446675565,"mar",0.5,0.500025,0.283,"50%"
"n500_d4_mar_miss50","gamlss.longitudinal",500,4,"theta",0.6,0.111565942276249,0.0616560398024383,-0.0224855347839954,0.122827595428325,-0.0543495613638684,0.0708272806471927,"mar",0.5,0.500025,0.283,"50%"
"n500_d4_mar_miss50","gamlss2",500,4,"sigma",0.42,-0.258002301042862,-0.192444341779146,-0.307343971576148,-0.0830792247832746,0.0605001079025513,0.100365043846731,"mar",0.5,0.500025,0.283,"50%"
"n500_d4_mar_miss50","gamlss2",500,4,"mu",0.93,-0.23417861036079,-0.239391282988808,-0.295386222686935,-0.175798887862273,0.00106996806452577,0.0378544771419302,"mar",0.5,0.500025,0.283,"50%"
"n500_d4_mar_miss50","gamlss2",500,4,"mu",0.91,-0.294704737238448,-0.291539405301859,-0.331325824167607,-0.223899553314933,0.0062231384681399,0.0340767430655101,"mar",0.5,0.500025,0.283,"50%"
"n500_d4_mar_miss50","gamlss.longitudinal",500,4,"theta",0.54,0.151839401451125,0.0978310056251567,0.0174467994953023,0.147878231280969,-0.058609431060689,0.0736225538081349,"mar",0.5,0.500025,0.283,"50%"
"n500_d4_mar_miss50","gamlss2",500,4,"sigma",0.36,-0.18765749395431,-0.160576463373922,-0.280848887217365,-0.0546651513802759,0.0335982554392523,0.0794423677606628,"mar",0.5,0.500025,0.283,"50%"
"n500_d4_mar_miss50","gamlss2",500,4,"mu",0,8.15367795041445e-18,0.0380583244616872,-0.139294604947124,0.191700294008443,0.0414801531260821,0.124627429104566,"mar",0.5,0.500025,0.283,"50%"
"n500_d4_mar_miss50","gamlss.longitudinal",500,4,"theta",0.5,0.170274351999171,0.110427279520236,0.0420750338594825,0.17361046330672,-0.059557563129966,0.0735728848721833,"mar",0.5,0.500025,0.283,"50%"
"n500_d4_mar_miss50","gamlss.longitudinal",500,4,"theta",0.48,0.176791490275426,0.119892418903416,0.0536778437959259,0.18316945789412,-0.0593036801899238,0.0728173316666138,"mar",0.5,0.500025,0.283,"50%"
"n500_d4_mar_miss50","gamlss2",500,4,"sigma",0.3,-0.0911753953421872,-0.0884036269165482,-0.18962698493006,0.0106199605482464,-0.00184960084622574,0.064992156657596,"mar",0.5,0.500025,0.283,"50%"
"n500_d4_mar_miss50","gamlss.longitudinal",500,4,"sigma",0.99,0.280927721498779,0.284060867708412,0.136426679491845,0.362239983384583,-0.00317116445243618,0.0777958142727172,"mar",0.5,0.500025,0.283,"50%"
"n500_d4_mar_miss50","gamlss.longitudinal",500,4,"mu",0.63,-0.400932745081776,-0.414756251807109,-0.436764584716835,-0.349257677462588,-0.00245391961618767,0.0314181521474116,"mar",0.5,0.500025,0.283,"50%"
"n500_d4_mar_miss50","gamlss.longitudinal",500,4,"mu",0.61,-0.350583194361779,-0.361737710647004,-0.382839480556961,-0.295918686637841,-0.00383969467116734,0.0309717068158461,"mar",0.5,0.500025,0.283,"50%"
"n500_d4_mar_miss50","gamlss.longitudinal",500,4,"theta",0.42,0.185028141383857,0.119746905963162,0.071973074657889,0.18725207477046,-0.0548705519669499,0.0670675881605205,"mar",0.5,0.500025,0.283,"50%"
"n500_d4_mar_miss50","gamlss.longitudinal",500,4,"sigma",0.93,0.258487818710103,0.210428630687075,0.122358751657519,0.266987643663004,-0.0542442300655336,0.0758350169264687,"mar",0.5,0.500025,0.283,"50%"
"n500_d4_mar_miss50","gamlss.longitudinal",500,4,"sigma",0.91,0.242018080620902,0.17778437910447,0.11704946171309,0.244825285731306,-0.0624281799690743,0.077899693132805,"mar",0.5,0.500025,0.283,"50%"
"n500_d4_mar_miss50","gamlss.longitudinal",500,4,"mu",0.55,-0.169959346906221,-0.184859745486258,-0.212069246684615,-0.126593305380455,-0.00636338848056366,0.0282975636000061,"mar",0.5,0.500025,0.283,"50%"
"n500_d4_mar_miss50","gamlss.longitudinal",500,4,"theta",0.36,0.175747440125566,0.123427009712865,0.0838682985340229,0.186345493860699,-0.043588986283857,0.0558059933773103,"mar",0.5,0.500025,0.283,"50%"
"n500_d4_mar_miss50","gamlss.longitudinal",500,4,"sigma",0,0.280529702970297,0.32648556523417,0.197671592734862,0.400391513494544,0.0414542747928908,0.0782477154401191,"mar",0.5,0.500025,0.283,"50%"
"n500_d4_mar_miss50","gamlss.longitudinal",500,4,"mu",0.51,-0.0345347857411223,-0.0474216173582108,-0.0694712199513043,0.00602330805695894,-0.00486273311810246,0.0260712962640803,"mar",0.5,0.500025,0.283,"50%"
"n500_d4_mar_miss50","gamlss.longitudinal",500,4,"mu",0.49,0.0345347857411225,0.0296474691152075,0.0029449426876455,0.0788606488716822,-0.00323694319467532,0.0260413339920894,"mar",0.5,0.500025,0.283,"50%"
"n500_d4_mar_miss50","gamlss.longitudinal",500,4,"theta",0.3,0.14876803279044,0.130321062658259,0.0639719168898132,0.174657912469896,-0.0236993246702647,0.0421442119327495,"mar",0.5,0.500025,0.283,"50%"
"n500_d4_mar_miss50","gamlss2",500,4,"sigma",0.99,0.280927721498779,0.256708670709259,0.0912096367761344,0.358010337570792,-0.0302897556819369,0.0987132236597857,"mar",0.5,0.500025,0.283,"50%"
"n500_d4_mar_miss50","gamlss2",500,4,"mu",0.63,-0.400932745081776,-0.415400329510426,-0.43904462497516,-0.344002077991292,-0.00506393010047791,0.0352498781018602,"mar",0.5,0.500025,0.283,"50%"
"n500_d4_mar_miss50","gamlss2",500,4,"mu",0.61,-0.350583194361779,-0.366401844506281,-0.400273276814595,-0.297157696445011,-0.00697824403015665,0.0341819904523549,"mar",0.5,0.500025,0.283,"50%"
"n500_d4_mar_miss50","gamlss.longitudinal",500,4,"mu",0.43,0.23417861036079,0.230900182783952,0.203727977748289,0.271853202490436,0.00150612399362169,0.028969514572438,"mar",0.5,0.500025,0.283,"50%"
"n500_d4_mar_miss50","gamlss2",500,4,"sigma",0.93,0.258487818710103,0.221665308363468,0.120060478483667,0.339565404085543,-0.0412000538847095,0.0888932150061374,"mar",0.5,0.500025,0.283,"50%"
"n500_d4_mar_miss50","gamlss2",500,4,"sigma",0.91,0.242018080620902,0.204839804187159,0.101364251986987,0.350802338559477,-0.0397007326941321,0.0882556978585869,"mar",0.5,0.500025,0.283,"50%"
"n500_d4_mar_miss50","gamlss2",500,4,"mu",0.55,-0.169959346906221,-0.181033217285312,-0.225722653795578,-0.138798921900719,-0.0115787024812385,0.0322261383640513,"mar",0.5,0.500025,0.283,"50%"
"n500_d4_mar_miss50","gamlss.longitudinal",500,4,"mu",0.37,0.400932745081776,0.400167111009369,0.363254985990047,0.448260086716735,-0.000360009110355257,0.029993211499401,"mar",0.5,0.500025,0.283,"50%"
"n500_d4_mar_miss50","gamlss2",500,4,"sigma",0,0.280529702970297,0.315163817262826,-0.0260719872580105,0.470276598020403,-0.0117335577045436,0.162503521496487,"mar",0.5,0.500025,0.283,"50%"
"n500_d4_mar_miss50","gamlss2",500,4,"mu",0.51,-0.0345347857411223,-0.0417204738427394,-0.0901855527210682,-0.00411184425419491,-0.00893543536690816,0.0287521102832951,"mar",0.5,0.500025,0.283,"50%"
"n500_d4_mar_miss50","gamlss2",500,4,"mu",0.49,0.0345347857411225,0.02257280478472,-0.00640031823018053,0.0829637975694597,-0.00579995075759109,0.0299365929103178,"mar",0.5,0.500025,0.283,"50%"
"n500_d4_mar_miss50","gamlss.longitudinal",500,4,"mu",0.31,0.511377067238538,0.495534603111847,0.453795096706542,0.546043996690823,-0.00891379481527206,0.0309067520013295,"mar",0.5,0.500025,0.283,"50%"
"n500_d4_mar_miss50","gamlss.longitudinal",500,4,"theta",0.99,-0.352803626444951,-0.357704618888097,-0.460458853726296,-0.235696862950979,-0.00892607033144119,0.0763999456229401,"mar",0.5,0.500025,0.283,"50%"
"n500_d4_mar_miss50","gamlss.longitudinal",500,4,"sigma",0.63,-0.20152442880831,-0.172940472083418,-0.218664107500352,-0.120127456285779,0.0356523998681989,0.0463328936048457,"mar",0.5,0.500025,0.283,"50%"
"n500_d4_mar_miss50","gamlss.longitudinal",500,4,"sigma",0.61,-0.22683426986244,-0.187320828676979,-0.232445947287116,-0.1428192099556,0.0432592270028238,0.0528016946963754,"mar",0.5,0.500025,0.283,"50%"
"n500_d4_mar_miss50","gamlss2",500,4,"mu",0.43,0.23417861036079,0.228916459487202,0.189347476411662,0.29900258920134,0.00411841924689467,0.0358969941000573,"mar",0.5,0.500025,0.283,"50%"
"n500_d4_mar_miss50","gamlss.longitudinal",500,4,"theta",0.93,-0.276614473457123,-0.281088960790275,-0.371346254146611,-0.173781319221229,-0.0115471441807845,0.0654247318164551,"mar",0.5,0.500025,0.283,"50%"
"n500_d4_mar_miss50","gamlss.longitudinal",500,4,"theta",0.91,-0.250350219881933,-0.259602280913212,-0.341629169344604,-0.157129604479757,-0.0133930368431682,0.0625464417434355,"mar",0.5,0.500025,0.283,"50%"
"n500_d4_mar_miss50","gamlss.longitudinal",500,4,"sigma",0.55,-0.280037251918249,-0.226303124226433,-0.283403238896958,-0.169836516444363,0.0602136449285761,0.0711063717499163,"mar",0.5,0.500025,0.283,"50%"
"n500_d4_mar_miss50","gamlss2",500,4,"mu",0.37,0.400932745081776,0.401862191160833,0.366335896048623,0.464957116542452,0.00346381319510942,0.0329771014693141,"mar",0.5,0.500025,0.283,"50%"
"n500_d4_mar_miss50","gamlss.longitudinal",500,4,"theta",0,-0.215546973847946,0.0345924243787351,-0.162025602274898,0.203679889347621,0.243726422179259,0.269349551745262,"mar",0.5,0.500025,0.283,"50%"
"n500_d4_mar_miss50","gamlss.longitudinal",500,4,"sigma",0.51,-0.293888315558184,-0.223331588935523,-0.317351127683354,-0.176917328331156,0.0657690774280798,0.0777158178218416,"mar",0.5,0.500025,0.283,"50%"
"n500_d4_mar_miss50","gamlss.longitudinal",500,4,"sigma",0.49,-0.293888315558184,-0.221925388921508,-0.32103121628909,-0.177156557282954,0.0664850600627306,0.0785086241287978,"mar",0.5,0.500025,0.283,"50%"
"n500_d4_mar_miss50","gamlss2",500,4,"mu",0.31,0.511377067238538,0.512311691352924,0.451727043324937,0.551304185108284,-0.00578789911623283,0.0323371018376131,"mar",0.5,0.500025,0.283,"50%"
"n500_d4_mar_miss50","gamlss.longitudinal",500,4,"mu",1,-1.26553020970047e-16,-0.0548783212899718,-0.138598952315467,0.057545490155394,-0.0573534725303377,0.0901996111169441,"mar",0.5,0.500025,0.283,"50%"
"n500_d4_mar_miss50","gamlss2",500,4,"sigma",0.63,-0.20152442880831,-0.189811618921031,-0.295179680667654,-0.096515639174384,0.0074979054759618,0.0734646354041167,"mar",0.5,0.500025,0.283,"50%"
"n500_d4_mar_miss50","gamlss2",500,4,"sigma",0.61,-0.22683426986244,-0.225777792161021,-0.304759182444672,-0.100337755250708,0.00939523411820619,0.0721425454903549,"mar",0.5,0.500025,0.283,"50%"
"n500_d4_mar_miss50","gamlss.longitudinal",500,4,"sigma",0.43,-0.266408412769509,-0.202589672860591,-0.279669500176709,-0.166234389252325,0.059382534164653,0.0701758541104772,"mar",0.5,0.500025,0.283,"50%"
"n500_d4_mar_miss50","gamlss.longitudinal",500,4,"mu",0.94,-0.202468503976573,-0.225882965200149,-0.282788905478423,-0.148286952685229,-0.0175432306885296,0.0437453633711068,"mar",0.5,0.500025,0.283,"50%"
"n500_d4_mar_miss50","gamlss.longitudinal",500,4,"mu",0.92,-0.264964520755943,-0.283895486546621,-0.322691301142604,-0.222168377008761,-0.00938133994000766,0.0341329583051472,"mar",0.5,0.500025,0.283,"50%"
"n500_d4_mar_miss50","gamlss2",500,4,"sigma",0.55,-0.280037251918249,-0.26868089498363,-0.412473793343842,-0.102353856659044,0.0236725316204498,0.0948313204360822,"mar",0.5,0.500025,0.283,"50%"
"n500_d4_mar_miss50","gamlss.longitudinal",500,4,"sigma",0.37,-0.20152442880831,-0.162561477104339,-0.196597632360684,-0.122983783161429,0.039587499307456,0.0486356581326814,"mar",0.5,0.500025,0.283,"50%"
"n500_d4_mar_miss50","gamlss.longitudinal",500,4,"mu",0.01,0.0345347857411224,0.0974960910293193,-0.0645141656104411,0.231340866443952,0.065323778113544,0.122700737569448,"mar",0.5,0.500025,0.283,"50%"
"n500_d4_mar_miss50","gamlss2",500,4,"sigma",0.51,-0.293888315558184,-0.255808825461002,-0.411518585623939,-0.0978692187634469,0.0410096047599059,0.099561454665282,"mar",0.5,0.500025,0.283,"50%"
"n500_d4_mar_miss50","gamlss2",500,4,"sigma",0.49,-0.293888315558184,-0.245759461324055,-0.37341426145232,-0.0947438334016709,0.0497414666503253,0.0985816126941952,"mar",0.5,0.500025,0.283,"50%"
"n500_d4_mar_miss50","gamlss.longitudinal",500,4,"sigma",0.31,-0.108517662835106,-0.101359997329805,-0.129906442763853,-0.0596539598383716,0.0125681485036362,0.0258073438242655,"mar",0.5,0.500025,0.283,"50%"
"n500_d4_mar_miss50","gamlss2",500,4,"mu",1,-1.26553020970047e-16,-0.0366035839128206,-0.129539943855991,0.0947777270644306,-0.0376238426372226,0.0816437773091969,"mar",0.5,0.500025,0.283,"50%"
"n500_d4_mar_miss50","gamlss.longitudinal",500,4,"theta",0.63,0.0862695122781584,0.0376916707067159,-0.0435792486662113,0.0992463217871518,-0.051292316536967,0.0685375423665163,"mar",0.5,0.500025,0.283,"50%"
"n500_d4_mar_miss50","gamlss.longitudinal",500,4,"theta",0.61,0.103492763453817,0.0539905313744488,-0.0294394239664133,0.114805594728795,-0.0533917757155947,0.0701165995405749,"mar",0.5,0.500025,0.283,"50%"
"n500_d4_mar_miss50","gamlss2",500,4,"sigma",0.43,-0.266408412769509,-0.206100699882277,-0.306244563768287,-0.0847189367705647,0.061768854416444,0.100789632127337,"mar",0.5,0.500025,0.283,"50%"
"n500_d4_mar_miss50","gamlss2",500,4,"mu",0.94,-0.202468503976573,-0.210702666069243,-0.277027212481294,-0.143542050952856,-0.00273703590479233,0.0407922098508094,"mar",0.5,0.500025,0.283,"50%"
"n500_d4_mar_miss50","gamlss2",500,4,"mu",0.92,-0.264964520755943,-0.266298701452365,-0.312658157841313,-0.196421413250899,0.00406371592221357,0.0357360404201202,"mar",0.5,0.500025,0.283,"50%"
"n500_d4_mar_miss50","gamlss.longitudinal",500,4,"theta",0.55,0.146145232346583,0.0937791044479782,0.011031283419284,0.140104885724301,-0.0581107408028395,0.073368902158363,"mar",0.5,0.500025,0.283,"50%"
"n500_d4_mar_miss50","gamlss2",500,4,"sigma",0.37,-0.20152442880831,-0.162225009371457,-0.289633610318975,-0.0587611518106844,0.0397576299248489,0.0843000983724528,"mar",0.5,0.500025,0.283,"50%"
"n500_d4_mar_miss50","gamlss2",500,4,"mu",0.01,0.0345347857411224,0.0702723226203225,-0.0944833098122771,0.207742505834804,0.0382564831392178,0.11365178764777,"mar",0.5,0.500025,0.283,"50%"
"n500_d4_mar_miss50","gamlss.longitudinal",500,4,"theta",0.51,0.16633114513373,0.10781239390656,0.0360911971327207,0.167979171333505,-0.0594918725232422,0.0737576768946187,"mar",0.5,0.500025,0.283,"50%"
"n500_d4_mar_miss50","gamlss.longitudinal",500,4,"theta",0.49,0.173763070864592,0.114962110365993,0.0479384131351005,0.17865897466326,-0.0595025803537605,0.0732630767054321,"mar",0.5,0.500025,0.283,"50%"
"n500_d4_mar_miss50","gamlss2",500,4,"sigma",0.31,-0.108517662835106,-0.0992441949074386,-0.210384014572411,-0.00438810199574919,0.00299457879392226,0.0652137464963664,"mar",0.5,0.500025,0.283,"50%"
"n500_d4_mar_miss50","gamlss.longitudinal",500,4,"sigma",1,0.280529702970297,0.295456423480518,0.140681489877705,0.376759534020188,0.00705412570309658,0.0817660904518524,"mar",0.5,0.500025,0.283,"50%"
"n500_d4_mar_miss50","gamlss.longitudinal",500,4,"mu",0.64,-0.423782283526684,-0.434342146328013,-0.461374794294113,-0.374220397097163,-0.00176834191933925,0.0315713911621541,"mar",0.5,0.500025,0.283,"50%"
"n500_d4_mar_miss50","gamlss.longitudinal",500,4,"mu",0.62,-0.376500908260779,-0.38923451692694,-0.409931571421696,-0.322960777681534,-0.00317249423370188,0.0312254900000148,"mar",0.5,0.500025,0.283,"50%"
"n500_d4_mar_miss50","gamlss.longitudinal",500,4,"theta",0.43,0.184857776130657,0.119666830851385,0.0696347596803241,0.187773521043259,-0.0560380913379661,0.0684127671279616,"mar",0.5,0.500025,0.283,"50%"
"n500_d4_mar_miss50","gamlss.longitudinal",500,4,"sigma",0.94,0.265102648736772,0.223979780512191,0.124591287285328,0.282913209988518,-0.0485735639657451,0.0746123328101461,"mar",0.5,0.500025,0.283,"50%"
"n500_d4_mar_miss50","gamlss.longitudinal",500,4,"sigma",0.92,0.250781706983456,0.194112143364227,0.119875598570587,0.251175284883337,-0.0588484195305138,0.0769853685182203,"mar",0.5,0.500025,0.283,"50%"
"n500_d4_mar_miss50","gamlss.longitudinal",500,4,"mu",0.56,-0.202468503976573,-0.217665165087029,-0.246771463462131,-0.15527128296739,-0.00630946257445935,0.0289562749685442,"mar",0.5,0.500025,0.283,"50%"
"n500_d4_mar_miss50","gamlss.longitudinal",500,4,"theta",0.37,0.178526185500532,0.123626762348463,0.0821508064917524,0.187118900690727,-0.0460203308827782,0.0580230927783585,"mar",0.5,0.500025,0.283,"50%"
"n500_d4_mar_miss50","gamlss.longitudinal",500,4,"sigma",0.01,0.280927721498779,0.325464047778895,0.189155526476817,0.385666087974485,0.0308488441284063,0.0702145695039957,"mar",0.5,0.500025,0.283,"50%"
"n500_d4_mar_miss50","gamlss.longitudinal",500,4,"mu",0.52,-0.0689332784603674,-0.0782798148253943,-0.104971335511221,-0.0332591145503097,-0.00548491175907389,0.0264361081621634,"mar",0.5,0.500025,0.283,"50%"
"n500_d4_mar_miss50","gamlss.longitudinal",500,4,"mu",0.5,7.55070274106452e-17,-0.00814499595832023,-0.0334253888336652,0.0456314787232354,-0.00410070319507457,0.0259337116178158,"mar",0.5,0.500025,0.283,"50%"
"n500_d4_mar_miss50","gamlss.longitudinal",500,4,"theta",0.31,0.154482471549843,0.127207146575068,0.065354914323607,0.177339092826114,-0.0276858213611328,0.0441474872251924,"mar",0.5,0.500025,0.283,"50%"
"n500_d4_mar_miss50","gamlss2",500,4,"sigma",1,0.280529702970297,0.262439314400961,0.0862436879111668,0.375482181862661,-0.0248538019642032,0.10475954516658,"mar",0.5,0.500025,0.283,"50%"
"n500_d4_mar_miss50","gamlss2",500,4,"mu",0.64,-0.423782283526684,-0.434853383980427,-0.469486660848417,-0.366871201759291,-0.00436844092283906,0.0361695602577818,"mar",0.5,0.500025,0.283,"50%"
"n500_d4_mar_miss50","gamlss2",500,4,"mu",0.62,-0.376500908260779,-0.394165489073514,-0.419418478116097,-0.320756857864526,-0.00595321236744388,0.0345654090507299,"mar",0.5,0.500025,0.283,"50%"
"n500_d4_mar_miss50","gamlss.longitudinal",500,4,"mu",0.44,0.202468503976573,0.199565463975533,0.17396167969068,0.24152400396147,0.000988927794721361,0.0285340804912042,"mar",0.5,0.500025,0.283,"50%"
"n500_d4_mar_miss50","gamlss2",500,4,"sigma",0.94,0.265102648736772,0.236415650556025,0.115561905365212,0.331427006565986,-0.0413598166517423,0.0886531691280023,"mar",0.5,0.500025,0.283,"50%"
"n500_d4_mar_miss50","gamlss2",500,4,"sigma",0.92,0.250781706983456,0.215719225532996,0.113475721438044,0.350613151143063,-0.0406012891734081,0.0888768564644655,"mar",0.5,0.500025,0.283,"50%"
"n500_d4_mar_miss50","gamlss2",500,4,"mu",0.56,-0.202468503976573,-0.214749482078159,-0.256660257793329,-0.168319131230886,-0.0113748097409255,0.0331369600548036,"mar",0.5,0.500025,0.283,"50%"
"n500_d4_mar_miss50","gamlss.longitudinal",500,4,"mu",0.38,0.376500908260779,0.376543869251855,0.340124692317056,0.423473173171889,0.00055993737694718,0.0298733852904671,"mar",0.5,0.500025,0.283,"50%"
"n500_d4_mar_miss50","gamlss2",500,4,"sigma",0.01,0.280927721498779,0.301956550648047,-0.0241329035356457,0.449338218089935,-0.0149250676826714,0.147405163639976,"mar",0.5,0.500025,0.283,"50%"
"n500_d4_mar_miss50","gamlss2",500,4,"mu",0.52,-0.0689332784603674,-0.0792932677991228,-0.128944673806322,-0.0485141162758516,-0.0101061233787921,0.029118931132373,"mar",0.5,0.500025,0.283,"50%"
"n500_d4_mar_miss50","gamlss2",500,4,"mu",0.5,7.55070274106452e-17,-0.00731823065434706,-0.0475066309602649,0.040869474040846,-0.00747932136683876,0.0290319565053319,"mar",0.5,0.500025,0.283,"50%"
"n500_d4_mar_miss50","gamlss.longitudinal",500,4,"mu",0.32,0.497654878856311,0.481923206761994,0.438900899946313,0.533333209194682,-0.0073808180200555,0.0308323906125449,"mar",0.5,0.500025,0.283,"50%"
"n500_d4_mar_miss50","gamlss.longitudinal",500,4,"theta",1,-0.364965316156597,-0.366374845544525,-0.468604723046761,-0.246187565856319,-0.00654914885461289,0.0772946638277171,"mar",0.5,0.500025,0.283,"50%"
"n500_d4_mar_miss50","gamlss.longitudinal",500,4,"sigma",0.64,-0.18765749395431,-0.162415515103189,-0.210615736244552,-0.0996509651399411,0.0315298608087548,0.0433610961335158,"mar",0.5,0.500025,0.283,"50%"
"n500_d4_mar_miss50","gamlss.longitudinal",500,4,"sigma",0.62,-0.214600885256126,-0.179971156931743,-0.226006738245574,-0.136449519167437,0.039556438314817,0.0495038463696008,"mar",0.5,0.500025,0.283,"50%"
"n500_d4_mar_miss50","gamlss2",500,4,"mu",0.44,0.202468503976573,0.196755814630392,0.156147767106906,0.274033433189834,0.00293091599483074,0.0357814005316126,"mar",0.5,0.500025,0.283,"50%"
"n500_d4_mar_miss50","gamlss.longitudinal",500,4,"theta",0.94,-0.289621671492168,-0.294709612605342,-0.386201303520934,-0.182096989169838,-0.0107788458893929,0.0670289434749983,"mar",0.5,0.500025,0.283,"50%"
"n500_d4_mar_miss50","gamlss.longitudinal",500,4,"theta",0.92,-0.2635188921644,-0.268470030808276,-0.356488997350781,-0.165458590221273,-0.0124220161008494,0.0639281667780615,"mar",0.5,0.500025,0.283,"50%"
"n500_d4_mar_miss50","gamlss.longitudinal",500,4,"sigma",0.56,-0.273763242796178,-0.222249866731412,-0.269584498833082,-0.166753346240111,0.0580384338073441,0.0685417106959828,"mar",0.5,0.500025,0.283,"50%"
"n500_d4_mar_miss50","gamlss2",500,4,"mu",0.38,0.376500908260779,0.37226022829313,0.342172405313844,0.438006094372826,0.00447353847444488,0.0332174863924647,"mar",0.5,0.500025,0.283,"50%"
"n500_d4_mar_miss50","gamlss.longitudinal",500,4,"theta",0.01,-0.198777438580707,0.039464687216704,-0.153514963855843,0.202320759061532,0.230196292660479,0.255743688466165,"mar",0.5,0.500025,0.283,"50%"
"n500_d4_mar_miss50","gamlss.longitudinal",500,4,"mu",0.58,-0.264964520755943,-0.282672380670824,-0.303637530930585,-0.212216940990635,-0.0056814610791906,0.0300075471123132,"mar",0.5,0.500025,0.283,"50%"
"n500_d4_mar_miss50","gamlss.longitudinal",500,4,"sigma",0.5,-0.294470297029703,-0.222939961319203,-0.320476606588236,-0.177324144947434,0.0663080926484884,0.0783309360859509,"mar",0.5,0.500025,0.283,"50%"
"n500_d4_mar_miss50","gamlss2",500,4,"mu",0.32,0.497654878856311,0.500783617482619,0.439382181017529,0.542792489818764,-0.0042521906651475,0.0327526807157726,"mar",0.5,0.500025,0.283,"50%"
"n500_d4_mar_miss50","gamlss2",500,4,"sigma",0.95,0.270596657858843,0.244432923610657,0.110857823376652,0.334577890173621,-0.0409281242839514,0.0886148591983099,"mar",0.5,0.500025,0.283,"50%"
"n500_d4_mar_miss50","gamlss.longitudinal",500,4,"sigma",0.57,-0.266408412769509,-0.217255573687669,-0.253814357461164,-0.163060425061246,0.0556052431170016,0.0657172380075853,"mar",0.5,0.500025,0.283,"50%"
"n500_d4_mar_miss50","gamlss2",500,4,"mu",0.57,-0.23417861036079,-0.248710810436182,-0.2897309636651,-0.197640922360997,-0.0108620848484641,0.0337325150511631,"mar",0.5,0.500025,0.283,"50%"
"n500_d4_mar_miss50","gamlss.longitudinal",500,4,"sigma",0.44,-0.273763242796178,-0.206251110841667,-0.289775550365252,-0.169217827715923,0.0615446334339878,0.0726294210975552,"mar",0.5,0.500025,0.283,"50%"
"n500_d4_mar_miss50","gamlss.longitudinal",500,4,"mu",0.95,-0.169959346906221,-0.194921795844349,-0.25901507466017,-0.113844331779944,-0.0223753827269519,0.0496981751198521,"mar",0.5,0.500025,0.283,"50%"
"n500_d4_mar_miss50","gamlss.longitudinal",500,4,"mu",0.93,-0.23417861036079,-0.25559389772983,-0.303850179394738,-0.187824475990031,-0.0131945843246169,0.0385386212033429,"mar",0.5,0.500025,0.283,"50%"
"n500_d4_mar_miss50","gamlss2",500,4,"sigma",0.56,-0.273763242796178,-0.265787568949336,-0.394911149363204,-0.102879939079713,0.0201211292547903,0.0911575950827023,"mar",0.5,0.500025,0.283,"50%"
"n500_d4_mar_miss50","gamlss.longitudinal",500,4,"sigma",0.38,-0.214600885256126,-0.172055212837426,-0.210943437248987,-0.132560373340015,0.0435820161186053,0.0528363930529859,"mar",0.5,0.500025,0.283,"50%"
"n500_d4_mar_miss50","gamlss.longitudinal",500,4,"mu",0.02,0.0689332784603674,0.128265429459906,-0.0169458411632055,0.255510104950373,0.0587962673401556,0.112726444453645,"mar",0.5,0.500025,0.283,"50%"
"n500_d4_mar_miss50","gamlss2",500,4,"mu",0.58,-0.264964520755943,-0.281125556618959,-0.321939297751796,-0.223897661986833,-0.0100917930629565,0.0340085889880926,"mar",0.5,0.500025,0.283,"50%"
"n500_d4_mar_miss50","gamlss2",500,4,"sigma",0.32,-0.125444084499225,-0.110258028479554,-0.22683135093259,-0.0144452898546538,0.00846979691453783,0.0661451347411976,"mar",0.5,0.500025,0.283,"50%"
"n500_d4_mar_miss50","gamlss.longitudinal",500,4,"sigma",0.32,-0.125444084499225,-0.111870944129547,-0.141979068864854,-0.0701109764547824,0.0172563390274102,0.0284731640483382,"mar",0.5,0.500025,0.283,"50%"
"n500_d4_mar_miss50","gamlss.longitudinal",500,4,"theta",0.95,-0.302525281225209,-0.308365181653005,-0.401054619075079,-0.190780641127467,-0.0101281134860439,0.0687327970253055,"mar",0.5,0.500025,0.283,"50%"
"n500_d4_mar_miss50","gamlss2",500,4,"sigma",0.57,-0.266408412769509,-0.259970831462548,-0.370774990603877,-0.103096823505653,0.0170470701462617,0.0867124813353663,"mar",0.5,0.500025,0.283,"50%"
"n500_d4_mar_miss50","gamlss.longitudinal",500,4,"theta",0.44,0.184201951226786,0.122809872383096,0.0685819267320803,0.18784169673374,-0.057026862798014,0.0696034837237586,"mar",0.5,0.500025,0.283,"50%"
"n500_d4_mar_miss50","gamlss2",500,4,"sigma",0.44,-0.273763242796178,-0.21626785611612,-0.303561800279067,-0.0863689213243264,0.0619784243599379,0.100503267320425,"mar",0.5,0.500025,0.283,"50%"
"n500_d4_mar_miss50","gamlss2",500,4,"mu",0.95,-0.169959346906221,-0.182924153017754,-0.252757995579104,-0.105636046147364,-0.00730151753018531,0.0448581792952407,"mar",0.5,0.500025,0.283,"50%"
"n500_d4_mar_miss50","gamlss.longitudinal",500,4,"mu",0.57,-0.23417861036079,-0.248558934351995,-0.276068898356731,-0.183814634612449,-0.00605750186761768,0.0295289358841328,"mar",0.5,0.500025,0.283,"50%"
"n500_d4_mar_miss50","gamlss.longitudinal",500,4,"theta",0.56,0.140032230321198,0.0890378162760568,0.00451252671764347,0.136972289402455,-0.0575137501279796,0.0730170862182511,"mar",0.5,0.500025,0.283,"50%"
"n500_d4_mar_miss50","gamlss2",500,4,"sigma",0.38,-0.214600885256126,-0.169270807979202,-0.29659494182041,-0.0637288706486949,0.0454686314776449,0.0890218416649818,"mar",0.5,0.500025,0.283,"50%"
"n500_d4_mar_miss50","gamlss2",500,4,"mu",0.02,0.0689332784603674,0.102413659250587,-0.0497234171526406,0.223774497037817,0.0351317225101825,0.103179443348772,"mar",0.5,0.500025,0.283,"50%"
"n500_d4_mar_miss50","gamlss.longitudinal",500,4,"mu",0.33,0.481968674024125,0.469337339495358,0.426928171623165,0.518427574074137,-0.00579061735982501,0.0306865602948175,"mar",0.5,0.500025,0.283,"50%"
"n500_d4_mar_miss50","gamlss.longitudinal",500,4,"theta",0.32,0.159713005294007,0.123983823703087,0.0666520925890744,0.179789510796239,-0.0313948004865678,0.0463796042902137,"mar",0.5,0.500025,0.283,"50%"
"n500_d4_mar_miss50","gamlss2",500,4,"mu",0.96,-0.13677943794067,-0.150448085530568,-0.228272684913539,-0.0680493515388888,-0.0125332915311389,0.0501983424559816,"mar",0.5,0.500025,0.283,"50%"
"n500_d4_mar_miss50","gamlss.longitudinal",500,4,"mu",0.96,-0.13677943794067,-0.163009043042018,-0.235003560590309,-0.0799470121751836,-0.0276720010286753,0.0563029611075231,"mar",0.5,0.500025,0.283,"50%"
"n500_d4_mar_miss50","gamlss.longitudinal",500,4,"theta",0.57,0.13350879668018,0.0826917121821756,-0.0021047938306771,0.134951261622921,-0.0568419405130013,0.0725845962742645,"mar",0.5,0.500025,0.283,"50%"
"n500_d4_mar_miss50","gamlss.longitudinal",500,4,"mu",0.45,0.169959346906221,0.168169620591718,0.13985111013166,0.208953974280806,0.000321439480714866,0.0280237202126107,"mar",0.5,0.500025,0.283,"50%"
"n500_d4_mar_miss50","gamlss2",500,4,"mu",0.03,0.103059723022149,0.130186874532005,0.00354505363419067,0.239766061315364,0.0321732306888293,0.0933903182417138,"mar",0.5,0.500025,0.283,"50%"
"n500_d4_mar_miss50","gamlss.longitudinal",500,4,"sigma",0.95,0.270596657858843,0.236040654178222,0.126599193760471,0.298812222109696,-0.0418020547741811,0.0735507367481982,"mar",0.5,0.500025,0.283,"50%"
"n500_d4_mar_miss50","gamlss2",500,4,"mu",0.39,0.350583194361779,0.350911068549143,0.312615183669831,0.407711548544729,0.00515745769095814,0.0336880782980345,"mar",0.5,0.500025,0.283,"50%"
"n500_d4_mar_miss50","gamlss.longitudinal",500,4,"mu",0.39,0.350583194361779,0.351355469199287,0.315587007243432,0.395682899965766,0.00123296942330718,0.0297449579600518,"mar",0.5,0.500025,0.283,"50%"
"n500_d4_mar_miss50","gamlss.longitudinal",500,4,"theta",0.38,0.18081150867889,0.122267654357004,0.0803258628465852,0.18748890661497,-0.0482214978951454,0.0601200593082554,"mar",0.5,0.500025,0.283,"50%"
"n500_d4_mar_miss50","gamlss.longitudinal",500,4,"sigma",0.02,0.28012411336464,0.314222117127035,0.184214717771841,0.370272648207734,0.0190242508807174,0.0624086344601411,"mar",0.5,0.500025,0.283,"50%"
"n500_d4_mar_miss50","gamlss2",500,4,"mu",0.33,0.481968674024125,0.486715153049095,0.428911365900968,0.534807552764848,-0.00260499916992613,0.0329895213994176,"mar",0.5,0.500025,0.283,"50%"
"n500_d4_mar_miss50","gamlss2",500,4,"sigma",0.96,0.274944651308886,0.254246313990423,0.106023741683412,0.336663754470587,-0.0397463086173629,0.0892620382988775,"mar",0.5,0.500025,0.283,"50%"
"n500_d4_mar_miss50","gamlss.longitudinal",500,4,"sigma",0.96,0.274944651308886,0.251718684740692,0.128446935294552,0.314686878209161,-0.0338987625211961,0.0729530442974868,"mar",0.5,0.500025,0.283,"50%"
"n500_d4_mar_miss50","gamlss2",500,4,"sigma",0.45,-0.280037251918249,-0.223920296809706,-0.302409764841652,-0.0880344993573174,0.061174202142152,0.0998112528843243,"mar",0.5,0.500025,0.283,"50%"
"n500_d4_mar_miss50","gamlss.longitudinal",500,4,"sigma",0.45,-0.280037251918249,-0.211617732707194,-0.298670718498521,-0.171716714531985,0.0632992927450029,0.0746759956500463,"mar",0.5,0.500025,0.283,"50%"
"n500_d4_mar_miss50","gamlss2",500,4,"mu",0.45,0.169959346906221,0.163869297763327,0.125211238853786,0.244886276410334,0.00144762072215465,0.0351899394062384,"mar",0.5,0.500025,0.283,"50%"
"n500_d4_mar_miss50","gamlss.longitudinal",500,4,"sigma",0.03,0.278125878188904,0.29942856415032,0.180212161564144,0.354881463950396,0.00838461584552692,0.0567181967475953,"mar",0.5,0.500025,0.283,"50%"
"n500_d4_mar_miss50","gamlss2",500,4,"sigma",0.39,-0.22683426986244,-0.174602431462277,-0.301775972714221,-0.069764509702522,0.0505442319782747,0.0932243794356942,"mar",0.5,0.500025,0.283,"50%"
"n500_d4_mar_miss50","gamlss.longitudinal",500,4,"sigma",0.39,-0.22683426986244,-0.178354883681914,-0.2269871466094,-0.14177023725886,0.0473424119059374,0.0568605399318727,"mar",0.5,0.500025,0.283,"50%"
"n500_d4_mar_miss50","gamlss.longitudinal",500,4,"mu",0.03,0.103059723022149,0.158766352526837,0.0303500139337803,0.279561063659496,0.052459013379029,0.103097200281288,"mar",0.5,0.500025,0.283,"50%"
"n500_d4_mar_miss50","gamlss.longitudinal",500,4,"theta",0.02,-0.182214238754327,0.0448506322708098,-0.144797861979601,0.200336640501832,0.217301104024976,0.242608991564511,"mar",0.5,0.500025,0.283,"50%"
"n500_d4_mar_miss50","gamlss2",500,4,"sigma",0.02,0.28012411336464,0.290894621562322,-0.00665978234206977,0.428391019521735,-0.0169572324192194,0.133289735701154,"mar",0.5,0.500025,0.283,"50%"
"n500_d4_mar_miss50","gamlss.longitudinal",500,4,"sigma",0.33,-0.141886399260218,-0.119243922101342,-0.15350079234829,-0.0812700870015452,0.0219116755862661,0.0319033266022412,"mar",0.5,0.500025,0.283,"50%"
"n500_d4_mar_miss50","gamlss.longitudinal",500,4,"theta",0.96,-0.315310199841068,-0.322047085980555,-0.41590657770677,-0.202015863349183,-0.00960522227843165,0.0705283111096384,"mar",0.5,0.500025,0.283,"50%"
"n500_d4_mar_miss50","gamlss.longitudinal",500,4,"mu",0.46,0.13677943794067,0.134802187792362,0.105672908093638,0.174558060125161,-0.000505659556552699,0.0274288212050264,"mar",0.5,0.500025,0.283,"50%"
"n500_d4_mar_miss50","gamlss.longitudinal",500,4,"theta",0.45,0.183063682402491,0.125822355755895,0.0679218701882536,0.187416593745578,-0.0578343656885173,0.0706314415574972,"mar",0.5,0.500025,0.283,"50%"
"n500_d4_mar_miss50","gamlss2",500,4,"sigma",0.33,-0.141886399260218,-0.122376069639691,-0.243229664222634,-0.0310266395519833,0.0144369349817874,0.068034636432232,"mar",0.5,0.500025,0.283,"50%"
"n500_d4_mar_miss50","gamlss.longitudinal",500,4,"mu",0.97,-0.103059723022149,-0.13496057961644,-0.210847771922962,-0.0455559338547595,-0.0333658154537618,0.063474637984727,"mar",0.5,0.500025,0.283,"50%"
"n500_d4_mar_miss50","gamlss2",500,4,"sigma",0.03,0.278125878188904,0.296650334963573,0.0221605484119795,0.407415499773641,-0.0179246446691841,0.120474689031775,"mar",0.5,0.500025,0.283,"50%"
"n500_d4_mar_miss50","gamlss.longitudinal",500,4,"theta",0.39,0.182603522832818,0.121293525245727,0.0783958512439417,0.1875146189883,-0.0501982274294168,0.062084848531976,"mar",0.5,0.500025,0.283,"50%"
"n500_d4_mar_miss50","gamlss.longitudinal",500,4,"mu",0.34,0.464380359026108,0.455596271684494,0.414169168161507,0.504241452792259,-0.00425668449796285,0.0305423031428163,"mar",0.5,0.500025,0.283,"50%"
"n500_d4_mar_miss50","gamlss.longitudinal",500,4,"theta",0.33,0.164456840627863,0.123387919231069,0.0708565699133052,0.181916754400648,-0.0348290561116268,0.0487279196088997,"mar",0.5,0.500025,0.283,"50%"
"n500_d4_mar_miss50","gamlss2",500,4,"mu",0.46,0.13677943794067,0.127603179378165,0.0909542005078213,0.211495720203936,-0.000257934163714585,0.0341454440875992,"mar",0.5,0.500025,0.283,"50%"
"n500_d4_mar_miss50","gamlss.longitudinal",500,4,"mu",0.4,0.32328188876086,0.323352808222043,0.289692173397276,0.365894163154772,0.00168167333334892,0.0296378315054358,"mar",0.5,0.500025,0.283,"50%"
"n500_d4_time_mar_miss00","gamlss.longitudinal",500,4,"theta",0.01,-0.198777438580707,-0.139249657659853,-0.219826918067898,-0.0655044015827004,0.058358391126667,0.0886992825563106,"time_mar",0,0,1,"0%"
"n500_d4_time_mar_miss00","gamlss.longitudinal",500,4,"theta",0.3,0.14876803279044,0.131968585086168,0.106144660886329,0.176245010318297,-0.0112017861961246,0.0298223365116122,"time_mar",0,0,1,"0%"
"n500_d4_time_mar_miss00","gamlss2",500,4,"mu",0.3,0.523081083962335,0.522615186991245,0.465894558505513,0.558236584025415,-0.00442557770238083,0.0282803639396953,"time_mar",0,0,1,"0%"
"n500_d4_time_mar_miss00","gamlss.longitudinal",500,4,"mu",0.43,0.23417861036079,0.231680028765006,0.202068188534997,0.265796436820822,0.00246286747743256,0.0229158560448401,"time_mar",0,0,1,"0%"
"n500_d4_time_mar_miss00","gamlss.longitudinal",500,4,"mu",0.02,0.0689332784603674,0.121841567408149,0.0376063275542115,0.213612520416036,0.0482330347257021,0.0864450665483104,"time_mar",0,0,1,"0%"
"n500_d4_time_mar_miss00","gamlss.longitudinal",500,4,"mu",0.31,0.511377067238538,0.502564390160688,0.459991033054691,0.538365572610646,-0.0103324004465541,0.027181120416686,"time_mar",0,0,1,"0%"
"n500_d4_time_mar_miss00","gamlss.longitudinal",500,4,"mu",0,8.15367795041445e-18,0.0750014072674293,-0.0317012803812319,0.185312019932334,0.0666785087047215,0.105975682050318,"time_mar",0,0,1,"0%"
"n500_d4_time_mar_miss00","gamlss2",500,4,"mu",0.02,0.0689332784603674,0.0891893699314523,-0.0295063059233149,0.17704641919288,0.0227516347185897,0.0860561532090865,"time_mar",0,0,1,"0%"
"n500_d4_time_mar_miss00","gamlss.longitudinal",500,4,"sigma",0.3,-0.0911753953421872,-0.0890925895491604,-0.118231002366844,-0.0622083668820467,0.00180424021241543,0.0193501466623128,"time_mar",0,0,1,"0%"
"n500_d4_time_mar_miss00","gamlss2",500,4,"mu",0.43,0.23417861036079,0.235962805664763,0.197563300912243,0.269694913646301,0.00501433912307516,0.028924726212982,"time_mar",0,0,1,"0%"
"n500_d4_time_mar_miss00","gamlss.longitudinal",500,4,"sigma",0.28,-0.0555246914054204,-0.0587159949390129,-0.0900502825438555,-0.0363798772605555,-0.00590896606616502,0.0208851035741038,"time_mar",0,0,1,"0%"
"n500_d4_time_mar_miss00","gamlss.longitudinal",500,4,"theta",0.42,0.185028141383857,0.186466576785628,0.151284199503917,0.227885939667617,0.0039446974962189,0.0314407637320006,"time_mar",0,0,1,"0%"
"n500_d4_time_mar_miss00","gamlss2",500,4,"sigma",0.42,-0.258002301042862,-0.218163148445646,-0.315753827124421,0.000241720539771486,0.05083641421672,0.108523860214758,"time_mar",0,0,1,"0%"
"n500_d4_time_mar_miss00","gamlss.longitudinal",500,4,"theta",0.02,-0.182214238754327,-0.128614701068501,-0.207088374443112,-0.0576193117046802,0.0524568920541426,0.0830273367386817,"time_mar",0,0,1,"0%"
"n500_d4_time_mar_miss00","gamlss2",500,4,"sigma",0.02,0.28012411336464,0.244475805402336,0.0184321736156183,0.456720099049192,-0.0462734568436789,0.140085280196659,"time_mar",0,0,1,"0%"
"n500_d4_time_mar_miss00","gamlss.longitudinal",500,4,"sigma",0.02,0.28012411336464,0.302163276171666,0.211684256289555,0.390804573053942,0.0199906702390417,0.0688192330730991,"time_mar",0,0,1,"0%"
"n500_d4_time_mar_miss00","gamlss.longitudinal",500,4,"sigma",0,0.280529702970297,0.323778766781488,0.226789321056661,0.421443187011062,0.0424062939336251,0.0854461990686382,"time_mar",0,0,1,"0%"
"n500_d4_time_mar_miss00","gamlss2",500,4,"mu",0.31,0.511377067238538,0.511822158274643,0.452552564116842,0.546650435160417,-0.00335551743799187,0.0291444142759744,"time_mar",0,0,1,"0%"
"n500_d4_time_mar_miss00","gamlss2",500,4,"mu",0,8.15367795041445e-18,0.0469713961313688,-0.134253370045087,0.125455888691019,0.0289055943449873,0.105150050819351,"time_mar",0,0,1,"0%"
"n500_d4_time_mar_miss00","gamlss.longitudinal",500,4,"theta",0.32,0.159713005294007,0.145037233055411,0.120728856325141,0.184704432261721,-0.00918798676853737,0.0292889934124479,"time_mar",0,0,1,"0%"
"n500_d4_time_mar_miss00","gamlss2",500,4,"sigma",0.3,-0.0911753953421872,-0.0909696891690728,-0.178146557711536,0.00104762627815594,0.00304527950455874,0.0560326194894026,"time_mar",0,0,1,"0%"
"n500_d4_time_mar_miss00","gamlss.longitudinal",500,4,"sigma",0.43,-0.266408412769509,-0.217367044097083,-0.304650067741729,-0.166671684982849,0.0452651584151369,0.0592122192081569,"time_mar",0,0,1,"0%"
"n500_d4_time_mar_miss00","gamlss2",500,4,"sigma",0.28,-0.0555246914054204,-0.0543087729199392,-0.151644697696783,0.0197733307330658,-0.00349748800778125,0.0540665587476946,"time_mar",0,0,1,"0%"
"n500_d4_time_mar_miss00","gamlss2",500,4,"mu",0.32,0.497654878856311,0.498664160234889,0.439087283175311,0.532946371501103,-0.00220089891652082,0.0299712963533238,"time_mar",0,0,1,"0%"
"n500_d4_time_mar_miss00","gamlss2",500,4,"mu",0.28,0.540257987900779,0.53701086726294,0.497221511548686,0.574750906576628,-0.00616530481746012,0.0269426872406511,"time_mar",0,0,1,"0%"
"n500_d4_time_mar_miss00","gamlss.longitudinal",500,4,"mu",0.03,0.103059723022149,0.146085510721545,0.0669397856662602,0.230314356514959,0.0415809200912312,0.0788072313330496,"time_mar",0,0,1,"0%"
"n500_d4_time_mar_miss00","gamlss.longitudinal",500,4,"mu",0.01,0.0345347857411224,0.0976348169624679,0.00194656536282684,0.196900961406531,0.0550959081162635,0.0944712906933739,"time_mar",0,0,1,"0%"
"n500_d4_time_mar_miss00","gamlss.longitudinal",500,4,"theta",0,-0.215546973847946,-0.149014643232539,-0.231404925015474,-0.0720731960541029,0.0663293319213995,0.0960705785827039,"time_mar",0,0,1,"0%"
"n500_d4_time_mar_miss00","gamlss2",500,4,"sigma",0,0.280529702970297,0.243778324972186,0.00213656207970643,0.515973429458832,-0.0459983404983494,0.172275134036737,"time_mar",0,0,1,"0%"
"n500_d4_time_mar_miss00","gamlss.longitudinal",500,4,"sigma",0.31,-0.108517662835106,-0.106332113505193,-0.13136976032915,-0.0707717335805013,0.00568788111564979,0.0205739464049474,"time_mar",0,0,1,"0%"
"n500_d4_time_mar_miss00","gamlss.longitudinal",500,4,"sigma",0.29,-0.0734872631791594,-0.0711925378369516,-0.104478433850761,-0.0499726574267417,-0.00207065479445961,0.019471735919834,"time_mar",0,0,1,"0%"
"n500_d4_time_mar_miss00","gamlss.longitudinal",500,4,"mu",0.33,0.481968674024125,0.476313018600955,0.432371154189213,0.511964351851621,-0.007880485225479,0.0274749850838252,"time_mar",0,0,1,"0%"
"n500_d4_time_mar_miss00","gamlss.longitudinal",500,4,"theta",0.43,0.184857776130657,0.187203012699513,0.150626531660852,0.231442639098274,0.00518533807829906,0.0320022549500208,"time_mar",0,0,1,"0%"
"n500_d4_time_mar_miss00","gamlss2",500,4,"sigma",0.43,-0.266408412769509,-0.224372096511966,-0.330627802516003,0.000178592407514712,0.0517577945201479,0.110613023191173,"time_mar",0,0,1,"0%"
"n500_d4_time_mar_miss00","gamlss.longitudinal",500,4,"theta",0.28,0.135900998357306,0.119143544100797,0.0913423327155081,0.165730738039675,-0.012705789785302,0.0305570054535172,"time_mar",0,0,1,"0%"
"n500_d4_time_mar_miss00","gamlss.longitudinal",500,4,"sigma",0.32,-0.125444084499225,-0.121180205875779,-0.143818613737677,-0.0800114452453651,0.00956192061216904,0.0229068028049317,"time_mar",0,0,1,"0%"
"n500_d4_time_mar_miss00","gamlss.longitudinal",500,4,"sigma",0.03,0.278125878188904,0.290086214163917,0.204113546080382,0.372972337396011,0.00938955859731621,0.0623392690862114,"time_mar",0,0,1,"0%"
"n500_d4_time_mar_miss00","gamlss2",500,4,"mu",0.03,0.103059723022149,0.123188480474597,0.022328895483707,0.205253091835817,0.0198838207839292,0.0777555796216993,"time_mar",0,0,1,"0%"
"n500_d4_time_mar_miss00","gamlss2",500,4,"mu",0.01,0.0345347857411224,0.0723313031602159,-0.08179507872489,0.148461796418179,0.0257808144091525,0.0952680225098044,"time_mar",0,0,1,"0%"
"n500_d4_time_mar_miss00","gamlss.longitudinal",500,4,"theta",0.33,0.164456840627863,0.150148237913312,0.127838682702107,0.188138733499914,-0.00802613699834984,0.0291268831059696,"time_mar",0,0,1,"0%"
"n500_d4_time_mar_miss00","gamlss.longitudinal",500,4,"theta",0.31,0.154482471549843,0.137850369008049,0.113489006380207,0.180748722870267,-0.0102479577963965,0.0295243789937365,"time_mar",0,0,1,"0%"
"n500_d4_time_mar_miss00","gamlss2",500,4,"sigma",0.31,-0.108517662835106,-0.108419771670351,-0.187948998512335,0.000977457523622898,0.00712193289215577,0.0578564192492059,"time_mar",0,0,1,"0%"
"n500_d4_time_mar_miss00","gamlss2",500,4,"sigma",0.29,-0.0734872631791594,-0.0707049670471039,-0.166166330402314,0.00809430923566132,-0.000519809568968649,0.0548593021298815,"time_mar",0,0,1,"0%"
"n500_d4_time_mar_miss00","gamlss2",500,4,"mu",0.33,0.481968674024125,0.482032677710785,0.425562989341996,0.519160910569531,-0.00100338532109042,0.0306587324013077,"time_mar",0,0,1,"0%"
"n500_d4_time_mar_miss00","gamlss.longitudinal",500,4,"mu",0.44,0.202468503976573,0.200915448458039,0.172106504832187,0.232516324317965,0.00286390780471088,0.0222128860958447,"time_mar",0,0,1,"0%"
"n500_d4_time_mar_miss00","gamlss2",500,4,"mu",0.29,0.532720738620747,0.53123667436305,0.480696892812859,0.567630729881064,-0.00537371791869239,0.0275071879553397,"time_mar",0,0,1,"0%"
"n500_d4_time_mar_miss00","gamlss.longitudinal",500,4,"mu",0.29,0.532720738620747,0.521770630259747,0.484925701842627,0.555270977950003,-0.0124685285683956,0.0264059862200294,"time_mar",0,0,1,"0%"
"n500_d4_time_mar_miss00","gamlss2",500,4,"sigma",0.32,-0.125444084499225,-0.118747702603215,-0.195768894465198,0.000907765843862167,0.0116131703654457,0.0605330440762096,"time_mar",0,0,1,"0%"
"n500_d4_time_mar_miss00","gamlss2",500,4,"sigma",0.03,0.278125878188904,0.2374623673751,0.0180319324826077,0.427086368289674,-0.0447686080590225,0.126369514379345,"time_mar",0,0,1,"0%"
"n500_d4_time_mar_miss00","gamlss2",500,4,"sigma",0.01,0.280927721498779,0.251476870427373,0.0188324174918455,0.48634502972487,-0.0467191233760938,0.155560760879212,"time_mar",0,0,1,"0%"
"n500_d4_time_mar_miss00","gamlss.longitudinal",500,4,"sigma",0.01,0.280927721498779,0.314209749613413,0.219243000041544,0.408638128144623,0.03177367333854,0.0771257868185111,"time_mar",0,0,1,"0%"
"n500_d4_time_mar_miss00","gamlss.longitudinal",500,4,"mu",0.34,0.464380359026108,0.45920246059288,0.417414279305244,0.498615658792312,-0.00659029673668302,0.0274488019811289,"time_mar",0,0,1,"0%"
"n500_d4_time_mar_miss00","gamlss.longitudinal",500,4,"mu",0.32,0.497654878856311,0.490924004088481,0.446577886858192,0.526332877864767,-0.00914656329589219,0.0274094498970288,"time_mar",0,0,1,"0%"
"n500_d4_time_mar_miss00","gamlss.longitudinal",500,4,"mu",0.3,0.523081083962335,0.512400232189547,0.473131461390574,0.547803091240868,-0.0114593718443649,0.0268129764807978,"time_mar",0,0,1,"0%"
"n500_d4_time_mar_miss00","gamlss.longitudinal",500,4,"theta",0.29,0.142572959966697,0.124995593171193,0.0987491644853391,0.171255324532733,-0.0120232779315441,0.0301700355593683,"time_mar",0,0,1,"0%"
"n500_d4_time_mar_miss00","gamlss.longitudinal",500,4,"sigma",0.33,-0.141886399260218,-0.134712701527704,-0.159196854570084,-0.0895827257548429,0.0133973729354279,0.0259942652175483,"time_mar",0,0,1,"0%"
"n500_d4_time_mar_miss00","gamlss2",500,4,"mu",0.44,0.202468503976573,0.201438226348381,0.166874079436573,0.235425593270374,0.0045685550646262,0.0281011670400965,"time_mar",0,0,1,"0%"
"n500_d4_time_mar_miss00","gamlss.longitudinal",500,4,"theta",0.94,-0.289621671492168,-0.309907547377576,-0.389923377425583,-0.257052947335628,-0.0262165644043016,0.0498318416266939,"time_mar",0,0,1,"0%"
"n500_d4_time_mar_miss00","gamlss2",500,4,"sigma",0.76,0.0176068588290909,-0.0144171480016461,-0.113129640776099,0.159873789936402,-0.0150049328398585,0.0814840407026485,"time_mar",0,0,1,"0%"
"n500_d4_time_mar_miss00","gamlss2",500,4,"mu",0.4,0.32328188876086,0.319149709887666,0.283908436449143,0.372152221043107,0.00511370336848091,0.0303730903898157,"time_mar",0,0,1,"0%"
"n500_d4_time_mar_miss00","gamlss.longitudinal",500,4,"theta",0.03,-0.165871351737091,-0.117980491899508,-0.194354024247662,-0.0497372419734,0.0467719747055337,0.0776356218199263,"time_mar",0,0,1,"0%"
"n500_d4_time_mar_miss00","gamlss.longitudinal",500,4,"theta",0.88,-0.210559570722046,-0.228359584183064,-0.279378215737775,-0.185555706237801,-0.0190909847040599,0.0388967712250456,"time_mar",0,0,1,"0%"
"n500_d4_time_mar_miss00","gamlss2",500,4,"sigma",0.7,-0.0911753953421872,-0.0862743153725994,-0.182229505675269,0.00307341967358719,0.0051915931247262,0.0800749100599734,"time_mar",0,0,1,"0%"
"n500_d4_time_mar_miss00","gamlss2",500,4,"mu",0.34,0.464380359026108,0.463677199891972,0.411957258624569,0.50347875486666,0.000192114013636374,0.031138790124244,"time_mar",0,0,1,"0%"
"n500_d4_time_mar_miss00","gamlss.longitudinal",500,4,"mu",0.16,0.464380359026108,0.459963387649713,0.416930097616163,0.492326598420432,-0.0103161294515216,0.0273117933255371,"time_mar",0,0,1,"0%"
"n500_d4_time_mar_miss00","gamlss.longitudinal",500,4,"theta",0.82,-0.131089955360852,-0.145158692817385,-0.186688325340844,-0.083812560607348,-0.0127826827821729,0.0341433117452729,"time_mar",0,0,1,"0%"
"n500_d4_time_mar_miss00","gamlss2",500,4,"sigma",0.64,-0.18765749395431,-0.17318653755505,-0.304703710018226,-0.00547588097379344,0.0244605727116387,0.0980125525949623,"time_mar",0,0,1,"0%"
"n500_d4_time_mar_miss00","gamlss2",500,4,"sigma",0.33,-0.141886399260218,-0.13099257366586,-0.203206659880991,0.000838574279356323,0.0164072516413667,0.0641457402733164,"time_mar",0,0,1,"0%"
"n500_d4_time_mar_miss00","gamlss.longitudinal",500,4,"sigma",0.44,-0.273763242796178,-0.221330688106102,-0.312426058637997,-0.171811091134124,0.0473915030868528,0.0612515578343096,"time_mar",0,0,1,"0%"
"n500_d4_time_mar_miss00","gamlss.longitudinal",500,4,"mu",0.95,-0.169959346906221,-0.192474938234165,-0.264674411255931,-0.137951216486046,-0.0239738654222567,0.0484352942080667,"time_mar",0,0,1,"0%"
"n500_d4_time_mar_miss00","gamlss.longitudinal",500,4,"theta",0.76,-0.0545382033307625,-0.0624852736809801,-0.111070483651544,-0.00244678749673971,-0.00549273523787479,0.0340457959257392,"time_mar",0,0,1,"0%"
"n500_d4_time_mar_miss00","gamlss.longitudinal",500,4,"sigma",0.4,-0.238175395342187,-0.200193160857769,-0.264864388756892,-0.148000387164576,0.0375038252396986,0.0512301760094402,"time_mar",0,0,1,"0%"
"n500_d4_time_mar_miss00","gamlss.longitudinal",500,4,"mu",0.04,0.13677943794067,0.170389840300943,0.0960582412722424,0.251082062153236,0.0352154196049078,0.071646968277544,"time_mar",0,0,1,"0%"
"n500_d4_time_mar_miss00","gamlss.longitudinal",500,4,"mu",0.89,-0.350583194361779,-0.346481872614445,-0.380942067358541,-0.308186910198893,0.00513407280297029,0.024134696820801,"time_mar",0,0,1,"0%"
"n500_d4_time_mar_miss00","gamlss.longitudinal",500,4,"theta",0.7,0.0158736742092329,0.0161375039079415,-0.0421540187771917,0.0661990749997924,0.00253150981490401,0.0357213207689998,"time_mar",0,0,1,"0%"
"n500_d4_time_mar_miss00","gamlss.longitudinal",500,4,"sigma",0.34,-0.157778335523402,-0.145150116673821,-0.169056016794384,-0.0989051422708149,0.0171787809905507,0.0295363696137144,"time_mar",0,0,1,"0%"
"n500_d4_time_mar_miss00","gamlss2",500,4,"mu",0.16,0.464380359026108,0.46525817887446,0.424325206096312,0.508483119558355,-0.00162250029066947,0.0317846447873725,"time_mar",0,0,1,"0%"
"n500_d4_time_mar_miss00","gamlss.longitudinal",500,4,"mu",0.83,-0.481968674024125,-0.474946157389721,-0.500234462551218,-0.430968297171334,0.0119904616742364,0.0263375104623245,"time_mar",0,0,1,"0%"
"n500_d4_time_mar_miss00","gamlss.longitudinal",500,4,"theta",0.64,0.0771411742149436,0.0871183582284454,0.0209614713506753,0.146969689069191,0.00940326957386076,0.0373715677464139,"time_mar",0,0,1,"0%"
"n500_d4_time_mar_miss00","gamlss2",500,4,"sigma",0.46,-0.285205245368292,-0.243056155734153,-0.350726113007441,-6.65585170257408e-06,0.0506046510193352,0.111612648529497,"time_mar",0,0,1,"0%"
"n500_d4_time_mar_miss00","gamlss2",500,4,"sigma",0.44,-0.273763242796178,-0.230118839398655,-0.340328777681833,0.000116148500881076,0.0519752877761079,0.111751392764745,"time_mar",0,0,1,"0%"
"n500_d4_time_mar_miss00","gamlss2",500,4,"mu",0.95,-0.169959346906221,-0.176411963930907,-0.247401675577641,-0.114557529260648,-0.00475742678409452,0.0432824272879135,"time_mar",0,0,1,"0%"
"n500_d4_time_mar_miss00","gamlss.longitudinal",500,4,"mu",0.77,-0.545663085722963,-0.540507485116473,-0.579867167720419,-0.48974835652747,0.00747648025848029,0.0303990032314276,"time_mar",0,0,1,"0%"
"n500_d4_time_mar_miss00","gamlss2",500,4,"sigma",0.4,-0.238175395342187,-0.200174267193381,-0.294088073608637,0.000369992160906032,0.04680283774255,0.101467853430561,"time_mar",0,0,1,"0%"
"n500_d4_time_mar_miss00","gamlss2",500,4,"mu",0.04,0.13677943794067,0.158867910346358,0.0733139794459076,0.232747107579862,0.0172209951770628,0.0705972215695622,"time_mar",0,0,1,"0%"
"n500_d4_time_mar_miss00","gamlss2",500,4,"mu",0.89,-0.350583194361779,-0.337973890524463,-0.378658175184406,-0.306919919635446,0.0114737492607297,0.0272907285419152,"time_mar",0,0,1,"0%"
"n500_d4_time_mar_miss00","gamlss.longitudinal",500,4,"mu",0.71,-0.532720738620747,-0.523740784484668,-0.589084951113015,-0.490048082806721,0.00294745620902847,0.0333831508765451,"time_mar",0,0,1,"0%"
"n500_d4_time_mar_miss00","gamlss2",500,4,"sigma",0.34,-0.157778335523402,-0.152232118064402,-0.209251402433602,0.000769905108555795,0.0213760387028648,0.0686457324767651,"time_mar",0,0,1,"0%"
"n500_d4_time_mar_miss00","gamlss.longitudinal",500,4,"sigma",0.16,0.154717741463996,0.113979240823596,0.0630947853345799,0.174160329866207,-0.0396146292264713,0.0538068022780295,"time_mar",0,0,1,"0%"
"n500_d4_time_mar_miss00","gamlss2",500,4,"mu",0.83,-0.481968674024125,-0.476598986413055,-0.508946212096932,-0.438218885368913,0.00745060302977191,0.0285122914493113,"time_mar",0,0,1,"0%"
"n500_d4_time_mar_miss00","gamlss.longitudinal",500,4,"mu",0.65,-0.444959346906221,-0.439355435077183,-0.501366202728312,-0.391250697387889,0.00186111856794769,0.0330107024649515,"time_mar",0,0,1,"0%"
"n500_d4_time_mar_miss00","gamlss.longitudinal",500,4,"theta",0.46,0.18144646150192,0.190226952812528,0.146195708236018,0.237984852727426,0.00850934223574406,0.0337457247333508,"time_mar",0,0,1,"0%"
"n500_d4_time_mar_miss00","gamlss.longitudinal",500,4,"theta",0.44,0.184201951226786,0.188440989943094,0.149568787331077,0.234297003063385,0.00635790512834657,0.0325741148375159,"time_mar",0,0,1,"0%"
"n500_d4_time_mar_miss00","gamlss.longitudinal",500,4,"sigma",0.95,0.270596657858843,0.260006449417362,0.151451811177346,0.311607249493191,-0.0250096391435307,0.0591580722942928,"time_mar",0,0,1,"0%"
"n500_d4_time_mar_miss00","gamlss2",500,4,"mu",0.77,-0.545663085722963,-0.554469291012876,-0.59808402049734,-0.48223151888254,-0.00304702089667594,0.0348418009169405,"time_mar",0,0,1,"0%"
"n500_d4_time_mar_miss00","gamlss.longitudinal",500,4,"theta",0.4,0.183902827970943,0.181440540966956,0.150900459811993,0.218606823769542,0.0013199900659904,0.0304168811516822,"time_mar",0,0,1,"0%"
"n500_d4_time_mar_miss00","gamlss.longitudinal",500,4,"sigma",0.04,0.274944651308886,0.277954180161541,0.196515309236489,0.355142174135658,-5.4379292160607e-05,0.0576524530042214,"time_mar",0,0,1,"0%"
"n500_d4_time_mar_miss00","gamlss.longitudinal",500,4,"sigma",0.89,0.221473675803034,0.17211235238006,0.0952145709180243,0.221623819217991,-0.0511669902266028,0.0635139056098701,"time_mar",0,0,1,"0%"
"n500_d4_time_mar_miss00","gamlss2",500,4,"mu",0.71,-0.532720738620747,-0.525965434638361,-0.617701706423957,-0.499498127516258,-0.00812334052271111,0.0394298198984937,"time_mar",0,0,1,"0%"
"n500_d4_time_mar_miss00","gamlss.longitudinal",500,4,"theta",0.34,0.168711664468909,0.157706516420876,0.134742744480665,0.190989015688159,-0.00679127498229337,0.0290445000979903,"time_mar",0,0,1,"0%"
"n500_d4_time_mar_miss00","gamlss2",500,4,"sigma",0.16,0.154717741463996,0.151539154034286,0.0128343262078375,0.236528360063198,-0.00617258780880119,0.0694888767992771,"time_mar",0,0,1,"0%"
"n500_d4_time_mar_miss00","gamlss.longitudinal",500,4,"sigma",0.83,0.139165805200812,0.0925834606016073,0.0415221265656796,0.131916120735763,-0.0475734640834861,0.0592343435832422,"time_mar",0,0,1,"0%"
"n500_d4_time_mar_miss00","gamlss2",500,4,"mu",0.65,-0.444959346906221,-0.449957221414277,-0.514831244806415,-0.387890156520079,-0.00684836923232347,0.0394067640184281,"time_mar",0,0,1,"0%"
"n500_d4_time_mar_miss00","gamlss.longitudinal",500,4,"mu",0.47,0.103059723022149,0.106705404394114,0.0816136657713309,0.138936982951955,0.00335487058718518,0.0201612726343732,"time_mar",0,0,1,"0%"
"n500_d4_time_mar_miss00","gamlss.longitudinal",500,4,"mu",0.45,0.169959346906221,0.169808623831548,0.141925333607884,0.198544073437761,0.00315350693099785,0.0215200701715038,"time_mar",0,0,1,"0%"
"n500_d4_time_mar_miss00","gamlss2",500,4,"sigma",0.95,0.270596657858843,0.240073063009668,-0.00229760476622663,0.356396145409286,-0.0445821557804832,0.111162626904485,"time_mar",0,0,1,"0%"
"n500_d4_time_mar_miss00","gamlss.longitudinal",500,4,"sigma",0.77,0.0358396730395883,-0.00130612990208763,-0.0417135162543586,0.0770760692027423,-0.0270327294619505,0.0465859722395342,"time_mar",0,0,1,"0%"
"n500_d4_time_mar_miss00","gamlss.longitudinal",500,4,"mu",0.41,0.294704737238448,0.290347611736492,0.260750568639573,0.328846916929048,0.00122122445416314,0.0242335507524595,"time_mar",0,0,1,"0%"
"n500_d4_time_mar_miss00","gamlss2",500,4,"sigma",0.04,0.274944651308886,0.230418470953795,0.0176316978253972,0.397433435543477,-0.042352810162693,0.114966346365592,"time_mar",0,0,1,"0%"
"n500_d4_time_mar_miss00","gamlss2",500,4,"sigma",0.89,0.221473675803034,0.200480144633321,-0.00206066181918741,0.333722708365463,-0.0245234431251727,0.0967722580053627,"time_mar",0,0,1,"0%"
"n500_d4_time_mar_miss00","gamlss.longitudinal",500,4,"sigma",0.71,-0.0734872631791595,-0.0785739638436791,-0.11875230742517,-0.00776931174267041,-0.000583617363472289,0.036437719802805,"time_mar",0,0,1,"0%"
"n500_d4_time_mar_miss00","gamlss.longitudinal",500,4,"mu",0.35,0.444959346906221,0.440235238486037,0.401713418295555,0.483192092294489,-0.00531176979609446,0.0272381719732442,"time_mar",0,0,1,"0%"
"n500_d4_time_mar_miss00","gamlss.longitudinal",500,4,"theta",0.16,0.0206310613124014,0.013610258390584,-0.0324137411323943,0.0658460386766308,-0.004382565860364,0.0375403698977178,"time_mar",0,0,1,"0%"
"n500_d4_time_mar_miss00","gamlss2",500,4,"sigma",0.83,0.139165805200812,0.117403251152288,-0.00907068617405533,0.24607633863652,-0.0199825876408792,0.0752606266422934,"time_mar",0,0,1,"0%"
"n500_d4_time_mar_miss00","gamlss.longitudinal",500,4,"sigma",0.65,-0.173055872717445,-0.153842421569164,-0.182251575623492,-0.0987476003785698,0.0244847213515142,0.0406580408139805,"time_mar",0,0,1,"0%"
"n500_d4_time_mar_miss00","gamlss2",500,4,"mu",0.47,0.103059723022149,0.101779515300121,0.0750227962662271,0.145432064018177,0.00232249913631163,0.0243090751535256,"time_mar",0,0,1,"0%"
"n500_d4_time_mar_miss00","gamlss2",500,4,"mu",0.45,0.169959346906221,0.167303056115859,0.135182895435711,0.207891220827188,0.00394720310531653,0.0270344785236798,"time_mar",0,0,1,"0%"
"n500_d4_time_mar_miss00","gamlss.longitudinal",500,4,"theta",0.95,-0.302525281225209,-0.324001487161998,-0.408391011377519,-0.268983727531127,-0.0276780285147702,0.0522151910824406,"time_mar",0,0,1,"0%"
"n500_d4_time_mar_miss00","gamlss2",500,4,"sigma",0.77,0.0358396730395883,0.000837443073828159,-0.0836660627747789,0.182169908615933,-0.0169919775672039,0.0824905000169453,"time_mar",0,0,1,"0%"
"n500_d4_time_mar_miss00","gamlss2",500,4,"mu",0.41,0.294704737238448,0.298514595710891,0.255491956823359,0.340305908711605,0.00529614825869057,0.0300000417756986,"time_mar",0,0,1,"0%"
"n500_d4_time_mar_miss00","gamlss.longitudinal",500,4,"theta",0.04,-0.149762537475142,-0.107348173054391,-0.181628367708288,-0.0420044404919319,0.0413134866094099,0.0725407904820133,"time_mar",0,0,1,"0%"
"n500_d4_time_mar_miss00","gamlss.longitudinal",500,4,"theta",0.89,-0.223855116916594,-0.240225771289028,-0.297735854885922,-0.197438569319928,-0.0201526590811431,0.0402959649876469,"time_mar",0,0,1,"0%"
"n500_d4_time_mar_miss00","gamlss2",500,4,"sigma",0.71,-0.0734872631791595,-0.0730407778326013,-0.161239732681125,0.02077025065574,0.0012976639292972,0.0778221867970106,"time_mar",0,0,1,"0%"
"n500_d4_time_mar_miss00","gamlss2",500,4,"mu",0.35,0.444959346906221,0.444540604205132,0.394515186795239,0.490384975776939,0.0013407955945325,0.031384006210461,"time_mar",0,0,1,"0%"
"n500_d4_time_mar_miss00","gamlss.longitudinal",500,4,"mu",0.17,0.481968674024125,0.476115934007208,0.440864642569708,0.503642415692265,-0.0117743732474746,0.0260778522562229,"time_mar",0,0,1,"0%"
"n500_d4_time_mar_miss00","gamlss.longitudinal",500,4,"theta",0.83,-0.144221415468067,-0.157947059500502,-0.201435948639557,-0.100452110504722,-0.0138783425141897,0.0345336000527123,"time_mar",0,0,1,"0%"
"n500_d4_time_mar_miss00","gamlss2",500,4,"sigma",0.65,-0.173055872717445,-0.161397528891345,-0.280853240525416,-0.00583473766501739,0.022082337399157,0.0963464208359233,"time_mar",0,0,1,"0%"
"n500_d4_time_mar_miss00","gamlss.longitudinal",500,4,"sigma",0.47,-0.28924647224831,-0.23109242174579,-0.316861754772728,-0.18365663014336,0.0520912175351705,0.0653040369052881,"time_mar",0,0,1,"0%"
"n500_d4_time_mar_miss00","gamlss.longitudinal",500,4,"sigma",0.45,-0.280037251918249,-0.225253030105266,-0.315601884677054,-0.176371852060493,0.0492260341737133,0.062944183805187,"time_mar",0,0,1,"0%"
"n500_d4_time_mar_miss00","gamlss.longitudinal",500,4,"mu",0.96,-0.13677943794067,-0.164821993842299,-0.245685344461213,-0.107180096622682,-0.0309818054322444,0.0557784372066829,"time_mar",0,0,1,"0%"
"n500_d4_time_mar_miss00","gamlss.longitudinal",500,4,"theta",0.77,-0.0669553676332503,-0.0775078447173247,-0.12605798115524,-0.0128821925659425,-0.00679342900611818,0.0338703440322771,"time_mar",0,0,1,"0%"
"n500_d4_time_mar_miss00","gamlss.longitudinal",500,4,"sigma",0.41,-0.248578674680307,-0.207138210945765,-0.279380817078815,-0.154736640598226,0.0403074629729589,0.0541849217742686,"time_mar",0,0,1,"0%"
"n500_d4_time_mar_miss00","gamlss.longitudinal",500,4,"mu",0.05,0.169959346906221,0.196053381782414,0.121021786276434,0.271556384115008,0.0291932553624496,0.0650334614332657,"time_mar",0,0,1,"0%"
"n500_d4_time_mar_miss00","gamlss.longitudinal",500,4,"mu",0.9,-0.32328188876086,-0.322848608694028,-0.361186378305569,-0.282294330711481,0.00195004489593848,0.0255434829901007,"time_mar",0,0,1,"0%"
"n500_d4_time_mar_miss00","gamlss.longitudinal",500,4,"theta",0.71,0.00469571114387557,0.00347973988119742,-0.0528639538417137,0.0509116942996606,0.00121414164801911,0.0354086451316259,"time_mar",0,0,1,"0%"
"n500_d4_time_mar_miss00","gamlss.longitudinal",500,4,"sigma",0.35,-0.173055872717445,-0.155778973314732,-0.178356375571671,-0.107950784138566,0.0208902921429489,0.0332947273541788,"time_mar",0,0,1,"0%"
"n500_d4_time_mar_miss00","gamlss2",500,4,"mu",0.17,0.481968674024125,0.484893493983224,0.440392181278919,0.519254541522867,-0.0027112590587006,0.0293541930992216,"time_mar",0,0,1,"0%"
"n500_d4_time_mar_miss00","gamlss.longitudinal",500,4,"mu",0.84,-0.464380359026109,-0.455056584514866,-0.480801181141149,-0.414621105523965,0.0120020402735108,0.0255335251095283,"time_mar",0,0,1,"0%"
"n500_d4_time_mar_miss00","gamlss.longitudinal",500,4,"theta",0.65,0.0676834184975002,0.0783655394739438,0.0104565246381868,0.13498722408613,0.0084388808463454,0.0371574971760528,"time_mar",0,0,1,"0%"
"n500_d4_time_mar_miss00","gamlss2",500,4,"sigma",0.47,-0.28924647224831,-0.251327370381075,-0.349576943420103,-6.70039146049899e-05,0.0492144234664719,0.110662756680236,"time_mar",0,0,1,"0%"
"n500_d4_time_mar_miss00","gamlss2",500,4,"sigma",0.45,-0.280037251918249,-0.23496869960184,-0.347736863434253,5.43967870746743e-05,0.0515604936878859,0.112035172284747,"time_mar",0,0,1,"0%"
"n500_d4_time_mar_miss00","gamlss2",500,4,"mu",0.96,-0.13677943794067,-0.147291223242672,-0.223121829224353,-0.0771204847549269,-0.00959298433325642,0.0500665693776216,"time_mar",0,0,1,"0%"
"n500_d4_time_mar_miss00","gamlss.longitudinal",500,4,"mu",0.78,-0.540257987900779,-0.533516424263696,-0.569711355758691,-0.48450474833384,0.00847630264290502,0.0298627722111733,"time_mar",0,0,1,"0%"
"n500_d4_time_mar_miss00","gamlss2",500,4,"sigma",0.41,-0.248578674680307,-0.210346750056728,-0.305220384169227,0.000305524055308173,0.049182050442234,0.10545889370899,"time_mar",0,0,1,"0%"
"n500_d4_time_mar_miss00","gamlss2",500,4,"mu",0.05,0.169959346906221,0.187573613658406,0.102788392415861,0.259158887579811,0.014783403841055,0.0647373414139674,"time_mar",0,0,1,"0%"
"n500_d4_time_mar_miss00","gamlss2",500,4,"mu",0.9,-0.32328188876086,-0.31282566893814,-0.349023020355449,-0.276623237596814,0.0103910482320003,0.0279177249574805,"time_mar",0,0,1,"0%"
"n500_d4_time_mar_miss00","gamlss.longitudinal",500,4,"mu",0.72,-0.540257987900779,-0.531769548338078,-0.594150380173852,-0.494088919458912,0.00349472498888467,0.0329852051966627,"time_mar",0,0,1,"0%"
"n500_d4_time_mar_miss00","gamlss2",500,4,"sigma",0.35,-0.173055872717445,-0.166467003339927,-0.225582260201326,0.000701779599132527,0.0263714373214446,0.0738685103778634,"time_mar",0,0,1,"0%"
"n500_d4_time_mar_miss00","gamlss.longitudinal",500,4,"sigma",0.17,0.139165805200812,0.0980267476961155,0.0483884803586346,0.16116467509922,-0.0384317417975883,0.0524739368267118,"time_mar",0,0,1,"0%"
"n500_d4_time_mar_miss00","gamlss2",500,4,"mu",0.84,-0.464380359026109,-0.454708958127389,-0.490143364081262,-0.418165614417692,0.00901560634294727,0.0275882910570292,"time_mar",0,0,1,"0%"
"n500_d4_time_mar_miss00","gamlss.longitudinal",500,4,"mu",0.66,-0.464380359026108,-0.457214601071281,-0.52336745281906,-0.412561220426182,0.00189622350973181,0.0334869497664154,"time_mar",0,0,1,"0%"
"n500_d4_time_mar_miss00","gamlss.longitudinal",500,4,"theta",0.47,0.179354253037097,0.190453550374337,0.143906860704618,0.237478132771503,0.00947169038958965,0.0343029326072333,"time_mar",0,0,1,"0%"
"n500_d4_time_mar_miss00","gamlss.longitudinal",500,4,"theta",0.45,0.183063682402491,0.18941705180249,0.14808287792642,0.236508143672232,0.00747809865178093,0.033163476993281,"time_mar",0,0,1,"0%"
"n500_d4_time_mar_miss00","gamlss.longitudinal",500,4,"sigma",0.96,0.274944651308886,0.273601093793365,0.160891200514125,0.328986699647491,-0.0169729916441295,0.0596866828714371,"time_mar",0,0,1,"0%"
"n500_d4_time_mar_miss00","gamlss2",500,4,"mu",0.78,-0.540257987900779,-0.545191687751823,-0.58199007626315,-0.476739694238698,-0.00147914392768619,0.0340633711671293,"time_mar",0,0,1,"0%"
"n500_d4_time_mar_miss00","gamlss.longitudinal",500,4,"theta",0.41,0.184710510346205,0.184199336790604,0.151608300823543,0.223602861956621,0.00265556761596378,0.0309036324952902,"time_mar",0,0,1,"0%"
"n500_d4_time_mar_miss00","gamlss.longitudinal",500,4,"sigma",0.05,0.270596657858843,0.265732074105235,0.188503002432339,0.337316306437855,-0.00837231675727118,0.0546182920804767,"time_mar",0,0,1,"0%"
"n500_d4_time_mar_miss00","gamlss.longitudinal",500,4,"sigma",0.9,0.232234801282781,0.189130602122613,0.104421370804485,0.237604572142013,-0.0492037290675096,0.063031279254636,"time_mar",0,0,1,"0%"
"n500_d4_time_mar_miss00","gamlss2",500,4,"mu",0.72,-0.540257987900779,-0.538261138184226,-0.624915534182485,-0.5029086600145,-0.00782796663665003,0.0386046060052489,"time_mar",0,0,1,"0%"
"n500_d4_time_mar_miss00","gamlss.longitudinal",500,4,"theta",0.35,0.17247564632995,0.165398932180851,0.141004461810164,0.193544120583826,-0.00549795412293875,0.0290557377534011,"time_mar",0,0,1,"0%"
"n500_d4_time_mar_miss00","gamlss2",500,4,"sigma",0.17,0.139165805200812,0.128391101897578,0.0124356624874276,0.215909921124779,-0.00597493684166255,0.0632435639833057,"time_mar",0,0,1,"0%"
"n500_d4_time_mar_miss00","gamlss.longitudinal",500,4,"sigma",0.84,0.154717741463996,0.104730334995735,0.0552827197513632,0.143175053780289,-0.0496940024554148,0.0607419690428804,"time_mar",0,0,1,"0%"
"n500_d4_time_mar_miss00","gamlss2",500,4,"mu",0.66,-0.464380359026108,-0.465352471694869,-0.53796087562102,-0.409619283829679,-0.00725517780127589,0.0402075096830791,"time_mar",0,0,1,"0%"
"n500_d4_time_mar_miss00","gamlss.longitudinal",500,4,"mu",0.48,0.0689332784603675,0.0718936396344371,0.0501598307430101,0.10892282339809,0.00331415606088368,0.019558788743456,"time_mar",0,0,1,"0%"
"n500_d4_time_mar_miss00","gamlss.longitudinal",500,4,"mu",0.46,0.13677943794067,0.138663418802858,0.111717337020032,0.167902242516124,0.00329596546970073,0.0208031634986107,"time_mar",0,0,1,"0%"
"n500_d4_time_mar_miss00","gamlss2",500,4,"sigma",0.96,0.274944651308886,0.232483331541807,-0.00233699163974656,0.369627941353962,-0.0476543112067126,0.114060809152982,"time_mar",0,0,1,"0%"
"n500_d4_time_mar_miss00","gamlss.longitudinal",500,4,"sigma",0.78,0.0539040973460143,0.0136707897687982,-0.0279561253851868,0.08239341750539,-0.0311190465405454,0.04888063225663,"time_mar",0,0,1,"0%"
"n500_d4_time_mar_miss00","gamlss.longitudinal",500,4,"mu",0.42,0.264964520755944,0.262059291846407,0.231697502157158,0.297922174078138,0.00190570250632301,0.0235733736578095,"time_mar",0,0,1,"0%"
"n500_d4_time_mar_miss00","gamlss2",500,4,"sigma",0.05,0.270596657858843,0.232403320306274,0.0172314765043403,0.367778500009426,-0.0391981222049482,0.106309413797314,"time_mar",0,0,1,"0%"
"n500_d4_time_mar_miss00","gamlss2",500,4,"sigma",0.9,0.232234801282781,0.209871447523781,-0.00210028481195586,0.346320354606922,-0.027056735704034,0.100724347918073,"time_mar",0,0,1,"0%"
"n500_d4_time_mar_miss00","gamlss.longitudinal",500,4,"sigma",0.72,-0.0555246914054204,-0.0657081342830097,-0.106772032951756,0.0146389864223615,-0.00505024093685117,0.0373281000627474,"time_mar",0,0,1,"0%"
"n500_d4_time_mar_miss00","gamlss.longitudinal",500,4,"mu",0.36,0.423782283526684,0.419898778505071,0.38526438317725,0.461955162782462,-0.00401493833678322,0.0269427196662641,"time_mar",0,0,1,"0%"
"n500_d4_time_mar_miss00","gamlss.longitudinal",500,4,"theta",0.17,0.0325673178431966,0.0226373680420215,-0.0205166729700729,0.0762393609861938,-0.00644555991842948,0.0365341932535872,"time_mar",0,0,1,"0%"
"n500_d4_time_mar_miss00","gamlss2",500,4,"sigma",0.84,0.154717741463996,0.136775575670638,-0.00186086600360345,0.229474179087594,-0.0198699958067602,0.0758656758764186,"time_mar",0,0,1,"0%"
"n500_d4_time_mar_miss00","gamlss.longitudinal",500,4,"sigma",0.66,-0.157778335523402,-0.14109624943389,-0.17168086034974,-0.0925190461704052,0.0206219439833339,0.0389397963673763,"time_mar",0,0,1,"0%"
"n500_d4_time_mar_miss00","gamlss2",500,4,"mu",0.48,0.0689332784603675,0.0644259490257756,0.0422577104815523,0.113215049083645,0.00140151942787938,0.0228808121768413,"time_mar",0,0,1,"0%"
"n500_d4_time_mar_miss00","gamlss2",500,4,"mu",0.46,0.13677943794067,0.134188032606977,0.102916787381043,0.177146621781848,0.00318470046830771,0.0257424338742265,"time_mar",0,0,1,"0%"
"n500_d4_time_mar_miss00","gamlss.longitudinal",500,4,"theta",0.96,-0.315310199841068,-0.338062677009001,-0.426860028169718,-0.280911770852416,-0.029256177663181,0.0547494385911284,"time_mar",0,0,1,"0%"
"n500_d4_time_mar_miss00","gamlss2",500,4,"sigma",0.78,0.0539040973460143,0.0183867805629309,-0.0742622525691124,0.201680911716712,-0.0184676232477434,0.0826331342709727,"time_mar",0,0,1,"0%"
"n500_d4_time_mar_miss00","gamlss2",500,4,"mu",0.42,0.264964520755944,0.269168511905134,0.227135760275884,0.306118756647522,0.00526142181692341,0.0295372756838814,"time_mar",0,0,1,"0%"
"n500_d4_time_mar_miss00","gamlss.longitudinal",500,4,"theta",0.05,-0.133901324913069,-0.0967201318900598,-0.168918032342194,-0.0336980498828019,0.0360902645207443,0.0677595772191458,"time_mar",0,0,1,"0%"
"n500_d4_time_mar_miss00","gamlss.longitudinal",500,4,"theta",0.9,-0.237123821009634,-0.25389289951459,-0.316132609960173,-0.20934340912023,-0.021247658299999,0.0418706688959669,"time_mar",0,0,1,"0%"
"n500_d4_time_mar_miss00","gamlss2",500,4,"sigma",0.72,-0.0555246914054204,-0.0594234670767333,-0.148895642568308,0.0507963510513503,-0.00252926762159352,0.0768031590059732,"time_mar",0,0,1,"0%"
"n500_d4_time_mar_miss00","gamlss2",500,4,"mu",0.36,0.423782283526684,0.425378736279775,0.375094578992996,0.476448604096945,0.0024025152964038,0.0314055337160292,"time_mar",0,0,1,"0%"
"n500_d4_time_mar_miss00","gamlss.longitudinal",500,4,"mu",0.18,0.497654878856311,0.488887642993037,0.45258145094341,0.512687635973325,-0.0129891593493194,0.0251157236911633,"time_mar",0,0,1,"0%"
"n500_d4_time_mar_miss00","gamlss.longitudinal",500,4,"theta",0.84,-0.157418833384277,-0.172048701088593,-0.216183293250908,-0.117264063845508,-0.0149417517634498,0.0350704732023504,"time_mar",0,0,1,"0%"
"n500_d4_time_mar_miss00","gamlss2",500,4,"sigma",0.66,-0.157778335523402,-0.14341113365108,-0.258601483325465,-0.000333270953414748,0.0193199625915157,0.0938285791015854,"time_mar",0,0,1,"0%"
"n500_d4_time_mar_miss00","gamlss.longitudinal",500,4,"sigma",0.48,-0.292144707424046,-0.234522043332804,-0.315506477690747,-0.18631959565887,0.0530800382505246,0.065986548568775,"time_mar",0,0,1,"0%"
"n500_d4_time_mar_miss00","gamlss.longitudinal",500,4,"sigma",0.46,-0.285205245368292,-0.228522797811349,-0.317092973062662,-0.180334684251225,0.0508149223339395,0.0643073962415788,"time_mar",0,0,1,"0%"
"n500_d4_time_mar_miss00","gamlss.longitudinal",500,4,"mu",0.97,-0.103059723022149,-0.137556182643598,-0.226801443263607,-0.0740003417522329,-0.0384448428200567,0.0637640148980419,"time_mar",0,0,1,"0%"
"n500_d4_time_mar_miss00","gamlss.longitudinal",500,4,"theta",0.78,-0.0795289530669703,-0.0926560606262625,-0.137100405741935,-0.0237798850401636,-0.00806016409978895,0.0337504376113602,"time_mar",0,0,1,"0%"
"n500_d4_time_mar_miss00","gamlss.longitudinal",500,4,"sigma",0.42,-0.258002301042862,-0.213344188530987,-0.292695788644653,-0.160967246635982,0.0429011345688173,0.0568586003470387,"time_mar",0,0,1,"0%"
"n500_d4_time_mar_miss00","gamlss.longitudinal",500,4,"mu",0.06,0.202468503976573,0.225609121793542,0.146349036924736,0.291511086887672,0.023549879605463,0.0590131075537051,"time_mar",0,0,1,"0%"
"n500_d4_time_mar_miss00","gamlss.longitudinal",500,4,"mu",0.91,-0.294704737238448,-0.300251844011378,-0.341791413710775,-0.255237561163186,-0.00189814125548877,0.0279867815755946,"time_mar",0,0,1,"0%"
"n500_d4_time_mar_miss00","gamlss.longitudinal",500,4,"theta",0.72,-0.00672359507839471,-0.00841753683207879,-0.0635681489568223,0.0352032731920421,-0.000131232782974946,0.0350959930028672,"time_mar",0,0,1,"0%"
"n500_d4_time_mar_miss00","gamlss.longitudinal",500,4,"sigma",0.36,-0.18765749395431,-0.165889373716171,-0.196367176412365,-0.116714375130177,0.0244797356675671,0.037119807576608,"time_mar",0,0,1,"0%"
"n500_d4_time_mar_miss00","gamlss2",500,4,"mu",0.18,0.497654878856311,0.493623012951961,0.456516888117495,0.527514387079655,-0.00373965631573284,0.0277271898323802,"time_mar",0,0,1,"0%"
"n500_d4_time_mar_miss00","gamlss.longitudinal",500,4,"mu",0.85,-0.444959346906221,-0.436274576752024,-0.46589610406803,-0.396664205323657,0.0116433450644542,0.0247592220394979,"time_mar",0,0,1,"0%"
"n500_d4_time_mar_miss00","gamlss.longitudinal",500,4,"theta",0.66,0.057907947299117,0.0675370366490055,0.000159807225090014,0.122357163781072,0.00738306795732874,0.0369063747440538,"time_mar",0,0,1,"0%"
"n500_d4_time_mar_miss00","gamlss2",500,4,"sigma",0.48,-0.292144707424046,-0.259500476148462,-0.344746582058675,-0.000126643681289195,0.04750968023809,0.109365779499047,"time_mar",0,0,1,"0%"
"n500_d4_time_mar_miss00","gamlss2",500,4,"mu",0.12,0.376500908260779,0.387518299063959,0.315465957856817,0.440236763694176,0.00310225586944974,0.04464232970497,"time_mar",0,0,1,"0%"
"n500_d4_time_mar_miss00","gamlss2",500,4,"mu",0.97,-0.103059723022149,-0.120743436540404,-0.204097475336779,-0.0390492331342153,-0.0148842131020264,0.0578883567393612,"time_mar",0,0,1,"0%"
"n500_d4_time_mar_miss00","gamlss.longitudinal",500,4,"mu",0.79,-0.532720738620747,-0.524861077794031,-0.561243172249609,-0.477977300588022,0.00938977306978078,0.0292118049154102,"time_mar",0,0,1,"0%"
"n500_d4_time_mar_miss00","gamlss.longitudinal",500,4,"theta",0.6,0.111565942276249,0.127351699923596,0.0642995508089142,0.187922052772264,0.0123412688481517,0.0378936187029999,"time_mar",0,0,1,"0%"
"n500_d4_time_mar_miss00","gamlss2",500,4,"mu",0.06,0.202468503976573,0.219937241835014,0.116312711192905,0.28412816537783,0.0125762224360585,0.0601864832744393,"time_mar",0,0,1,"0%"
"n500_d4_time_mar_miss00","gamlss2",500,4,"mu",0.91,-0.294704737238448,-0.282528510751306,-0.327309319227326,-0.246811539591773,0.00866727400443304,0.0289671690070869,"time_mar",0,0,1,"0%"
"n500_d4_time_mar_miss00","gamlss.longitudinal",500,4,"mu",0.73,-0.545663085722963,-0.538951599176357,-0.596718082300503,-0.496343430338715,0.00411887834383395,0.0325803819135102,"time_mar",0,0,1,"0%"
"n500_d4_time_mar_miss00","gamlss2",500,4,"sigma",0.36,-0.18765749395431,-0.170989530153715,-0.246839331646412,0.000634218295003034,0.0312443605284701,0.0795704250777087,"time_mar",0,0,1,"0%"
"n500_d4_time_mar_miss00","gamlss.longitudinal",500,4,"sigma",0.18,0.123023490439819,0.0821483829091622,0.0337142060943302,0.146938939073465,-0.0368150040039329,0.050728267335064,"time_mar",0,0,1,"0%"
"n500_d4_time_mar_miss00","gamlss2",500,4,"mu",0.85,-0.444959346906221,-0.432924928116607,-0.473421846564673,-0.397022684226607,0.0103293621907768,0.0269678547749739,"time_mar",0,0,1,"0%"
"n500_d4_time_mar_miss00","gamlss.longitudinal",500,4,"mu",0.67,-0.481968674024125,-0.473950521638609,-0.541616997523369,-0.432704461672237,0.00196308615365596,0.0338088638019356,"time_mar",0,0,1,"0%"
"n500_d4_time_mar_miss00","gamlss.longitudinal",500,4,"theta",0.48,0.176791490275426,0.189854422854635,0.141212750629168,0.234437735979838,0.0103367225208749,0.0348420099492004,"time_mar",0,0,1,"0%"
"n500_d4_time_mar_miss00","gamlss.longitudinal",500,4,"sigma",0.12,0.20978029119672,0.176922901723183,0.121830992827162,0.219162763720712,-0.0389646796611715,0.0551396113372841,"time_mar",0,0,1,"0%"
"n500_d4_time_mar_miss00","gamlss.longitudinal",500,4,"sigma",0.97,0.278125878188904,0.283299087895468,0.170334733399892,0.346330154607489,-0.00778673434599275,0.0614923488419797,"time_mar",0,0,1,"0%"
"n500_d4_time_mar_miss00","gamlss2",500,4,"mu",0.79,-0.532720738620747,-0.540209063300145,-0.572671861989654,-0.470931992286364,0.000231186900837727,0.0331462350350455,"time_mar",0,0,1,"0%"
"n500_d4_time_mar_miss00","gamlss.longitudinal",500,4,"mu",0.61,-0.350583194361779,-0.354522197225748,-0.379652365178405,-0.296242371809982,0.00194408790337391,0.0293195606642218,"time_mar",0,0,1,"0%"
"n500_d4_time_mar_miss00","gamlss.longitudinal",500,4,"sigma",0.06,0.265102648736772,0.253144502631034,0.180200843767703,0.319499340087739,-0.0156023486618971,0.0529904907858009,"time_mar",0,0,1,"0%"
"n500_d4_time_mar_miss00","gamlss.longitudinal",500,4,"sigma",0.91,0.242018080620902,0.20584003413813,0.113790717336654,0.253557810425962,-0.046350167537055,0.0622653077516381,"time_mar",0,0,1,"0%"
"n500_d4_time_mar_miss00","gamlss2",500,4,"mu",0.73,-0.545663085722963,-0.548491096108306,-0.628573599806794,-0.499481398004876,-0.00731897359846864,0.03776036682112,"time_mar",0,0,1,"0%"
"n500_d4_time_mar_miss00","gamlss.longitudinal",500,4,"theta",0.36,0.175747440125566,0.170879824686265,0.144820059990937,0.199317357889499,-0.00415372142755657,0.0291525062465205,"time_mar",0,0,1,"0%"
"n500_d4_time_mar_miss00","gamlss2",500,4,"sigma",0.18,0.123023490439819,0.116671176896045,0.0120373098964862,0.189841074693277,-0.00620002344175557,0.0576321488682055,"time_mar",0,0,1,"0%"
"n500_d4_time_mar_miss00","gamlss.longitudinal",500,4,"sigma",0.85,0.169615278658039,0.118239279341186,0.0690241193697538,0.157546711954969,-0.0512896911119691,0.0619675463082961,"time_mar",0,0,1,"0%"
"n500_d4_time_mar_miss00","gamlss2",500,4,"mu",0.67,-0.481968674024125,-0.479005653214223,-0.558703952695815,-0.430463851355606,-0.00763319794793214,0.0406965887737565,"time_mar",0,0,1,"0%"
"n500_d4_time_mar_miss00","gamlss.longitudinal",500,4,"mu",0.49,0.0345347857411225,0.0376659904073344,0.0150056212415061,0.072831597239827,0.0032063855966615,0.0190909867298877,"time_mar",0,0,1,"0%"
"n500_d4_time_mar_miss00","gamlss2",500,4,"sigma",0.12,0.20978029119672,0.203950831313546,0.0144314174062391,0.342836168007453,-0.012522354713685,0.0904069601413325,"time_mar",0,0,1,"0%"
"n500_d4_time_mar_miss00","gamlss2",500,4,"sigma",0.97,0.278125878188904,0.232260379951704,-0.00237637076105651,0.383371829168499,-0.0500329366625564,0.118169867231884,"time_mar",0,0,1,"0%"
"n500_d4_time_mar_miss00","gamlss.longitudinal",500,4,"sigma",0.79,0.0717266691197535,0.028768672611179,-0.0140409863500534,0.0868841457493578,-0.0350155858757087,0.0511595309422996,"time_mar",0,0,1,"0%"
"n500_d4_time_mar_miss00","gamlss2",500,4,"mu",0.61,-0.350583194361779,-0.362901367275855,-0.396529774664528,-0.292697636409667,-0.00545309677478081,0.0342423139344665,"time_mar",0,0,1,"0%"
"n500_d4_time_mar_miss00","gamlss2",500,4,"sigma",0.06,0.265102648736772,0.23992050541671,0.0168312786228176,0.346962373520039,-0.0354954842129811,0.100510556473803,"time_mar",0,0,1,"0%"
"n500_d4_time_mar_miss00","gamlss2",500,4,"sigma",0.91,0.242018080620902,0.22189661299473,-0.00213983658193872,0.346297483019618,-0.0301172611495389,0.103755733274781,"time_mar",0,0,1,"0%"
"n500_d4_time_mar_miss00","gamlss.longitudinal",500,4,"sigma",0.73,-0.0373602670989943,-0.0523205825642286,-0.0943845002524507,0.0364224027822349,-0.00952464292617381,0.0386451031739708,"time_mar",0,0,1,"0%"
"n500_d4_time_mar_miss00","gamlss.longitudinal",500,4,"mu",0.37,0.400932745081776,0.397301006754701,0.36731445586607,0.438395606140016,-0.0027950132220837,0.026512291910397,"time_mar",0,0,1,"0%"
"n500_d4_time_mar_miss00","gamlss.longitudinal",500,4,"theta",0.18,0.044106825753044,0.0321978891455809,-0.00873259069017792,0.0862160326287155,-0.00824290664238206,0.0356892992612909,"time_mar",0,0,1,"0%"
"n500_d4_time_mar_miss00","gamlss2",500,4,"sigma",0.85,0.169615278658039,0.151191168112378,-0.00190111187583296,0.24508381028182,-0.0199481909949696,0.0782334405024478,"time_mar",0,0,1,"0%"
"n500_d4_time_mar_miss00","gamlss.longitudinal",500,4,"sigma",0.67,-0.141886399260218,-0.128514251502279,-0.162153513787351,-0.0860754073014501,0.0166135159578889,0.0375553189941005,"time_mar",0,0,1,"0%"
"n500_d4_time_mar_miss00","gamlss2",500,4,"mu",0.49,0.0345347857411225,0.0266640739612882,0.00853015336556083,0.0705823242064268,0.000464079221711322,0.0216596036571459,"time_mar",0,0,1,"0%"
"n500_d4_time_mar_miss00","gamlss.longitudinal",500,4,"theta",0.12,-0.0308875528698806,-0.0185364121423935,-0.0810272768101352,0.0236039793881427,0.00660210763288731,0.0439347298273591,"time_mar",0,0,1,"0%"
"n500_d4_time_mar_miss00","gamlss.longitudinal",500,4,"theta",0.97,-0.327961441658366,-0.352101780784631,-0.443898965767711,-0.2928369349975,-0.0309675834049239,0.0574338488013762,"time_mar",0,0,1,"0%"
"n500_d4_time_mar_miss00","gamlss2",500,4,"sigma",0.79,0.0717266691197535,0.0403258985178795,-0.0456382137847591,0.218298585229489,-0.0194563310676945,0.0818208650875167,"time_mar",0,0,1,"0%"
"n500_d4_time_mar_miss00","gamlss.longitudinal",500,4,"sigma",0.61,-0.22683426986244,-0.199509106924195,-0.234779480029683,-0.121327018050602,0.0381023871833198,0.0494339462771922,"time_mar",0,0,1,"0%"
"n500_d4_time_mar_miss00","gamlss.longitudinal",500,4,"theta",0.06,-0.11830099864248,-0.0861002996735824,-0.156228541887415,-0.0255694286673199,0.0311079612549589,0.0633043399953223,"time_mar",0,0,1,"0%"
"n500_d4_time_mar_miss00","gamlss.longitudinal",500,4,"theta",0.91,-0.250350219881933,-0.267477031914906,-0.33455751756058,-0.221261511069539,-0.0223879035919596,0.0436168346620342,"time_mar",0,0,1,"0%"
"n500_d4_time_mar_miss00","gamlss2",500,4,"sigma",0.73,-0.0373602670989943,-0.0532131349783928,-0.13405520639435,0.0858231592332608,-0.00617856690089417,0.0770362106435272,"time_mar",0,0,1,"0%"
"n500_d4_time_mar_miss00","gamlss2",500,4,"mu",0.37,0.400932745081776,0.403178669543806,0.355636545218978,0.455918234189465,0.00334098827991093,0.031256567666604,"time_mar",0,0,1,"0%"
"n500_d4_time_mar_miss00","gamlss.longitudinal",500,4,"mu",0.19,0.511377067238538,0.501803299114304,0.463041988889421,0.519589957230225,-0.0139449074579526,0.0244065177879736,"time_mar",0,0,1,"0%"
"n500_d4_time_mar_miss00","gamlss.longitudinal",500,4,"theta",0.85,-0.170666816341098,-0.186373619941942,-0.230925124467994,-0.134191377724969,-0.015985452469232,0.0357690047765077,"time_mar",0,0,1,"0%"
"n500_d4_time_mar_miss00","gamlss2",500,4,"sigma",0.67,-0.141886399260218,-0.122810512744273,-0.242292193373867,0.000678574027743505,0.0161908908091001,0.0905984784930492,"time_mar",0,0,1,"0%"
"n500_d4_time_mar_miss00","gamlss.longitudinal",500,4,"sigma",0.49,-0.293888315558184,-0.238063129366468,-0.312621828158177,-0.188351962742639,0.0537683445223676,0.0663236724019781,"time_mar",0,0,1,"0%"
"n500_d4_time_mar_miss00","gamlss.longitudinal",500,4,"mu",0.13,0.400932745081776,0.401968533898177,0.347567025028473,0.445679600843998,-0.00412400397705183,0.0326487296543335,"time_mar",0,0,1,"0%"
"n500_d4_time_mar_miss00","gamlss.longitudinal",500,4,"mu",0.98,-0.0689332784603676,-0.11028406054594,-0.207683605711197,-0.038702510482186,-0.0462702497144199,0.0722531063952032,"time_mar",0,0,1,"0%"
"n500_d4_time_mar_miss00","gamlss.longitudinal",500,4,"theta",0.79,-0.0922441825108828,-0.107107536044442,-0.14757550216233,-0.0351859742017073,-0.00930011593447188,0.0336995504181019,"time_mar",0,0,1,"0%"
"n500_d4_time_mar_miss00","gamlss2",500,4,"sigma",0.61,-0.22683426986244,-0.200862599071538,-0.315851769658384,-0.004394229269086,0.0294861624520897,0.0986335508848715,"time_mar",0,0,1,"0%"
"n500_d4_time_mar_miss00","gamlss.longitudinal",500,4,"mu",0.07,0.23417861036079,0.25474757304967,0.172129478867539,0.316828052447318,0.0183368977183739,0.0536191809923327,"time_mar",0,0,1,"0%"
"n500_d4_time_mar_miss00","gamlss.longitudinal",500,4,"mu",0.92,-0.264964520755943,-0.273952370282917,-0.322386522868777,-0.227146284281806,-0.00643338726302012,0.0315416352454249,"time_mar",0,0,1,"0%"
"n500_d4_time_mar_miss00","gamlss.longitudinal",500,4,"theta",0.73,-0.0183706064707613,-0.0202235822152717,-0.0742412046478941,0.0260265874171834,-0.00148252889135934,0.0347989725984747,"time_mar",0,0,1,"0%"
"n500_d4_time_mar_miss00","gamlss.longitudinal",500,4,"sigma",0.37,-0.20152442880831,-0.175396459772234,-0.214771207488508,-0.12512699999203,0.0279719486620454,0.0408942064465644,"time_mar",0,0,1,"0%"
"n500_d4_time_mar_miss00","gamlss2",500,4,"mu",0.19,0.511377067238538,0.507296268270729,0.468888405112342,0.534750163849576,-0.00468556166710053,0.0269062346432419,"time_mar",0,0,1,"0%"
"n500_d4_time_mar_miss00","gamlss.longitudinal",500,4,"mu",0.86,-0.423782283526684,-0.414546658296933,-0.450061622613361,-0.37883064405414,0.010863005214309,0.0240789218162533,"time_mar",0,0,1,"0%"
"n500_d4_time_mar_miss00","gamlss.longitudinal",500,4,"theta",0.67,0.0478267763399046,0.0550993564207755,-0.0102809699404652,0.109145211125579,0.00625130108337006,0.0366308437856048,"time_mar",0,0,1,"0%"
"n500_d4_time_mar_miss00","gamlss2",500,4,"sigma",0.49,-0.293888315558184,-0.265367212328374,-0.336807577784449,-0.000185573187739363,0.0456137933421697,0.107874419836865,"time_mar",0,0,1,"0%"
"n500_d4_time_mar_miss00","gamlss2",500,4,"mu",0.13,0.400932745081776,0.407361852584074,0.343901904524319,0.460960218896301,0.00187164480674406,0.0415174318623849,"time_mar",0,0,1,"0%"
"n500_d4_time_mar_miss00","gamlss2",500,4,"mu",0.98,-0.0689332784603676,-0.0942896248818619,-0.195160316483374,-0.000586345724720992,-0.0205331539599624,0.0664940850913081,"time_mar",0,0,1,"0%"
"n500_d4_time_mar_miss00","gamlss.longitudinal",500,4,"mu",0.8,-0.523081083962335,-0.514295768406255,-0.548427874297524,-0.470140571460442,0.0102586030102669,0.0285737281388445,"time_mar",0,0,1,"0%"
"n500_d4_time_mar_miss00","gamlss.longitudinal",500,4,"theta",0.61,0.103492763453817,0.117949209154684,0.0537756115112628,0.178702224944975,0.0117539586734512,0.0378167599848043,"time_mar",0,0,1,"0%"
"n500_d4_time_mar_miss00","gamlss2",500,4,"mu",0.07,0.23417861036079,0.251471101142451,0.14738316180199,0.309429698849462,0.0105918654264778,0.0567712212283028,"time_mar",0,0,1,"0%"
"n500_d4_time_mar_miss00","gamlss2",500,4,"mu",0.92,-0.264964520755943,-0.257991184349543,-0.307451290490581,-0.216352743005778,0.00628196699886994,0.030746729437329,"time_mar",0,0,1,"0%"
"n500_d4_time_mar_miss00","gamlss.longitudinal",500,4,"mu",0.74,-0.548914700635549,-0.545289073018633,-0.596457753979298,-0.496990667061631,0.0047900806868487,0.0320449828726321,"time_mar",0,0,1,"0%"
"n500_d4_time_mar_miss00","gamlss2",500,4,"sigma",0.37,-0.20152442880831,-0.180088712149944,-0.262086484698339,0.00056724106512445,0.0358512343556054,0.0854652972772709,"time_mar",0,0,1,"0%"
"n500_d4_time_mar_miss00","gamlss.longitudinal",500,4,"sigma",0.19,0.1063570687757,0.0661848589863128,0.0191000443336161,0.131436320037635,-0.0348127333444827,0.048589768794041,"time_mar",0,0,1,"0%"
"n500_d4_time_mar_miss00","gamlss2",500,4,"mu",0.86,-0.423782283526684,-0.412387529921696,-0.454922789584616,-0.37811118771378,0.0113096173857944,0.0266767942455617,"time_mar",0,0,1,"0%"
"n500_d4_time_mar_miss00","gamlss.longitudinal",500,4,"mu",0.68,-0.497654878856311,-0.489172043737868,-0.557402644690847,-0.452973560655781,0.00208220184076691,0.0339231082396969,"time_mar",0,0,1,"0%"
"n500_d4_time_mar_miss00","gamlss.longitudinal",500,4,"theta",0.49,0.173763070864592,0.188683459589221,0.138132295901233,0.235056742571309,0.0111046416232611,0.0353445494593075,"time_mar",0,0,1,"0%"
"n500_d4_time_mar_miss00","gamlss.longitudinal",500,4,"sigma",0.13,0.197203834748904,0.162028472703557,0.107190647306344,0.205596715795764,-0.0400478305715719,0.0553637250897764,"time_mar",0,0,1,"0%"
"n500_d4_time_mar_miss00","gamlss.longitudinal",500,4,"sigma",0.98,0.28012411336464,0.293861832121197,0.179780154702645,0.363653350347226,0.00257230026220139,0.0649587236882166,"time_mar",0,0,1,"0%"
"n500_d4_time_mar_miss00","gamlss2",500,4,"mu",0.8,-0.523081083962335,-0.530938894311743,-0.560402196656385,-0.464852974096357,0.00203855640003943,0.0320723002844603,"time_mar",0,0,1,"0%"
"n500_d4_time_mar_miss00","gamlss.longitudinal",500,4,"mu",0.62,-0.376500908260779,-0.377524156610106,-0.408554584156506,-0.321072278290944,0.00189525662632744,0.0305128577865931,"time_mar",0,0,1,"0%"
"n500_d4_time_mar_miss00","gamlss.longitudinal",500,4,"sigma",0.07,0.258487818710103,0.240969867463504,0.171840400966414,0.305663201646226,-0.0217947392727596,0.0524338060975354,"time_mar",0,0,1,"0%"
"n500_d4_time_mar_miss00","gamlss.longitudinal",500,4,"sigma",0.92,0.250781706983456,0.217912729301472,0.123185007115352,0.261633849008312,-0.0425526204454399,0.0613069804936266,"time_mar",0,0,1,"0%"
"n500_d4_time_mar_miss00","gamlss2",500,4,"mu",0.74,-0.548914700635549,-0.556021533465442,-0.628483501804688,-0.495576969551173,-0.00658532468469735,0.036961116213082,"time_mar",0,0,1,"0%"
"n500_d4_time_mar_miss00","gamlss.longitudinal",500,4,"theta",0.37,0.178526185500532,0.175831104094585,0.146775946272485,0.204810847451204,-0.00279085156747721,0.0293483428140007,"time_mar",0,0,1,"0%"
"n500_d4_time_mar_miss00","gamlss2",500,4,"sigma",0.19,0.1063570687757,0.107850668891284,0.0116393043861326,0.175263310270032,-0.00673512334874017,0.0531754142537605,"time_mar",0,0,1,"0%"
"n500_d4_time_mar_miss00","gamlss.longitudinal",500,4,"sigma",0.86,0.183796899894904,0.131686955285339,0.0827304192855294,0.173571868926711,-0.0523004457182057,0.0628791439593523,"time_mar",0,0,1,"0%"
"n500_d4_time_mar_miss00","gamlss2",500,4,"mu",0.68,-0.497654878856311,-0.493862869661018,-0.577359292308551,-0.450311559719707,-0.0079446388060937,0.0408414463684676,"time_mar",0,0,1,"0%"
"n500_d4_time_mar_miss00","gamlss.longitudinal",500,4,"mu",0.5,7.55070274106452e-17,0.00176844110021189,-0.0200661078451262,0.0341763361867294,0.00305088045858653,0.0187985709786356,"time_mar",0,0,1,"0%"
"n500_d4_time_mar_miss00","gamlss2",500,4,"sigma",0.13,0.197203834748904,0.189946415847284,0.0140318430904956,0.325244401657901,-0.0100363339560075,0.0866044311818017,"time_mar",0,0,1,"0%"
"n500_d4_time_mar_miss00","gamlss2",500,4,"sigma",0.98,0.28012411336464,0.226988282531022,-0.00241574553033172,0.396706256940442,-0.0515061151723424,0.12359023488651,"time_mar",0,0,1,"0%"
"n500_d4_time_mar_miss00","gamlss.longitudinal",500,4,"sigma",0.8,0.0892348012827812,0.0439904901137438,0.00279755073221005,0.0942087509648502,-0.0386558801964508,0.0533927123356927,"time_mar",0,0,1,"0%"
"n500_d4_time_mar_miss00","gamlss2",500,4,"mu",0.62,-0.376500908260779,-0.390197163952645,-0.42204577296721,-0.317420876453146,-0.0057374700262951,0.035703082645139,"time_mar",0,0,1,"0%"
"n500_d4_time_mar_miss00","gamlss2",500,4,"sigma",0.07,0.258487818710103,0.243647562079233,0.0164311164969385,0.31279872404774,-0.0314441933028165,0.097228768500649,"time_mar",0,0,1,"0%"
"n500_d4_time_mar_miss00","gamlss2",500,4,"sigma",0.92,0.250781706983456,0.233772752120697,-0.00217933199193512,0.341186742371375,-0.0335932253608726,0.105948338210824,"time_mar",0,0,1,"0%"
"n500_d4_time_mar_miss00","gamlss.longitudinal",500,4,"sigma",0.74,-0.0190674528884969,-0.0404319715635171,-0.0816514977194156,0.0557806497986159,-0.0140073001749765,0.040313395633942,"time_mar",0,0,1,"0%"
"n500_d4_time_mar_miss00","gamlss.longitudinal",500,4,"mu",0.38,0.376500908260779,0.372830833826471,0.34252385546753,0.413475107945176,-0.00163454859438612,0.0260220268556291,"time_mar",0,0,1,"0%"
"n500_d4_time_mar_miss00","gamlss.longitudinal",500,4,"theta",0.19,0.055240565451063,0.0415637415118322,0.0029311359680386,0.0952432829084254,-0.00977195111794519,0.0349730730598478,"time_mar",0,0,1,"0%"
"n500_d4_time_mar_miss00","gamlss2",500,4,"sigma",0.86,0.183796899894904,0.16738244059167,-0.00194119472567055,0.264218431581806,-0.0203504055124576,0.0821253271127254,"time_mar",0,0,1,"0%"
"n500_d4_time_mar_miss00","gamlss.longitudinal",500,4,"sigma",0.68,-0.125444084499225,-0.115552260502544,-0.152065008111894,-0.0763708284307232,0.0124592877925769,0.0365710777357606,"time_mar",0,0,1,"0%"
"n500_d4_time_mar_miss00","gamlss2",500,4,"mu",0.5,7.55070274106452e-17,-0.00401981135236512,-0.0248854340246865,0.0274966867698758,-0.000449362278080022,0.0208628834256224,"time_mar",0,0,1,"0%"
"n500_d4_time_mar_miss00","gamlss.longitudinal",500,4,"theta",0.13,-0.0174621870551856,-0.00949460459535686,-0.0687340442221751,0.0326977250054959,0.00344757343424209,0.0419135801046518,"time_mar",0,0,1,"0%"
"n500_d4_time_mar_miss00","gamlss.longitudinal",500,4,"theta",0.98,-0.34046415291859,-0.366125646942196,-0.460151010096257,-0.305272219155998,-0.0328264867752801,0.0602688112712,"time_mar",0,0,1,"0%"
"n500_d4_time_mar_miss00","gamlss2",500,4,"sigma",0.8,0.0892348012827812,0.057761156599248,-0.0146010984433508,0.232005636310216,-0.0200070375911793,0.080173318887846,"time_mar",0,0,1,"0%"
"n500_d4_time_mar_miss00","gamlss.longitudinal",500,4,"sigma",0.62,-0.214600885256126,-0.190850794142615,-0.216192647347153,-0.116064430923616,0.0349971487074885,0.0470841774561186,"time_mar",0,0,1,"0%"
"n500_d4_time_mar_miss00","gamlss.longitudinal",500,4,"theta",0.07,-0.10297458579171,-0.0754946690549392,-0.143570590301683,-0.0172798592838911,0.0263763747429302,0.0591924814790587,"time_mar",0,0,1,"0%"
"n500_d4_time_mar_miss00","gamlss.longitudinal",500,4,"theta",0.92,-0.2635188921644,-0.281598207116023,-0.35300253371619,-0.233188861065398,-0.0235862528912049,0.0455288090321239,"time_mar",0,0,1,"0%"
"n500_d4_time_mar_miss00","gamlss2",500,4,"sigma",0.74,-0.0190674528884969,-0.0435429966868947,-0.127056814315838,0.114518577026582,-0.00953924774922535,0.0782389990167828,"time_mar",0,0,1,"0%"
"n500_d4_time_mar_miss00","gamlss2",500,4,"mu",0.38,0.376500908260779,0.378196143016828,0.341745847868566,0.431188906501438,0.00412208932881479,0.0310046684773757,"time_mar",0,0,1,"0%"
"n500_d4_time_mar_miss00","gamlss.longitudinal",500,4,"mu",0.2,0.523081083962334,0.514568378677346,0.472285552405783,0.524780689436879,-0.0146674723750011,0.023951938603148,"time_mar",0,0,1,"0%"
"n500_d4_time_mar_miss00","gamlss.longitudinal",500,4,"theta",0.86,-0.183949921668556,-0.200390794409831,-0.245656229604316,-0.151266845924869,-0.0170184197713526,0.0366329701248837,"time_mar",0,0,1,"0%"
"n500_d4_time_mar_miss00","gamlss2",500,4,"sigma",0.68,-0.125444084499225,-0.111177303155302,-0.22401928586513,0.00158807526009312,0.012739650022734,0.0869418764601323,"time_mar",0,0,1,"0%"
"n500_d4_time_mar_miss00","gamlss.longitudinal",500,4,"sigma",0.5,-0.294470297029703,-0.239319680571281,-0.308661895693476,-0.189694305436918,0.0541370897770641,0.0663272448229571,"time_mar",0,0,1,"0%"
"n500_d4_time_mar_miss00","gamlss.longitudinal",500,4,"mu",0.14,0.423782283526684,0.420249837187959,0.373513013101541,0.463361305635853,-0.00650924496346309,0.0305828198669176,"time_mar",0,0,1,"0%"
"n500_d4_time_mar_miss00","gamlss.longitudinal",500,4,"mu",0.99,-0.0345347857411223,-0.0830160759213364,-0.186090011882902,-0.00334125588909406,-0.0543478963951688,0.0811107925553725,"time_mar",0,0,1,"0%"
"n500_d4_time_mar_miss00","gamlss.longitudinal",500,4,"theta",0.8,-0.10508613905841,-0.120171511537425,-0.1578157038182,-0.0511386819506063,-0.0104985593450616,0.0337411235410898,"time_mar",0,0,1,"0%"
"n500_d4_time_mar_miss00","gamlss2",500,4,"sigma",0.62,-0.214600885256126,-0.194166989326626,-0.31910144018669,-0.00475564904103924,0.0281204711931291,0.0989682751724337,"time_mar",0,0,1,"0%"
"n500_d4_time_mar_miss00","gamlss.longitudinal",500,4,"mu",0.08,0.264964520755943,0.284393938529479,0.199115145383525,0.344169388993285,0.0135190479793435,0.0488357544391357,"time_mar",0,0,1,"0%"
"n500_d4_time_mar_miss00","gamlss.longitudinal",500,4,"mu",0.93,-0.23417861036079,-0.248394279578931,-0.303035170927772,-0.198120344575537,-0.0116420113268814,0.0361924030147591,"time_mar",0,0,1,"0%"
"n500_d4_time_mar_miss00","gamlss.longitudinal",500,4,"theta",0.74,-0.0302314603288967,-0.0341081487781508,-0.0848573879095031,0.0170145056980099,-0.00282834126195237,0.0345196981595884,"time_mar",0,0,1,"0%"
"n500_d4_time_mar_miss00","gamlss.longitudinal",500,4,"sigma",0.38,-0.214600885256126,-0.184301754315173,-0.232408219460846,-0.133139800461094,0.0313107770228317,0.0445435984481468,"time_mar",0,0,1,"0%"
"n500_d4_time_mar_miss00","gamlss2",500,4,"mu",0.2,0.523081083962334,0.522051136505677,0.479909125078945,0.542536399177607,-0.00552217418839963,0.0266995339339557,"time_mar",0,0,1,"0%"
"n500_d4_time_mar_miss00","gamlss.longitudinal",500,4,"mu",0.87,-0.400932745081776,-0.392207329148333,-0.432577125060909,-0.362185659902484,0.00952568939512762,0.0236163662631333,"time_mar",0,0,1,"0%"
"n500_d4_time_mar_miss00","gamlss.longitudinal",500,4,"theta",0.68,0.0374522230287292,0.0423115233105948,-0.0208428326764545,0.0953520992378988,0.00506407259520437,0.0363396755521006,"time_mar",0,0,1,"0%"
"n500_d4_time_mar_miss00","gamlss2",500,4,"sigma",0.5,-0.294470297029703,-0.267287352475502,-0.332890913033381,-0.000355870258149116,0.0436450853545611,0.106297508456358,"time_mar",0,0,1,"0%"
"n500_d4_time_mar_miss00","gamlss2",500,4,"mu",0.14,0.423782283526684,0.425270886335063,0.371680008931762,0.479301177041413,0.000676150451363494,0.0381661619751144,"time_mar",0,0,1,"0%"
"n500_d4_time_mar_miss00","gamlss2",500,4,"mu",0.99,-0.0345347857411223,-0.0674307683860174,-0.186364653438873,0.038070424247813,-0.0264303931479185,0.0756463576021956,"time_mar",0,0,1,"0%"
"n500_d4_time_mar_miss00","gamlss.longitudinal",500,4,"mu",0.81,-0.511377067238538,-0.504355955359129,-0.533043505017623,-0.458762852031815,0.011016598154461,0.0278816537533362,"time_mar",0,0,1,"0%"
"n500_d4_time_mar_miss00","gamlss.longitudinal",500,4,"theta",0.62,0.0950570556093092,0.108104741969509,0.0430450473010855,0.168883826222437,0.0110809722813573,0.0377168168581353,"time_mar",0,0,1,"0%"
"n500_d4_time_mar_miss00","gamlss2",500,4,"mu",0.08,0.264964520755943,0.282389565063783,0.186469140637998,0.338385355339309,0.00881091980377817,0.0541610197658821,"time_mar",0,0,1,"0%"
"n500_d4_time_mar_miss00","gamlss2",500,4,"mu",0.93,-0.23417861036079,-0.233054346892063,-0.288513072058409,-0.185354077903907,0.0032326929669589,0.0335944868206997,"time_mar",0,0,1,"0%"
"n500_d4_time_mar_miss00","gamlss.longitudinal",500,4,"mu",0.75,-0.55,-0.548297856057359,-0.593411495420071,-0.496033041150552,0.00563470947226677,0.0315048291159353,"time_mar",0,0,1,"0%"
"n500_d4_time_mar_miss00","gamlss2",500,4,"sigma",0.38,-0.214600885256126,-0.186089184406626,-0.272044018659861,0.000500866380252066,0.0400560715513206,0.0912589604737829,"time_mar",0,0,1,"0%"
"n500_d4_time_mar_miss00","gamlss.longitudinal",500,4,"sigma",0.2,0.0892348012827813,0.0505981534180249,0.00457938744323633,0.114782593636757,-0.0324680212591899,0.0460860276718457,"time_mar",0,0,1,"0%"
"n500_d4_time_mar_miss00","gamlss2",500,4,"mu",0.87,-0.400932745081776,-0.391556437676243,-0.434869164819423,-0.360396202731799,0.0118756437798025,0.0266767080460048,"time_mar",0,0,1,"0%"
"n500_d4_time_mar_miss00","gamlss.longitudinal",500,4,"mu",0.69,-0.511377067238538,-0.5025382428125,-0.570638275776179,-0.472266754269618,0.0022708463220323,0.0338761005982978,"time_mar",0,0,1,"0%"
"n500_d4_time_mar_miss00","gamlss.longitudinal",500,4,"theta",0.5,0.170274351999171,0.186928789828252,0.133882595177939,0.234868096046807,0.0117811072940921,0.0358194176860455,"time_mar",0,0,1,"0%"
"n500_d4_time_mar_miss00","gamlss.longitudinal",500,4,"sigma",0.14,0.183796899894904,0.146006426401714,0.0925128115434065,0.196369773788442,-0.0404742479211967,0.0552412912517785,"time_mar",0,0,1,"0%"
"n500_d4_time_mar_miss00","gamlss.longitudinal",500,4,"sigma",0.99,0.280927721498779,0.308378657824414,0.189226624569715,0.380967832886492,0.0141211536517968,0.0703626303072349,"time_mar",0,0,1,"0%"
"n500_d4_time_mar_miss00","gamlss2",500,4,"mu",0.81,-0.511377067238538,-0.516369407375673,-0.546167853713066,-0.458471974075022,0.00388754672125269,0.0308771701754755,"time_mar",0,0,1,"0%"
"n500_d4_time_mar_miss00","gamlss.longitudinal",500,4,"mu",0.63,-0.400932745081776,-0.399118000035572,-0.441231533713421,-0.345551607394333,0.00189308229343168,0.0315193816881472,"time_mar",0,0,1,"0%"
"n500_d4_time_mar_miss00","gamlss.longitudinal",500,4,"sigma",0.08,0.250781706983456,0.231296602380136,0.163405836660142,0.297721039142925,-0.02699323300523,0.0526099266954826,"time_mar",0,0,1,"0%"
"n500_d4_time_mar_miss00","gamlss.longitudinal",500,4,"sigma",0.93,0.258487818710103,0.229516843618631,0.132594737637832,0.276675258363562,-0.0377612456836955,0.060309485133694,"time_mar",0,0,1,"0%"
"n500_d4_time_mar_miss00","gamlss2",500,4,"mu",0.75,-0.55,-0.560203146461833,-0.624531508395617,-0.491817151683047,-0.00562247596412759,0.0362270910991618,"time_mar",0,0,1,"0%"
"n500_d4_time_mar_miss00","gamlss.longitudinal",500,4,"theta",0.38,0.18081150867889,0.177628061604703,0.148448617992998,0.209731288107372,-0.00141309572504438,0.0296230068093881,"time_mar",0,0,1,"0%"
"n500_d4_time_mar_miss00","gamlss2",500,4,"sigma",0.2,0.0892348012827813,0.0765364522431803,0.011241682598317,0.160586960415968,-0.00744663677731556,0.0502206079764953,"time_mar",0,0,1,"0%"
"n500_d4_time_mar_miss00","gamlss.longitudinal",500,4,"sigma",0.87,0.197203834748904,0.145505142504688,0.094335471355865,0.189603085200497,-0.0526532927571619,0.0634467336693252,"time_mar",0,0,1,"0%"
"n500_d4_time_mar_miss00","gamlss2",500,4,"mu",0.69,-0.511377067238538,-0.507623184065821,-0.593623765334675,-0.469015305251758,-0.00815278168521097,0.0406404661466218,"time_mar",0,0,1,"0%"
"n500_d4_time_mar_miss00","gamlss.longitudinal",500,4,"mu",0.51,-0.0345347857411223,-0.0337697721970939,-0.0549036292870092,-0.00450438911387223,0.00286667049485429,0.0187403632732098,"time_mar",0,0,1,"0%"
"n500_d4_time_mar_miss00","gamlss2",500,4,"sigma",0.14,0.183796899894904,0.171817271662888,0.0136324493596225,0.300792730341365,-0.00815593470673589,0.0816415079237527,"time_mar",0,0,1,"0%"
"n500_d4_time_mar_miss00","gamlss2",500,4,"sigma",0.99,0.280927721498779,0.226269798451508,-0.00245511846946632,0.409852355665041,-0.0519136281606338,0.130240912291472,"time_mar",0,0,1,"0%"
"n500_d4_time_mar_miss00","gamlss.longitudinal",500,4,"sigma",0.81,0.106357068775701,0.0597026306403116,0.0186393955856271,0.10746569989063,-0.0419920240939954,0.055520482594383,"time_mar",0,0,1,"0%"
"n500_d4_time_mar_miss00","gamlss2",500,4,"mu",0.63,-0.400932745081776,-0.412430667233165,-0.451632866713403,-0.34203037203199,-0.00607021556115701,0.0370902130000506,"time_mar",0,0,1,"0%"
"n500_d4_time_mar_miss00","gamlss2",500,4,"sigma",0.08,0.250781706983456,0.246099318546196,0.016031004513768,0.331771889143381,-0.0272389882186076,0.0957243730182448,"time_mar",0,0,1,"0%"
"n500_d4_time_mar_miss00","gamlss2",500,4,"sigma",0.93,0.258487818710103,0.241002800325015,-0.00221878423288307,0.343351662923283,-0.037311627343541,0.107599518583976,"time_mar",0,0,1,"0%"
"n500_d4_time_mar_miss00","gamlss.longitudinal",500,4,"sigma",0.75,-0.000720297029703023,-0.0280160765428171,-0.0685963081051835,0.0636679836188909,-0.0184449840908237,0.0422204686303199,"time_mar",0,0,1,"0%"
"n500_d4_time_mar_miss00","gamlss.longitudinal",500,4,"mu",0.39,0.350583194361779,0.346646586971868,0.316359076369005,0.386749414578156,-0.000578695989274547,0.02545036372185,"time_mar",0,0,1,"0%"
"n500_d4_time_mar_miss00","gamlss.longitudinal",500,4,"theta",0.2,0.0659599177906087,0.0507346783226129,0.0144784328792031,0.105270917943381,-0.0110397121583746,0.0343476429950053,"time_mar",0,0,1,"0%"
"n500_d4_time_mar_miss00","gamlss2",500,4,"sigma",0.87,0.197203834748904,0.174919368198134,-0.00198113476159697,0.28790385636885,-0.0211940468692409,0.0869632409126481,"time_mar",0,0,1,"0%"
"n500_d4_time_mar_miss00","gamlss.longitudinal",500,4,"sigma",0.69,-0.108517662835106,-0.102255515815584,-0.14142140857138,-0.0538690607353269,0.00819261547888187,0.0360287494967092,"time_mar",0,0,1,"0%"
"n500_d4_time_mar_miss00","gamlss2",500,4,"mu",0.51,-0.0345347857411223,-0.0355787023806924,-0.0637598700826979,-0.0110029736402212,-0.00130455239357018,0.0206518779507315,"time_mar",0,0,1,"0%"
"n500_d4_time_mar_miss00","gamlss.longitudinal",500,4,"theta",0.14,-0.00439367082121678,-0.00100947162334803,-0.0565277435777138,0.0440968647058239,0.000564713252724861,0.0401946804186913,"time_mar",0,0,1,"0%"
"n500_d4_time_mar_miss00","gamlss.longitudinal",500,4,"theta",0.99,-0.352803626444951,-0.380943834794621,-0.477960793984029,-0.316322451865323,-0.0348483736165227,0.0632560836227948,"time_mar",0,0,1,"0%"
"n500_d4_time_mar_miss00","gamlss2",500,4,"sigma",0.81,0.106357068775701,0.082092041537974,-0.0141903729761987,0.242843237972271,-0.0201971839109237,0.0780816983756317,"time_mar",0,0,1,"0%"
"n500_d4_time_mar_miss00","gamlss.longitudinal",500,4,"sigma",0.63,-0.20152442880831,-0.18026979001971,-0.201613470472325,-0.110530225026241,0.0316964810189368,0.0447999738263527,"time_mar",0,0,1,"0%"
"n500_d4_time_mar_miss00","gamlss.longitudinal",500,4,"theta",0.08,-0.0879348431696164,-0.0649090836741435,-0.130948176591901,-0.00887217487356998,0.0218963219763263,0.0554268999918397,"time_mar",0,0,1,"0%"
"n500_d4_time_mar_miss00","gamlss.longitudinal",500,4,"theta",0.93,-0.276614473457123,-0.295774141543628,-0.371459234783404,-0.245120497910207,-0.0248572515835697,0.0476017288618941,"time_mar",0,0,1,"0%"
"n500_d4_time_mar_miss00","gamlss2",500,4,"sigma",0.75,-0.000720297029703023,-0.0237667989523106,-0.123249061312869,0.134980534536976,-0.0125074608425822,0.0799098801887083,"time_mar",0,0,1,"0%"
"n500_d4_time_mar_miss00","gamlss2",500,4,"mu",0.39,0.350583194361779,0.349367049279812,0.31614357416616,0.403162489793273,0.00471862610396742,0.0307028164433365,"time_mar",0,0,1,"0%"
"n500_d4_time_mar_miss00","gamlss.longitudinal",500,4,"mu",0.21,0.532720738620747,0.524304216156001,0.482707081637829,0.534980718772725,-0.0151821485272366,0.0237201281771081,"time_mar",0,0,1,"0%"
"n500_d4_time_mar_miss00","gamlss.longitudinal",500,4,"theta",0.87,-0.197252672035138,-0.214746493860696,-0.261072991309332,-0.168407387506295,-0.018051010764805,0.0376775423459581,"time_mar",0,0,1,"0%"
"n500_d4_time_mar_miss00","gamlss2",500,4,"sigma",0.69,-0.108517662835106,-0.0990164683533589,-0.203950642368717,0.00238750246616267,0.00904168956561515,0.0832693845354913,"time_mar",0,0,1,"0%"
"n500_d4_time_mar_miss00","gamlss.longitudinal",500,4,"sigma",0.51,-0.293888315558184,-0.238494191883555,-0.303603768450165,-0.190311881387115,0.054189141234332,0.0660172108467581,"time_mar",0,0,1,"0%"
"n500_d4_time_mar_miss00","gamlss.longitudinal",500,4,"mu",0.15,0.444959346906221,0.440890377306815,0.394973890118347,0.478946051893987,-0.00855688914378048,0.0288035244478243,"time_mar",0,0,1,"0%"
"n500_d4_time_mar_miss00","gamlss.longitudinal",500,4,"mu",1,-1.26553020970047e-16,-0.0628540369125575,-0.164880169889192,0.0303400446703105,-0.0677594750416177,0.0926494971972092,"time_mar",0,0,1,"0%"
"n500_d4_time_mar_miss00","gamlss.longitudinal",500,4,"theta",0.81,-0.118039780738624,-0.133052278209441,-0.171948307926075,-0.0673663477789152,-0.0116576127687424,0.03388599800592,"time_mar",0,0,1,"0%"
"n500_d4_time_mar_miss00","gamlss2",500,4,"sigma",0.63,-0.20152442880831,-0.184487222033151,-0.320650671937214,-0.0051161923767216,0.0264620208979815,0.0988379927437895,"time_mar",0,0,1,"0%"
"n500_d4_time_mar_miss00","gamlss.longitudinal",500,4,"mu",0.09,0.294704737238448,0.312068136437169,0.230825128085285,0.370672439200349,0.00917307089868465,0.0446263157246144,"time_mar",0,0,1,"0%"
"n500_d4_time_mar_miss00","gamlss.longitudinal",500,4,"mu",0.94,-0.202468503976573,-0.220542591460115,-0.283789940996526,-0.168362385636988,-0.0175099887957696,0.0418616724926087,"time_mar",0,0,1,"0%"
"n500_d4_time_mar_miss00","gamlss.longitudinal",500,4,"theta",0.75,-0.0422920829117761,-0.0484543638644912,-0.0961767867216513,0.00751417106069596,-0.0041724109977946,0.034262714554602,"time_mar",0,0,1,"0%"
"n500_d4_time_mar_miss00","gamlss.longitudinal",500,4,"sigma",0.39,-0.22683426986244,-0.192579610955573,-0.249160380419542,-0.140800918992153,0.034501716327167,0.047995898831416,"time_mar",0,0,1,"0%"
"n500_d4_time_mar_miss00","gamlss2",500,4,"mu",0.21,0.532720738620747,0.531997048597296,0.489132630563549,0.564316878156523,-0.0062246596933039,0.0268138783068829,"time_mar",0,0,1,"0%"
"n500_d4_time_mar_miss00","gamlss.longitudinal",500,4,"mu",0.88,-0.376500908260779,-0.369389141411671,-0.407364365449392,-0.332764161365759,0.00763356048449998,0.023570773712381,"time_mar",0,0,1,"0%"
"n500_d4_time_mar_miss00","gamlss.longitudinal",500,4,"theta",0.69,0.0267968943074191,0.0292265670647037,-0.0314667053704283,0.0810254864972313,0.0038189314233037,0.0360337635177914,"time_mar",0,0,1,"0%"
"n500_d4_time_mar_miss00","gamlss2",500,4,"sigma",0.51,-0.293888315558184,-0.269677343058632,-0.340031306496335,-0.000727972503879248,0.041704022028379,0.10470315138448,"time_mar",0,0,1,"0%"
"n500_d4_time_mar_miss00","gamlss2",500,4,"mu",0.15,0.444959346906221,0.44603956223419,0.398568807964764,0.495162500495795,-0.000489984666643134,0.0348218982289935,"time_mar",0,0,1,"0%"
"n500_d4_time_mar_miss00","gamlss2",500,4,"mu",1,-1.26553020970047e-16,-0.0415381006327388,-0.176411728923686,0.0767913852138953,-0.0324571476982371,0.0851514243469035,"time_mar",0,0,1,"0%"
"n500_d4_time_mar_miss00","gamlss.longitudinal",500,4,"mu",0.82,-0.497654878856311,-0.490685490525827,-0.517709626970029,-0.445688841465664,0.0116118497666618,0.0271334343957614,"time_mar",0,0,1,"0%"
"n500_d4_time_mar_miss00","gamlss.longitudinal",500,4,"theta",0.63,0.0862695122781584,0.0978243760048608,0.0320888535348637,0.158284141669108,0.0102904407192334,0.0375689605692324,"time_mar",0,0,1,"0%"
"n500_d4_time_mar_miss00","gamlss2",500,4,"mu",0.09,0.294704737238448,0.308835290815942,0.224559296590675,0.36589264773805,0.00720506003958004,0.0519601783948135,"time_mar",0,0,1,"0%"
"n500_d4_time_mar_miss00","gamlss2",500,4,"mu",0.94,-0.202468503976573,-0.206721883293602,-0.270461460847698,-0.151107968470994,-0.000460891353511528,0.037753466527958,"time_mar",0,0,1,"0%"
"n500_d4_time_mar_miss00","gamlss.longitudinal",500,4,"mu",0.76,-0.548914700635549,-0.546884930035476,-0.587952939787707,-0.493485448458057,0.00649347571460899,0.0309782817770889,"time_mar",0,0,1,"0%"
"n500_d4_time_mar_miss00","gamlss2",500,4,"sigma",0.39,-0.22683426986244,-0.192098499075447,-0.280719796029627,0.000435111300980909,0.0437380608328192,0.0966727233019069,"time_mar",0,0,1,"0%"
"n500_d4_time_mar_miss00","gamlss.longitudinal",500,4,"sigma",0.21,0.0717266691197535,0.0366945155036675,-0.00943049762447369,0.0971461211613937,-0.0298226276412564,0.0432514305941034,"time_mar",0,0,1,"0%"
"n500_d4_time_mar_miss00","gamlss2",500,4,"mu",0.88,-0.376500908260779,-0.366998841516226,-0.407738381089197,-0.333474345984251,0.0119517588046286,0.0268952418937543,"time_mar",0,0,1,"0%"
"n500_d4_time_mar_miss00","gamlss.longitudinal",500,4,"mu",0.7,-0.523081083962334,-0.51408761044091,-0.581213081117227,-0.483483265900466,0.00257246764813771,0.0336712057710243,"time_mar",0,0,1,"0%"
"n500_d4_time_mar_miss00","gamlss.longitudinal",500,4,"theta",0.51,0.16633114513373,0.184695125217098,0.127889971595845,0.233826176629561,0.0123502560695093,0.0362436444916085,"time_mar",0,0,1,"0%"
"n500_d4_time_mar_miss00","gamlss.longitudinal",500,4,"sigma",0.15,0.169615278658039,0.129980531649232,0.0778094785324295,0.185919378955227,-0.040312471394139,0.0547307581037641,"time_mar",0,0,1,"0%"
"n500_d4_time_mar_miss00","gamlss.longitudinal",500,4,"sigma",1,0.280529702970297,0.320902384672997,0.194463562397158,0.390840839414567,0.024535287509663,0.0765843958718392,"time_mar",0,0,1,"0%"
"n500_d4_time_mar_miss00","gamlss2",500,4,"mu",0.82,-0.497654878856311,-0.499322966634882,-0.528964223347334,-0.451640066113785,0.00571529996711585,0.0296503405628812,"time_mar",0,0,1,"0%"
"n500_d4_time_mar_miss00","gamlss.longitudinal",500,4,"mu",0.64,-0.423782283526684,-0.418964093257773,-0.472369780386456,-0.368525513422141,0.00188673145887107,0.0323561447913335,"time_mar",0,0,1,"0%"
"n500_d4_time_mar_miss00","gamlss.longitudinal",500,4,"sigma",0.09,0.242018080620902,0.217574808464953,0.154877246896755,0.287564602609833,-0.03125368168084,0.0531941112932372,"time_mar",0,0,1,"0%"
"n500_d4_time_mar_miss00","gamlss.longitudinal",500,4,"sigma",0.94,0.265102648736772,0.244768286153564,0.142018541554375,0.294174233429706,-0.0319269676166064,0.0594914646693257,"time_mar",0,0,1,"0%"
"n500_d4_time_mar_miss00","gamlss2",500,4,"mu",0.76,-0.548914700635549,-0.559579477855112,-0.613452305690125,-0.487306904427783,-0.00443729772050165,0.0355388979233034,"time_mar",0,0,1,"0%"
"n500_d4_time_mar_miss00","gamlss.longitudinal",500,4,"theta",0.39,0.182603522832818,0.17851338189149,0.149823704000428,0.21401838089256,-4.01373950316648e-05,0.0299847378371494,"time_mar",0,0,1,"0%"
"n500_d4_time_mar_miss00","gamlss2",500,4,"sigma",0.21,0.0717266691197535,0.0417987109195795,0.00100818715605192,0.144173147715343,-0.00818873368603972,0.0488171884982556,"time_mar",0,0,1,"0%"
"n500_d4_time_mar_miss00","gamlss.longitudinal",500,4,"sigma",0.88,0.20978029119672,0.16045259494162,0.0948514291111169,0.205620223573211,-0.0522977099225,0.0636585255471247,"time_mar",0,0,1,"0%"
"n500_d4_time_mar_miss00","gamlss2",500,4,"mu",0.7,-0.523081083962334,-0.515325290723253,-0.607175832606277,-0.488006824496372,-0.00822275525779672,0.0401411205578838,"time_mar",0,0,1,"0%"
"n500_d4_time_mar_miss00","gamlss.longitudinal",500,4,"mu",0.52,-0.0689332784603674,-0.0674194734716852,-0.0893604271518405,-0.0409621376447349,0.00268419641813505,0.0189501849968407,"time_mar",0,0,1,"0%"
"n500_d4_time_mar_miss00","gamlss2",500,4,"sigma",0.15,0.169615278658039,0.16188737772632,0.0132332663138523,0.27086018531858,-0.00687914263016035,0.0757966722264054,"time_mar",0,0,1,"0%"
"n500_d4_time_mar_miss00","gamlss2",500,4,"sigma",1,0.280529702970297,0.231114604629183,-0.0024944910661093,0.422947990034052,-0.0511568275468541,0.137944958293401,"time_mar",0,0,1,"0%"
"n500_d4_time_mar_miss00","gamlss.longitudinal",500,4,"sigma",0.82,0.123023490439819,0.0768721928869684,0.0280376569269866,0.120016746198746,-0.0449859687740533,0.0574789420976641,"time_mar",0,0,1,"0%"
"n500_d4_time_mar_miss00","gamlss2",500,4,"mu",0.64,-0.423782283526684,-0.433190682995567,-0.480049931603261,-0.36535274177979,-0.00644585190409597,0.0383462834786812,"time_mar",0,0,1,"0%"
"n500_d4_time_mar_miss00","gamlss2",500,4,"sigma",0.09,0.242018080620902,0.235793429339646,0.015630959234774,0.34727612826469,-0.0230746535082044,0.0950668507917118,"time_mar",0,0,1,"0%"
"n500_d4_time_mar_miss00","gamlss2",500,4,"sigma",0.94,0.265102648736772,0.241812164057939,-0.00225820503298305,0.34321859038061,-0.0410533006831679,0.109164669625409,"time_mar",0,0,1,"0%"
"n500_d4_time_mar_miss00","gamlss.longitudinal",500,4,"sigma",0.76,0.0176068588290909,-0.0148514660698652,-0.055255739330199,0.0709118173849355,-0.0227939095172171,0.0443517255982348,"time_mar",0,0,1,"0%"
"n500_d4_time_mar_miss00","gamlss.longitudinal",500,4,"mu",0.4,0.32328188876086,0.31872122645653,0.288966334491408,0.358457938832487,0.000380756344942285,0.024854754251368,"time_mar",0,0,1,"0%"
"n500_d4_time_mar_miss00","gamlss.longitudinal",500,4,"theta",0.21,0.0762566725753297,0.0602337124182526,0.0258943045332851,0.114336582481963,-0.0120508680262784,0.033789056230589,"time_mar",0,0,1,"0%"
"n500_d4_time_mar_miss00","gamlss2",500,4,"sigma",0.88,0.20978029119672,0.191518305129215,-0.00202095102622115,0.312917110073617,-0.0225685814549948,0.0920511667149014,"time_mar",0,0,1,"0%"
"n500_d4_time_mar_miss00","gamlss.longitudinal",500,4,"sigma",0.7,-0.0911753953421872,-0.0901151232739277,-0.130329164965857,-0.0306566737325053,0.00384136100590736,0.0359957156470365,"time_mar",0,0,1,"0%"
"n500_d4_time_mar_miss00","gamlss2",500,4,"mu",0.52,-0.0689332784603674,-0.0676071495603375,-0.104058032809451,-0.0468148080726981,-0.002076547824718,0.0210664925429788,"time_mar",0,0,1,"0%"
"n500_d4_time_mar_miss00","gamlss.longitudinal",500,4,"theta",0.15,0.00830746729452853,0.0060235616859657,-0.0444213742637975,0.0551711943713158,-0.00204240402594244,0.0387511507760945,"time_mar",0,0,1,"0%"
"n500_d4_time_mar_miss00","gamlss.longitudinal",500,4,"theta",1,-0.364965316156597,-0.395038634187348,-0.489818372814433,-0.327188312214373,-0.0340162774965492,0.0631987843491421,"time_mar",0,0,1,"0%"
"n500_d4_time_mar_miss00","gamlss2",500,4,"sigma",0.82,0.123023490439819,0.102206719504714,-0.0134993180462194,0.2509100600385,-0.0201416301905265,0.0761973620591045,"time_mar",0,0,1,"0%"
"n500_d4_time_mar_miss00","gamlss.longitudinal",500,4,"sigma",0.64,-0.18765749395431,-0.170119140154567,-0.192251425149326,-0.104763866308785,0.0281898649986301,0.0426368153386514,"time_mar",0,0,1,"0%"
"n500_d4_time_mar_miss00","gamlss.longitudinal",500,4,"theta",0.09,-0.0731942446761535,-0.0534895180325893,-0.118373577687367,-0.000621476709161031,0.0176767639678088,0.0520216835939984,"time_mar",0,0,1,"0%"
"n500_d4_time_mar_miss00","gamlss.longitudinal",500,4,"mu",0.28,0.540257987900779,0.528597809658913,0.494471979739735,0.56009593973037,-0.0134036217887208,0.0259236418519139,"time_mar",0,0,1,"0%"
"n500_d4_time_mar_miss00","gamlss.longitudinal",500,4,"sigma",0.6,-0.238175395342187,-0.207068509512277,-0.240309100659831,-0.136645334416823,0.0409464518293596,0.0517645979404712,"time_mar",0,0,1,"0%"
"n500_d4_time_mar_miss00","gamlss.longitudinal",500,4,"sigma",0.58,-0.258002301042862,-0.220927492311693,-0.2486843649744,-0.167282597889152,0.0459009781752055,0.0562418690100069,"time_mar",0,0,1,"0%"
"n500_d4_time_mar_miss00","gamlss.longitudinal",500,4,"mu",0.22,0.540257987900779,0.528478504885259,0.491429706947665,0.543680483031199,-0.0154776993346531,0.0236660734310622,"time_mar",0,0,1,"0%"
"n500_d4_time_mar_miss00","gamlss.longitudinal",500,4,"sigma",0.56,-0.273763242796178,-0.228989961346254,-0.265841138154446,-0.179166108835512,0.0497713145191025,0.060177303495229,"time_mar",0,0,1,"0%"
"n500_d4_time_mar_miss00","gamlss.longitudinal",500,4,"sigma",0.54,-0.285205245368292,-0.23357774901985,-0.283080664288986,-0.188217306031995,0.0524777357980478,0.0633017183719068,"time_mar",0,0,1,"0%"
"n500_d4_time_mar_miss00","gamlss.longitudinal",500,4,"sigma",0.52,-0.292144707424046,-0.236847421441834,-0.297591316244214,-0.190311304855803,0.0539388377044324,0.065404152116127,"time_mar",0,0,1,"0%"
"n500_d4_time_mar_miss00","gamlss2",500,4,"sigma",0.1,0.232234801282781,0.222762474086535,0.0152309989249055,0.354306632486467,-0.0191356028697841,0.0943697153473249,"time_mar",0,0,1,"0%"
"n500_d4_time_mar_miss00","gamlss.longitudinal",500,4,"theta",0.57,0.13350879668018,0.153290693063717,0.0941820273482934,0.210504254058644,0.0133820827933154,0.0377788997797411,"time_mar",0,0,1,"0%"
"n500_d4_time_mar_miss00","gamlss.longitudinal",500,4,"theta",0.26,0.121143738894038,0.10439473588587,0.0715940984712145,0.153298142701724,-0.0135525349959231,0.031413555899807,"time_mar",0,0,1,"0%"
"n500_d4_time_mar_miss00","gamlss.longitudinal",500,4,"mu",0.12,0.376500908260779,0.379894757537157,0.32017764340983,0.426117773403784,-0.00138139746451548,0.0350395159762951,"time_mar",0,0,1,"0%"
"n500_d4_time_mar_miss00","gamlss.longitudinal",500,4,"mu",0.1,0.32328188876086,0.338491081688156,0.261668964790049,0.394912886294257,0.00524429283117105,0.0409751415921912,"time_mar",0,0,1,"0%"
"n500_d4_time_mar_miss00","gamlss2",500,4,"mu",0.57,-0.23417861036079,-0.246829032128373,-0.272432380666973,-0.193728919180238,-0.00449755942797918,0.0281038681324607,"time_mar",0,0,1,"0%"
"n500_d4_time_mar_miss00","gamlss2",500,4,"sigma",0.6,-0.238175395342187,-0.21469956755022,-0.319437400445677,-0.00403191233550126,0.0306200830533366,0.0981065144742146,"time_mar",0,0,1,"0%"
"n500_d4_time_mar_miss00","gamlss2",500,4,"sigma",0.58,-0.258002301042862,-0.242990340063075,-0.330862537326363,-0.00330450850158025,0.032483573104502,0.0974422769876234,"time_mar",0,0,1,"0%"
"n500_d4_time_mar_miss00","gamlss2",500,4,"mu",0.22,0.540257987900779,0.538247456180688,0.496826233023792,0.575860948930147,-0.0067770467196394,0.0269799297551779,"time_mar",0,0,1,"0%"
"n500_d4_time_mar_miss00","gamlss2",500,4,"sigma",0.56,-0.273763242796178,-0.267047443818043,-0.332093059192577,-0.00257329831170956,0.0343322288691268,0.0981763579659434,"time_mar",0,0,1,"0%"
"n500_d4_time_mar_miss00","gamlss2",500,4,"sigma",0.54,-0.285205245368292,-0.272091630241975,-0.337104452363192,-0.00183817488941444,0.0367111397915185,0.100272186889429,"time_mar",0,0,1,"0%"
"n500_d4_time_mar_miss00","gamlss2",500,4,"sigma",0.52,-0.292144707424046,-0.27392050253716,-0.343325661528086,-0.00109905341731347,0.0398662559653991,0.103137937299384,"time_mar",0,0,1,"0%"
"n500_d4_time_mar_miss00","gamlss.longitudinal",500,4,"theta",0.1,-0.0587649689921358,-0.0407102820813995,-0.105856102533004,0.00755143399765178,0.0137192156599314,0.0489749608481613,"time_mar",0,0,1,"0%"
"n500_d4_time_mar_miss00","gamlss.longitudinal",500,4,"mu",0.58,-0.264964520755943,-0.27055232041777,-0.287253266057061,-0.220221607828611,0.00196428942056207,0.0252194128946383,"time_mar",0,0,1,"0%"
"n500_d4_time_mar_miss00","gamlss.longitudinal",500,4,"mu",0.27,0.545663085722963,0.534823740644728,0.50322506540516,0.562487685618486,-0.0141899780528473,0.0254177189709237,"time_mar",0,0,1,"0%"
"n500_d4_time_mar_miss00","gamlss.longitudinal",500,4,"sigma",0.59,-0.248578674680307,-0.214083168038597,-0.244948823004688,-0.152280518787417,0.0435558219108692,0.0540544368878893,"time_mar",0,0,1,"0%"
"n500_d4_time_mar_miss00","gamlss2",500,4,"mu",0.1,0.32328188876086,0.337707558981421,0.25744164441831,0.392158934253984,0.0057400441325167,0.0498003705251211,"time_mar",0,0,1,"0%"
"n500_d4_time_mar_miss00","gamlss.longitudinal",500,4,"sigma",0.57,-0.266408412769509,-0.226120097989522,-0.256288805876681,-0.173505101748104,0.0479906804339484,0.0583050387489334,"time_mar",0,0,1,"0%"
"n500_d4_time_mar_miss00","gamlss.longitudinal",500,4,"sigma",0.26,-0.019067452888497,-0.0331792175029827,-0.066270382599104,0.00383037055606636,-0.0134032800698588,0.0263676658959836,"time_mar",0,0,1,"0%"
"n500_d4_time_mar_miss00","gamlss.longitudinal",500,4,"theta",0.58,0.126583737775194,0.144503271468755,0.0845146824820135,0.203862944883372,0.0131583551284536,0.0378753603097466,"time_mar",0,0,1,"0%"
"n500_d4_time_mar_miss00","gamlss.longitudinal",500,4,"sigma",0.22,0.0539040973460145,0.0230033493268904,-0.0211646128186629,0.0784956848547753,-0.0269238610021834,0.0401269027509192,"time_mar",0,0,1,"0%"
"n500_d4_time_mar_miss00","gamlss.longitudinal",500,4,"theta",0.56,0.140032230321198,0.162187471855325,0.103515543327617,0.216573847128436,0.0135079142961899,0.0376597892165614,"time_mar",0,0,1,"0%"
"n500_d4_time_mar_miss00","gamlss.longitudinal",500,4,"theta",0.54,0.151839401451125,0.172592591327069,0.108774655926062,0.225973713828561,0.013385166271213,0.0372453294611685,"time_mar",0,0,1,"0%"
"n500_d4_time_mar_miss00","gamlss.longitudinal",500,4,"theta",0.52,0.161939710247622,0.181876727654729,0.121579482728182,0.232047905675482,0.0128042553951856,0.0366246760602632,"time_mar",0,0,1,"0%"
"n500_d4_time_mar_miss00","gamlss.longitudinal",500,4,"mu",0.11,0.350583194361779,0.359857636226833,0.291511322316732,0.405372396004317,0.00173778556671372,0.0377949764458661,"time_mar",0,0,1,"0%"
"n500_d4_time_mar_miss00","gamlss2",500,4,"mu",0.58,-0.264964520755943,-0.280159775469934,-0.304603678766168,-0.218301093033149,-0.00475647696952802,0.0296843200214664,"time_mar",0,0,1,"0%"
"n500_d4_time_mar_miss00","gamlss2",500,4,"mu",0.27,0.545663085722963,0.539232008407392,0.507074789960369,0.579506687689036,-0.00677364213923121,0.0266521704765229,"time_mar",0,0,1,"0%"
"n500_d4_time_mar_miss00","gamlss2",500,4,"sigma",0.59,-0.248578674680307,-0.226469404493629,-0.326406558711008,-0.00366867832386371,0.0315938002114758,0.0976437588597879,"time_mar",0,0,1,"0%"
"n500_d4_time_mar_miss00","gamlss.longitudinal",500,4,"sigma",0.1,0.232234801282781,0.201764280099484,0.144797181014452,0.264476328986148,-0.0346277161756843,0.0539367974535896,"time_mar",0,0,1,"0%"
"n500_d4_time_mar_miss00","gamlss2",500,4,"sigma",0.57,-0.266408412769509,-0.258022568190435,-0.33310198578355,-0.00293938651229367,0.0333699339194575,0.0976123534441796,"time_mar",0,0,1,"0%"
"n500_d4_time_mar_miss00","gamlss2",500,4,"sigma",0.26,-0.019067452888497,-0.013554025414331,-0.11373871029959,0.0435490517638167,-0.00755317468418466,0.0526147409521625,"time_mar",0,0,1,"0%"
"n500_d4_time_mar_miss00","gamlss.longitudinal",500,4,"mu",0.59,-0.294704737238448,-0.300141643860371,-0.319702627056872,-0.245798068600491,0.00194182206017783,0.026654464005209,"time_mar",0,0,1,"0%"
"n500_d4_time_mar_miss00","gamlss2",500,4,"sigma",0.22,0.0539040973460145,0.0301603707803125,-0.00517353739563175,0.124201177981738,-0.00881338145883792,0.0486995609009036,"time_mar",0,0,1,"0%"
"n500_d4_time_mar_miss00","gamlss.longitudinal",500,4,"mu",0.57,-0.23417861036079,-0.241667588198844,-0.258713866694266,-0.19438807766201,0.00202690208191719,0.0238022381049757,"time_mar",0,0,1,"0%"
"n500_d4_time_mar_miss00","gamlss.longitudinal",500,4,"mu",0.55,-0.169959346906221,-0.176562163640206,-0.197925744654446,-0.137123083392377,0.00221268934392886,0.0212292736782815,"time_mar",0,0,1,"0%"
"n500_d4_time_mar_miss00","gamlss.longitudinal",500,4,"mu",0.53,-0.103059723022149,-0.10374504478312,-0.125363991762487,-0.0746266877867319,0.00250251329969939,0.0194441489595617,"time_mar",0,0,1,"0%"
"n500_d4_time_mar_miss00","gamlss2",500,4,"mu",0.11,0.350583194361779,0.364959885338774,0.286584471817074,0.417252279772342,0.00438335579785738,0.0474062170918327,"time_mar",0,0,1,"0%"
"n500_d4_time_mar_miss00","gamlss2",500,4,"sigma",0.27,-0.0373602670989943,-0.0320318698165692,-0.134253274015064,0.0279087993885714,-0.00584567650435744,0.0533876458387483,"time_mar",0,0,1,"0%"
"n500_d4_time_mar_miss00","gamlss.longitudinal",500,4,"sigma",0.27,-0.0373602670989943,-0.0460371860795454,-0.0770127877163348,-0.0172376959086128,-0.0096911053489524,0.0233022332418826,"time_mar",0,0,1,"0%"
"n500_d4_time_mar_miss00","gamlss.longitudinal",500,4,"theta",0.59,0.119266256313551,0.136250755575584,0.0745377051544666,0.196279379665196,0.01280582453018,0.037908553940434,"time_mar",0,0,1,"0%"
"n500_d4_time_mar_miss00","gamlss.longitudinal",500,4,"sigma",0.23,0.0358396730395883,0.00752896517052536,-0.0327263293303554,0.0590307654341179,-0.0237955720479697,0.0367845866366285,"time_mar",0,0,1,"0%"
"n500_d4_time_mar_miss00","gamlss.longitudinal",500,4,"mu",0.56,-0.202468503976573,-0.211047104846053,-0.228881736272642,-0.16652936396662,0.00209385467360556,0.0224510737172203,"time_mar",0,0,1,"0%"
"n500_d4_time_mar_miss00","gamlss.longitudinal",500,4,"theta",0.55,0.146145232346583,0.168646437761843,0.107362752072256,0.221694255967272,0.0134995377474748,0.0374755313865089,"time_mar",0,0,1,"0%"
"n500_d4_time_mar_miss00","gamlss2",500,4,"mu",0.59,-0.294704737238448,-0.309958805707184,-0.337891362914065,-0.242860552889705,-0.00498482890938622,0.0312284565312215,"time_mar",0,0,1,"0%"
"n500_d4_time_mar_miss00","gamlss.longitudinal",500,4,"theta",0.22,0.0861230366616402,0.0696272585596025,0.0371794191071295,0.122986141540991,-0.0128137088140546,0.0332760685542235,"time_mar",0,0,1,"0%"
"n500_d4_time_mar_miss00","gamlss.longitudinal",500,4,"sigma",0.55,-0.280037251918249,-0.231634983695546,-0.274800954135577,-0.18417394188361,0.0512799687456102,0.0618649918302406,"time_mar",0,0,1,"0%"
"n500_d4_time_mar_miss00","gamlss2",500,4,"mu",0.55,-0.169959346906221,-0.1777829328181,-0.204560312558122,-0.135325014162279,-0.00379903362324011,0.0248774585624412,"time_mar",0,0,1,"0%"
"n500_d4_time_mar_miss00","gamlss2",500,4,"mu",0.53,-0.103059723022149,-0.10365782595285,-0.138361639946654,-0.0746247728620085,-0.00275116776889781,0.0220182084741499,"time_mar",0,0,1,"0%"
"n500_d4_time_mar_miss00","gamlss.longitudinal",500,4,"sigma",0.11,0.221473675803034,0.186944759044188,0.134690783787122,0.241673486930295,-0.0371778947429396,0.0546317249265114,"time_mar",0,0,1,"0%"
"n500_d4_time_mar_miss00","gamlss.longitudinal",500,4,"theta",0.27,0.128756363872617,0.112352553455357,0.0839629055003437,0.159759764915144,-0.0132237265075897,0.0309731004801941,"time_mar",0,0,1,"0%"
"n500_d4_time_mar_miss00","gamlss2",500,4,"mu",0.6,-0.32328188876086,-0.336895269538753,-0.368519463188767,-0.267522109216339,-0.00520850988641665,0.0327463497362994,"time_mar",0,0,1,"0%"
"n500_d4_time_mar_miss00","gamlss.longitudinal",500,4,"mu",0.6,-0.32328188876086,-0.327967116708615,-0.350639656622263,-0.271145345191133,0.0019286585651423,0.0280443832127506,"time_mar",0,0,1,"0%"
"n500_d4_time_mar_miss00","gamlss2",500,4,"sigma",0.23,0.0358396730395883,0.0112510763166126,-0.032497632136905,0.100466283970195,-0.00917713997938666,0.0494179075922258,"time_mar",0,0,1,"0%"
"n500_d4_time_mar_miss00","gamlss2",500,4,"mu",0.56,-0.202468503976573,-0.213531057884041,-0.239028120844682,-0.167464383150452,-0.00418519827041463,0.0264900953482991,"time_mar",0,0,1,"0%"
"n500_d4_time_mar_miss00","gamlss2",500,4,"mu",0.54,-0.13677943794067,-0.142572106269361,-0.171929127657776,-0.104013809768101,-0.00332396319046052,0.0233445678593588,"time_mar",0,0,1,"0%"
"n500_d4_time_mar_miss00","gamlss.longitudinal",500,4,"mu",0.54,-0.13677943794067,-0.140440085938175,-0.163202807035132,-0.107435002041875,0.00235106995618509,0.0202229556129523,"time_mar",0,0,1,"0%"
"n500_d4_time_mar_miss00","gamlss.longitudinal",500,4,"mu",0.23,0.545663085722963,0.534895982917607,0.497771651585789,0.551949439669722,-0.0155575997959828,0.0237849784669032,"time_mar",0,0,1,"0%"
"n500_d4_time_mar_miss00","gamlss2",500,4,"sigma",0.55,-0.280037251918249,-0.271708377996314,-0.327749911216837,-0.00220623147490854,0.0354334933958069,0.0990891118715796,"time_mar",0,0,1,"0%"
"n500_d4_time_mar_miss00","gamlss2",500,4,"sigma",0.53,-0.28924647224831,-0.275361200118165,-0.342424448326491,-0.00146911848502063,0.0381898307736632,0.101644225246371,"time_mar",0,0,1,"0%"
"n500_d4_time_mar_miss00","gamlss.longitudinal",500,4,"sigma",0.53,-0.28924647224831,-0.23495686891579,-0.290721768124888,-0.189580639566884,0.0533604022976551,0.0644879542346915,"time_mar",0,0,1,"0%"
"n500_d4_time_mar_miss00","gamlss2",500,4,"sigma",0.11,0.221473675803034,0.212427791184647,0.0148311442715676,0.352736133517928,-0.0155793837295319,0.0929518150543391,"time_mar",0,0,1,"0%"
"n500_d4_time_mar_miss00","gamlss2",500,4,"mu",0.26,0.548914700635549,0.537899612761238,0.512017619485786,0.581801918974966,-0.00718160288879546,0.0266211507280621,"time_mar",0,0,1,"0%"
"n500_d4_time_mar_miss00","gamlss.longitudinal",500,4,"mu",0.26,0.548914700635549,0.538414797306521,0.504323941477941,0.56240993225209,-0.0147833604971348,0.0248846936561285,"time_mar",0,0,1,"0%"
"n500_d4_time_mar_miss00","gamlss.longitudinal",500,4,"mu",0.24,0.548914700635549,0.538948665374641,0.501477042471866,0.555136572773907,-0.0155007079048723,0.0240588478043356,"time_mar",0,0,1,"0%"
"n500_d4_time_mar_miss00","gamlss.longitudinal",500,4,"theta",0.23,0.0955516416496119,0.078747737599265,0.0483280273194628,0.131209875108462,-0.0133317021046104,0.0327874149778517,"time_mar",0,0,1,"0%"
"n500_d4_time_mar_miss00","gamlss.longitudinal",500,4,"theta",0.25,0.113068267653095,0.0961311371210709,0.0595079686544468,0.146370070921197,-0.0136933600318737,0.0318620934629449,"time_mar",0,0,1,"0%"
"n500_d4_time_mar_miss00","gamlss2",500,4,"sigma",0.25,-0.000720297029702949,-0.000265440626666558,-0.0899489939407673,0.0643887874318681,-0.00863805610052234,0.0516432019624199,"time_mar",0,0,1,"0%"
"n500_d4_time_mar_miss00","gamlss.longitudinal",500,4,"sigma",0.25,-0.000720297029702949,-0.0201456315933319,-0.0552966040298119,0.0227769138524123,-0.0170037775974699,0.0297664784642303,"time_mar",0,0,1,"0%"
"n500_d4_time_mar_miss00","gamlss2",500,4,"mu",0.23,0.545663085722963,0.540400992093498,0.50302216588156,0.57303320540969,-0.00716461458632365,0.0270356024306328,"time_mar",0,0,1,"0%"
"n500_d4_time_mar_miss00","gamlss2",500,4,"mu",0.25,0.55,0.544522798087896,0.510651349305118,0.581543207598903,-0.00738015982006227,0.0267615119786501,"time_mar",0,0,1,"0%"
"n500_d4_time_mar_miss00","gamlss.longitudinal",500,4,"theta",0.53,0.157106749667138,0.177576562455376,0.11496265323495,0.229394127656478,0.0131530196675793,0.0369556315218903,"time_mar",0,0,1,"0%"
"n500_d4_time_mar_miss00","gamlss.longitudinal",500,4,"theta",0.24,0.104535551154696,0.0875776800553825,0.0542960802458562,0.139022377801483,-0.0136231085455489,0.0323232500871963,"time_mar",0,0,1,"0%"
"n500_d4_time_mar_miss00","gamlss.longitudinal",500,4,"theta",0.11,-0.0446588875603512,-0.0283572564756099,-0.0934050162574487,0.0156300701227671,0.010026370541219,0.0462823926709313,"time_mar",0,0,1,"0%"
"n500_d4_time_mar_miss00","gamlss2",500,4,"sigma",0.24,0.0176068588290911,0.00556654373453058,-0.0628512479500954,0.0785830517815895,-0.00915278840568713,0.0505137918337092,"time_mar",0,0,1,"0%"
"n500_d4_time_mar_miss00","gamlss.longitudinal",500,4,"sigma",0.24,0.0176068588290911,-0.00613518800282985,-0.0441040321025743,0.0409148819216069,-0.0204878591758825,0.0332902957584399,"time_mar",0,0,1,"0%"
"n500_d4_time_mar_miss00","gamlss2",500,4,"mu",0.24,0.548914700635549,0.544744359777836,0.50772529605373,0.57864441703146,-0.00737121861423187,0.0269419660349602,"time_mar",0,0,1,"0%"
"n500_d4_time_mar_miss00","gamlss.longitudinal",500,4,"mu",0.25,0.55,0.53969614864334,0.503678225540653,0.559980972392233,-0.0152241968037275,0.0244462576026298,"time_mar",0,0,1,"0%"
"n500_d4_time_mar_miss30","gamlss.longitudinal",500,4,"mu",0.53,-0.103059723022149,-0.106391356021408,-0.13197283687564,-0.090891271893256,-0.00697791606028617,0.0183110593794195,"time_mar",0.3,0.299425,0.543333333333333,"30%"
"n500_d4_time_mar_miss30","gamlss2",500,4,"sigma",0.47,-0.28924647224831,-0.243226009318784,-0.316941438810599,-0.000123658795744451,0.0717378071216889,0.126601462497602,"time_mar",0.3,0.299425,0.543333333333333,"30%"
"n500_d4_time_mar_miss30","gamlss.longitudinal",500,4,"theta",0.52,0.161939710247622,0.129778536614551,0.096799156846306,0.197453360232796,-0.021737949173545,0.045469451160953,"time_mar",0.3,0.299425,0.543333333333333,"30%"
"n500_d4_time_mar_miss30","gamlss.longitudinal",500,4,"sigma",0.52,-0.292144707424046,-0.232420295487695,-0.25318538061066,-0.203443333694828,0.0602675397877602,0.0634675274513719,"time_mar",0.3,0.299425,0.543333333333333,"30%"
"n500_d4_time_mar_miss30","gamlss.longitudinal",500,4,"mu",0.47,0.103059723022149,0.100197086941778,0.0863895227139676,0.111020816567994,-0.00293438177569289,0.0101909158409659,"time_mar",0.3,0.299425,0.543333333333333,"30%"
"n500_d4_time_mar_miss30","gamlss.longitudinal",500,4,"theta",0.46,0.18144646150192,0.138124884751291,0.115584451220137,0.205576446882105,-0.0284618088821933,0.0457183077677868,"time_mar",0.3,0.299425,0.543333333333333,"30%"
"n500_d4_time_mar_miss30","gamlss2",500,4,"sigma",0.52,-0.292144707424046,-0.258723640838902,-0.342732702290986,-0.000194049094946069,0.0627288012543958,0.123377028471274,"time_mar",0.3,0.299425,0.543333333333333,"30%"
"n500_d4_time_mar_miss30","gamlss.longitudinal",500,4,"sigma",0.46,-0.285205245368292,-0.216738486595346,-0.251737769473514,-0.199960612903269,0.0602258502811135,0.0636803300536171,"time_mar",0.3,0.299425,0.543333333333333,"30%"
"n500_d4_time_mar_miss30","gamlss.longitudinal",500,4,"theta",0.53,0.157106749667138,0.127209048085038,0.0924914507254074,0.193818073895302,-0.0206919452589353,0.0452918753609497,"time_mar",0.3,0.299425,0.543333333333333,"30%"
"n500_d4_time_mar_miss30","gamlss2",500,4,"sigma",0.53,-0.28924647224831,-0.255686653641295,-0.341471165249048,-0.000174898585413629,0.0604967646036142,0.122048583005262,"time_mar",0.3,0.299425,0.543333333333333,"30%"
"n500_d4_time_mar_miss30","gamlss.longitudinal",500,4,"sigma",0.53,-0.28924647224831,-0.23216961779168,-0.251830672483045,-0.201584629257586,0.0588697336771507,0.0621523451853294,"time_mar",0.3,0.299425,0.543333333333333,"30%"
"n500_d4_time_mar_miss30","gamlss2",500,4,"mu",0.53,-0.103059723022149,-0.108752015358162,-0.149177745854794,-0.0613329675917105,-0.0047243701975138,0.0252976226126724,"time_mar",0.3,0.299425,0.543333333333333,"30%"
"n500_d4_time_mar_miss30","gamlss.longitudinal",500,4,"theta",0.47,0.179354253037097,0.135958152138203,0.113645794446482,0.205840487370552,-0.02732455444045,0.0457456676184941,"time_mar",0.3,0.299425,0.543333333333333,"30%"
"n500_d4_time_mar_miss30","gamlss.longitudinal",500,4,"mu",0.35,0.444959346906221,0.44115269364845,0.425673176241886,0.48718708314696,0.00627097159783564,0.0260901268040339,"time_mar",0.3,0.299425,0.543333333333333,"30%"
"n500_d4_time_mar_miss30","gamlss.longitudinal",500,4,"theta",0.34,0.168711664468909,0.119459591489149,0.10937298701067,0.162686675199397,-0.0380373541827561,0.0443371014277384,"time_mar",0.3,0.299425,0.543333333333333,"30%"
"n500_d4_time_mar_miss30","gamlss2",500,4,"sigma",0.16,0.154717741463996,0.14112768848367,-0.000488715103338009,0.22022675998408,-0.0207091877757316,0.0765398756491046,"time_mar",0.3,0.299425,0.543333333333333,"30%"
"n500_d4_time_mar_miss30","gamlss2",500,4,"mu",0.47,0.103059723022149,0.0995774065762912,0.074404225402358,0.143518311067875,0.000150308773237087,0.0226242402501001,"time_mar",0.3,0.299425,0.543333333333333,"30%"
"n500_d4_time_mar_miss30","gamlss.longitudinal",500,4,"sigma",0.34,-0.157778335523402,-0.127155841278976,-0.171402424304397,-0.120592423705914,0.0195572096675063,0.0291869845807863,"time_mar",0.3,0.299425,0.543333333333333,"30%"
"n500_d4_time_mar_miss30","gamlss2",500,4,"mu",0.34,0.464380359026108,0.462743306493992,0.407128000989434,0.511857649041899,-0.00112201182225651,0.0325434923443872,"time_mar",0.3,0.299425,0.543333333333333,"30%"
"n500_d4_time_mar_miss30","gamlss2",500,4,"sigma",0.46,-0.285205245368292,-0.23563416682173,-0.308566459117736,-8.73601758906807e-05,0.0722441979256372,0.125938401188151,"time_mar",0.3,0.299425,0.543333333333333,"30%"
"n500_d4_time_mar_miss30","gamlss.longitudinal",500,4,"mu",0.54,-0.13677943794067,-0.139972546727957,-0.167868242711323,-0.1192920057806,-0.00698962979051749,0.0210670637774396,"time_mar",0.3,0.299425,0.543333333333333,"30%"
"n500_d4_time_mar_miss30","gamlss.longitudinal",500,4,"theta",0.35,0.17247564632995,0.125507532905607,0.111681948140429,0.168546821046402,-0.0378141067935035,0.0445790652225875,"time_mar",0.3,0.299425,0.543333333333333,"30%"
"n500_d4_time_mar_miss30","gamlss2",500,4,"sigma",0.35,-0.173055872717445,-0.152789537440694,-0.232786803816782,0.000354212206128598,0.0327994081818255,0.0815319813017511,"time_mar",0.3,0.299425,0.543333333333333,"30%"
"n500_d4_time_mar_miss30","gamlss.longitudinal",500,4,"sigma",0.35,-0.173055872717445,-0.137323690028611,-0.18229445298397,-0.130631571115541,0.0245086711728624,0.0329994722468815,"time_mar",0.3,0.299425,0.543333333333333,"30%"
"n500_d4_time_mar_miss30","gamlss.longitudinal",500,4,"mu",0.48,0.0689332784603675,0.0660565052368778,0.0542410143385189,0.0746058201430609,-0.00406658995054653,0.00936682933698422,"time_mar",0.3,0.299425,0.543333333333333,"30%"
"n500_d4_time_mar_miss30","gamlss2",500,4,"mu",0.35,0.444959346906221,0.441672697650766,0.391911879150376,0.498259101496733,-4.10965180728862e-05,0.0324656008267549,"time_mar",0.3,0.299425,0.543333333333333,"30%"
"n500_d4_time_mar_miss30","gamlss.longitudinal",500,4,"mu",0.17,0.481968674024125,0.477722059402518,0.448469944521984,0.488294689811553,-0.00889308456697231,0.0186911078082001,"time_mar",0.3,0.299425,0.543333333333333,"30%"
"n500_d4_time_mar_miss30","gamlss.longitudinal",500,4,"theta",0.16,0.0206310613124014,0.00626436239708622,-0.0192816871194491,0.0759700163425709,-0.00278751536850322,0.0390158303790143,"time_mar",0.3,0.299425,0.543333333333333,"30%"
"n500_d4_time_mar_miss30","gamlss.longitudinal",500,4,"sigma",0.47,-0.28924647224831,-0.221242563522106,-0.253340969093472,-0.202289007575245,0.0612609243282354,0.0645797782757764,"time_mar",0.3,0.299425,0.543333333333333,"30%"
"n500_d4_time_mar_miss30","gamlss2",500,4,"sigma",0.34,-0.157778335523402,-0.132222228084449,-0.227649756408719,0.000397977929747481,0.0272980199205881,0.0766772917218958,"time_mar",0.3,0.299425,0.543333333333333,"30%"
"n500_d4_time_mar_miss30","gamlss.longitudinal",500,4,"sigma",0.16,0.154717741463996,0.111560109347411,0.0755207194734736,0.127026658852926,-0.0514247041608019,0.0555113811829688,"time_mar",0.3,0.299425,0.543333333333333,"30%"
"n500_d4_time_mar_miss30","gamlss2",500,4,"mu",0.16,0.464380359026108,0.462882227500065,0.420317534800428,0.534945417660657,0.00223316904401321,0.0337760229400949,"time_mar",0.3,0.299425,0.543333333333333,"30%"
"n500_d4_time_mar_miss30","gamlss2",500,4,"mu",0.54,-0.13677943794067,-0.146464682327136,-0.186320109916574,-0.0927829075920908,-0.00523942997249649,0.0269165280042654,"time_mar",0.3,0.299425,0.543333333333333,"30%"
"n500_d4_time_mar_miss30","gamlss.longitudinal",500,4,"mu",0.36,0.423782283526684,0.41970932533232,0.403901306664632,0.466959262122659,0.00700604514852872,0.0267957709832435,"time_mar",0.3,0.299425,0.543333333333333,"30%"
"n500_d4_time_mar_miss30","gamlss.longitudinal",500,4,"theta",0.17,0.0325673178431966,0.0132362482411544,-0.00765648477779403,0.0812053151752669,-0.00707148697275817,0.0376755491711099,"time_mar",0.3,0.299425,0.543333333333333,"30%"
"n500_d4_time_mar_miss30","gamlss2",500,4,"sigma",0.17,0.139165805200812,0.124681887789168,-0.000488015382421212,0.211026739717364,-0.0172437346785218,0.0712176215207093,"time_mar",0.3,0.299425,0.543333333333333,"30%"
"n500_d4_time_mar_miss30","gamlss2",500,4,"mu",0.48,0.0689332784603675,0.063537231258754,0.0411086647162986,0.105654425172098,-0.000763238462624494,0.0217052168694316,"time_mar",0.3,0.299425,0.543333333333333,"30%"
"n500_d4_time_mar_miss30","gamlss2",500,4,"mu",0.46,0.13677943794067,0.137577278581942,0.10494613338729,0.178609993278275,0.00102132572962252,0.0237973476031875,"time_mar",0.3,0.299425,0.543333333333333,"30%"
"n500_d4_time_mar_miss30","gamlss2",500,4,"mu",0.17,0.481968674024125,0.477815665228177,0.441244623230351,0.540275729630077,0.000665267237715422,0.0314394039238926,"time_mar",0.3,0.299425,0.543333333333333,"30%"
"n500_d4_time_mar_miss30","gamlss.longitudinal",500,4,"sigma",0.04,0.274944651308886,0.305585205934538,0.193907231841017,0.393566989466423,0.0150520496520693,0.0793405632816601,"time_mar",0.3,0.299425,0.543333333333333,"30%"
"n500_d4_time_mar_miss30","gamlss.longitudinal",500,4,"sigma",0.6,-0.238175395342187,-0.200879317986493,-0.221619476814468,-0.171041086586446,0.0390071379536049,0.0438324890267208,"time_mar",0.3,0.299425,0.543333333333333,"30%"
"n500_d4_time_mar_miss30","gamlss.longitudinal",500,4,"sigma",0.58,-0.258002301042862,-0.21663549940937,-0.233545503819859,-0.182731644460127,0.0463309495351269,0.0505134651549866,"time_mar",0.3,0.299425,0.543333333333333,"30%"
"n500_d4_time_mar_miss30","gamlss2",500,4,"mu",0.4,0.32328188876086,0.320986409744244,0.289470836475219,0.380578408896088,0.0033329390873797,0.0294282724507374,"time_mar",0.3,0.299425,0.543333333333333,"30%"
"n500_d4_time_mar_miss30","gamlss.longitudinal",500,4,"theta",0.03,-0.165871351737091,-0.089502915535372,-0.178437089976431,-0.00199903881903271,0.0784394489359033,0.103771408232053,"time_mar",0.3,0.299425,0.543333333333333,"30%"
"n500_d4_time_mar_miss30","gamlss.longitudinal",500,4,"sigma",0.54,-0.285205245368292,-0.231064282285588,-0.249677800945391,-0.199097384340807,0.0570782745925315,0.0604702072063821,"time_mar",0.3,0.299425,0.543333333333333,"30%"
"n500_d4_time_mar_miss30","gamlss2",500,4,"mu",0.36,0.423782283526684,0.420447310511707,0.375371395249658,0.482248465941625,0.000949564338011638,0.0321059141130802,"time_mar",0.3,0.299425,0.543333333333333,"30%"
"n500_d4_time_mar_miss30","gamlss.longitudinal",500,4,"mu",0.18,0.497654878856311,0.492162705575944,0.463946369970371,0.500942342187828,-0.0107240038479788,0.0186385759886502,"time_mar",0.3,0.299425,0.543333333333333,"30%"
"n500_d4_time_mar_miss30","gamlss2",500,4,"mu",0.05,0.169959346906221,0.201610841921029,0.104983188692066,0.25595788998424,0.0216957458049691,0.0644090865874323,"time_mar",0.3,0.299425,0.543333333333333,"30%"
"n500_d4_time_mar_miss30","gamlss.longitudinal",500,4,"sigma",0.48,-0.292144707424046,-0.225030330025725,-0.25415627960291,-0.203900861042146,0.061897098027142,0.0651202533754679,"time_mar",0.3,0.299425,0.543333333333333,"30%"
"n500_d4_time_mar_miss30","gamlss2",500,4,"mu",0.3,0.523081083962335,0.522276768137743,0.459187015580482,0.558135750496545,-0.00545216395265679,0.0298522846905218,"time_mar",0.3,0.299425,0.543333333333333,"30%"
"n500_d4_time_mar_miss30","gamlss.longitudinal",500,4,"sigma",0.17,0.139165805200812,0.0961915398803563,0.0651007142085341,0.106431028532271,-0.051015267332464,0.053838359384848,"time_mar",0.3,0.299425,0.543333333333333,"30%"
"n500_d4_time_mar_miss30","gamlss2",500,4,"sigma",0.04,0.274944651308886,0.216738555576811,-0.000488335108249735,0.436710093452806,-0.0597157066541609,0.13511656093211,"time_mar",0.3,0.299425,0.543333333333333,"30%"
"n500_d4_time_mar_miss30","gamlss2",500,4,"sigma",0.6,-0.238175395342187,-0.196654282899024,-0.306821657623186,-2.28470528939242e-05,0.0490276168781614,0.114084675484125,"time_mar",0.3,0.299425,0.543333333333333,"30%"
"n500_d4_time_mar_miss30","gamlss2",500,4,"sigma",0.58,-0.258002301042862,-0.249905063329201,-0.310100837825767,-6.9436213236383e-05,0.0516394078103863,0.115830978754645,"time_mar",0.3,0.299425,0.543333333333333,"30%"
"n500_d4_time_mar_miss30","gamlss.longitudinal",500,4,"sigma",0.4,-0.238175395342187,-0.181210577531734,-0.225523522600947,-0.171042022191046,0.0457515731433308,0.0509306020372106,"time_mar",0.3,0.299425,0.543333333333333,"30%"
"n500_d4_time_mar_miss30","gamlss.longitudinal",500,4,"mu",0.04,0.13677943794067,0.142077544596351,0.109186687345362,0.299680916290096,0.0347368017124373,0.0907860397830601,"time_mar",0.3,0.299425,0.543333333333333,"30%"
"n500_d4_time_mar_miss30","gamlss2",500,4,"sigma",0.54,-0.285205245368292,-0.255326521263405,-0.335840330214123,-0.000155093449698062,0.05837100784056,0.120668002365752,"time_mar",0.3,0.299425,0.543333333333333,"30%"
"n500_d4_time_mar_miss30","gamlss.longitudinal",500,4,"sigma",0.36,-0.18765749395431,-0.147068845038635,-0.19245722163785,-0.140125180925973,0.0292585653247804,0.0368379875419347,"time_mar",0.3,0.299425,0.543333333333333,"30%"
"n500_d4_time_mar_miss30","gamlss2",500,4,"mu",0.18,0.497654878856311,0.494766721830307,0.459669316896256,0.543703603408111,-0.00085571616165861,0.0296720877989797,"time_mar",0.3,0.299425,0.543333333333333,"30%"
"n500_d4_time_mar_miss30","gamlss.longitudinal",500,4,"sigma",0.05,0.270596657858843,0.289042475561134,0.184292982810337,0.370472432929738,0.00364788124090254,0.0727147996745627,"time_mar",0.3,0.299425,0.543333333333333,"30%"
"n500_d4_time_mar_miss30","gamlss2",500,4,"sigma",0.48,-0.292144707424046,-0.249444623298776,-0.324841934007708,-0.000159298245592942,0.0706349035186006,0.126698319868994,"time_mar",0.3,0.299425,0.543333333333333,"30%"
"n500_d4_time_mar_miss30","gamlss.longitudinal",500,4,"sigma",0.3,-0.0911753953421872,-0.082517922846833,-0.120843535675566,-0.0780203880087386,-0.00139428063393104,0.0184181288794861,"time_mar",0.3,0.299425,0.543333333333333,"30%"
"n500_d4_time_mar_miss30","gamlss.longitudinal",500,4,"sigma",0.28,-0.0555246914054204,-0.0605217110147878,-0.0916526571174213,-0.055307368422822,-0.0119618940463278,0.0197574116780055,"time_mar",0.3,0.299425,0.543333333333333,"30%"
"n500_d4_time_mar_miss30","gamlss.longitudinal",500,4,"theta",0.04,-0.149762537475142,-0.0819411452310801,-0.165941800589484,0.00438495052066329,0.0706286666318804,0.0963164004455807,"time_mar",0.3,0.299425,0.543333333333333,"30%"
"n500_d4_time_mar_miss30","gamlss.longitudinal",500,4,"theta",0.6,0.111565942276249,0.0964317868342639,0.0546875336104937,0.151104050744587,-0.0143812135034882,0.0423972583260865,"time_mar",0.3,0.299425,0.543333333333333,"30%"
"n500_d4_time_mar_miss30","gamlss.longitudinal",500,4,"theta",0.58,0.126583737775194,0.10743714801742,0.066765926257836,0.166325689554446,-0.015988512385114,0.0435607012490495,"time_mar",0.3,0.299425,0.543333333333333,"30%"
"n500_d4_time_mar_miss30","gamlss2",500,4,"sigma",0.4,-0.238175395342187,-0.204825375322364,-0.272724011374078,0.000144114093018371,0.0593257169143421,0.10744754588983,"time_mar",0.3,0.299425,0.543333333333333,"30%"
"n500_d4_time_mar_miss30","gamlss2",500,4,"mu",0.04,0.13677943794067,0.168246662136689,0.0866877379660708,0.224453080824195,0.024168631971596,0.0696130350172658,"time_mar",0.3,0.299425,0.543333333333333,"30%"
"n500_d4_time_mar_miss30","gamlss.longitudinal",500,4,"theta",0.54,0.151839401451125,0.124172210404673,0.0878893516592713,0.189587698152351,-0.0196690004892773,0.0450754060196254,"time_mar",0.3,0.299425,0.543333333333333,"30%"
"n500_d4_time_mar_miss30","gamlss2",500,4,"sigma",0.36,-0.18765749395431,-0.16247506169564,-0.237201699008997,0.000311009900124955,0.0384385994162618,0.0865979966937074,"time_mar",0.3,0.299425,0.543333333333333,"30%"
"n500_d4_time_mar_miss30","gamlss.longitudinal",500,4,"sigma",0.18,0.123023490439819,0.080998116351254,0.0545814295310019,0.0862307605673976,-0.0498902944536497,0.0517644833478707,"time_mar",0.3,0.299425,0.543333333333333,"30%"
"n500_d4_time_mar_miss30","gamlss2",500,4,"sigma",0.05,0.270596657858843,0.222153055122768,-0.000488663697740807,0.39525732031491,-0.0594619559603535,0.126193483988266,"time_mar",0.3,0.299425,0.543333333333333,"30%"
"n500_d4_time_mar_miss30","gamlss.longitudinal",500,4,"theta",0.48,0.176791490275426,0.135533694300838,0.110929574364075,0.205451785753566,-0.026193136427991,0.0457564354892961,"time_mar",0.3,0.299425,0.543333333333333,"30%"
"n500_d4_time_mar_miss30","gamlss2",500,4,"sigma",0.3,-0.0911753953421872,-0.094171699974844,-0.15344516580591,0.000578355106713423,0.00907266672467696,0.0591053760143098,"time_mar",0.3,0.299425,0.543333333333333,"30%"
"n500_d4_time_mar_miss30","gamlss2",500,4,"sigma",0.28,-0.0555246914054204,-0.0654339721139434,-0.103418161355057,0.0163611112881597,0.00311367284154907,0.0514211742936678,"time_mar",0.3,0.299425,0.543333333333333,"30%"
"n500_d4_time_mar_miss30","gamlss.longitudinal",500,4,"mu",0.05,0.169959346906221,0.180318080200927,0.140264058538451,0.314797494173923,0.0304634039149525,0.0813041180646501,"time_mar",0.3,0.299425,0.543333333333333,"30%"
"n500_d4_time_mar_miss30","gamlss.longitudinal",500,4,"mu",0.61,-0.350583194361779,-0.35906052322778,-0.396972190851702,-0.304997500079717,-0.00538635934447529,0.0363108173965265,"time_mar",0.3,0.299425,0.543333333333333,"30%"
"n500_d4_time_mar_miss30","gamlss.longitudinal",500,4,"mu",0.59,-0.294704737238448,-0.297470756992459,-0.337532793817674,-0.254744420067017,-0.00580363122126121,0.0333001407419936,"time_mar",0.3,0.299425,0.543333333333333,"30%"
"n500_d4_time_mar_miss30","gamlss.longitudinal",500,4,"theta",0.4,0.183902827970943,0.150112700914081,0.118480079149439,0.191021508855268,-0.0347135209283971,0.0453174538917771,"time_mar",0.3,0.299425,0.543333333333333,"30%"
"n500_d4_time_mar_miss30","gamlss.longitudinal",500,4,"sigma",0.06,0.265102648736772,0.272525181307902,0.174662958826351,0.347472903472895,-0.00659148402481785,0.0677218146182421,"time_mar",0.3,0.299425,0.543333333333333,"30%"
"n500_d4_time_mar_miss30","gamlss.longitudinal",500,4,"mu",0.55,-0.169959346906221,-0.172795637375837,-0.202648066508843,-0.147254992804825,-0.00685929596395913,0.0238170739704646,"time_mar",0.3,0.299425,0.543333333333333,"30%"
"n500_d4_time_mar_miss30","gamlss.longitudinal",500,4,"theta",0.36,0.175747440125566,0.131215793674867,0.113685400779409,0.174005313616389,-0.0374305206982044,0.0447782287395281,"time_mar",0.3,0.299425,0.543333333333333,"30%"
"n500_d4_time_mar_miss30","gamlss2",500,4,"sigma",0.18,0.123023490439819,0.109126732926635,-0.000487115370006095,0.199744446048049,-0.0142054874483391,0.0658766643254184,"time_mar",0.3,0.299425,0.543333333333333,"30%"
"n500_d4_time_mar_miss30","gamlss.longitudinal",500,4,"theta",0.05,-0.133901324913069,-0.0743916163356936,-0.15345861980627,0.0107461084087678,0.0630547923099834,0.089179246545405,"time_mar",0.3,0.299425,0.543333333333333,"30%"
"n500_d4_time_mar_miss30","gamlss.longitudinal",500,4,"mu",0.49,0.0345347857411225,0.0315743611363883,0.0187236692785695,0.0399733912748125,-0.00504151297684054,0.00970651037642216,"time_mar",0.3,0.299425,0.543333333333333,"30%"
"n500_d4_time_mar_miss30","gamlss.longitudinal",500,4,"theta",0.3,0.14876803279044,0.0984344084128284,0.0923961385005935,0.139572641901741,-0.0371357311125149,0.042799634771126,"time_mar",0.3,0.299425,0.543333333333333,"30%"
"n500_d4_time_mar_miss30","gamlss.longitudinal",500,4,"theta",0.28,0.135900998357306,0.0913178757160089,0.0787703681395104,0.131671119991009,-0.0354265636373023,0.0416388819583015,"time_mar",0.3,0.299425,0.543333333333333,"30%"
"n500_d4_time_mar_miss30","gamlss.longitudinal",500,4,"mu",0.16,0.464380359026108,0.46519142289108,0.430169525840623,0.474269558156152,-0.00673322915382488,0.0193289497696385,"time_mar",0.3,0.299425,0.543333333333333,"30%"
"n500_d4_time_mar_miss30","gamlss2",500,4,"mu",0.61,-0.350583194361779,-0.361205708835197,-0.398852188190288,-0.29433130921299,-0.00682018859902669,0.0323802212345811,"time_mar",0.3,0.299425,0.543333333333333,"30%"
"n500_d4_time_mar_miss30","gamlss2",500,4,"mu",0.59,-0.294704737238448,-0.30640950997882,-0.340884935711065,-0.244673949627793,-0.00652174638757713,0.0315211398751134,"time_mar",0.3,0.299425,0.543333333333333,"30%"
"n500_d4_time_mar_miss30","gamlss.longitudinal",500,4,"mu",0.41,0.294704737238448,0.292082378073902,0.271909681251901,0.325966459186787,0.00510073734033921,0.0229453375269543,"time_mar",0.3,0.299425,0.543333333333333,"30%"
"n500_d4_time_mar_miss30","gamlss2",500,4,"sigma",0.06,0.265102648736772,0.231419074602649,-0.000488975311919157,0.347422965530954,-0.058254551917469,0.118918541943275,"time_mar",0.3,0.299425,0.543333333333333,"30%"
"n500_d4_time_mar_miss30","gamlss2",500,4,"mu",0.55,-0.169959346906221,-0.178101327930679,-0.221208116317737,-0.123841083655831,-0.00565119510120284,0.0283723726703804,"time_mar",0.3,0.299425,0.543333333333333,"30%"
"n500_d4_time_mar_miss30","gamlss.longitudinal",500,4,"mu",0.37,0.400932745081776,0.396700193080069,0.380296051570392,0.44386932658256,0.00730591208170377,0.0270134920375553,"time_mar",0.3,0.299425,0.543333333333333,"30%"
"n500_d4_time_mar_miss30","gamlss.longitudinal",500,4,"theta",0.18,0.044106825753044,0.0201277069228071,0.00259659711088722,0.0862672084640956,-0.0110701503418868,0.0368497942766066,"time_mar",0.3,0.299425,0.543333333333333,"30%"
"n500_d4_time_mar_miss30","gamlss.longitudinal",500,4,"mu",0.06,0.202468503976573,0.217115231530514,0.171004222677668,0.32982548886447,0.0263286838441066,0.0722699005159566,"time_mar",0.3,0.299425,0.543333333333333,"30%"
"n500_d4_time_mar_miss30","gamlss2",500,4,"mu",0.49,0.0345347857411225,0.0319561398697691,0.0053850794930674,0.0676592504156488,-0.00167987627076407,0.0212715956486231,"time_mar",0.3,0.299425,0.543333333333333,"30%"
"n500_d4_time_mar_miss30","gamlss.longitudinal",500,4,"mu",0.31,0.511377067238538,0.509791591352351,0.489909311915569,0.54002808369402,0.000122612245416376,0.0200077565301784,"time_mar",0.3,0.299425,0.543333333333333,"30%"
"n500_d4_time_mar_miss30","gamlss.longitudinal",500,4,"mu",0.29,0.532720738620747,0.531256218685451,0.508463630610221,0.551449137722637,-0.00402312969623122,0.0172717044310415,"time_mar",0.3,0.299425,0.543333333333333,"30%"
"n500_d4_time_mar_miss30","gamlss.longitudinal",500,4,"mu",0,8.15367795041445e-18,-0.00691680086560623,-0.0125285029708985,0.246908392242015,0.0604583670036104,0.135343439151089,"time_mar",0.3,0.299425,0.543333333333333,"30%"
"n500_d4_time_mar_miss30","gamlss.longitudinal",500,4,"sigma",0.61,-0.22683426986244,-0.193698536849129,-0.214517139054107,-0.164040893107907,0.0349485379841208,0.0401980973651403,"time_mar",0.3,0.299425,0.543333333333333,"30%"
"n500_d4_time_mar_miss30","gamlss.longitudinal",500,4,"sigma",0.59,-0.248578674680307,-0.209026138350097,-0.227990577699837,-0.177151151347827,0.0428190612268058,0.0472993963336664,"time_mar",0.3,0.299425,0.543333333333333,"30%"
"n500_d4_time_mar_miss30","gamlss2",500,4,"mu",0.41,0.294704737238448,0.294592835701682,0.263307810385073,0.341705047882005,0.00342946732006282,0.0287148036197631,"time_mar",0.3,0.299425,0.543333333333333,"30%"
"n500_d4_time_mar_miss30","gamlss.longitudinal",500,4,"theta",0.06,-0.11830099864248,-0.0668588841450304,-0.140991985117151,0.0170667488139299,0.0557246949553599,0.0823778917006553,"time_mar",0.3,0.299425,0.543333333333333,"30%"
"n500_d4_time_mar_miss30","gamlss.longitudinal",500,4,"sigma",0.55,-0.280037251918249,-0.229042199212594,-0.246722004933771,-0.195938281414997,0.0549262350997516,0.0584601151039586,"time_mar",0.3,0.299425,0.543333333333333,"30%"
"n500_d4_time_mar_miss30","gamlss2",500,4,"mu",0.37,0.400932745081776,0.39711969892026,0.36262078577546,0.463743976581942,0.00181154238383206,0.0315399715281131,"time_mar",0.3,0.299425,0.543333333333333,"30%"
"n500_d4_time_mar_miss30","gamlss.longitudinal",500,4,"mu",0.19,0.511377067238538,0.506030542700881,0.477249536173923,0.512284529670982,-0.0121866650332017,0.018896597251446,"time_mar",0.3,0.299425,0.543333333333333,"30%"
"n500_d4_time_mar_miss30","gamlss2",500,4,"mu",0.06,0.202468503976573,0.22900995863818,0.127269304577486,0.292305690889424,0.0194207883626125,0.0603337257515181,"time_mar",0.3,0.299425,0.543333333333333,"30%"
"n500_d4_time_mar_miss30","gamlss.longitudinal",500,4,"sigma",0.49,-0.293888315558184,-0.228077011118506,-0.25419172871371,-0.204861422366802,0.0620841902179562,0.0652461697197707,"time_mar",0.3,0.299425,0.543333333333333,"30%"
"n500_d4_time_mar_miss30","gamlss2",500,4,"mu",0.31,0.511377067238538,0.509707532562836,0.445706860956776,0.540792533774381,-0.00446512165715952,0.0308891814801413,"time_mar",0.3,0.299425,0.543333333333333,"30%"
"n500_d4_time_mar_miss30","gamlss2",500,4,"mu",0.29,0.532720738620747,0.532712953808264,0.475006563697658,0.559341045483395,-0.00629788531236,0.0287548695834466,"time_mar",0.3,0.299425,0.543333333333333,"30%"
"n500_d4_time_mar_miss30","gamlss2",500,4,"mu",0,8.15367795041445e-18,0.027251419657586,-0.0935229605598182,0.140699814022694,0.0358243653694962,0.100606154012866,"time_mar",0.3,0.299425,0.543333333333333,"30%"
"n500_d4_time_mar_miss30","gamlss2",500,4,"sigma",0.61,-0.22683426986244,-0.168128550097632,-0.299796753880558,1.35295687821114e-06,0.0476596912031695,0.113161860708365,"time_mar",0.3,0.299425,0.543333333333333,"30%"
"n500_d4_time_mar_miss30","gamlss2",500,4,"sigma",0.59,-0.248578674680307,-0.228121017001247,-0.309956556076455,-4.64474474540881e-05,0.0503232635349725,0.114933044895798,"time_mar",0.3,0.299425,0.543333333333333,"30%"
"n500_d4_time_mar_miss30","gamlss.longitudinal",500,4,"sigma",0.41,-0.248578674680307,-0.188492681393679,-0.231869005607089,-0.177455404244071,0.0490816252849514,0.0538515363165491,"time_mar",0.3,0.299425,0.543333333333333,"30%"
"n500_d4_time_mar_miss30","gamlss.longitudinal",500,4,"mu",0.07,0.23417861036079,0.249803726347352,0.201284874896132,0.345349858007033,0.0224505815363063,0.0637786893070815,"time_mar",0.3,0.299425,0.543333333333333,"30%"
"n500_d4_time_mar_miss30","gamlss2",500,4,"sigma",0.55,-0.280037251918249,-0.262670069960136,-0.325627760858914,-0.000134638589027579,0.0564087529228101,0.119303748115526,"time_mar",0.3,0.299425,0.543333333333333,"30%"
"n500_d4_time_mar_miss30","gamlss.longitudinal",500,4,"sigma",0.37,-0.20152442880831,-0.156323047316053,-0.20186942970284,-0.148590519197165,0.0337959724488579,0.0406242405104103,"time_mar",0.3,0.299425,0.543333333333333,"30%"
"n500_d4_time_mar_miss30","gamlss2",500,4,"mu",0.19,0.511377067238538,0.507544643596046,0.471214224305076,0.558880458514099,-0.00229852590826726,0.0284693923084017,"time_mar",0.3,0.299425,0.543333333333333,"30%"
"n500_d4_time_mar_miss30","gamlss.longitudinal",500,4,"mu",0.01,0.0345347857411224,0.0233573667031723,0.0149343127178135,0.254035992606304,0.0486813672457359,0.121235531651127,"time_mar",0.3,0.299425,0.543333333333333,"30%"
"n500_d4_time_mar_miss30","gamlss2",500,4,"sigma",0.49,-0.293888315558184,-0.253237650898283,-0.33170075834076,-0.000194277527470953,0.0690542785909139,0.126329967200952,"time_mar",0.3,0.299425,0.543333333333333,"30%"
"n500_d4_time_mar_miss30","gamlss.longitudinal",500,4,"sigma",0.31,-0.108517662835106,-0.0942271665280808,-0.134501925470708,-0.088946218969401,0.00394076459834822,0.0198420313541877,"time_mar",0.3,0.299425,0.543333333333333,"30%"
"n500_d4_time_mar_miss30","gamlss.longitudinal",500,4,"sigma",0.29,-0.0734872631791594,-0.071595917266636,-0.106580456185496,-0.0667305051753445,-0.00671767040248822,0.0184061044964151,"time_mar",0.3,0.299425,0.543333333333333,"30%"
"n500_d4_time_mar_miss30","gamlss.longitudinal",500,4,"sigma",0,0.280529702970297,0.366649138940896,0.226942221397285,0.483324627702526,0.0685686352436778,0.121196472192195,"time_mar",0.3,0.299425,0.543333333333333,"30%"
"n500_d4_time_mar_miss30","gamlss.longitudinal",500,4,"theta",0.61,0.103492763453817,0.0903103605438911,0.0467053867095836,0.142588445688869,-0.0136530601094407,0.0417009888799392,"time_mar",0.3,0.299425,0.543333333333333,"30%"
"n500_d4_time_mar_miss30","gamlss.longitudinal",500,4,"theta",0.59,0.119266256313551,0.10213532706674,0.0608463785562632,0.158998597232221,-0.015169718118655,0.0430152702905514,"time_mar",0.3,0.299425,0.543333333333333,"30%"
"n500_d4_time_mar_miss30","gamlss2",500,4,"sigma",0.41,-0.248578674680307,-0.208623666751537,-0.285194055790598,0.000103928565336835,0.0633932588992065,0.112122695867542,"time_mar",0.3,0.299425,0.543333333333333,"30%"
"n500_d4_time_mar_miss30","gamlss2",500,4,"mu",0.07,0.23417861036079,0.256187835419844,0.159969380695472,0.330146825399573,0.0173290780256592,0.0572070908959386,"time_mar",0.3,0.299425,0.543333333333333,"30%"
"n500_d4_time_mar_miss30","gamlss.longitudinal",500,4,"theta",0.55,0.146145232346583,0.120665819186549,0.0829999593111617,0.184703692267598,-0.0186913735776003,0.0447980597486084,"time_mar",0.3,0.299425,0.543333333333333,"30%"
"n500_d4_time_mar_miss30","gamlss2",500,4,"sigma",0.37,-0.20152442880831,-0.174005530993206,-0.249634490207531,0.000268385698837999,0.0440658289646344,0.0918315233291659,"time_mar",0.3,0.299425,0.543333333333333,"30%"
"n500_d4_time_mar_miss30","gamlss.longitudinal",500,4,"sigma",0.19,0.1063570687757,0.0657460415824997,0.0439347954443454,0.0684349245781713,-0.0481161807327186,0.0493113418771171,"time_mar",0.3,0.299425,0.543333333333333,"30%"
"n500_d4_time_mar_miss30","gamlss2",500,4,"mu",0.01,0.0345347857411224,0.0597538113955703,-0.0428407863157409,0.161199938937913,0.0327176516819693,0.0916694645413903,"time_mar",0.3,0.299425,0.543333333333333,"30%"
"n500_d4_time_mar_miss30","gamlss.longitudinal",500,4,"theta",0.49,0.173763070864592,0.134772726883245,0.107885364035288,0.204441964910855,-0.0250436916965703,0.0457318363434872,"time_mar",0.3,0.299425,0.543333333333333,"30%"
"n500_d4_time_mar_miss30","gamlss2",500,4,"sigma",0.31,-0.108517662835106,-0.103643152680959,-0.177721355307211,0.000532497375740869,0.0128905764585866,0.0632672908828584,"time_mar",0.3,0.299425,0.543333333333333,"30%"
"n500_d4_time_mar_miss30","gamlss2",500,4,"sigma",0.29,-0.0734872631791594,-0.0806065637258289,-0.125146632767111,0.00253487492722592,0.00581614133425352,0.0551210232094455,"time_mar",0.3,0.299425,0.543333333333333,"30%"
"n500_d4_time_mar_miss30","gamlss2",500,4,"sigma",0,0.280529702970297,0.243477057342397,-0.00048696068393089,0.547169854520687,-0.0497550844790547,0.184906777706544,"time_mar",0.3,0.299425,0.543333333333333,"30%"
"n500_d4_time_mar_miss30","gamlss.longitudinal",500,4,"mu",0.62,-0.376500908260779,-0.388070907270407,-0.42430424835868,-0.329464114037977,-0.00537416213121479,0.0372946605957967,"time_mar",0.3,0.299425,0.543333333333333,"30%"
"n500_d4_time_mar_miss30","gamlss.longitudinal",500,4,"mu",0.6,-0.32328188876086,-0.328932817416874,-0.368089560435592,-0.280071430149855,-0.00558757562772687,0.0350143442704556,"time_mar",0.3,0.299425,0.543333333333333,"30%"
"n500_d4_time_mar_miss30","gamlss.longitudinal",500,4,"theta",0.41,0.184710510346205,0.149133151815661,0.118861239439615,0.194924154163737,-0.0337876336562297,0.0453989564762727,"time_mar",0.3,0.299425,0.543333333333333,"30%"
"n500_d4_time_mar_miss30","gamlss.longitudinal",500,4,"sigma",0.07,0.258487818710103,0.256047630249861,0.165008866775461,0.324535763422371,-0.0156999455456102,0.0641727149592366,"time_mar",0.3,0.299425,0.543333333333333,"30%"
"n500_d4_time_mar_miss30","gamlss.longitudinal",500,4,"mu",0.56,-0.202468503976573,-0.204805793642537,-0.237435479130452,-0.174827131203435,-0.00665468573357222,0.026488138751758,"time_mar",0.3,0.299425,0.543333333333333,"30%"
"n500_d4_time_mar_miss30","gamlss.longitudinal",500,4,"theta",0.37,0.178526185500532,0.136556940280326,0.115370128019796,0.178992352276582,-0.0369199372578864,0.0449495391458633,"time_mar",0.3,0.299425,0.543333333333333,"30%"
"n500_d4_time_mar_miss30","gamlss2",500,4,"sigma",0.19,0.1063570687757,0.0912821914438264,-0.00048599244490901,0.186552658058562,-0.0116138030039338,0.060678875001786,"time_mar",0.3,0.299425,0.543333333333333,"30%"
"n500_d4_time_mar_miss30","gamlss.longitudinal",500,4,"sigma",0.01,0.280927721498779,0.355290795975306,0.222703309567991,0.463090155917457,0.0563683559263463,0.109508264186732,"time_mar",0.3,0.299425,0.543333333333333,"30%"
"n500_d4_time_mar_miss30","gamlss.longitudinal",500,4,"mu",0.5,7.55070274106452e-17,-0.00554543782708074,-0.018586849539251,0.00570701433607012,-0.0058152345526401,0.0110710448681226,"time_mar",0.3,0.299425,0.543333333333333,"30%"
"n500_d4_time_mar_miss30","gamlss.longitudinal",500,4,"theta",0.31,0.154482471549843,0.101567550190786,0.0976329333119897,0.143117841853579,-0.0376672156724387,0.0432831612245852,"time_mar",0.3,0.299425,0.543333333333333,"30%"
"n500_d4_time_mar_miss30","gamlss.longitudinal",500,4,"theta",0.29,0.142572959966697,0.0950241617478297,0.0857284747478169,0.135759955862518,-0.0363900649434835,0.0422487718323169,"time_mar",0.3,0.299425,0.543333333333333,"30%"
"n500_d4_time_mar_miss30","gamlss.longitudinal",500,4,"theta",0,-0.215546973847946,-0.110102623819159,-0.213917166765562,-0.0202392346118447,0.105433358747837,0.129543556151721,"time_mar",0.3,0.299425,0.543333333333333,"30%"
"n500_d4_time_mar_miss30","gamlss2",500,4,"mu",0.62,-0.376500908260779,-0.389976825343153,-0.424251865080239,-0.319581596131987,-0.00703155066170188,0.0330226738680067,"time_mar",0.3,0.299425,0.543333333333333,"30%"
"n500_d4_time_mar_miss30","gamlss2",500,4,"mu",0.6,-0.32328188876086,-0.334702963635166,-0.371120472440378,-0.2689323321667,-0.00665830575286253,0.0319132818394877,"time_mar",0.3,0.299425,0.543333333333333,"30%"
"n500_d4_time_mar_miss30","gamlss.longitudinal",500,4,"mu",0.42,0.264964520755944,0.263328547328334,0.242082413785174,0.291915117798024,0.00383136766063117,0.0209213754494261,"time_mar",0.3,0.299425,0.543333333333333,"30%"
"n500_d4_time_mar_miss30","gamlss2",500,4,"sigma",0.07,0.258487818710103,0.223744743911964,-0.000489261494440516,0.305211934162107,-0.0561936464261147,0.113162196009002,"time_mar",0.3,0.299425,0.543333333333333,"30%"
"n500_d4_time_mar_miss30","gamlss2",500,4,"mu",0.56,-0.202468503976573,-0.211527639457656,-0.253942307253143,-0.154409695573294,-0.00596745956405601,0.0295625481854862,"time_mar",0.3,0.299425,0.543333333333333,"30%"
"n500_d4_time_mar_miss30","gamlss.longitudinal",500,4,"mu",0.38,0.376500908260779,0.372221800500588,0.355230919441091,0.418008092940735,0.00722823741060291,0.0266745744654402,"time_mar",0.3,0.299425,0.543333333333333,"30%"
"n500_d4_time_mar_miss30","gamlss.longitudinal",500,4,"theta",0.19,0.055240565451063,0.0269228292230787,0.0110056824975036,0.0911649976044522,-0.0147782799635947,0.0364794509567663,"time_mar",0.3,0.299425,0.543333333333333,"30%"
"n500_d4_time_mar_miss30","gamlss2",500,4,"sigma",0.01,0.280927721498779,0.237090422891063,-0.000487307220433583,0.519473667382596,-0.0539940263654632,0.170777846010708,"time_mar",0.3,0.299425,0.543333333333333,"30%"
"n500_d4_time_mar_miss30","gamlss2",500,4,"mu",0.5,7.55070274106452e-17,-0.0021351052651401,-0.0289979467208733,0.0271027828209362,-0.00256189018063871,0.0214843643307501,"time_mar",0.3,0.299425,0.543333333333333,"30%"
"n500_d4_time_mar_miss30","gamlss.longitudinal",500,4,"mu",0.32,0.497654878856311,0.495647547104453,0.477613666516484,0.530834238153067,0.00207852558565781,0.0217180508146474,"time_mar",0.3,0.299425,0.543333333333333,"30%"
"n500_d4_time_mar_miss30","gamlss.longitudinal",500,4,"mu",0.3,0.523081083962335,0.522356310553582,0.500199465090015,0.546686525572088,-0.00190691831436762,0.0184244784701387,"time_mar",0.3,0.299425,0.543333333333333,"30%"
"n500_d4_time_mar_miss30","gamlss.longitudinal",500,4,"mu",0.28,0.540257987900779,0.534392025668044,0.51454237561029,0.554687205371844,-0.00623144823722943,0.0166746057188837,"time_mar",0.3,0.299425,0.543333333333333,"30%"
"n500_d4_time_mar_miss30","gamlss.longitudinal",500,4,"sigma",0.62,-0.214600885256126,-0.186635362449913,-0.206647930541166,-0.156511953489858,0.0305971042338741,0.0363487475755159,"time_mar",0.3,0.299425,0.543333333333333,"30%"
"n500_d4_time_mar_miss30","gamlss2",500,4,"mu",0.44,0.202468503976573,0.204749033423614,0.169122412899981,0.239420079151447,0.00247594234183429,0.0261465743712611,"time_mar",0.3,0.299425,0.543333333333333,"30%"
"n500_d4_time_mar_miss30","gamlss2",500,4,"mu",0.42,0.264964520755944,0.26487115961007,0.23372155311902,0.304530998090518,0.00331031378904668,0.027964902121406,"time_mar",0.3,0.299425,0.543333333333333,"30%"
"n500_d4_time_mar_miss30","gamlss.longitudinal",500,4,"theta",0.07,-0.10297458579171,-0.0593509793927395,-0.128551104567776,0.0233575962389007,0.0486504077536446,0.0759454670288794,"time_mar",0.3,0.299425,0.543333333333333,"30%"
"n500_d4_time_mar_miss30","gamlss.longitudinal",500,4,"sigma",0.56,-0.273763242796178,-0.226116070983537,-0.243052872941186,-0.192142279021916,0.0523944497827909,0.0561118123782595,"time_mar",0.3,0.299425,0.543333333333333,"30%"
"n500_d4_time_mar_miss30","gamlss2",500,4,"mu",0.38,0.376500908260779,0.370752517942801,0.343544517830162,0.442690863302212,0.00251114978810553,0.0308596579697911,"time_mar",0.3,0.299425,0.543333333333333,"30%"
"n500_d4_time_mar_miss30","gamlss.longitudinal",500,4,"mu",0.2,0.523081083962334,0.515660118054044,0.488923064136142,0.522590699208487,-0.0132363494532518,0.0191934014447916,"time_mar",0.3,0.299425,0.543333333333333,"30%"
"n500_d4_time_mar_miss30","gamlss.longitudinal",500,4,"theta",0.01,-0.198777438580707,-0.104644315194038,-0.203444052961644,-0.0148022510717635,0.0947337717096558,0.11955428847052,"time_mar",0.3,0.299425,0.543333333333333,"30%"
"n500_d4_time_mar_miss30","gamlss.longitudinal",500,4,"sigma",0.5,-0.294470297029703,-0.230321114591943,-0.253516137096636,-0.205077056321145,0.0618993712788438,0.0650391995419065,"time_mar",0.3,0.299425,0.543333333333333,"30%"
"n500_d4_time_mar_miss30","gamlss2",500,4,"mu",0.32,0.497654878856311,0.49504782284869,0.433853272326981,0.533551369610165,-0.00338149887400368,0.0317341916578981,"time_mar",0.3,0.299425,0.543333333333333,"30%"
"n500_d4_time_mar_miss30","gamlss.longitudinal",500,4,"mu",0.14,0.423782283526684,0.428711067979084,0.388662688648677,0.445354174474838,-0.00139942069999486,0.0231678716677162,"time_mar",0.3,0.299425,0.543333333333333,"30%"
"n500_d4_time_mar_miss30","gamlss2",500,4,"mu",0.28,0.540257987900779,0.540731157069233,0.490974757639209,0.568982493617589,-0.00695926310605429,0.0277535107927321,"time_mar",0.3,0.299425,0.543333333333333,"30%"
"n500_d4_time_mar_miss30","gamlss2",500,4,"sigma",0.62,-0.214600885256126,-0.15403531282535,-0.288636508525144,2.61396378156611e-05,0.0461167695898834,0.112001563024926,"time_mar",0.3,0.299425,0.543333333333333,"30%"
"n500_d4_time_mar_miss30","gamlss.longitudinal",500,4,"sigma",0.44,-0.273763242796178,-0.20673000683118,-0.246163469084717,-0.193022831358231,0.0569420366424763,0.0607915535747452,"time_mar",0.3,0.299425,0.543333333333333,"30%"
"n500_d4_time_mar_miss30","gamlss.longitudinal",500,4,"sigma",0.42,-0.258002301042862,-0.195152953195449,-0.237391446738104,-0.183260559735736,0.0521055978389353,0.0565149667264088,"time_mar",0.3,0.299425,0.543333333333333,"30%"
"n500_d4_time_mar_miss30","gamlss.longitudinal",500,4,"mu",0.08,0.264964520755943,0.27948072992788,0.230813595998781,0.360898908619424,0.0186142041891573,0.0558723889891945,"time_mar",0.3,0.299425,0.543333333333333,"30%"
"n500_d4_time_mar_miss30","gamlss2",500,4,"sigma",0.56,-0.273763242796178,-0.265482564363475,-0.319589078236891,-0.000113539689550756,0.0546361337051588,0.118016180617051,"time_mar",0.3,0.299425,0.543333333333333,"30%"
"n500_d4_time_mar_miss30","gamlss.longitudinal",500,4,"sigma",0.38,-0.214600885256126,-0.165153466216368,-0.210516293808027,-0.15655610367083,0.0380768618411015,0.0442706473737101,"time_mar",0.3,0.299425,0.543333333333333,"30%"
"n500_d4_time_mar_miss30","gamlss2",500,4,"mu",0.2,0.523081083962334,0.519306553211125,0.481588849944637,0.570724830512173,-0.0036266401246805,0.027719216144677,"time_mar",0.3,0.299425,0.543333333333333,"30%"
"n500_d4_time_mar_miss30","gamlss.longitudinal",500,4,"mu",0.02,0.0689332784603674,0.0633216637966744,0.0464466449273385,0.269274787759806,0.0438616654739441,0.110829825613371,"time_mar",0.3,0.299425,0.543333333333333,"30%"
"n500_d4_time_mar_miss30","gamlss2",500,4,"sigma",0.5,-0.294470297029703,-0.256074788281469,-0.336876155290576,-0.000223547554754022,0.0671243972005017,0.12559493404735,"time_mar",0.3,0.299425,0.543333333333333,"30%"
"n500_d4_time_mar_miss30","gamlss.longitudinal",500,4,"sigma",0.32,-0.125444084499225,-0.105588794831747,-0.147481034630341,-0.0997145058377833,0.0092326695413346,0.0223396383684664,"time_mar",0.3,0.299425,0.543333333333333,"30%"
"n500_d4_time_mar_miss30","gamlss2",500,4,"mu",0.14,0.423782283526684,0.427445265670534,0.371573496694237,0.514092277725384,0.00542267196368466,0.0395827195842395,"time_mar",0.3,0.299425,0.543333333333333,"30%"
"n500_d4_time_mar_miss30","gamlss2",500,4,"mu",0.12,0.376500908260779,0.385949842125738,0.315868430789434,0.469497265953985,0.0086192902273342,0.0455125212413667,"time_mar",0.3,0.299425,0.543333333333333,"30%"
"n500_d4_time_mar_miss30","gamlss.longitudinal",500,4,"theta",0.62,0.0950570556093092,0.0838247605859201,0.0383411037323259,0.133627540786446,-0.0129151003644687,0.0409556792639319,"time_mar",0.3,0.299425,0.543333333333333,"30%"
"n500_d4_time_mar_miss30","gamlss2",500,4,"sigma",0.44,-0.273763242796178,-0.222058442766284,-0.294394217903243,-1.27930031305924e-05,0.0710983194817853,0.122572920006532,"time_mar",0.3,0.299425,0.543333333333333,"30%"
"n500_d4_time_mar_miss30","gamlss2",500,4,"sigma",0.42,-0.258002301042862,-0.212756375872392,-0.290215003389961,6.43780013990612e-05,0.0667536263352821,0.116274811889488,"time_mar",0.3,0.299425,0.543333333333333,"30%"
"n500_d4_time_mar_miss30","gamlss2",500,4,"mu",0.08,0.264964520755943,0.282742619816937,0.192351927598758,0.365461127455547,0.0153951507270314,0.0547322355362605,"time_mar",0.3,0.299425,0.543333333333333,"30%"
"n500_d4_time_mar_miss30","gamlss.longitudinal",500,4,"theta",0.56,0.140032230321198,0.116707738796715,0.0778571924810266,0.17918909867422,-0.0177466073545564,0.0444479322042066,"time_mar",0.3,0.299425,0.543333333333333,"30%"
"n500_d4_time_mar_miss30","gamlss2",500,4,"sigma",0.38,-0.214600885256126,-0.187504368459751,-0.257233925825628,0.000226353441145006,0.0495243220081385,0.0971422868247816,"time_mar",0.3,0.299425,0.543333333333333,"30%"
"n500_d4_time_mar_miss30","gamlss.longitudinal",500,4,"sigma",0.2,0.0892348012827813,0.0454245539412352,0.0331703034805411,0.0528223240690611,-0.0457402398116634,0.0464970050757572,"time_mar",0.3,0.299425,0.543333333333333,"30%"
"n500_d4_time_mar_miss30","gamlss2",500,4,"mu",0.02,0.0689332784603674,0.0993956837936807,6.68420682507458e-05,0.181707959023551,0.029703790431544,0.083388056242186,"time_mar",0.3,0.299425,0.543333333333333,"30%"
"n500_d4_time_mar_miss30","gamlss.longitudinal",500,4,"theta",0.5,0.170274351999171,0.13350781927137,0.104506504378925,0.202764335575662,-0.0239307501592769,0.0456902258713909,"time_mar",0.3,0.299425,0.543333333333333,"30%"
"n500_d4_time_mar_miss30","gamlss2",500,4,"sigma",0.32,-0.125444084499225,-0.113157694774936,-0.198038841003477,0.000487137069871245,0.0172427261219807,0.0675731848633683,"time_mar",0.3,0.299425,0.543333333333333,"30%"
"n500_d4_time_mar_miss30","gamlss.longitudinal",500,4,"sigma",0.14,0.183796899894904,0.142813424540072,0.0960032095993683,0.169094404457273,-0.0499604909445819,0.057752120657598,"time_mar",0.3,0.299425,0.543333333333333,"30%"
"n500_d4_time_mar_miss30","gamlss.longitudinal",500,4,"sigma",0.12,0.20978029119672,0.174651550097668,0.116077618740935,0.212367073135102,-0.0450786095855684,0.0588248128196363,"time_mar",0.3,0.299425,0.543333333333333,"30%"
"n500_d4_time_mar_miss30","gamlss.longitudinal",500,4,"mu",0.63,-0.400932745081776,-0.415378688729683,-0.449772352466861,-0.353413762914167,-0.0053831981467926,0.037840165530655,"time_mar",0.3,0.299425,0.543333333333333,"30%"
"n500_d4_time_mar_miss30","gamlss.longitudinal",500,4,"theta",0.44,0.184201951226786,0.143751410864182,0.117929227052613,0.203133970461211,-0.0307000593472698,0.045618996533171,"time_mar",0.3,0.299425,0.543333333333333,"30%"
"n500_d4_time_mar_miss30","gamlss.longitudinal",500,4,"theta",0.42,0.185028141383857,0.147732255342754,0.118859911705147,0.198244561248866,-0.032826231017426,0.0455007311142121,"time_mar",0.3,0.299425,0.543333333333333,"30%"
"n500_d4_time_mar_miss30","gamlss.longitudinal",500,4,"sigma",0.08,0.250781706983456,0.239615249562724,0.155321505322415,0.301754339538971,-0.0236878232783133,0.061847591489113,"time_mar",0.3,0.299425,0.543333333333333,"30%"
"n500_d4_time_mar_miss30","gamlss.longitudinal",500,4,"mu",0.57,-0.23417861036079,-0.235707903014571,-0.272105866351502,-0.202022955126863,-0.00635906403057887,0.0289950301154133,"time_mar",0.3,0.299425,0.543333333333333,"30%"
"n500_d4_time_mar_miss30","gamlss.longitudinal",500,4,"theta",0.38,0.18081150867889,0.141503378722973,0.116739660777297,0.183472836433003,-0.0362908671805099,0.0450852199833845,"time_mar",0.3,0.299425,0.543333333333333,"30%"
"n500_d4_time_mar_miss30","gamlss2",500,4,"sigma",0.2,0.0892348012827813,0.07554674562247,-0.000484623497936286,0.171641059775474,-0.00944768487005169,0.0558147294201766,"time_mar",0.3,0.299425,0.543333333333333,"30%"
"n500_d4_time_mar_miss30","gamlss.longitudinal",500,4,"sigma",0.02,0.28012411336464,0.338716245192736,0.213108461402437,0.439893595989503,0.0414017711411997,0.0977428190942898,"time_mar",0.3,0.299425,0.543333333333333,"30%"
"n500_d4_time_mar_miss30","gamlss.longitudinal",500,4,"mu",0.51,-0.0345347857411223,-0.0377677626463156,-0.0571815639232505,-0.027855987225778,-0.00641562154211291,0.0131496172763997,"time_mar",0.3,0.299425,0.543333333333333,"30%"
"n500_d4_time_mar_miss30","gamlss.longitudinal",500,4,"theta",0.32,0.159713005294007,0.106490509506392,0.102223871595533,0.149718047472174,-0.0379755685822664,0.0436949200257016,"time_mar",0.3,0.299425,0.543333333333333,"30%"
"n500_d4_time_mar_miss30","gamlss2",500,4,"sigma",0.14,0.183796899894904,0.166817745904265,-0.000489600140614419,0.266540739721295,-0.0286960825383559,0.0865100538181687,"time_mar",0.3,0.299425,0.543333333333333,"30%"
"n500_d4_time_mar_miss30","gamlss2",500,4,"sigma",0.12,0.20978029119672,0.19298860803854,-0.000489935084101598,0.302115449638113,-0.0374813207145055,0.0948476419928012,"time_mar",0.3,0.299425,0.543333333333333,"30%"
"n500_d4_time_mar_miss30","gamlss2",500,4,"mu",0.63,-0.400932745081776,-0.414631818369662,-0.447526938422821,-0.34393358898854,-0.007305699352939,0.0338831105872894,"time_mar",0.3,0.299425,0.543333333333333,"30%"
"n500_d4_time_mar_miss30","gamlss.longitudinal",500,4,"mu",0.45,0.169959346906221,0.172197166664976,0.149546785559282,0.185454687416183,-0.000291302119327219,0.0140222259168391,"time_mar",0.3,0.299425,0.543333333333333,"30%"
"n500_d4_time_mar_miss30","gamlss.longitudinal",500,4,"mu",0.43,0.23417861036079,0.233722071144633,0.211627614670645,0.257970081444417,0.00254194425546937,0.0187484360098574,"time_mar",0.3,0.299425,0.543333333333333,"30%"
"n500_d4_time_mar_miss30","gamlss2",500,4,"sigma",0.08,0.250781706983456,0.216223587536211,-0.000489512630573772,0.293950299984574,-0.0533894333603468,0.108635503716695,"time_mar",0.3,0.299425,0.543333333333333,"30%"
"n500_d4_time_mar_miss30","gamlss2",500,4,"mu",0.57,-0.23417861036079,-0.244540006066556,-0.284487589319585,-0.187954587355485,-0.00620316891025787,0.0304528457786502,"time_mar",0.3,0.299425,0.543333333333333,"30%"
"n500_d4_time_mar_miss30","gamlss.longitudinal",500,4,"mu",0.39,0.350583194361779,0.346665837875096,0.328675208028438,0.389385725141971,0.00677234326413539,0.0257698615958271,"time_mar",0.3,0.299425,0.543333333333333,"30%"
"n500_d4_time_mar_miss30","gamlss.longitudinal",500,4,"theta",0.2,0.0659599177906087,0.033601726014331,0.0194223203499961,0.0958906242718718,-0.0181962469910081,0.0364852415039625,"time_mar",0.3,0.299425,0.543333333333333,"30%"
"n500_d4_time_mar_miss30","gamlss2",500,4,"sigma",0.02,0.28012411336464,0.230696539127995,-0.000487653011974818,0.491800029577286,-0.0570412884395033,0.157612185356644,"time_mar",0.3,0.299425,0.543333333333333,"30%"
"n500_d4_time_mar_miss30","gamlss2",500,4,"mu",0.51,-0.0345347857411223,-0.039133541347349,-0.0703912237465681,-0.0103060117885493,-0.00337703602188054,0.0223454432784361,"time_mar",0.3,0.299425,0.543333333333333,"30%"
"n500_d4_time_mar_miss30","gamlss.longitudinal",500,4,"mu",0.33,0.481968674024125,0.47932583860615,0.463335145401622,0.519121329375556,0.00380493582052576,0.0234549697889296,"time_mar",0.3,0.299425,0.543333333333333,"30%"
"n500_d4_time_mar_miss30","gamlss.longitudinal",500,4,"theta",0.14,-0.00439367082121678,-0.0079124318845098,-0.0429261301527866,0.0651027797157071,0.00666787751522163,0.0434282615378209,"time_mar",0.3,0.299425,0.543333333333333,"30%"
"n500_d4_time_mar_miss30","gamlss.longitudinal",500,4,"theta",0.12,-0.0308875528698806,-0.0223559512214245,-0.0670153126467992,0.0536906458094746,0.0172700040444148,0.0501663910911251,"time_mar",0.3,0.299425,0.543333333333333,"30%"
"n500_d4_time_mar_miss30","gamlss.longitudinal",500,4,"sigma",0.63,-0.20152442880831,-0.178926765449712,-0.198034502413046,-0.148499823740037,0.0260484555021227,0.0324313356974233,"time_mar",0.3,0.299425,0.543333333333333,"30%"
"n500_d4_time_mar_miss30","gamlss2",500,4,"mu",0.45,0.169959346906221,0.169217993709384,0.136850201817121,0.210632680692605,0.00181009822211463,0.0250182639517965,"time_mar",0.3,0.299425,0.543333333333333,"30%"
"n500_d4_time_mar_miss30","gamlss2",500,4,"mu",0.43,0.23417861036079,0.235314263807295,0.201511057164479,0.267068084039635,0.00298527522616018,0.0271257238887546,"time_mar",0.3,0.299425,0.543333333333333,"30%"
"n500_d4_time_mar_miss30","gamlss.longitudinal",500,4,"theta",0.08,-0.0879348431696164,-0.0518698912134247,-0.116139088369769,0.0295783356692597,0.041832097283942,0.0698931936377714,"time_mar",0.3,0.299425,0.543333333333333,"30%"
"n500_d4_time_mar_miss30","gamlss.longitudinal",500,4,"sigma",0.57,-0.266408412769509,-0.222270672789824,-0.23858591038411,-0.187664075120569,0.049543920172908,0.0534854602981724,"time_mar",0.3,0.299425,0.543333333333333,"30%"
"n500_d4_time_mar_miss30","gamlss2",500,4,"mu",0.39,0.350583194361779,0.344489511922491,0.313963175092634,0.416712426323909,0.00302336102654715,0.0301422747292126,"time_mar",0.3,0.299425,0.543333333333333,"30%"
"n500_d4_time_mar_miss30","gamlss.longitudinal",500,4,"mu",0.21,0.532720738620747,0.523851888757145,0.498864784577138,0.531525349151737,-0.0137556748506256,0.0193314240324603,"time_mar",0.3,0.299425,0.543333333333333,"30%"
"n500_d4_time_mar_miss30","gamlss.longitudinal",500,4,"theta",0.02,-0.182214238754327,-0.0970721688589657,-0.190938944990998,-0.00839690579534396,0.0864780485283779,0.111523993491143,"time_mar",0.3,0.299425,0.543333333333333,"30%"
"n500_d4_time_mar_miss30","gamlss.longitudinal",500,4,"sigma",0.51,-0.293888315558184,-0.231797436404931,-0.253747254178899,-0.204587489047362,0.0612805861089283,0.0644357475817064,"time_mar",0.3,0.299425,0.543333333333333,"30%"
"n500_d4_time_mar_miss30","gamlss2",500,4,"mu",0.33,0.481968674024125,0.478363328165079,0.421053227143878,0.523675683322639,-0.00225075503967475,0.0323003497205023,"time_mar",0.3,0.299425,0.543333333333333,"30%"
"n500_d4_time_mar_miss30","gamlss.longitudinal",500,4,"mu",0.15,0.444959346906221,0.447865721924781,0.410260954982302,0.459627865855263,-0.00416743415677014,0.0207743917881647,"time_mar",0.3,0.299425,0.543333333333333,"30%"
"n500_d4_time_mar_miss30","gamlss.longitudinal",500,4,"mu",0.13,0.400932745081776,0.407777030332269,0.365456229076344,0.432537733161115,0.00156903830949269,0.026576628587185,"time_mar",0.3,0.299425,0.543333333333333,"30%"
"n500_d4_time_mar_miss30","gamlss2",500,4,"sigma",0.63,-0.20152442880831,-0.148390056234376,-0.275267575487799,5.14994005328755e-05,0.0442939664661531,0.110424996128722,"time_mar",0.3,0.299425,0.543333333333333,"30%"
"n500_d4_time_mar_miss30","gamlss.longitudinal",500,4,"sigma",0.45,-0.280037251918249,-0.211570733861985,-0.249343952189199,-0.196927109760229,0.0587836485006293,0.0624147286980511,"time_mar",0.3,0.299425,0.543333333333333,"30%"
"n500_d4_time_mar_miss30","gamlss.longitudinal",500,4,"sigma",0.43,-0.266408412769509,-0.201215239781476,-0.242180816193562,-0.188471707263243,0.0547117259727443,0.0588190819216983,"time_mar",0.3,0.299425,0.543333333333333,"30%"
"n500_d4_time_mar_miss30","gamlss.longitudinal",500,4,"mu",0.09,0.294704737238448,0.307971047620865,0.259869737998134,0.376134730677152,0.0150126240002924,0.0485657000008297,"time_mar",0.3,0.299425,0.543333333333333,"30%"
"n500_d4_time_mar_miss30","gamlss2",500,4,"sigma",0.57,-0.266408412769509,-0.266048129306579,-0.315479761740058,-9.1803129372768e-05,0.0530568664577265,0.116851615162245,"time_mar",0.3,0.299425,0.543333333333333,"30%"
"n500_d4_time_mar_miss30","gamlss.longitudinal",500,4,"sigma",0.39,-0.22683426986244,-0.173468680175092,-0.218332242335809,-0.164079057856157,0.0420776191433481,0.0477081389436244,"time_mar",0.3,0.299425,0.543333333333333,"30%"
"n500_d4_time_mar_miss30","gamlss2",500,4,"mu",0.21,0.532720738620747,0.528154249426312,0.490705039673187,0.57953268198229,-0.00480564306575803,0.0272541468406798,"time_mar",0.3,0.299425,0.543333333333333,"30%"
"n500_d4_time_mar_miss30","gamlss.longitudinal",500,4,"mu",0.03,0.103059723022149,0.102975399826784,0.0778877084919105,0.284497844568657,0.0392043294784811,0.100653323080531,"time_mar",0.3,0.299425,0.543333333333333,"30%"
"n500_d4_time_mar_miss30","gamlss2",500,4,"sigma",0.51,-0.293888315558184,-0.255437804181884,-0.340086756563631,-0.000212541090335338,0.0649752124677976,0.124583589809384,"time_mar",0.3,0.299425,0.543333333333333,"30%"
"n500_d4_time_mar_miss30","gamlss.longitudinal",500,4,"sigma",0.33,-0.141886399260218,-0.116566858979181,-0.159802244040133,-0.110279360571685,0.0144490902143745,0.025562670574651,"time_mar",0.3,0.299425,0.543333333333333,"30%"
"n500_d4_time_mar_miss30","gamlss2",500,4,"mu",0.15,0.444959346906221,0.445068482708857,0.398579482578622,0.526292330123216,0.00382424696209325,0.0365593692347404,"time_mar",0.3,0.299425,0.543333333333333,"30%"
"n500_d4_time_mar_miss30","gamlss2",500,4,"mu",0.13,0.400932745081776,0.407547885323195,0.344382996610109,0.493756313721457,0.00702033428458825,0.0426273849430217,"time_mar",0.3,0.299425,0.543333333333333,"30%"
"n500_d4_time_mar_miss30","gamlss.longitudinal",500,4,"theta",0.63,0.0862695122781584,0.0769672315589589,0.0296776858746347,0.124101875599527,-0.0122216669298519,0.0401445651178039,"time_mar",0.3,0.299425,0.543333333333333,"30%"
"n500_d4_time_mar_miss30","gamlss2",500,4,"sigma",0.45,-0.280037251918249,-0.227061099717403,-0.300141625236845,-5.04040072818874e-05,0.0720550136909707,0.124617222746355,"time_mar",0.3,0.299425,0.543333333333333,"30%"
"n500_d4_time_mar_miss30","gamlss2",500,4,"sigma",0.43,-0.266408412769509,-0.217251015469831,-0.293292483092825,2.54690903119063e-05,0.0693338222699668,0.11978367936007,"time_mar",0.3,0.299425,0.543333333333333,"30%"
"n500_d4_time_mar_miss30","gamlss2",500,4,"mu",0.09,0.294704737238448,0.310095403704912,0.224289982024188,0.383714485143379,0.0135888388737474,0.0525772769928583,"time_mar",0.3,0.299425,0.543333333333333,"30%"
"n500_d4_time_mar_miss30","gamlss.longitudinal",500,4,"theta",0.57,0.13350879668018,0.112299756603509,0.0724392701661515,0.172982198985036,-0.0168652353057796,0.0440162883050734,"time_mar",0.3,0.299425,0.543333333333333,"30%"
"n500_d4_time_mar_miss30","gamlss2",500,4,"sigma",0.39,-0.22683426986244,-0.200551407709526,-0.26178070028561,0.000184925799432462,0.054659200151301,0.102399755469371,"time_mar",0.3,0.299425,0.543333333333333,"30%"
"n500_d4_time_mar_miss30","gamlss.longitudinal",500,4,"sigma",0.21,0.0717266691197535,0.0255753175732705,0.0222880906041298,0.0373560375811133,-0.042837588002562,0.0433762623122029,"time_mar",0.3,0.299425,0.543333333333333,"30%"
"n500_d4_time_mar_miss30","gamlss2",500,4,"mu",0.03,0.103059723022149,0.133989364612417,0.0460522316466707,0.202241151123656,0.0268421419691926,0.0759741827966481,"time_mar",0.3,0.299425,0.543333333333333,"30%"
"n500_d4_time_mar_miss30","gamlss.longitudinal",500,4,"theta",0.51,0.16633114513373,0.131896234805366,0.100807074304331,0.200407126617435,-0.0228223008959959,0.0455898817487976,"time_mar",0.3,0.299425,0.543333333333333,"30%"
"n500_d4_time_mar_miss30","gamlss2",500,4,"sigma",0.33,-0.141886399260218,-0.122020281590541,-0.214585613521546,0.000442291621264122,0.0220733762038362,0.072033533744475,"time_mar",0.3,0.299425,0.543333333333333,"30%"
"n500_d4_time_mar_miss30","gamlss.longitudinal",500,4,"sigma",0.15,0.169615278658039,0.12710653990467,0.0858180410347105,0.14788041073222,-0.0511004536514488,0.0568114123785615,"time_mar",0.3,0.299425,0.543333333333333,"30%"
"n500_d4_time_mar_miss30","gamlss.longitudinal",500,4,"sigma",0.13,0.197203834748904,0.158666599821449,0.106087116291226,0.190592781237178,-0.0479695900706454,0.0583932902775853,"time_mar",0.3,0.299425,0.543333333333333,"30%"
"n500_d4_time_mar_miss30","gamlss.longitudinal",500,4,"mu",0.64,-0.423782283526684,-0.440829841801623,-0.473439067452366,-0.376707862628719,-0.005455946474296,0.038046008783382,"time_mar",0.3,0.299425,0.543333333333333,"30%"
"n500_d4_time_mar_miss30","gamlss.longitudinal",500,4,"theta",0.45,0.183063682402491,0.141141907280871,0.116929379170744,0.204664964592675,-0.0295900558932099,0.0456722778827248,"time_mar",0.3,0.299425,0.543333333333333,"30%"
"n500_d4_time_mar_miss30","gamlss.longitudinal",500,4,"theta",0.43,0.184857776130657,0.14595046915171,0.118562392321034,0.200999461209632,-0.031778609013877,0.0455635099511546,"time_mar",0.3,0.299425,0.543333333333333,"30%"
"n500_d4_time_mar_miss30","gamlss.longitudinal",500,4,"sigma",0.09,0.242018080620902,0.223246574813486,0.145597750912965,0.279108101893651,-0.0305866616351086,0.0604334649912066,"time_mar",0.3,0.299425,0.543333333333333,"30%"
"n500_d4_time_mar_miss30","gamlss.longitudinal",500,4,"mu",0.58,-0.264964520755943,-0.26539719519551,-0.305491611814641,-0.228923405863702,-0.00607821761660374,0.0312778601951633,"time_mar",0.3,0.299425,0.543333333333333,"30%"
"n500_d4_time_mar_miss30","gamlss.longitudinal",500,4,"theta",0.39,0.182603522832818,0.146032875084428,0.117781524001189,0.187509102456319,-0.035549353334067,0.0452108608245781,"time_mar",0.3,0.299425,0.543333333333333,"30%"
"n500_d4_time_mar_miss30","gamlss2",500,4,"sigma",0.21,0.0717266691197535,0.0578996220225761,-0.000482985256445977,0.155201741272515,-0.00765388650111097,0.051499827195168,"time_mar",0.3,0.299425,0.543333333333333,"30%"
"n500_d4_time_mar_miss30","gamlss.longitudinal",500,4,"sigma",0.03,0.278125878188904,0.322145563535787,0.20351111868372,0.416714387984769,0.0276327245276314,0.0876776924349283,"time_mar",0.3,0.299425,0.543333333333333,"30%"
"n500_d4_time_mar_miss30","gamlss.longitudinal",500,4,"mu",0.52,-0.0689332784603674,-0.0722604800370737,-0.0950283884434034,-0.0609512046341738,-0.00679220738723283,0.0156297410275445,"time_mar",0.3,0.299425,0.543333333333333,"30%"
"n500_d4_time_mar_miss30","gamlss.longitudinal",500,4,"theta",0.33,0.164456840627863,0.113118035738818,0.106166885209057,0.156404793991475,-0.0380937097795469,0.0440427270855153,"time_mar",0.3,0.299425,0.543333333333333,"30%"
"n500_d4_time_mar_miss30","gamlss2",500,4,"sigma",0.15,0.169615278658039,0.15317505162695,-0.000489236354789789,0.239828541329156,-0.0245514121962751,0.0816859644998691,"time_mar",0.3,0.299425,0.543333333333333,"30%"
"n500_d4_time_mar_miss30","gamlss2",500,4,"sigma",0.13,0.197203834748904,0.180136943560767,-0.000489826736138386,0.287554392358927,-0.0330449072468872,0.0909093057525965,"time_mar",0.3,0.299425,0.543333333333333,"30%"
"n500_d4_time_mar_miss30","gamlss2",500,4,"mu",0.64,-0.423782283526684,-0.435262224520083,-0.482244914614916,-0.369424595616897,-0.00764169711689012,0.0349360638961295,"time_mar",0.3,0.299425,0.543333333333333,"30%"
"n500_d4_time_mar_miss30","gamlss.longitudinal",500,4,"mu",0.46,0.13677943794067,0.136745052773494,0.11827207319574,0.148255220855508,-0.00166189275583933,0.011865980508563,"time_mar",0.3,0.299425,0.543333333333333,"30%"
"n500_d4_time_mar_miss30","gamlss.longitudinal",500,4,"mu",0.44,0.202468503976573,0.203319697215319,0.180737583805839,0.222304960002496,0.00112598263073336,0.016360661502494,"time_mar",0.3,0.299425,0.543333333333333,"30%"
"n500_d4_time_mar_miss30","gamlss2",500,4,"sigma",0.09,0.242018080620902,0.213479987811109,-0.000489717974555057,0.304705033931842,-0.0499725746032936,0.104940080290416,"time_mar",0.3,0.299425,0.543333333333333,"30%"
"n500_d4_time_mar_miss30","gamlss2",500,4,"mu",0.58,-0.264964520755943,-0.276114299214575,-0.312893899283924,-0.220624226396669,-0.00637973304067823,0.0310757811682133,"time_mar",0.3,0.299425,0.543333333333333,"30%"
"n500_d4_time_mar_miss30","gamlss.longitudinal",500,4,"mu",0.4,0.32328188876086,0.319885576421201,0.300764366397415,0.358830517251884,0.00606010302132737,0.0246003951404568,"time_mar",0.3,0.299425,0.543333333333333,"30%"
"n500_d4_time_mar_miss30","gamlss.longitudinal",500,4,"theta",0.21,0.0762566725753297,0.0403791233534198,0.0277986232815568,0.100443913843549,-0.0213198722632501,0.0367822922916099,"time_mar",0.3,0.299425,0.543333333333333,"30%"
"n500_d4_time_mar_miss30","gamlss2",500,4,"sigma",0.03,0.278125878188904,0.224678807364896,-0.00048799657705447,0.464192926736027,-0.0589311884141259,0.145646819687098,"time_mar",0.3,0.299425,0.543333333333333,"30%"
"n500_d4_time_mar_miss30","gamlss2",500,4,"mu",0.52,-0.0689332784603674,-0.0735482852636412,-0.11021064210868,-0.0343374903579909,-0.00410220418644431,0.023696042110121,"time_mar",0.3,0.299425,0.543333333333333,"30%"
"n500_d4_time_mar_miss30","gamlss.longitudinal",500,4,"mu",0.34,0.464380359026108,0.461119733972948,0.445635172435228,0.504550691267268,0.00519848493266196,0.0249305840040356,"time_mar",0.3,0.299425,0.543333333333333,"30%"
"n500_d4_time_mar_miss30","gamlss.longitudinal",500,4,"theta",0.15,0.00830746729452853,-0.000787890207762445,-0.0310451243992066,0.0706163502344962,0.00179714666540535,0.0409335089468554,"time_mar",0.3,0.299425,0.543333333333333,"30%"
"n500_d4_time_mar_miss30","gamlss.longitudinal",500,4,"theta",0.13,-0.0174621870551856,-0.0151035781627139,-0.0549234346202698,0.0594586431730706,0.0118251617728883,0.0465123648461219,"time_mar",0.3,0.299425,0.543333333333333,"30%"
"n500_d4_time_mar_miss30","gamlss.longitudinal",500,4,"sigma",0.64,-0.18765749395431,-0.17060350081197,-0.188672103457561,-0.140066298470413,0.0213053434141911,0.0285017075493835,"time_mar",0.3,0.299425,0.543333333333333,"30%"
"n500_d4_time_mar_miss30","gamlss.longitudinal",500,4,"theta",0.11,-0.0446588875603512,-0.0296622020784493,-0.0791963418382003,0.0478042566378445,0.0229961740214414,0.0543630463152785,"time_mar",0.3,0.299425,0.543333333333333,"30%"
"n500_d4_time_mar_miss30","gamlss.longitudinal",500,4,"theta",0.09,-0.0731942446761535,-0.0444249141763827,-0.103769288256283,0.035742113471491,0.0352829399740559,0.0642622317645469,"time_mar",0.3,0.299425,0.543333333333333,"30%"
"n500_d4_time_mar_miss30","gamlss.longitudinal",500,4,"theta",0.94,-0.289621671492168,-0.249492056596886,-0.311021193368315,-0.193309041048299,0.0359838192619212,0.0586607984615887,"time_mar",0.3,0.299425,0.543333333333333,"30%"
"n500_d4_time_mar_miss30","gamlss2",500,4,"sigma",0.76,0.0176068588290909,-0.0147869690430731,-0.103492852383462,0.158809326697633,-0.0155689982795103,0.0807593340585743,"time_mar",0.3,0.299425,0.543333333333333,"30%"
"n500_d4_time_mar_miss30","gamlss.longitudinal",500,4,"mu",0.24,0.548914700635549,0.536378184462219,0.517794311598506,0.550326660163686,-0.012665760074832,0.0183197889898474,"time_mar",0.3,0.299425,0.543333333333333,"30%"
"n500_d4_time_mar_miss30","gamlss.longitudinal",500,4,"mu",0.22,0.540257987900779,0.52996283299629,0.507031951290872,0.539316736381912,-0.013824606590596,0.0192322435061277,"time_mar",0.3,0.299425,0.543333333333333,"30%"
"n500_d4_time_mar_miss30","gamlss.longitudinal",500,4,"theta",0.88,-0.210559570722046,-0.180795077956833,-0.230926992356307,-0.14610612112111,0.0223013329089442,0.041255735368784,"time_mar",0.3,0.299425,0.543333333333333,"30%"
"n500_d4_time_mar_miss30","gamlss2",500,4,"sigma",0.7,-0.0911753953421872,-0.0650848094199004,-0.180216449140349,0.030314502413201,0.0181750511446512,0.0852779306280016,"time_mar",0.3,0.299425,0.543333333333333,"30%"
"n500_d4_time_mar_miss30","gamlss.longitudinal",500,4,"theta",0.86,-0.183949921668556,-0.157853759488547,-0.208979784070665,-0.130418399366864,0.0176226750325726,0.0362576868437703,"time_mar",0.3,0.299425,0.543333333333333,"30%"
"n500_d4_time_mar_miss30","gamlss.longitudinal",500,4,"theta",0.84,-0.157418833384277,-0.134811506420631,-0.186773019883686,-0.114714584474553,0.0131141680877082,0.0321165866362738,"time_mar",0.3,0.299425,0.543333333333333,"30%"
"n500_d4_time_mar_miss30","gamlss.longitudinal",500,4,"theta",0.82,-0.131089955360852,-0.111602409497319,-0.164229777972094,-0.0987325248013972,0.00890819771371334,0.0291115829614693,"time_mar",0.3,0.299425,0.543333333333333,"30%"
"n500_d4_time_mar_miss30","gamlss2",500,4,"sigma",0.64,-0.18765749395431,-0.142466702311818,-0.267060747429799,7.74178923294262e-05,0.0420896202590489,0.108275454907916,"time_mar",0.3,0.299425,0.543333333333333,"30%"
"n500_d4_time_mar_miss30","gamlss.longitudinal",500,4,"mu",0.12,0.376500908260779,0.385132420297353,0.340905041182474,0.419176116071332,0.00473844736989236,0.0308681853075327,"time_mar",0.3,0.299425,0.543333333333333,"30%"
"n500_d4_time_mar_miss30","gamlss.longitudinal",500,4,"mu",0.1,0.32328188876086,0.335102573469053,0.288003305353673,0.39093084210908,0.0114653555338506,0.0419137203444509,"time_mar",0.3,0.299425,0.543333333333333,"30%"
"n500_d4_time_mar_miss30","gamlss.longitudinal",500,4,"mu",0.95,-0.169959346906221,-0.201479495154961,-0.241278914178784,-0.139671889643961,-0.0212895642277769,0.0462463063472882,"time_mar",0.3,0.299425,0.543333333333333,"30%"
"n500_d4_time_mar_miss30","gamlss.longitudinal",500,4,"theta",0.76,-0.0545382033307625,-0.0410101816206974,-0.0985080221247896,-0.0363628153353878,-0.00113269199055061,0.0277264321359221,"time_mar",0.3,0.299425,0.543333333333333,"30%"
"n500_d4_time_mar_miss30","gamlss2",500,4,"mu",0.24,0.548914700635549,0.538329987895162,0.511725345579243,0.589895803150437,-0.00719085027578264,0.0264329543698457,"time_mar",0.3,0.299425,0.543333333333333,"30%"
"n500_d4_time_mar_miss30","gamlss2",500,4,"mu",0.22,0.540257987900779,0.530463098704099,0.498464733643432,0.585994490165537,-0.00580913651267832,0.0269219441124076,"time_mar",0.3,0.299425,0.543333333333333,"30%"
"n500_d4_time_mar_miss30","gamlss.longitudinal",500,4,"mu",0.89,-0.350583194361779,-0.345913474433397,-0.367867880365956,-0.312991710758948,0.0107857361424034,0.0247873443842106,"time_mar",0.3,0.299425,0.543333333333333,"30%"
"n500_d4_time_mar_miss30","gamlss.longitudinal",500,4,"theta",0.7,0.0158736742092329,0.0205291077003072,-0.037078419722204,0.0444350874820037,-0.00732884965136209,0.0331626276329235,"time_mar",0.3,0.299425,0.543333333333333,"30%"
"n500_d4_time_mar_miss30","gamlss.longitudinal",500,4,"mu",0.87,-0.400932745081776,-0.391376901297853,-0.411424927498182,-0.359896791055858,0.0146706452136271,0.0249634995455736,"time_mar",0.3,0.299425,0.543333333333333,"30%"
"n500_d4_time_mar_miss30","gamlss.longitudinal",500,4,"mu",0.85,-0.444959346906221,-0.435222871890982,-0.453503347882003,-0.401665945005772,0.0155921413667187,0.0254385224544976,"time_mar",0.3,0.299425,0.543333333333333,"30%"
"n500_d4_time_mar_miss30","gamlss.longitudinal",500,4,"mu",0.83,-0.481968674024125,-0.471461866892685,-0.493313579552702,-0.437656913923835,0.0141434365839193,0.0258138413067445,"time_mar",0.3,0.299425,0.543333333333333,"30%"
"n500_d4_time_mar_miss30","gamlss.longitudinal",500,4,"theta",0.64,0.0771411742149436,0.0697635308501748,0.0207616231064453,0.114064329406785,-0.0115447136135981,0.0392718324464092,"time_mar",0.3,0.299425,0.543333333333333,"30%"
"n500_d4_time_mar_miss30","gamlss2",500,4,"mu",0.99,-0.0345347857411223,-0.0797949760245928,-0.168457556070107,0.0280407585937207,-0.0374164333840159,0.0825544001955044,"time_mar",0.3,0.299425,0.543333333333333,"30%"
"n500_d4_time_mar_miss30","gamlss2",500,4,"mu",0.1,0.32328188876086,0.336833379733145,0.255635548938146,0.414137052112867,0.0118776433623719,0.0504463161177895,"time_mar",0.3,0.299425,0.543333333333333,"30%"
"n500_d4_time_mar_miss30","gamlss2",500,4,"mu",0.95,-0.169959346906221,-0.183211781538892,-0.257318206418862,-0.123382642317182,-0.00965964367350234,0.045125870221213,"time_mar",0.3,0.299425,0.543333333333333,"30%"
"n500_d4_time_mar_miss30","gamlss.longitudinal",500,4,"mu",0.77,-0.545663085722963,-0.542816769295108,-0.577186863877606,-0.50405886840326,0.00337221286661621,0.0285681561811279,"time_mar",0.3,0.299425,0.543333333333333,"30%"
"n500_d4_time_mar_miss30","gamlss.longitudinal",500,4,"sigma",0.24,0.0176068588290911,-0.0100972359032321,-0.0275145004267989,-0.00612188656993151,-0.0314171454044242,0.0326715631137125,"time_mar",0.3,0.299425,0.543333333333333,"30%"
"n500_d4_time_mar_miss30","gamlss.longitudinal",500,4,"sigma",0.22,0.0539040973460145,0.0116181767965802,0.00700714333425781,0.0222834660461938,-0.0394414558629521,0.0399803469153624,"time_mar",0.3,0.299425,0.543333333333333,"30%"
"n500_d4_time_mar_miss30","gamlss2",500,4,"mu",0.89,-0.350583194361779,-0.337518151299554,-0.386788548398044,-0.306231350366667,0.0128418045730023,0.0300627806750531,"time_mar",0.3,0.299425,0.543333333333333,"30%"
"n500_d4_time_mar_miss30","gamlss.longitudinal",500,4,"mu",0.71,-0.532720738620747,-0.539076937562212,-0.582145269491983,-0.498881565070497,-0.00474492775623324,0.0334327756867089,"time_mar",0.3,0.299425,0.543333333333333,"30%"
"n500_d4_time_mar_miss30","gamlss2",500,4,"mu",0.87,-0.400932745081776,-0.382619505429464,-0.428858560957473,-0.347389345493206,0.014031567835169,0.0299861504596161,"time_mar",0.3,0.299425,0.543333333333333,"30%"
"n500_d4_time_mar_miss30","gamlss2",500,4,"mu",0.85,-0.444959346906221,-0.427170240147735,-0.47958424984907,-0.394372570128828,0.0126270254038988,0.0300143775310616,"time_mar",0.3,0.299425,0.543333333333333,"30%"
"n500_d4_time_mar_miss30","gamlss2",500,4,"mu",0.83,-0.481968674024125,-0.474139312651701,-0.518363324413486,-0.42878155914679,0.00936906501343962,0.0308852520262554,"time_mar",0.3,0.299425,0.543333333333333,"30%"
"n500_d4_time_mar_miss30","gamlss.longitudinal",500,4,"mu",0.65,-0.444959346906221,-0.464249083899544,-0.495110154196767,-0.399260910497625,-0.00559820400577979,0.0378875565959718,"time_mar",0.3,0.299425,0.543333333333333,"30%"
"n500_d4_time_mar_miss30","gamlss.longitudinal",500,4,"sigma",0.99,0.280927721498779,0.299870429115773,0.268976742978383,0.388726309597505,0.0417694836752236,0.0663104844392588,"time_mar",0.3,0.299425,0.543333333333333,"30%"
"n500_d4_time_mar_miss30","gamlss.longitudinal",500,4,"sigma",0.1,0.232234801282781,0.206957059335327,0.13582023988077,0.256654649495647,-0.0364250445771028,0.0596390689663603,"time_mar",0.3,0.299425,0.543333333333333,"30%"
"n500_d4_time_mar_miss30","gamlss.longitudinal",500,4,"sigma",0.95,0.270596657858843,0.241260374462201,0.2201438295996,0.319279922421375,-0.00792708085007495,0.0429332888294337,"time_mar",0.3,0.299425,0.543333333333333,"30%"
"n500_d4_time_mar_miss30","gamlss2",500,4,"mu",0.77,-0.545663085722963,-0.550482790661414,-0.603044013771445,-0.49491296594923,-0.00347900050957394,0.0368220662480486,"time_mar",0.3,0.299425,0.543333333333333,"30%"
"n500_d4_time_mar_miss30","gamlss2",500,4,"sigma",0.24,0.0176068588290911,0.00601273918766509,-0.0303145994895043,0.088171521271336,-0.00362313454108985,0.0442289374383667,"time_mar",0.3,0.299425,0.543333333333333,"30%"
"n500_d4_time_mar_miss30","gamlss2",500,4,"sigma",0.22,0.0539040973460145,0.0373294467909356,-0.00913517850158153,0.137409773623812,-0.00615666328563732,0.0479681159814653,"time_mar",0.3,0.299425,0.543333333333333,"30%"
"n500_d4_time_mar_miss30","gamlss.longitudinal",500,4,"sigma",0.89,0.221473675803034,0.15306130391256,0.146283174086577,0.214547896733342,-0.0492056972054916,0.0571485862389722,"time_mar",0.3,0.299425,0.543333333333333,"30%"
"n500_d4_time_mar_miss30","gamlss2",500,4,"mu",0.71,-0.532720738620747,-0.530934022323606,-0.622754297996538,-0.501363940727523,-0.00948970752224144,0.039875897603979,"time_mar",0.3,0.299425,0.543333333333333,"30%"
"n500_d4_time_mar_miss30","gamlss.longitudinal",500,4,"sigma",0.87,0.197203834748904,0.125702843501112,0.120954928624861,0.179407893099863,-0.0551783148873944,0.0605965122626915,"time_mar",0.3,0.299425,0.543333333333333,"30%"
"n500_d4_time_mar_miss30","gamlss.longitudinal",500,4,"sigma",0.85,0.169615278658039,0.0999241322480202,0.0945114245125169,0.144234726766085,-0.057817245854884,0.0616204058117922,"time_mar",0.3,0.299425,0.543333333333333,"30%"
"n500_d4_time_mar_miss30","gamlss.longitudinal",500,4,"sigma",0.83,0.139165805200812,0.0742445619804603,0.0661533782685028,0.109152702941937,-0.057492184614635,0.0602396597041033,"time_mar",0.3,0.299425,0.543333333333333,"30%"
"n500_d4_time_mar_miss30","gamlss2",500,4,"mu",0.65,-0.444959346906221,-0.454169745797763,-0.51271717982552,-0.39504247230955,-0.00802702024726295,0.036102529269286,"time_mar",0.3,0.299425,0.543333333333333,"30%"
"n500_d4_time_mar_miss30","gamlss2",500,4,"sigma",0.99,0.280927721498779,0.260988905761872,-0.00134172873837947,0.411174763389067,-0.0634577882569283,0.151687969266074,"time_mar",0.3,0.299425,0.543333333333333,"30%"
"n500_d4_time_mar_miss30","gamlss2",500,4,"sigma",0.1,0.232234801282781,0.204629992164014,-0.000489865785186059,0.284229103600123,-0.0460862318981386,0.101646642870762,"time_mar",0.3,0.299425,0.543333333333333,"30%"
"n500_d4_time_mar_miss30","gamlss2",500,4,"sigma",0.95,0.270596657858843,0.230514107133463,-0.00126971730419295,0.34095922470013,-0.0615982659912837,0.127602108500125,"time_mar",0.3,0.299425,0.543333333333333,"30%"
"n500_d4_time_mar_miss30","gamlss.longitudinal",500,4,"sigma",0.77,0.0358396730395883,-0.00621227309354523,-0.0199244990313698,0.010058697171745,-0.0425745616934072,0.0443212778459792,"time_mar",0.3,0.299425,0.543333333333333,"30%"
"n500_d4_time_mar_miss30","gamlss.longitudinal",500,4,"theta",0.24,0.104535551154696,0.0739950384773263,0.0499076663224753,0.113037830601846,-0.0289919893780612,0.0386879965518198,"time_mar",0.3,0.299425,0.543333333333333,"30%"
"n500_d4_time_mar_miss30","gamlss.longitudinal",500,4,"theta",0.22,0.0861230366616402,0.0519394529656581,0.0351738855999763,0.104814356078866,-0.0241592062810146,0.037295297114504,"time_mar",0.3,0.299425,0.543333333333333,"30%"
"n500_d4_time_mar_miss30","gamlss2",500,4,"sigma",0.89,0.221473675803034,0.170724267157636,-0.00116104362312235,0.325345282268001,-0.0464224816215885,0.107637859343421,"time_mar",0.3,0.299425,0.543333333333333,"30%"
"n500_d4_time_mar_miss30","gamlss.longitudinal",500,4,"sigma",0.71,-0.0734872631791595,-0.0822045573737727,-0.108147429957852,-0.0711639135587349,-0.0147580431622061,0.0207460794768045,"time_mar",0.3,0.299425,0.543333333333333,"30%"
"n500_d4_time_mar_miss30","gamlss2",500,4,"sigma",0.87,0.197203834748904,0.144819408601649,-0.00112439454607399,0.294479044507981,-0.0427860833373173,0.0990122341702868,"time_mar",0.3,0.299425,0.543333333333333,"30%"
"n500_d4_time_mar_miss30","gamlss2",500,4,"sigma",0.85,0.169615278658039,0.117355992397705,-0.00108738463665584,0.249700409586019,-0.0400308521257182,0.0907125035489663,"time_mar",0.3,0.299425,0.543333333333333,"30%"
"n500_d4_time_mar_miss30","gamlss2",500,4,"sigma",0.83,0.139165805200812,0.0811462501898184,-0.00104990263966832,0.249287614172557,-0.0373318296377814,0.0853723130309786,"time_mar",0.3,0.299425,0.543333333333333,"30%"
"n500_d4_time_mar_miss30","gamlss.longitudinal",500,4,"sigma",0.65,-0.173055872717445,-0.160009826360067,-0.179006013106494,-0.131237937996541,0.0163804500234361,0.0247014130846096,"time_mar",0.3,0.299425,0.543333333333333,"30%"
"n500_d4_time_mar_miss30","gamlss.longitudinal",500,4,"theta",0.99,-0.352803626444951,-0.306881143876199,-0.382516441652476,-0.232842735676242,0.0448980801393355,0.0730449526787764,"time_mar",0.3,0.299425,0.543333333333333,"30%"
"n500_d4_time_mar_miss30","gamlss.longitudinal",500,4,"theta",0.1,-0.0587649689921358,-0.037022489463284,-0.0914507435097089,0.0418195338094486,0.0290024147439848,0.0590736409373858,"time_mar",0.3,0.299425,0.543333333333333,"30%"
"n500_d4_time_mar_miss30","gamlss.longitudinal",500,4,"theta",0.95,-0.302525281225209,-0.260961658195767,-0.325337392911526,-0.201207350941508,0.0380268159560232,0.0616322052136404,"time_mar",0.3,0.299425,0.543333333333333,"30%"
"n500_d4_time_mar_miss30","gamlss2",500,4,"sigma",0.77,0.0358396730395883,-0.00357707955654119,-0.0884123585195161,0.159020855485415,-0.0203101459624012,0.0818285149457178,"time_mar",0.3,0.299425,0.543333333333333,"30%"
"n500_d4_time_mar_miss30","gamlss.longitudinal",500,4,"mu",0.25,0.55,0.536520607147492,0.520426809499175,0.553791068811557,-0.0114938104916662,0.0176113744119551,"time_mar",0.3,0.299425,0.543333333333333,"30%"
"n500_d4_time_mar_miss30","gamlss.longitudinal",500,4,"mu",0.23,0.545663085722963,0.534133891028509,0.513370064871885,0.545467637332172,-0.0134599452491537,0.0188773362207171,"time_mar",0.3,0.299425,0.543333333333333,"30%"
"n500_d4_time_mar_miss30","gamlss.longitudinal",500,4,"theta",0.89,-0.223855116916594,-0.19224245943345,-0.241815664901961,-0.15395281832169,0.024663952911982,0.0439828005255879,"time_mar",0.3,0.299425,0.543333333333333,"30%"
"n500_d4_time_mar_miss30","gamlss2",500,4,"sigma",0.71,-0.0734872631791595,-0.0608020623081212,-0.160065552796225,0.0329583491635554,0.0126161011115853,0.0820709547586734,"time_mar",0.3,0.299425,0.543333333333333,"30%"
"n500_d4_time_mar_miss30","gamlss.longitudinal",500,4,"theta",0.87,-0.197252672035138,-0.169335703254803,-0.219987196687777,-0.138262384281594,0.0199471496083472,0.0386690880656752,"time_mar",0.3,0.299425,0.543333333333333,"30%"
"n500_d4_time_mar_miss30","gamlss.longitudinal",500,4,"theta",0.85,-0.170666816341098,-0.146349160472716,-0.197918715457656,-0.12257035181443,0.0153372433026189,0.0340624217631536,"time_mar",0.3,0.299425,0.543333333333333,"30%"
"n500_d4_time_mar_miss30","gamlss.longitudinal",500,4,"theta",0.83,-0.144221415468067,-0.123230291500843,-0.175544598391662,-0.106847767343094,0.0109668455287995,0.0304567999310196,"time_mar",0.3,0.299425,0.543333333333333,"30%"
"n500_d4_time_mar_miss30","gamlss2",500,4,"sigma",0.65,-0.173055872717445,-0.136228414339539,-0.256884655126152,0.000103879893515471,0.0394175173836211,0.105455790380302,"time_mar",0.3,0.299425,0.543333333333333,"30%"
"n500_d4_time_mar_miss30","gamlss.longitudinal",500,4,"mu",1,-1.26553020970047e-16,-0.0721795976116321,-0.146712028110284,0.00238339812165933,-0.070996659343986,0.0943804498289515,"time_mar",0.3,0.299425,0.543333333333333,"30%"
"n500_d4_time_mar_miss30","gamlss.longitudinal",500,4,"mu",0.11,0.350583194361779,0.360928770101639,0.315047488979597,0.405280161950269,0.00803742322375467,0.0359950580511813,"time_mar",0.3,0.299425,0.543333333333333,"30%"
"n500_d4_time_mar_miss30","gamlss.longitudinal",500,4,"mu",0.96,-0.13677943794067,-0.174920134670027,-0.221505059354697,-0.108580769425769,-0.0292812973275359,0.0542130868740448,"time_mar",0.3,0.299425,0.543333333333333,"30%"
"n500_d4_time_mar_miss30","gamlss.longitudinal",500,4,"theta",0.77,-0.0669553676332503,-0.0528262289552418,-0.108699932278518,-0.0475374922282621,0.000246232464524848,0.0272632012256697,"time_mar",0.3,0.299425,0.543333333333333,"30%"
"n500_d4_time_mar_miss30","gamlss2",500,4,"mu",0.25,0.55,0.538729482974989,0.511474476249503,0.587843463417183,-0.0075213588362871,0.0263593648114446,"time_mar",0.3,0.299425,0.543333333333333,"30%"
"n500_d4_time_mar_miss30","gamlss2",500,4,"mu",0.23,0.545663085722963,0.534646368478274,0.504762016196945,0.589370416342873,-0.00661253687032013,0.0266448921627537,"time_mar",0.3,0.299425,0.543333333333333,"30%"
"n500_d4_time_mar_miss30","gamlss.longitudinal",500,4,"mu",0.9,-0.32328188876086,-0.323275251556492,-0.345966157834183,-0.287858533780918,0.00755393678115641,0.0253319250758329,"time_mar",0.3,0.299425,0.543333333333333,"30%"
"n500_d4_time_mar_miss30","gamlss.longitudinal",500,4,"theta",0.71,0.00469571114387557,0.0114874857733678,-0.0472212924152615,0.0314937438036625,-0.00650068671797506,0.0320979068582217,"time_mar",0.3,0.299425,0.543333333333333,"30%"
"n500_d4_time_mar_miss30","gamlss.longitudinal",500,4,"mu",0.88,-0.376500908260779,-0.368693771836118,-0.389742776420232,-0.336994842418217,0.0131554728172692,0.0247939908142593,"time_mar",0.3,0.299425,0.543333333333333,"30%"
"n500_d4_time_mar_miss30","gamlss.longitudinal",500,4,"mu",0.86,-0.423782283526684,-0.413673693692191,-0.432685265302376,-0.381461146930265,0.0155127343854955,0.0252326538616419,"time_mar",0.3,0.299425,0.543333333333333,"30%"
"n500_d4_time_mar_miss30","gamlss.longitudinal",500,4,"mu",0.84,-0.464380359026109,-0.454585074462436,-0.473801965136443,-0.420416876114283,0.0151138178095109,0.0256313474103081,"time_mar",0.3,0.299425,0.543333333333333,"30%"
"n500_d4_time_mar_miss30","gamlss.longitudinal",500,4,"theta",0.65,0.0676834184975002,0.0622471918676195,0.0116070441507735,0.103536865689952,-0.0108742995149283,0.0383390614387638,"time_mar",0.3,0.299425,0.543333333333333,"30%"
"n500_d4_time_mar_miss30","gamlss2",500,4,"mu",1,-1.26553020970047e-16,-0.0575507760883082,-0.155028402517358,0.0673373638414258,-0.0450136889676662,0.0935890894681798,"time_mar",0.3,0.299425,0.543333333333333,"30%"
"n500_d4_time_mar_miss30","gamlss2",500,4,"mu",0.11,0.350583194361779,0.361343133026874,0.286222408831961,0.442844906985742,0.0102311385840961,0.0481244881399061,"time_mar",0.3,0.299425,0.543333333333333,"30%"
"n500_d4_time_mar_miss30","gamlss2",500,4,"mu",0.96,-0.13677943794067,-0.156449033552216,-0.235132467546757,-0.0893350228977396,-0.01595253973937,0.0528854066533523,"time_mar",0.3,0.299425,0.543333333333333,"30%"
"n500_d4_time_mar_miss30","gamlss.longitudinal",500,4,"mu",0.78,-0.540257987900779,-0.538582507460584,-0.567855683780848,-0.497433383350601,0.00522684004574271,0.0279497097452231,"time_mar",0.3,0.299425,0.543333333333333,"30%"
"n500_d4_time_mar_miss30","gamlss.longitudinal",500,4,"sigma",0.25,-0.000720297029702949,-0.0232896862956106,-0.0440385191047733,-0.0194960911868068,-0.026893075683748,0.0289491132198244,"time_mar",0.3,0.299425,0.543333333333333,"30%"
"n500_d4_time_mar_miss30","gamlss.longitudinal",500,4,"sigma",0.23,0.0358396730395883,0.000825176443307703,-0.0104763785871236,0.00795667264938391,-0.035614584262199,0.036381363543991,"time_mar",0.3,0.299425,0.543333333333333,"30%"
"n500_d4_time_mar_miss30","gamlss2",500,4,"mu",0.9,-0.32328188876086,-0.311235693686443,-0.361621113159712,-0.277799197032428,0.0111036596524789,0.0301644572637774,"time_mar",0.3,0.299425,0.543333333333333,"30%"
"n500_d4_time_mar_miss30","gamlss.longitudinal",500,4,"mu",0.72,-0.540257987900779,-0.544307723942788,-0.587762342892745,-0.50488033564351,-0.00387003981076424,0.0325588862222147,"time_mar",0.3,0.299425,0.543333333333333,"30%"
"n500_d4_time_mar_miss30","gamlss2",500,4,"mu",0.88,-0.376500908260779,-0.360507937147465,-0.406849380369782,-0.330727795645531,0.0137997778506038,0.0300388310688485,"time_mar",0.3,0.299425,0.543333333333333,"30%"
"n500_d4_time_mar_miss30","gamlss2",500,4,"mu",0.86,-0.423782283526684,-0.404486004003051,-0.455400244239649,-0.374899178369903,0.0136108377495173,0.0299420188577667,"time_mar",0.3,0.299425,0.543333333333333,"30%"
"n500_d4_time_mar_miss30","gamlss2",500,4,"mu",0.84,-0.464380359026109,-0.450284612046444,-0.499378518488669,-0.412340145340894,0.0111785823335988,0.0303097405649699,"time_mar",0.3,0.299425,0.543333333333333,"30%"
"n500_d4_time_mar_miss30","gamlss.longitudinal",500,4,"mu",0.66,-0.464380359026108,-0.481910496445715,-0.515433603676046,-0.420781166574635,-0.00565560258355932,0.0374623684209763,"time_mar",0.3,0.299425,0.543333333333333,"30%"
"n500_d4_time_mar_miss30","gamlss.longitudinal",500,4,"sigma",1,0.280529702970297,0.312605839432459,0.278098326459661,0.403647655734744,0.0542499409858418,0.0771483739750154,"time_mar",0.3,0.299425,0.543333333333333,"30%"
"n500_d4_time_mar_miss30","gamlss.longitudinal",500,4,"sigma",0.11,0.221473675803034,0.190749602480487,0.125985576126406,0.234403930766145,-0.0412424716122385,0.0591803811562436,"time_mar",0.3,0.299425,0.543333333333333,"30%"
"n500_d4_time_mar_miss30","gamlss.longitudinal",500,4,"sigma",0.96,0.274944651308886,0.255921699629846,0.232364846847205,0.336651653348304,0.00273974870254886,0.0445763176989465,"time_mar",0.3,0.299425,0.543333333333333,"30%"
"n500_d4_time_mar_miss30","gamlss2",500,4,"mu",0.78,-0.540257987900779,-0.542203724461903,-0.596911692728076,-0.487795736058976,-0.00154321367878858,0.0359557292067362,"time_mar",0.3,0.299425,0.543333333333333,"30%"
"n500_d4_time_mar_miss30","gamlss2",500,4,"sigma",0.25,-0.000720297029702949,-0.00577877243047664,-0.0481637986195517,0.0707587680492756,-0.0023373471063089,0.044345862316071,"time_mar",0.3,0.299425,0.543333333333333,"30%"
"n500_d4_time_mar_miss30","gamlss2",500,4,"sigma",0.23,0.0358396730395883,0.0207550741455018,-0.0119235732537871,0.111920499555956,-0.00485374161039527,0.0454713100198228,"time_mar",0.3,0.299425,0.543333333333333,"30%"
"n500_d4_time_mar_miss30","gamlss.longitudinal",500,4,"sigma",0.9,0.232234801282781,0.167783032643745,0.158682061929004,0.232079225766312,-0.04485762264055,0.0546150939863784,"time_mar",0.3,0.299425,0.543333333333333,"30%"
"n500_d4_time_mar_miss30","gamlss2",500,4,"mu",0.72,-0.540257987900779,-0.539438565841529,-0.631801906916383,-0.505605735609201,-0.00917955075204082,0.0396336035036548,"time_mar",0.3,0.299425,0.543333333333333,"30%"
"n500_d4_time_mar_miss30","gamlss.longitudinal",500,4,"sigma",0.88,0.20978029119672,0.138593076337109,0.133797669431992,0.196988647405009,-0.0526305989801296,0.0591637962033417,"time_mar",0.3,0.299425,0.543333333333333,"30%"
"n500_d4_time_mar_miss30","gamlss.longitudinal",500,4,"sigma",0.86,0.183796899894904,0.112809433989674,0.108069276149446,0.16181742107737,-0.0568935329283846,0.0614184780739278,"time_mar",0.3,0.299425,0.543333333333333,"30%"
"n500_d4_time_mar_miss30","gamlss.longitudinal",500,4,"sigma",0.84,0.154717741463996,0.0870640939857635,0.0803141633426858,0.126673563365241,-0.0580015554493352,0.0612203234463518,"time_mar",0.3,0.299425,0.543333333333333,"30%"
"n500_d4_time_mar_miss30","gamlss2",500,4,"mu",0.66,-0.464380359026108,-0.470182516422764,-0.535958586769858,-0.420365597732008,-0.00843950575477589,0.0372711327571029,"time_mar",0.3,0.299425,0.543333333333333,"30%"
"n500_d4_time_mar_miss30","gamlss2",500,4,"sigma",1,0.280529702970297,0.265021341563188,-0.00387228294237247,0.433138748886293,-0.0612902582065098,0.15977118977776,"time_mar",0.3,0.299425,0.543333333333333,"30%"
"n500_d4_time_mar_miss30","gamlss2",500,4,"sigma",0.11,0.221473675803034,0.199326786070054,-0.000489942859994073,0.297905978404759,-0.0418747569238827,0.098375026611108,"time_mar",0.3,0.299425,0.543333333333333,"30%"
"n500_d4_time_mar_miss30","gamlss2",500,4,"sigma",0.96,0.274944651308886,0.239176798082318,-0.00128773265274906,0.357154026855003,-0.0633591901294776,0.132225358507932,"time_mar",0.3,0.299425,0.543333333333333,"30%"
"n500_d4_time_mar_miss30","gamlss.longitudinal",500,4,"sigma",0.78,0.0539040973460143,0.00659416717077476,-0.00557872250846039,0.0259131483420635,-0.046237233358852,0.0479394977626198,"time_mar",0.3,0.299425,0.543333333333333,"30%"
"n500_d4_time_mar_miss30","gamlss.longitudinal",500,4,"theta",0.25,0.113068267653095,0.0787132456332321,0.0572288875443546,0.11802636786937,-0.0309952246771361,0.0394575330098436,"time_mar",0.3,0.299425,0.543333333333333,"30%"
"n500_d4_time_mar_miss30","gamlss.longitudinal",500,4,"theta",0.23,0.0955516416496119,0.0632298496073155,0.042549326411817,0.108995393805279,-0.0267156134439568,0.0379500593885042,"time_mar",0.3,0.299425,0.543333333333333,"30%"
"n500_d4_time_mar_miss30","gamlss2",500,4,"sigma",0.9,0.232234801282781,0.181343429723214,-0.00117926387987399,0.334373889525355,-0.0486841298761487,0.111392647737383,"time_mar",0.3,0.299425,0.543333333333333,"30%"
"n500_d4_time_mar_miss30","gamlss.longitudinal",500,4,"sigma",0.72,-0.0555246914054204,-0.0697562443556582,-0.0944422313962441,-0.0596478853253363,-0.019857382382216,0.0242321941940824,"time_mar",0.3,0.299425,0.543333333333333,"30%"
"n500_d4_time_mar_miss30","gamlss2",500,4,"sigma",0.88,0.20978029119672,0.161143629294431,-0.00114275773500421,0.312024925850884,-0.044459756474932,0.103451772063017,"time_mar",0.3,0.299425,0.543333333333333,"30%"
"n500_d4_time_mar_miss30","gamlss2",500,4,"sigma",0.86,0.183796899894904,0.130762279142864,-0.00110594137155232,0.263248388171127,-0.0413413680433259,0.0946402291122781,"time_mar",0.3,0.299425,0.543333333333333,"30%"
"n500_d4_time_mar_miss30","gamlss2",500,4,"sigma",0.84,0.154717741463996,0.0966975978062948,-0.00106871003525026,0.25030185788007,-0.0387369756776948,0.0875613541344949,"time_mar",0.3,0.299425,0.543333333333333,"30%"
"n500_d4_time_mar_miss30","gamlss.longitudinal",500,4,"sigma",0.66,-0.157778335523402,-0.148630194837046,-0.168664237852855,-0.122024923721089,0.011339387277469,0.0212407764587424,"time_mar",0.3,0.299425,0.543333333333333,"30%"
"n500_d4_time_mar_miss30","gamlss.longitudinal",500,4,"theta",1,-0.364965316156597,-0.316416362800821,-0.389508957780049,-0.240298245462238,0.0489879178052065,0.0754808448518682,"time_mar",0.3,0.299425,0.543333333333333,"30%"
"n500_d4_time_mar_miss30","gamlss.longitudinal",500,4,"theta",0.98,-0.34046415291859,-0.295398081312672,-0.368227543320138,-0.224929045167634,0.0434083771303515,0.070290342377879,"time_mar",0.3,0.299425,0.543333333333333,"30%"
"n500_d4_time_mar_miss30","gamlss.longitudinal",500,4,"theta",0.96,-0.315310199841068,-0.272436849957495,-0.339640943025988,-0.209108719837411,0.0399571188834373,0.0645719005941363,"time_mar",0.3,0.299425,0.543333333333333,"30%"
"n500_d4_time_mar_miss30","gamlss2",500,4,"sigma",0.78,0.0539040973460143,0.00414053128106084,-0.0661576737830937,0.18234838029763,-0.0245145241830539,0.0826457475961489,"time_mar",0.3,0.299425,0.543333333333333,"30%"
"n500_d4_time_mar_miss30","gamlss.longitudinal",500,4,"mu",0.26,0.548914700635549,0.535541911913684,0.520955682050493,0.555806843016827,-0.00993555917605042,0.0169433982620626,"time_mar",0.3,0.299425,0.543333333333333,"30%"
"n500_d4_time_mar_miss30","gamlss.longitudinal",500,4,"theta",0.92,-0.2635188921644,-0.226575525922769,-0.282335575302261,-0.177538293435392,0.0316240564041584,0.0526880005937992,"time_mar",0.3,0.299425,0.543333333333333,"30%"
"n500_d4_time_mar_miss30","gamlss.longitudinal",500,4,"theta",0.9,-0.237123821009634,-0.203684928837228,-0.253553561002189,-0.161806155900927,0.0270159240965308,0.0468170298412739,"time_mar",0.3,0.299425,0.543333333333333,"30%"
"n500_d4_time_mar_miss30","gamlss2",500,4,"sigma",0.72,-0.0555246914054204,-0.0552000960055993,-0.138288616226026,0.0589711575882441,0.0068419897345881,0.0799105420511078,"time_mar",0.3,0.299425,0.543333333333333,"30%"
"n500_d4_time_mar_miss30","gamlss.longitudinal",500,4,"sigma",0.27,-0.0373602670989943,-0.0492451914980518,-0.0761738363420163,-0.0438114375108836,-0.0171154974823279,0.0222253507582497,"time_mar",0.3,0.299425,0.543333333333333,"30%"
"n500_d4_time_mar_miss30","gamlss2",500,4,"mu",0.94,-0.202468503976573,-0.209843142917324,-0.27943527274907,-0.155382634585843,-0.00398596139249584,0.0389673303213189,"time_mar",0.3,0.299425,0.543333333333333,"30%"
"n500_d4_time_mar_miss30","gamlss2",500,4,"sigma",0.68,-0.125444084499225,-0.111195475018565,-0.215746384181364,0.0116423637139057,0.0281954949235015,0.093606714601758,"time_mar",0.3,0.299425,0.543333333333333,"30%"
"n500_d4_time_mar_miss30","gamlss2",500,4,"sigma",0.66,-0.157778335523402,-0.129640258657735,-0.244870993069797,0.00548039124400767,0.036224187549543,0.101976136726747,"time_mar",0.3,0.299425,0.543333333333333,"30%"
"n500_d4_time_mar_miss30","gamlss.longitudinal",500,4,"theta",0.26,0.121143738894038,0.0831776359324226,0.0644991239527017,0.12280798683666,-0.0327247178595762,0.040218653501665,"time_mar",0.3,0.299425,0.543333333333333,"30%"
"n500_d4_time_mar_miss30","gamlss.longitudinal",500,4,"mu",0.99,-0.0345347857411223,-0.0944793984357714,-0.162983659466332,-0.0144597490767625,-0.0558371512431491,0.0823578692156812,"time_mar",0.3,0.299425,0.543333333333333,"30%"
"n500_d4_time_mar_miss30","gamlss.longitudinal",500,4,"mu",0.97,-0.103059723022149,-0.148189975811471,-0.201905767918966,-0.0772966966836697,-0.0377767061602314,0.063026091081451,"time_mar",0.3,0.299425,0.543333333333333,"30%"
"n500_d4_time_mar_miss30","gamlss.longitudinal",500,4,"theta",0.78,-0.0795289530669703,-0.066503277744243,-0.118819628599924,-0.058351342828917,0.00174988427913961,0.0270357693073644,"time_mar",0.3,0.299425,0.543333333333333,"30%"
"n500_d4_time_mar_miss30","gamlss2",500,4,"mu",0.26,0.548914700635549,0.542253252294329,0.511122562670146,0.583495745628441,-0.00759091210441908,0.0265210539806563,"time_mar",0.3,0.299425,0.543333333333333,"30%"
"n500_d4_time_mar_miss30","gamlss.longitudinal",500,4,"mu",0.93,-0.23417861036079,-0.253689908662413,-0.281658085980779,-0.200944932280812,-0.00731973481837883,0.0337240991895972,"time_mar",0.3,0.299425,0.543333333333333,"30%"
"n500_d4_time_mar_miss30","gamlss.longitudinal",500,4,"mu",0.91,-0.294704737238448,-0.301050841934971,-0.32409859017568,-0.260172733940523,0.00346907549207451,0.0268107496772664,"time_mar",0.3,0.299425,0.543333333333333,"30%"
"n500_d4_time_mar_miss30","gamlss.longitudinal",500,4,"theta",0.72,-0.00672359507839471,0.00221812635533686,-0.0574404504765093,0.0182430405489733,-0.00561171634737304,0.0310607321281501,"time_mar",0.3,0.299425,0.543333333333333,"30%"
"n500_d4_time_mar_miss30","gamlss2",500,4,"sigma",0.27,-0.0373602670989943,-0.0465813085672613,-0.0834557772797825,0.0358124826822303,0.000914010748583041,0.0482054706073561,"time_mar",0.3,0.299425,0.543333333333333,"30%"
"n500_d4_time_mar_miss30","gamlss.longitudinal",500,4,"sigma",0.94,0.265102648736772,0.226588688720319,0.207905331623625,0.30189265583053,-0.0174596883171055,0.043574086043533,"time_mar",0.3,0.299425,0.543333333333333,"30%"
"n500_d4_time_mar_miss30","gamlss.longitudinal",500,4,"theta",0.68,0.0374522230287292,0.0379686294782268,-0.0171229071735531,0.0692750529189108,-0.00883075368491411,0.035303392979673,"time_mar",0.3,0.299425,0.543333333333333,"30%"
"n500_d4_time_mar_miss30","gamlss.longitudinal",500,4,"theta",0.66,0.057907947299117,0.0544236568131226,0.00220161709718237,0.0925432554357313,-0.0102134339648282,0.0373716399316659,"time_mar",0.3,0.299425,0.543333333333333,"30%"
"n500_d4_time_mar_miss30","gamlss.longitudinal",500,4,"mu",0.27,0.545663085722963,0.53580692500686,0.518551992856727,0.556184744944428,-0.00821620858797287,0.0166959261925968,"time_mar",0.3,0.299425,0.543333333333333,"30%"
"n500_d4_time_mar_miss30","gamlss.longitudinal",500,4,"theta",0.93,-0.276614473457123,-0.238029970015637,-0.296688539423028,-0.18541925784417,0.0338439499585326,0.0556729259741018,"time_mar",0.3,0.299425,0.543333333333333,"30%"
"n500_d4_time_mar_miss30","gamlss2",500,4,"mu",0.97,-0.103059723022149,-0.1321092569488,-0.212915696183548,-0.0503856274306567,-0.0227574432821039,0.0619305141531494,"time_mar",0.3,0.299425,0.543333333333333,"30%"
"n500_d4_time_mar_miss30","gamlss.longitudinal",500,4,"mu",0.79,-0.532720738620747,-0.529336669792485,-0.556515888103424,-0.489185037649731,0.0072121533658198,0.0272989426709798,"time_mar",0.3,0.299425,0.543333333333333,"30%"
"n500_d4_time_mar_miss30","gamlss.longitudinal",500,4,"sigma",0.26,-0.019067452888497,-0.037727523692436,-0.0601175122354444,-0.0322751712187691,-0.0221185830179731,0.0254004136689048,"time_mar",0.3,0.299425,0.543333333333333,"30%"
"n500_d4_time_mar_miss30","gamlss2",500,4,"mu",0.93,-0.23417861036079,-0.233785399749704,-0.300317769223786,-0.186803782624925,0.00098018051132347,0.0345973394205039,"time_mar",0.3,0.299425,0.543333333333333,"30%"
"n500_d4_time_mar_miss30","gamlss2",500,4,"mu",0.91,-0.294704737238448,-0.284826742875741,-0.337620672027225,-0.246954291269144,0.00855176362256213,0.030637249077869,"time_mar",0.3,0.299425,0.543333333333333,"30%"
"n500_d4_time_mar_miss30","gamlss.longitudinal",500,4,"mu",0.73,-0.545663085722963,-0.547486205699743,-0.590926551041015,-0.508746793179693,-0.00273356180240139,0.0318190344475515,"time_mar",0.3,0.299425,0.543333333333333,"30%"
"n500_d4_time_mar_miss30","gamlss.longitudinal",500,4,"theta",0.27,0.128756363872617,0.0873437443252702,0.0716859682486074,0.127363276592289,-0.0342054674445874,0.0409603547165594,"time_mar",0.3,0.299425,0.543333333333333,"30%"
"n500_d4_time_mar_miss30","gamlss2",500,4,"sigma",0.94,0.265102648736772,0.2222354503559,-0.00125168595357882,0.3358174062109,-0.0593010597807526,0.123816118787965,"time_mar",0.3,0.299425,0.543333333333333,"30%"
"n500_d4_time_mar_miss30","gamlss.longitudinal",500,4,"mu",0.69,-0.511377067238538,-0.522310327075574,-0.562953387348225,-0.477326932393588,-0.00563484912960577,0.0352367423830553,"time_mar",0.3,0.299425,0.543333333333333,"30%"
"n500_d4_time_mar_miss30","gamlss.longitudinal",500,4,"mu",0.67,-0.481968674024125,-0.497492978154012,-0.533657176392234,-0.441077164887518,-0.00578839594810018,0.036880894439855,"time_mar",0.3,0.299425,0.543333333333333,"30%"
"n500_d4_time_mar_miss30","gamlss2",500,4,"mu",0.27,0.545663085722963,0.545247072298533,0.505388875148323,0.577123975903268,-0.007398819211719,0.0269846510319326,"time_mar",0.3,0.299425,0.543333333333333,"30%"
"n500_d4_time_mar_miss30","gamlss.longitudinal",500,4,"mu",0.94,-0.202468503976573,-0.2277684903704,-0.261302839791844,-0.170502858397584,-0.0139450418796213,0.0393415742060862,"time_mar",0.3,0.299425,0.543333333333333,"30%"
"n500_d4_time_mar_miss30","gamlss.longitudinal",500,4,"sigma",0.97,0.278125878188904,0.270575534562768,0.244574539561161,0.354014327303403,0.0145665868122284,0.0490252249490493,"time_mar",0.3,0.299425,0.543333333333333,"30%"
"n500_d4_time_mar_miss30","gamlss2",500,4,"mu",0.79,-0.532720738620747,-0.531704114168956,-0.587425581984031,-0.479101205972556,0.000577312252161227,0.0349582241602426,"time_mar",0.3,0.299425,0.543333333333333,"30%"
"n500_d4_time_mar_miss30","gamlss2",500,4,"sigma",0.26,-0.019067452888497,-0.0237323689954796,-0.0642142843456953,0.0532683710257482,-0.000866650718947032,0.045748169278761,"time_mar",0.3,0.299425,0.543333333333333,"30%"
"n500_d4_time_mar_miss30","gamlss.longitudinal",500,4,"sigma",0.93,0.258487818710103,0.211904989169614,0.195644091397899,0.284482922712093,-0.0258857534520078,0.0457145504035125,"time_mar",0.3,0.299425,0.543333333333333,"30%"
"n500_d4_time_mar_miss30","gamlss.longitudinal",500,4,"sigma",0.91,0.242018080620902,0.1825007987785,0.171038165069914,0.249578770681332,-0.0395482301596557,0.05169453892286,"time_mar",0.3,0.299425,0.543333333333333,"30%"
"n500_d4_time_mar_miss30","gamlss2",500,4,"mu",0.73,-0.545663085722963,-0.548718240299885,-0.637289278562879,-0.506951778589793,-0.00860919281176131,0.0392476482363697,"time_mar",0.3,0.299425,0.543333333333333,"30%"
"n500_d4_time_mar_miss30","gamlss2",500,4,"sigma",0.69,-0.108517662835106,-0.0860729984576839,-0.198770248291308,0.0233177683526894,0.023401873276731,0.0892516163579908,"time_mar",0.3,0.299425,0.543333333333333,"30%"
"n500_d4_time_mar_miss30","gamlss.longitudinal",500,4,"sigma",0.69,-0.108517662835106,-0.110475620101006,-0.134037861136735,-0.0924227758694424,-0.00431233509913074,0.0165885695240275,"time_mar",0.3,0.299425,0.543333333333333,"30%"
"n500_d4_time_mar_miss30","gamlss2",500,4,"mu",0.69,-0.511377067238538,-0.510592963712531,-0.59525929914373,-0.478119769942846,-0.00945764470201317,0.03968107598731,"time_mar",0.3,0.299425,0.543333333333333,"30%"
"n500_d4_time_mar_miss30","gamlss2",500,4,"mu",0.67,-0.481968674024125,-0.484379621953764,-0.557656015462589,-0.443046027959874,-0.00884505737150932,0.0383217153611335,"time_mar",0.3,0.299425,0.543333333333333,"30%"
"n500_d4_time_mar_miss30","gamlss.longitudinal",500,4,"mu",0.98,-0.0689332784603676,-0.121358405195461,-0.182420361962725,-0.0459023770250185,-0.0466720490361714,0.0724737651190789,"time_mar",0.3,0.299425,0.543333333333333,"30%"
"n500_d4_time_mar_miss30","gamlss.longitudinal",500,4,"theta",0.97,-0.327961441658366,-0.283916090258589,-0.353936660567683,-0.217017227098809,0.0417561541725647,0.0674620869191873,"time_mar",0.3,0.299425,0.543333333333333,"30%"
"n500_d4_time_mar_miss30","gamlss2",500,4,"sigma",0.97,0.278125878188904,0.248418425487578,-0.0013057370481335,0.372873216813305,-0.0643748114815845,0.137803722845661,"time_mar",0.3,0.299425,0.543333333333333,"30%"
"n500_d4_time_mar_miss30","gamlss.longitudinal",500,4,"sigma",0.79,0.0717266691197535,0.0193909683571565,0.00897886992978117,0.041964923033865,-0.0494904251411028,0.0512398489695729,"time_mar",0.3,0.299425,0.543333333333333,"30%"
"n500_d4_time_mar_miss30","gamlss.longitudinal",500,4,"mu",0.92,-0.264964520755943,-0.279210893683818,-0.302373720685302,-0.230886039597617,-0.00150351431489819,0.0295381679980291,"time_mar",0.3,0.299425,0.543333333333333,"30%"
"n500_d4_time_mar_miss30","gamlss2",500,4,"sigma",0.93,0.258487818710103,0.214372905336159,-0.00123363235132628,0.339687561562617,-0.0566762088573171,0.120620862838248,"time_mar",0.3,0.299425,0.543333333333333,"30%"
"n500_d4_time_mar_miss30","gamlss2",500,4,"sigma",0.91,0.242018080620902,0.196348700707355,-0.00119742923534773,0.339202356515375,-0.0512103167243034,0.114700805036455,"time_mar",0.3,0.299425,0.543333333333333,"30%"
"n500_d4_time_mar_miss30","gamlss.longitudinal",500,4,"sigma",0.73,-0.0373602670989943,-0.0571870895223956,-0.080259648593627,-0.0478337102769283,-0.0248238794790198,0.028136756537508,"time_mar",0.3,0.299425,0.543333333333333,"30%"
"n500_d4_time_mar_miss30","gamlss.longitudinal",500,4,"theta",0.69,0.0267968943074191,0.0293643478849416,-0.027033052617001,0.0570384623468483,-0.0080995950715698,0.0342348166580774,"time_mar",0.3,0.299425,0.543333333333333,"30%"
"n500_d4_time_mar_miss30","gamlss.longitudinal",500,4,"theta",0.67,0.0478267763399046,0.0463120210040587,-0.00735614240490256,0.0811209966699427,-0.00952958928429007,0.0363472230194029,"time_mar",0.3,0.299425,0.543333333333333,"30%"
"n500_d4_time_mar_miss30","gamlss2",500,4,"sigma",0.67,-0.141886399260218,-0.122669688794222,-0.231130838091921,0.00724102712185102,0.0324826434479835,0.0979537169702994,"time_mar",0.3,0.299425,0.543333333333333,"30%"
"n500_d4_time_mar_miss30","gamlss.longitudinal",500,4,"sigma",0.67,-0.141886399260218,-0.1365482048904,-0.157718893928763,-0.112491115651312,0.00617349521253354,0.0184280197635738,"time_mar",0.3,0.299425,0.543333333333333,"30%"
"n500_d4_time_mar_miss30","gamlss2",500,4,"mu",0.98,-0.0689332784603676,-0.105009463092478,-0.190687592778787,-0.0112242258221497,-0.0299543344256601,0.071921429762402,"time_mar",0.3,0.299425,0.543333333333333,"30%"
"n500_d4_time_mar_miss30","gamlss.longitudinal",500,4,"mu",0.8,-0.523081083962335,-0.515817944092713,-0.54345795892234,-0.479125991431317,0.00920459821821438,0.026788977243077,"time_mar",0.3,0.299425,0.543333333333333,"30%"
"n500_d4_time_mar_miss30","gamlss.longitudinal",500,4,"theta",0.79,-0.0922441825108828,-0.0772657765750336,-0.129769319810194,-0.0689691069890013,0.00336632105945611,0.027078052365918,"time_mar",0.3,0.299425,0.543333333333333,"30%"
"n500_d4_time_mar_miss30","gamlss2",500,4,"sigma",0.79,0.0717266691197535,0.0191692488530477,-0.037075599283448,0.202414979049932,-0.0281420268948168,0.0831300848905533,"time_mar",0.3,0.299425,0.543333333333333,"30%"
"n500_d4_time_mar_miss30","gamlss2",500,4,"mu",0.92,-0.264964520755943,-0.258659986757355,-0.318792860472328,-0.210394491649584,0.00517320195339109,0.0319431624064076,"time_mar",0.3,0.299425,0.543333333333333,"30%"
"n500_d4_time_mar_miss30","gamlss.longitudinal",500,4,"mu",0.74,-0.548914700635549,-0.54857468061992,-0.591326442225273,-0.511015960435488,-0.0016863874158535,0.0308629327602526,"time_mar",0.3,0.299425,0.543333333333333,"30%"
"n500_d4_time_mar_miss30","gamlss.longitudinal",500,4,"theta",0.91,-0.250350219881933,-0.215128024894305,-0.267957630971813,-0.169667562320987,0.0293423828072702,0.0497277659551069,"time_mar",0.3,0.299425,0.543333333333333,"30%"
"n500_d4_time_mar_miss30","gamlss2",500,4,"sigma",0.73,-0.0373602670989943,-0.0491522911600258,-0.114855402270813,0.0979524465167898,0.000987636644322293,0.0788986479026396,"time_mar",0.3,0.299425,0.543333333333333,"30%"
"n500_d4_time_mar_miss30","gamlss.longitudinal",500,4,"mu",0.7,-0.523081083962334,-0.531673700333947,-0.573852082943457,-0.490803910182228,-0.00528213578315143,0.034344789847059,"time_mar",0.3,0.299425,0.543333333333333,"30%"
"n500_d4_time_mar_miss30","gamlss.longitudinal",500,4,"mu",0.68,-0.497654878856311,-0.510822534963348,-0.549520929264606,-0.46004877927638,-0.00575931562748545,0.0360954103601,"time_mar",0.3,0.299425,0.543333333333333,"30%"
"n500_d4_time_mar_miss30","gamlss2",500,4,"sigma",0.82,0.123023490439819,0.0668857767494563,-0.00103094670600488,0.242438006827166,-0.0356852969671231,0.084117625194906,"time_mar",0.3,0.299425,0.543333333333333,"30%"
"n500_d4_time_mar_miss30","gamlss2",500,4,"sigma",0.98,0.28012411336464,0.254686123141566,-0.00132373463345843,0.389215149101925,-0.0644559675562364,0.144324699933116,"time_mar",0.3,0.299425,0.543333333333333,"30%"
"n500_d4_time_mar_miss30","gamlss.longitudinal",500,4,"sigma",0.98,0.28012411336464,0.285224277634753,0.256777254778282,0.371371217860334,0.027571709442642,0.056354099642666,"time_mar",0.3,0.299425,0.543333333333333,"30%"
"n500_d4_time_mar_miss30","gamlss2",500,4,"mu",0.8,-0.523081083962335,-0.521308420988784,-0.569000079980251,-0.468846681813926,0.00281418314211532,0.0338660487445861,"time_mar",0.3,0.299425,0.543333333333333,"30%"
"n500_d4_time_mar_miss30","gamlss.longitudinal",500,4,"theta",0.74,-0.0302314603288967,-0.017470329906667,-0.0779876840984092,-0.00894691872687345,-0.00357035386642964,0.0291682649792637,"time_mar",0.3,0.299425,0.543333333333333,"30%"
"n500_d4_time_mar_miss30","gamlss2",500,4,"sigma",0.92,0.250781706983456,0.204823270702229,-0.00121554929727256,0.340741569184273,-0.0539194666690468,0.117691548198575,"time_mar",0.3,0.299425,0.543333333333333,"30%"
"n500_d4_time_mar_miss30","gamlss.longitudinal",500,4,"sigma",0.92,0.250781706983456,0.197209201773274,0.18335800864778,0.267046213490886,-0.0332365502454371,0.0486062460154057,"time_mar",0.3,0.299425,0.543333333333333,"30%"
"n500_d4_time_mar_miss30","gamlss2",500,4,"mu",0.74,-0.548914700635549,-0.554877998696754,-0.637563091817925,-0.506132530228328,-0.00775782260098224,0.0387642406429297,"time_mar",0.3,0.299425,0.543333333333333,"30%"
"n500_d4_time_mar_miss30","gamlss2",500,4,"sigma",0.81,0.106357068775701,0.0497555713946369,-0.00101182580208437,0.232448975025926,-0.0336728262942224,0.083564579468134,"time_mar",0.3,0.299425,0.543333333333333,"30%"
"n500_d4_time_mar_miss30","gamlss.longitudinal",500,4,"theta",0.73,-0.0183706064707613,-0.00726158724745104,-0.0677046522306843,0.00471512402708541,-0.00464534852159397,0.0300726260790068,"time_mar",0.3,0.299425,0.543333333333333,"30%"
"n500_d4_time_mar_miss30","gamlss2",500,4,"mu",0.7,-0.523081083962334,-0.520868648175379,-0.610456511875175,-0.493999079488513,-0.00956900587246758,0.0399106907800556,"time_mar",0.3,0.299425,0.543333333333333,"30%"
"n500_d4_time_mar_miss30","gamlss2",500,4,"mu",0.68,-0.497654878856311,-0.497575063923108,-0.577535708899797,-0.461077331086719,-0.00920037774463942,0.039148459975252,"time_mar",0.3,0.299425,0.543333333333333,"30%"
"n500_d4_time_mar_miss30","gamlss.longitudinal",500,4,"mu",0.81,-0.511377067238538,-0.500814592369134,-0.528397398097027,-0.467347902966346,0.0110825025199764,0.0263551498152618,"time_mar",0.3,0.299425,0.543333333333333,"30%"
"n500_d4_time_mar_miss30","gamlss.longitudinal",500,4,"theta",0.8,-0.10508613905841,-0.0882051896697049,-0.141335123223099,-0.0789374095478097,0.00510162352829019,0.0274242889898489,"time_mar",0.3,0.299425,0.543333333333333,"30%"
"n500_d4_time_mar_miss30","gamlss2",500,4,"sigma",0.8,0.0892348012827812,0.0343824184233282,-0.0222927254983734,0.219123448200777,-0.031184618553258,0.0833562188959924,"time_mar",0.3,0.299425,0.543333333333333,"30%"
"n500_d4_time_mar_miss30","gamlss.longitudinal",500,4,"sigma",0.8,0.0892348012827812,0.0321631578111992,0.0237135815990073,0.0581653740730524,-0.0522886880562921,0.0541663413882499,"time_mar",0.3,0.299425,0.543333333333333,"30%"
"n500_d4_time_mar_miss30","gamlss.longitudinal",500,4,"mu",0.75,-0.55,-0.547565392839924,-0.589082922361548,-0.510986345280593,-0.000214699096818549,0.0300440029012649,"time_mar",0.3,0.299425,0.543333333333333,"30%"
"n500_d4_time_mar_miss30","gamlss.longitudinal",500,4,"sigma",0.82,0.123023490439819,0.0614886310818021,0.0520401563704538,0.0916937831186229,-0.0563373133892101,0.0587104149062862,"time_mar",0.3,0.299425,0.543333333333333,"30%"
"n500_d4_time_mar_miss30","gamlss2",500,4,"sigma",0.74,-0.0190674528884969,-0.042446036786424,-0.112590933082576,0.134056331053839,-0.00479736729425811,0.0789208556066675,"time_mar",0.3,0.299425,0.543333333333333,"30%"
"n500_d4_time_mar_miss30","gamlss.longitudinal",500,4,"sigma",0.74,-0.0190674528884969,-0.0445228937645127,-0.0657093349214039,-0.0357135388261546,-0.0296562184405264,0.0322850635381535,"time_mar",0.3,0.299425,0.543333333333333,"30%"
"n500_d4_time_mar_miss30","gamlss.longitudinal",500,4,"theta",0.81,-0.118039780738624,-0.0999275906864581,-0.15282587541694,-0.0888074939736402,0.0069503727311066,0.0280994812260807,"time_mar",0.3,0.299425,0.543333333333333,"30%"
"n500_d4_time_mar_miss30","gamlss.longitudinal",500,4,"sigma",0.76,0.0176068588290909,-0.0190131063836227,-0.0353846647227909,-0.00560325756577608,-0.0385705015367213,0.0404662362703601,"time_mar",0.3,0.299425,0.543333333333333,"30%"
"n500_d4_time_mar_miss30","gamlss.longitudinal",500,4,"sigma",0.7,-0.0911753953421872,-0.0965737817096415,-0.121352340974588,-0.081936814800109,-0.00955718132345024,0.0180386909518624,"time_mar",0.3,0.299425,0.543333333333333,"30%"
"n500_d4_time_mar_miss30","gamlss.longitudinal",500,4,"sigma",0.68,-0.125444084499225,-0.123813690517973,-0.146151547525286,-0.102610722725328,0.000949553162659875,0.0167338870618922,"time_mar",0.3,0.299425,0.543333333333333,"30%"
"n500_d4_time_mar_miss30","gamlss2",500,4,"mu",0.81,-0.511377067238538,-0.510856682104608,-0.550558844686623,-0.457039977496769,0.00508630721185203,0.0327545633768397,"time_mar",0.3,0.299425,0.543333333333333,"30%"
"n500_d4_time_mar_miss30","gamlss.longitudinal",500,4,"theta",0.75,-0.0422920829117761,-0.0292177095416589,-0.0882633392068244,-0.0225468112959762,-0.00240507004770697,0.0283736714855345,"time_mar",0.3,0.299425,0.543333333333333,"30%"
"n500_d4_time_mar_miss30","gamlss2",500,4,"sigma",0.75,-0.000720297029703023,-0.0314267547747858,-0.111395586959672,0.157887599840461,-0.0103621566808872,0.0796724513449833,"time_mar",0.3,0.299425,0.543333333333333,"30%"
"n500_d4_time_mar_miss30","gamlss.longitudinal",500,4,"sigma",0.75,-0.000720297029703023,-0.0317899642015176,-0.050728411348882,-0.0209979375933055,-0.0342437215681619,0.0364205425307969,"time_mar",0.3,0.299425,0.543333333333333,"30%"
"n500_d4_time_mar_miss30","gamlss2",500,4,"mu",0.75,-0.55,-0.555234275120771,-0.62660631996551,-0.503963469600002,-0.00661367250263109,0.0382032428585149,"time_mar",0.3,0.299425,0.543333333333333,"30%"
"n500_d4_time_mar_miss30","gamlss2",500,4,"mu",0.82,-0.497654878856311,-0.495050368455425,-0.536934960633557,-0.443683911900529,0.00730377401679023,0.0317259196481373,"time_mar",0.3,0.299425,0.543333333333333,"30%"
"n500_d4_time_mar_miss30","gamlss.longitudinal",500,4,"mu",0.82,-0.497654878856311,-0.486910891209103,-0.511573130991506,-0.453317944042887,0.0127797512232186,0.0260411405536738,"time_mar",0.3,0.299425,0.543333333333333,"30%"
"n500_d4_time_mar_miss30","gamlss.longitudinal",500,4,"sigma",0.81,0.106357068775701,0.0479681189488639,0.0379833618760892,0.0744881114472103,-0.0545875911359013,0.0566727374041412,"time_mar",0.3,0.299425,0.543333333333333,"30%"
"n500_d4_time_mar_miss30","gamlss.longitudinal",500,4,"mu",0.76,-0.548914700635549,-0.544653023198524,-0.584444990706088,-0.508883561578152,0.00142596003039251,0.0293102130790574,"time_mar",0.3,0.299425,0.543333333333333,"30%"
"n500_d4_time_mar_miss30","gamlss2",500,4,"mu",0.76,-0.548914700635549,-0.552508155677962,-0.612586662832708,-0.500427042896589,-0.00518073396270667,0.0375625851409776,"time_mar",0.3,0.299425,0.543333333333333,"30%"
"n500_d4_time_mar_miss50","gamlss.longitudinal",500,4,"mu",0.91,-0.294704737238448,-0.30813741352271,-0.337329734341205,-0.249429656292719,-0.0053150892427051,0.032743459362538,"time_mar",0.5,0.502,0.292466666666667,"50%"
"n500_d4_time_mar_miss50","gamlss.longitudinal",500,4,"theta",0.9,-0.237123821009634,-0.201526915389416,-0.296920548411648,-0.0977569267259607,0.0306794572360262,0.0749450256698755,"time_mar",0.5,0.502,0.292466666666667,"50%"
"n500_d4_time_mar_miss50","gamlss.longitudinal",500,4,"mu",0.85,-0.444959346906221,-0.439499632171957,-0.459671056408508,-0.384009854987882,0.0129690784167358,0.0268689070811669,"time_mar",0.5,0.502,0.292466666666667,"50%"
"n500_d4_time_mar_miss50","gamlss.longitudinal",500,4,"theta",0.84,-0.157418833384277,-0.145157880333384,-0.215502743242836,-0.0737267361782028,0.00745366224715911,0.0527546346605789,"time_mar",0.5,0.502,0.292466666666667,"50%"
"n500_d4_time_mar_miss50","gamlss.longitudinal",500,4,"theta",0.91,-0.250350219881933,-0.21385577585191,-0.310460708887135,-0.102969376743159,0.0344180140998373,0.0791133005629562,"time_mar",0.5,0.502,0.292466666666667,"50%"
"n500_d4_time_mar_miss50","gamlss2",500,4,"sigma",0.91,0.242018080620902,0.211431344448018,0.00784278127433907,0.300366895086041,-0.0407732725578464,0.102913668599329,"time_mar",0.5,0.502,0.292466666666667,"50%"
"n500_d4_time_mar_miss50","gamlss.longitudinal",500,4,"sigma",0.91,0.242018080620902,0.202451878916042,0.141651581553196,0.258568272289741,-0.0405197204938032,0.0562094999793707,"time_mar",0.5,0.502,0.292466666666667,"50%"
"n500_d4_time_mar_miss50","gamlss2",500,4,"mu",0.91,-0.294704737238448,-0.288085845044478,-0.331525576103676,-0.226085876346605,0.00599547181779414,0.0316845824357927,"time_mar",0.5,0.502,0.292466666666667,"50%"
"n500_d4_time_mar_miss50","gamlss2",500,4,"mu",0.89,-0.350583194361779,-0.343099612408849,-0.375396376430849,-0.289925481253977,0.00984098921434779,0.0303696480181339,"time_mar",0.5,0.502,0.292466666666667,"50%"
"n500_d4_time_mar_miss50","gamlss.longitudinal",500,4,"mu",0.89,-0.350583194361779,-0.356657907994282,-0.381003530407161,-0.30644644244807,0.00331675956201693,0.0276938289436787,"time_mar",0.5,0.502,0.292466666666667,"50%"
"n500_d4_time_mar_miss50","gamlss.longitudinal",500,4,"sigma",0.89,0.221473675803034,0.173807886894658,0.111889434205069,0.233020469047731,-0.0471869710449008,0.0612620478588802,"time_mar",0.5,0.502,0.292466666666667,"50%"
"n500_d4_time_mar_miss50","gamlss2",500,4,"mu",0.85,-0.444959346906221,-0.439252464047197,-0.468539345710474,-0.388383872112251,0.0113104359640878,0.0290010696710333,"time_mar",0.5,0.502,0.292466666666667,"50%"
"n500_d4_time_mar_miss50","gamlss2",500,4,"mu",0.83,-0.481968674024125,-0.474870643807174,-0.507008563613204,-0.426719514659314,0.00964659753737554,0.0295076034374733,"time_mar",0.5,0.502,0.292466666666667,"50%"
"n500_d4_time_mar_miss50","gamlss.longitudinal",500,4,"mu",0.83,-0.481968674024125,-0.474904055526461,-0.495963722665625,-0.419469993521025,0.0145223951483921,0.0283140405387604,"time_mar",0.5,0.502,0.292466666666667,"50%"
"n500_d4_time_mar_miss50","gamlss.longitudinal",500,4,"theta",0.88,-0.210559570722046,-0.176956764795836,-0.269808216663964,-0.0925721060756858,0.0230367633861758,0.066879298434279,"time_mar",0.5,0.502,0.292466666666667,"50%"
"n500_d4_time_mar_miss50","gamlss.longitudinal",500,4,"mu",0.92,-0.264964520755943,-0.279262224405859,-0.317570538836969,-0.214146845747748,-0.010611070395016,0.0369954910009846,"time_mar",0.5,0.502,0.292466666666667,"50%"
"n500_d4_time_mar_miss50","gamlss.longitudinal",500,4,"mu",0.9,-0.32328188876086,-0.336119266170366,-0.358003917251072,-0.280723294489651,-0.000665110190601056,0.0296675549337913,"time_mar",0.5,0.502,0.292466666666667,"50%"
"n500_d4_time_mar_miss50","gamlss.longitudinal",500,4,"theta",0.89,-0.223855116916594,-0.189227722417669,-0.283369576073036,-0.095163213179115,0.0268813227541197,0.0708573598267293,"time_mar",0.5,0.502,0.292466666666667,"50%"
"n500_d4_time_mar_miss50","gamlss2",500,4,"sigma",0.89,0.221473675803034,0.191901198224101,0.00734533575421725,0.290833458584322,-0.0382904084743441,0.0991275737693118,"time_mar",0.5,0.502,0.292466666666667,"50%"
"n500_d4_time_mar_miss50","gamlss.longitudinal",500,4,"mu",0.86,-0.423782283526684,-0.417638144956076,-0.442714527753698,-0.368436523089016,0.0114561990581932,0.0264040707209177,"time_mar",0.5,0.502,0.292466666666667,"50%"
"n500_d4_time_mar_miss50","gamlss.longitudinal",500,4,"mu",0.84,-0.464380359026109,-0.458338214882993,-0.479072567778121,-0.401236267731542,0.0139760717761676,0.0275316329245296,"time_mar",0.5,0.502,0.292466666666667,"50%"
"n500_d4_time_mar_miss50","gamlss.longitudinal",500,4,"theta",0.85,-0.170666816341098,-0.152780827196607,-0.229080804511463,-0.0800953411591116,0.0113549199089319,0.0559380997904819,"time_mar",0.5,0.502,0.292466666666667,"50%"
"n500_d4_time_mar_miss50","gamlss2",500,4,"sigma",0.85,0.169615278658039,0.14002558172787,0.00635510410190805,0.258442748726238,-0.0293323141058102,0.0861908073328691,"time_mar",0.5,0.502,0.292466666666667,"50%"
"n500_d4_time_mar_miss50","gamlss.longitudinal",500,4,"sigma",0.85,0.169615278658039,0.117357481710001,0.05339205962329,0.181809429879493,-0.0504833798278985,0.0640009107317273,"time_mar",0.5,0.502,0.292466666666667,"50%"
"n500_d4_time_mar_miss50","gamlss.longitudinal",500,4,"sigma",0.83,0.139165805200812,0.0894343114171442,0.0251128222829605,0.153728026210831,-0.047955243466956,0.0618036555955703,"time_mar",0.5,0.502,0.292466666666667,"50%"
"n500_d4_time_mar_miss50","gamlss2",500,4,"sigma",0.92,0.250781706983456,0.22368156905516,0.00809182202960126,0.301069982613835,-0.0412606865064265,0.104392532152807,"time_mar",0.5,0.502,0.292466666666667,"50%"
"n500_d4_time_mar_miss50","gamlss.longitudinal",500,4,"sigma",0.92,0.250781706983456,0.216233783826883,0.155598394669282,0.272180464500913,-0.0357588375841942,0.0529240721054931,"time_mar",0.5,0.502,0.292466666666667,"50%"
"n500_d4_time_mar_miss50","gamlss2",500,4,"mu",0.92,-0.264964520755943,-0.26281238096438,-0.308483425484149,-0.203824201575293,0.00320667786200642,0.0331423940720065,"time_mar",0.5,0.502,0.292466666666667,"50%"
"n500_d4_time_mar_miss50","gamlss2",500,4,"mu",0.9,-0.32328188876086,-0.319407246179203,-0.35387483993339,-0.257027035594689,0.00820130048888366,0.0308788618782691,"time_mar",0.5,0.502,0.292466666666667,"50%"
"n500_d4_time_mar_miss50","gamlss2",500,4,"sigma",0.86,0.183796899894904,0.151853046097426,0.00660185447915874,0.277460839849029,-0.0319264094693959,0.0898301033635347,"time_mar",0.5,0.502,0.292466666666667,"50%"
"n500_d4_time_mar_miss50","gamlss.longitudinal",500,4,"sigma",0.86,0.183796899894904,0.13142424728033,0.0678393884018344,0.195131721837529,-0.0507853715674606,0.0642441529929814,"time_mar",0.5,0.502,0.292466666666667,"50%"
"n500_d4_time_mar_miss50","gamlss2",500,4,"mu",0.86,-0.423782283526684,-0.416324552329448,-0.446134466229286,-0.366157976799118,0.0116250940576885,0.0291748330147291,"time_mar",0.5,0.502,0.292466666666667,"50%"
"n500_d4_time_mar_miss50","gamlss2",500,4,"mu",0.84,-0.464380359026109,-0.455090388484466,-0.48891374253114,-0.40770761115062,0.010630695576817,0.0290992874305504,"time_mar",0.5,0.502,0.292466666666667,"50%"
"n500_d4_time_mar_miss50","gamlss.longitudinal",500,4,"theta",0.13,-0.0174621870551856,0.0656417917960345,-0.0157025135476929,0.120814747614466,0.0773532743996946,0.0927199669477323,"time_mar",0.5,0.502,0.292466666666667,"50%"
"n500_d4_time_mar_miss50","gamlss.longitudinal",500,4,"theta",0.11,-0.0446588875603512,0.0650381832191557,-0.0270944388019444,0.12325277690701,0.0975089811734248,0.112105061554254,"time_mar",0.5,0.502,0.292466666666667,"50%"
"n500_d4_time_mar_miss50","gamlss.longitudinal",500,4,"theta",0.83,-0.144221415468067,-0.137573663391115,-0.202718548191113,-0.0673533862199509,0.00357016582204746,0.0498796517785821,"time_mar",0.5,0.502,0.292466666666667,"50%"
"n500_d4_time_mar_miss50","gamlss2",500,4,"sigma",0.83,0.139165805200812,0.112808417761892,0.00586382208908391,0.24244305105205,-0.0236934719907017,0.0794739967508912,"time_mar",0.5,0.502,0.292466666666667,"50%"
"n500_d4_time_mar_miss50","gamlss.longitudinal",500,4,"theta",0.92,-0.2635188921644,-0.226214020881022,-0.323990012017943,-0.108173447440961,0.0380838504502203,0.083337174489107,"time_mar",0.5,0.502,0.292466666666667,"50%"
"n500_d4_time_mar_miss50","gamlss2",500,4,"sigma",0.74,-0.0190674528884969,-0.0109035084925174,-0.117537826089695,0.0891678942118671,0.00380186194848148,0.0700525634448342,"time_mar",0.5,0.502,0.292466666666667,"50%"
"n500_d4_time_mar_miss50","gamlss2",500,4,"sigma",0.9,0.232234801282781,0.20264436859968,0.00759393238787407,0.297033919625213,-0.0397554100790824,0.101236675443521,"time_mar",0.5,0.502,0.292466666666667,"50%"
"n500_d4_time_mar_miss50","gamlss.longitudinal",500,4,"sigma",0.9,0.232234801282781,0.187959202542462,0.12674251676348,0.245119285426263,-0.0443143578768642,0.0590209102229156,"time_mar",0.5,0.502,0.292466666666667,"50%"
"n500_d4_time_mar_miss50","gamlss.longitudinal",500,4,"theta",0.86,-0.183949921668556,-0.160447289681573,-0.242660365099322,-0.0864501646844682,0.0152601775373171,0.0593820069176087,"time_mar",0.5,0.502,0.292466666666667,"50%"
"n500_d4_time_mar_miss50","gamlss2",500,4,"sigma",0.68,-0.125444084499225,-0.105252449857823,-0.22264846166569,0.0182012403443923,0.0203909610964413,0.0820142159382189,"time_mar",0.5,0.502,0.292466666666667,"50%"
"n500_d4_time_mar_miss50","gamlss2",500,4,"sigma",0.84,0.154717741463996,0.1300795496161,0.00610905769239501,0.236821424994004,-0.0265748991250524,0.0826642218949445,"time_mar",0.5,0.502,0.292466666666667,"50%"
"n500_d4_time_mar_miss50","gamlss.longitudinal",500,4,"sigma",0.84,0.154717741463996,0.103356873743722,0.0390932845969262,0.168027761712014,-0.0495223412132373,0.063176885266198,"time_mar",0.5,0.502,0.292466666666667,"50%"
"n500_d4_time_mar_miss50","gamlss.longitudinal",500,4,"mu",0.14,0.423782283526684,0.422533427767806,0.396349264820449,0.472127211572459,0.00305825375518069,0.0267429103765103,"time_mar",0.5,0.502,0.292466666666667,"50%"
"n500_d4_time_mar_miss50","gamlss.longitudinal",500,4,"mu",0.12,0.376500908260779,0.374373219657621,0.35475663151075,0.444817277369832,0.0108028204049007,0.0328485981443027,"time_mar",0.5,0.502,0.292466666666667,"50%"
"n500_d4_time_mar_miss50","gamlss.longitudinal",500,4,"mu",0.1,0.32328188876086,0.331388554397727,0.305480338513215,0.415756575485506,0.019902051562065,0.0429642640666292,"time_mar",0.5,0.502,0.292466666666667,"50%"
"n500_d4_time_mar_miss50","gamlss.longitudinal",500,4,"theta",0.09,-0.0731942446761535,0.064261206525277,-0.0390090244600116,0.125712975557787,0.118876032732155,0.133104605552522,"time_mar",0.5,0.502,0.292466666666667,"50%"
"n500_d4_time_mar_miss50","gamlss.longitudinal",500,4,"mu",0.93,-0.23417861036079,-0.253772420232482,-0.299436844010531,-0.181276557468738,-0.0165554248692553,0.0424060655919917,"time_mar",0.5,0.502,0.292466666666667,"50%"
"n500_d4_time_mar_miss50","gamlss.longitudinal",500,4,"theta",0.74,-0.0302314603288967,-0.0713551380594531,-0.103091499946105,-0.00668400197496791,-0.0290693410084077,0.0437378251166497,"time_mar",0.5,0.502,0.292466666666667,"50%"
"n500_d4_time_mar_miss50","gamlss.longitudinal",500,4,"theta",0.72,-0.00672359507839471,-0.0560232273801847,-0.0825342863305534,0.00727392054634858,-0.0354632644343677,0.0469470375555036,"time_mar",0.5,0.502,0.292466666666667,"50%"
"n500_d4_time_mar_miss50","gamlss2",500,4,"sigma",0.72,-0.0555246914054204,-0.034719518713354,-0.157159308713024,0.0419716552349386,0.00965203029493808,0.072126458208195,"time_mar",0.5,0.502,0.292466666666667,"50%"
"n500_d4_time_mar_miss50","gamlss.longitudinal",500,4,"mu",0.87,-0.400932745081776,-0.396766441781245,-0.423852829214281,-0.352408027976564,0.00934807402843426,0.0262636623755988,"time_mar",0.5,0.502,0.292466666666667,"50%"
"n500_d4_time_mar_miss50","gamlss.longitudinal",500,4,"theta",0.68,0.0374522230287292,-0.0196780349210917,-0.0456224874420277,0.0382182240265909,-0.0470851904810955,0.0555472501050048,"time_mar",0.5,0.502,0.292466666666667,"50%"
"n500_d4_time_mar_miss50","gamlss.longitudinal",500,4,"theta",0.66,0.057907947299117,-0.000685835218325168,-0.0348468106138752,0.0560200963815803,-0.0522810736933577,0.0602427950624539,"time_mar",0.5,0.502,0.292466666666667,"50%"
"n500_d4_time_mar_miss50","gamlss.longitudinal",500,4,"theta",0.82,-0.131089955360852,-0.130028032317186,-0.190216585033209,-0.060986315463676,-0.000286426320037844,0.0473608803355561,"time_mar",0.5,0.502,0.292466666666667,"50%"
"n500_d4_time_mar_miss50","gamlss2",500,4,"mu",0.14,0.423782283526684,0.428973846313445,0.389981059865032,0.480543051162955,0.00624635562707727,0.0301510852411321,"time_mar",0.5,0.502,0.292466666666667,"50%"
"n500_d4_time_mar_miss50","gamlss2",500,4,"mu",0.12,0.376500908260779,0.384023189608443,0.330857478214698,0.442956890968061,0.00962063280217153,0.0371569060963434,"time_mar",0.5,0.502,0.292466666666667,"50%"
"n500_d4_time_mar_miss50","gamlss2",500,4,"mu",0.1,0.32328188876086,0.341606905715562,0.27045459547887,0.40109129756975,0.0133166166693262,0.0461183520454483,"time_mar",0.5,0.502,0.292466666666667,"50%"
"n500_d4_time_mar_miss50","gamlss.longitudinal",500,4,"sigma",0.93,0.258487818710103,0.230345916500814,0.167656825258628,0.28577392099277,-0.0299876630634089,0.049346963647842,"time_mar",0.5,0.502,0.292466666666667,"50%"
"n500_d4_time_mar_miss50","gamlss2",500,4,"mu",0.93,-0.23417861036079,-0.231839897080435,-0.284876925270094,-0.181515627371262,-0.000168494042518047,0.0356717846739823,"time_mar",0.5,0.502,0.292466666666667,"50%"
"n500_d4_time_mar_miss50","gamlss.longitudinal",500,4,"mu",0.75,-0.55,-0.542433944616036,-0.585498829081089,-0.488392165695584,0.00841647123841307,0.0343929675449918,"time_mar",0.5,0.502,0.292466666666667,"50%"
"n500_d4_time_mar_miss50","gamlss.longitudinal",500,4,"mu",0.73,-0.545663085722963,-0.539481871803418,-0.591079789306325,-0.491878608629208,0.00591994191300414,0.0353308263734415,"time_mar",0.5,0.502,0.292466666666667,"50%"
"n500_d4_time_mar_miss50","gamlss.longitudinal",500,4,"sigma",0.87,0.197203834748904,0.145525305627186,0.0824191930375845,0.208086114894947,-0.0503710262394522,0.0638794159829627,"time_mar",0.5,0.502,0.292466666666667,"50%"
"n500_d4_time_mar_miss50","gamlss2",500,4,"mu",0.87,-0.400932745081776,-0.393556607638858,-0.422251107495664,-0.348129254788654,0.0115177872755564,0.0295239448480905,"time_mar",0.5,0.502,0.292466666666667,"50%"
"n500_d4_time_mar_miss50","gamlss.longitudinal",500,4,"mu",0.69,-0.511377067238538,-0.510638209307329,-0.569172348975967,-0.45941266353721,0.00159386903831754,0.0354668469879539,"time_mar",0.5,0.502,0.292466666666667,"50%"
"n500_d4_time_mar_miss50","gamlss.longitudinal",500,4,"mu",0.67,-0.481968674024125,-0.484970285667867,-0.536238004351123,-0.43391623858603,7.700407491246e-05,0.0346591232992587,"time_mar",0.5,0.502,0.292466666666667,"50%"
"n500_d4_time_mar_miss50","gamlss2",500,4,"sigma",0.14,0.183796899894904,0.167509145738686,0.0341106866412373,0.313669930133618,-0.0194462933249437,0.0889798147179989,"time_mar",0.5,0.502,0.292466666666667,"50%"
"n500_d4_time_mar_miss50","gamlss.longitudinal",500,4,"sigma",0.14,0.183796899894904,0.112376316541552,0.0562439954930641,0.180633876070371,-0.0599576012679766,0.0731684747141634,"time_mar",0.5,0.502,0.292466666666667,"50%"
"n500_d4_time_mar_miss50","gamlss.longitudinal",500,4,"sigma",0.12,0.20978029119672,0.14303644576746,0.0797648239580509,0.21070516568059,-0.0579888918597571,0.0736123209806314,"time_mar",0.5,0.502,0.292466666666667,"50%"
"n500_d4_time_mar_miss50","gamlss.longitudinal",500,4,"sigma",0.1,0.232234801282781,0.172652754020064,0.103435670814944,0.241732592819239,-0.0527118377362725,0.0717711472149403,"time_mar",0.5,0.502,0.292466666666667,"50%"
"n500_d4_time_mar_miss50","gamlss2",500,4,"sigma",0.93,0.258487818710103,0.234184295000055,0.00834100764219575,0.314507878557701,-0.0411238873206178,0.106022546699412,"time_mar",0.5,0.502,0.292466666666667,"50%"
"n500_d4_time_mar_miss50","gamlss.longitudinal",500,4,"sigma",0.75,-0.000720297029703023,-0.0212359239676417,-0.0665036750768321,0.0282138643350054,-0.0197259219939316,0.0369945409404422,"time_mar",0.5,0.502,0.292466666666667,"50%"
"n500_d4_time_mar_miss50","gamlss2",500,4,"mu",0.75,-0.55,-0.551654971749532,-0.601813073834266,-0.490068970093112,-0.00220580533934764,0.0348622332796417,"time_mar",0.5,0.502,0.292466666666667,"50%"
"n500_d4_time_mar_miss50","gamlss2",500,4,"mu",0.73,-0.545663085722963,-0.54648295977384,-0.612726007741243,-0.505515499772885,-0.00454990507741562,0.0358140998316304,"time_mar",0.5,0.502,0.292466666666667,"50%"
"n500_d4_time_mar_miss50","gamlss2",500,4,"sigma",0.87,0.197203834748904,0.166462706046294,0.00684920757260252,0.282643553184696,-0.0343153308814704,0.0933346246139527,"time_mar",0.5,0.502,0.292466666666667,"50%"
"n500_d4_time_mar_miss50","gamlss.longitudinal",500,4,"sigma",0.69,-0.108517662835106,-0.0997293606083809,-0.142044915350324,-0.0663769018089644,0.0103287525450276,0.0253825359941299,"time_mar",0.5,0.502,0.292466666666667,"50%"
"n500_d4_time_mar_miss50","gamlss2",500,4,"mu",0.69,-0.511377067238538,-0.516506703769369,-0.595860767360566,-0.472461160091669,-0.00726408966806493,0.0378871555415868,"time_mar",0.5,0.502,0.292466666666667,"50%"
"n500_d4_time_mar_miss50","gamlss2",500,4,"mu",0.67,-0.481968674024125,-0.492095121487248,-0.5590785809704,-0.4446327332193,-0.00769586050889979,0.0379037361920456,"time_mar",0.5,0.502,0.292466666666667,"50%"
"n500_d4_time_mar_miss50","gamlss.longitudinal",500,4,"theta",0.14,-0.00439367082121678,0.0658750790172029,-0.0114973185511674,0.122638894005531,0.0677422485648246,0.0837159950938517,"time_mar",0.5,0.502,0.292466666666667,"50%"
"n500_d4_time_mar_miss50","gamlss.longitudinal",500,4,"theta",0.12,-0.0308875528698806,0.0653620988703031,-0.0211661840496034,0.122031611562049,0.0872767317260428,0.10219544328949,"time_mar",0.5,0.502,0.292466666666667,"50%"
"n500_d4_time_mar_miss50","gamlss2",500,4,"sigma",0.12,0.20978029119672,0.184386915217469,0.042504663739048,0.34540474081047,-0.0252098489960889,0.0930231259393313,"time_mar",0.5,0.502,0.292466666666667,"50%"
"n500_d4_time_mar_miss50","gamlss2",500,4,"sigma",0.1,0.232234801282781,0.211824839998262,0.0447632493594217,0.345952563599259,-0.0322290744842826,0.096152556852848,"time_mar",0.5,0.502,0.292466666666667,"50%"
"n500_d4_time_mar_miss50","gamlss.longitudinal",500,4,"theta",0.93,-0.276614473457123,-0.23860051600541,-0.337508872760654,-0.113369801477814,0.0416653146501926,0.0875950210131445,"time_mar",0.5,0.502,0.292466666666667,"50%"
"n500_d4_time_mar_miss50","gamlss2",500,4,"sigma",0.75,-0.000720297029703023,-0.00263827830719587,-0.0968403244880067,0.126385557720539,0.000777979644250663,0.0697518379378686,"time_mar",0.5,0.502,0.292466666666667,"50%"
"n500_d4_time_mar_miss50","gamlss2",500,4,"sigma",0.73,-0.0373602670989943,-0.0236248727560787,-0.138122851536252,0.048409155376499,0.00676531210287605,0.0708222550605957,"time_mar",0.5,0.502,0.292466666666667,"50%"
"n500_d4_time_mar_miss50","gamlss.longitudinal",500,4,"sigma",0.73,-0.0373602670989943,-0.0470755798474218,-0.0933756207691627,0.000443981431983253,-0.0100116301392816,0.0299480364157877,"time_mar",0.5,0.502,0.292466666666667,"50%"
"n500_d4_time_mar_miss50","gamlss.longitudinal",500,4,"theta",0.87,-0.197252672035138,-0.16815443438128,-0.256237210533664,-0.0899425472326244,0.0191590134222431,0.0630424270938935,"time_mar",0.5,0.502,0.292466666666667,"50%"
"n500_d4_time_mar_miss50","gamlss2",500,4,"sigma",0.69,-0.108517662835106,-0.0876671085452703,-0.207395000673164,0.0258635471904595,0.0178150676020238,0.0790616468031636,"time_mar",0.5,0.502,0.292466666666667,"50%"
"n500_d4_time_mar_miss50","gamlss2",500,4,"sigma",0.67,-0.141886399260218,-0.120467177879763,-0.237457324666909,0.00912213982250436,0.0229130915353243,0.0850109415366776,"time_mar",0.5,0.502,0.292466666666667,"50%"
"n500_d4_time_mar_miss50","gamlss.longitudinal",500,4,"sigma",0.67,-0.141886399260218,-0.12213044274304,-0.163369595488468,-0.0941821165325563,0.0204470336127894,0.0302393264189523,"time_mar",0.5,0.502,0.292466666666667,"50%"
"n500_d4_time_mar_miss50","gamlss.longitudinal",500,4,"mu",0.15,0.444959346906221,0.44357127246165,0.415142396032722,0.487654210266238,-0.00033448611222983,0.0251488733876394,"time_mar",0.5,0.502,0.292466666666667,"50%"
"n500_d4_time_mar_miss50","gamlss.longitudinal",500,4,"mu",0.13,0.400932745081776,0.39951838968716,0.376115221166383,0.455128738748755,0.00676248891454577,0.0292841622384921,"time_mar",0.5,0.502,0.292466666666667,"50%"
"n500_d4_time_mar_miss50","gamlss.longitudinal",500,4,"mu",0.11,0.350583194361779,0.353030904423356,0.33222127322523,0.433188109780938,0.0151881223980459,0.0374259580069594,"time_mar",0.5,0.502,0.292466666666667,"50%"
"n500_d4_time_mar_miss50","gamlss.longitudinal",500,4,"theta",0.1,-0.0587649689921358,0.064670096360553,-0.0330443798067247,0.124479525814088,0.108044148125389,0.122416665513537,"time_mar",0.5,0.502,0.292466666666667,"50%"
"n500_d4_time_mar_miss50","gamlss.longitudinal",500,4,"mu",0.94,-0.202468503976573,-0.235535980245396,-0.281570942043538,-0.148163682053757,-0.0231209263533933,0.0489243900961752,"time_mar",0.5,0.502,0.292466666666667,"50%"
"n500_d4_time_mar_miss50","gamlss.longitudinal",500,4,"theta",0.75,-0.0422920829117761,-0.078469465208459,-0.113529719659461,-0.0171929681209795,-0.0257369363379503,0.0426010888277135,"time_mar",0.5,0.502,0.292466666666667,"50%"
"n500_d4_time_mar_miss50","gamlss.longitudinal",500,4,"theta",0.73,-0.0183706064707613,-0.0604680354732643,-0.092757421926933,0.0010587984573659,-0.0323135733304834,0.0452080814170155,"time_mar",0.5,0.502,0.292466666666667,"50%"
"n500_d4_time_mar_miss50","gamlss.longitudinal",500,4,"theta",0.71,0.00469571114387557,-0.0498138711958197,-0.072433904734109,0.0133301910830664,-0.0385153257531202,0.0488996414108128,"time_mar",0.5,0.502,0.292466666666667,"50%"
"n500_d4_time_mar_miss50","gamlss.longitudinal",500,4,"mu",0.88,-0.376500908260779,-0.376369621315372,-0.403011366319705,-0.330908308133151,0.00665525568584639,0.0266335912524069,"time_mar",0.5,0.502,0.292466666666667,"50%"
"n500_d4_time_mar_miss50","gamlss.longitudinal",500,4,"theta",0.69,0.0267968943074191,-0.0295193767920323,-0.0523803314819216,0.0287783964577042,-0.044328057637103,0.0532418609339525,"time_mar",0.5,0.502,0.292466666666667,"50%"
"n500_d4_time_mar_miss50","gamlss.longitudinal",500,4,"theta",0.67,0.0478267763399046,-0.0100618962258713,-0.0393968987351068,0.047305831853791,-0.049735237477324,0.0578878609710179,"time_mar",0.5,0.502,0.292466666666667,"50%"
"n500_d4_time_mar_miss50","gamlss2",500,4,"mu",0.71,-0.532720738620747,-0.53565794833625,-0.610900434222223,-0.501400223792035,-0.00624335958551573,0.0369794735564437,"time_mar",0.5,0.502,0.292466666666667,"50%"
"n500_d4_time_mar_miss50","gamlss2",500,4,"mu",0.15,0.444959346906221,0.451315763294892,0.415558118000396,0.496223053042111,0.00463500431439534,0.0278385367433568,"time_mar",0.5,0.502,0.292466666666667,"50%"
"n500_d4_time_mar_miss50","gamlss2",500,4,"mu",0.13,0.400932745081776,0.409147632537659,0.360760562402395,0.462881472171132,0.00790470575679117,0.0333307671283017,"time_mar",0.5,0.502,0.292466666666667,"50%"
"n500_d4_time_mar_miss50","gamlss2",500,4,"mu",0.11,0.350583194361779,0.362512690102557,0.300581487445285,0.422952394004066,0.0114147530407138,0.0414488775116168,"time_mar",0.5,0.502,0.292466666666667,"50%"
"n500_d4_time_mar_miss50","gamlss2",500,4,"sigma",0.7,-0.0911753953421872,-0.0682712248253894,-0.191541925801372,0.0322546517759565,0.0151725767258574,0.0763291030834248,"time_mar",0.5,0.502,0.292466666666667,"50%"
"n500_d4_time_mar_miss50","gamlss2",500,4,"mu",0.94,-0.202468503976573,-0.204833206017108,-0.26127260464795,-0.136559782673384,-0.00411378736927097,0.0396109949652235,"time_mar",0.5,0.502,0.292466666666667,"50%"
"n500_d4_time_mar_miss50","gamlss.longitudinal",500,4,"mu",0.76,-0.548914700635549,-0.540949872518067,-0.579056591811818,-0.483157319005092,0.00967945532257119,0.0338446440414801,"time_mar",0.5,0.502,0.292466666666667,"50%"
"n500_d4_time_mar_miss50","gamlss.longitudinal",500,4,"mu",0.74,-0.548914700635549,-0.541940380601218,-0.589630331726556,-0.492248002000347,0.00713686045163628,0.0348717157691073,"time_mar",0.5,0.502,0.292466666666667,"50%"
"n500_d4_time_mar_miss50","gamlss.longitudinal",500,4,"mu",0.72,-0.540257987900779,-0.535056681972095,-0.589713327817563,-0.485302872240364,0.00470879910169437,0.0355142778724554,"time_mar",0.5,0.502,0.292466666666667,"50%"
"n500_d4_time_mar_miss50","gamlss2",500,4,"mu",0.88,-0.376500908260779,-0.370227970550036,-0.397455704058404,-0.322661454635683,0.0109368294431444,0.0299400243521757,"time_mar",0.5,0.502,0.292466666666667,"50%"
"n500_d4_time_mar_miss50","gamlss.longitudinal",500,4,"mu",0.7,-0.523081083962334,-0.520676916649342,-0.578890400627924,-0.466838954370723,0.00254262788096328,0.035622446642197,"time_mar",0.5,0.502,0.292466666666667,"50%"
"n500_d4_time_mar_miss50","gamlss.longitudinal",500,4,"mu",0.68,-0.497654878856311,-0.498738338419103,-0.554847035843187,-0.449392295723803,0.000793976804166828,0.035153136350737,"time_mar",0.5,0.502,0.292466666666667,"50%"
"n500_d4_time_mar_miss50","gamlss.longitudinal",500,4,"sigma",0.71,-0.0734872631791595,-0.0704474693371882,-0.118642339278456,-0.0304820416239354,9.0598732970659e-05,0.025342891510069,"time_mar",0.5,0.502,0.292466666666667,"50%"
"n500_d4_time_mar_miss50","gamlss.longitudinal",500,4,"sigma",0.15,0.169615278658039,0.0958315640658107,0.0445590952076139,0.165410972788733,-0.0598321409071311,0.0720747471332691,"time_mar",0.5,0.502,0.292466666666667,"50%"
"n500_d4_time_mar_miss50","gamlss.longitudinal",500,4,"sigma",0.13,0.197203834748904,0.128291933586323,0.0679821308221421,0.195714211457102,-0.0593629546407653,0.0736840601468009,"time_mar",0.5,0.502,0.292466666666667,"50%"
"n500_d4_time_mar_miss50","gamlss.longitudinal",500,4,"sigma",0.11,0.221473675803034,0.157826245614236,0.0915847432685366,0.225624292365388,-0.0557878316408858,0.0729632076929386,"time_mar",0.5,0.502,0.292466666666667,"50%"
"n500_d4_time_mar_miss50","gamlss.longitudinal",500,4,"theta",0.7,0.0158736742092329,-0.0395719871753646,-0.0603210789565426,0.0192124084614799,-0.0414729697188297,0.0510148270916676,"time_mar",0.5,0.502,0.292466666666667,"50%"
"n500_d4_time_mar_miss50","gamlss.longitudinal",500,4,"sigma",0.94,0.265102648736772,0.243963514971387,0.179760262017981,0.299366685633439,-0.0231618104540777,0.0457867396841964,"time_mar",0.5,0.502,0.292466666666667,"50%"
"n500_d4_time_mar_miss50","gamlss2",500,4,"mu",0.76,-0.548914700635549,-0.552599767305677,-0.591963557698058,-0.480519718353937,-0.000821164475780595,0.0344468528675531,"time_mar",0.5,0.502,0.292466666666667,"50%"
"n500_d4_time_mar_miss50","gamlss2",500,4,"mu",0.74,-0.548914700635549,-0.549840336437754,-0.6088017516054,-0.498543558869003,-0.00345447111690583,0.0353053363120191,"time_mar",0.5,0.502,0.292466666666667,"50%"
"n500_d4_time_mar_miss50","gamlss2",500,4,"mu",0.72,-0.540257987900779,-0.542205965674087,-0.613452470954972,-0.510039309912551,-0.00548158911947957,0.0363873816530585,"time_mar",0.5,0.502,0.292466666666667,"50%"
"n500_d4_time_mar_miss50","gamlss.longitudinal",500,4,"sigma",0.88,0.20978029119672,0.159659290763982,0.0971093427277754,0.220685590071555,-0.0491896846491976,0.0628863371811652,"time_mar",0.5,0.502,0.292466666666667,"50%"
"n500_d4_time_mar_miss50","gamlss2",500,4,"mu",0.7,-0.523081083962334,-0.526993093254542,-0.605032045408365,-0.491314255718409,-0.00683483892813031,0.0375093424169558,"time_mar",0.5,0.502,0.292466666666667,"50%"
"n500_d4_time_mar_miss50","gamlss2",500,4,"mu",0.68,-0.497654878856311,-0.505454221344071,-0.582897412007171,-0.457633841192581,-0.00754436834551588,0.0380325166929422,"time_mar",0.5,0.502,0.292466666666667,"50%"
"n500_d4_time_mar_miss50","gamlss2",500,4,"sigma",0.71,-0.0734872631791595,-0.0492351951744977,-0.174879296616094,0.0375561715340565,0.0124543514295214,0.0739794849596663,"time_mar",0.5,0.502,0.292466666666667,"50%"
"n500_d4_time_mar_miss50","gamlss2",500,4,"sigma",0.15,0.169615278658039,0.147221637993547,0.0235684712580439,0.291872052140341,-0.0172565236516057,0.0861987643395843,"time_mar",0.5,0.502,0.292466666666667,"50%"
"n500_d4_time_mar_miss50","gamlss2",500,4,"sigma",0.13,0.197203834748904,0.181139274071559,0.0413754622443421,0.331578953616742,-0.0221204725187891,0.0912070862733888,"time_mar",0.5,0.502,0.292466666666667,"50%"
"n500_d4_time_mar_miss50","gamlss2",500,4,"sigma",0.11,0.221473675803034,0.196584411579207,0.0436339299450854,0.35112286438134,-0.0286182704205133,0.0946018347795445,"time_mar",0.5,0.502,0.292466666666667,"50%"
"n500_d4_time_mar_miss50","gamlss.longitudinal",500,4,"mu",0.71,-0.532720738620747,-0.528808306951622,-0.585779229244817,-0.47665858947229,0.00355323454341626,0.0356393261558251,"time_mar",0.5,0.502,0.292466666666667,"50%"
"n500_d4_time_mar_miss50","gamlss2",500,4,"sigma",0.94,0.265102648736772,0.248103803103419,0.00859029803807853,0.332117236785796,-0.0402585048875936,0.108223382993972,"time_mar",0.5,0.502,0.292466666666667,"50%"
"n500_d4_time_mar_miss50","gamlss.longitudinal",500,4,"sigma",0.76,0.0176068588290909,-0.00901938451226806,-0.0548177876973185,0.0422839781180454,-0.0243325832435197,0.0408034380531045,"time_mar",0.5,0.502,0.292466666666667,"50%"
"n500_d4_time_mar_miss50","gamlss.longitudinal",500,4,"sigma",0.74,-0.0190674528884969,-0.0349366647692513,-0.0801299975776006,0.0142585205181075,-0.0149435515028117,0.0333121000050778,"time_mar",0.5,0.502,0.292466666666667,"50%"
"n500_d4_time_mar_miss50","gamlss.longitudinal",500,4,"sigma",0.72,-0.0555246914054204,-0.0589207922176186,-0.106232747423396,-0.0131917966036159,-0.00499299842635272,0.027193858681024,"time_mar",0.5,0.502,0.292466666666667,"50%"
"n500_d4_time_mar_miss50","gamlss2",500,4,"sigma",0.88,0.20978029119672,0.181062700887191,0.0070970656923409,0.285512927611469,-0.0364545005465357,0.0964831162320106,"time_mar",0.5,0.502,0.292466666666667,"50%"
"n500_d4_time_mar_miss50","gamlss.longitudinal",500,4,"sigma",0.7,-0.0911753953421872,-0.0841378753217407,-0.130593162580694,-0.0484619339418065,0.00521228948756883,0.0246940617924018,"time_mar",0.5,0.502,0.292466666666667,"50%"
"n500_d4_time_mar_miss50","gamlss.longitudinal",500,4,"sigma",0.68,-0.125444084499225,-0.11120883299679,-0.15296554361204,-0.0831071851041364,0.0154212912323584,0.027322942498255,"time_mar",0.5,0.502,0.292466666666667,"50%"
"n500_d4_time_mar_miss50","gamlss2",500,4,"sigma",0.82,0.123023490439819,0.0987013077020581,-0.00333440464624923,0.236461333794288,-0.0207247137779054,0.0767720529592677,"time_mar",0.5,0.502,0.292466666666667,"50%"
"n500_d4_time_mar_miss50","gamlss.longitudinal",500,4,"theta",0.15,0.00830746729452853,0.0660611986916318,-0.007290184911042,0.127433800680155,0.058450390881264,0.0752342470947889,"time_mar",0.5,0.502,0.292466666666667,"50%"
"n500_d4_time_mar_miss50","gamlss.longitudinal",500,4,"sigma",0.64,-0.18765749395431,-0.150388016947073,-0.190137042206244,-0.124567632477048,0.0348456062795962,0.0420763192726404,"time_mar",0.5,0.502,0.292466666666667,"50%"
"n500_d4_time_mar_miss50","gamlss2",500,4,"mu",0.46,0.13677943794067,0.13507352827492,0.103172421402537,0.162559912768437,-0.00453014736931924,0.0212584109680935,"time_mar",0.5,0.502,0.292466666666667,"50%"
"n500_d4_time_mar_miss50","gamlss.longitudinal",500,4,"mu",0.28,0.540257987900779,0.519884456007423,0.493096013351931,0.552324906373345,-0.0173818721599842,0.0267345587262559,"time_mar",0.5,0.502,0.292466666666667,"50%"
"n500_d4_time_mar_miss50","gamlss.longitudinal",500,4,"theta",0.94,-0.289621671492168,-0.251011713381292,-0.351019508178472,-0.118558765563676,0.0451483535879583,0.0918658139919171,"time_mar",0.5,0.502,0.292466666666667,"50%"
"n500_d4_time_mar_miss50","gamlss2",500,4,"sigma",0.76,0.0176068588290909,0.00283545387862605,-0.0814551218873631,0.159159476333952,-0.00228905830589486,0.069829339905478,"time_mar",0.5,0.502,0.292466666666667,"50%"
"n500_d4_time_mar_miss50","gamlss.longitudinal",500,4,"sigma",0.58,-0.258002301042862,-0.188067137285212,-0.256553655483159,-0.166769564764401,0.0580779558360668,0.0659313752786938,"time_mar",0.5,0.502,0.292466666666667,"50%"
"n500_d4_time_mar_miss50","gamlss2",500,4,"mu",0.4,0.32328188876086,0.310039408025715,0.294502545621714,0.364046762355175,-0.00273107158484644,0.0257772607216581,"time_mar",0.5,0.502,0.292466666666667,"50%"
"n500_d4_time_mar_miss50","gamlss.longitudinal",500,4,"mu",0.22,0.540257987900779,0.530937264586022,0.492433022428048,0.549308258303048,-0.0155482981618784,0.0254285173762204,"time_mar",0.5,0.502,0.292466666666667,"50%"
"n500_d4_time_mar_miss50","gamlss.longitudinal",500,4,"theta",0.03,-0.165871351737091,0.0533862586219348,-0.0890348550102816,0.124675581552433,0.189652330602511,0.204025733909602,"time_mar",0.5,0.502,0.292466666666667,"50%"
"n500_d4_time_mar_miss50","gamlss.longitudinal",500,4,"sigma",0.52,-0.292144707424046,-0.213058557118872,-0.294079695945858,-0.178451607391789,0.0693840434181176,0.0789933911121688,"time_mar",0.5,0.502,0.292466666666667,"50%"
"n500_d4_time_mar_miss50","gamlss2",500,4,"mu",0.34,0.464380359026108,0.455614694401227,0.412017709725712,0.491635009579237,-0.00453960355549429,0.0297747600522729,"time_mar",0.5,0.502,0.292466666666667,"50%"
"n500_d4_time_mar_miss50","gamlss.longitudinal",500,4,"mu",0.16,0.464380359026108,0.462405743297779,0.428834786259078,0.50155038984803,-0.00342375161634989,0.024341943419471,"time_mar",0.5,0.502,0.292466666666667,"50%"
"n500_d4_time_mar_miss50","gamlss2",500,4,"sigma",0.64,-0.18765749395431,-0.154132307680138,-0.298274884586012,-0.0157537108745602,0.0303694141537284,0.0929068142150008,"time_mar",0.5,0.502,0.292466666666667,"50%"
"n500_d4_time_mar_miss50","gamlss.longitudinal",500,4,"sigma",0.46,-0.285205245368292,-0.212214427536144,-0.297012693270654,-0.17336713023609,0.0653722861480827,0.0765360355082679,"time_mar",0.5,0.502,0.292466666666667,"50%"
"n500_d4_time_mar_miss50","gamlss2",500,4,"mu",0.28,0.540257987900779,0.524105583416791,0.502194285643121,0.577314184330189,-0.00710925951749891,0.0255205810040662,"time_mar",0.5,0.502,0.292466666666667,"50%"
"n500_d4_time_mar_miss50","gamlss.longitudinal",500,4,"mu",0.95,-0.169959346906221,-0.209209845781421,-0.263962244478486,-0.114902973668855,-0.0302454309822196,0.0564264758161485,"time_mar",0.5,0.502,0.292466666666667,"50%"
"n500_d4_time_mar_miss50","gamlss.longitudinal",500,4,"theta",0.76,-0.0545382033307625,-0.0856639706555844,-0.124066308241401,-0.0235627717964216,-0.0223171494430277,0.0418557035846091,"time_mar",0.5,0.502,0.292466666666667,"50%"
"n500_d4_time_mar_miss50","gamlss2",500,4,"sigma",0.58,-0.258002301042862,-0.22937101834197,-0.310213313537652,-0.00910201347968097,0.04613403030249,0.101102932614033,"time_mar",0.5,0.502,0.292466666666667,"50%"
"n500_d4_time_mar_miss50","gamlss.longitudinal",500,4,"sigma",0.4,-0.238175395342187,-0.189536985289547,-0.265899705615473,-0.142267782374496,0.0466355706944128,0.0589957440811119,"time_mar",0.5,0.502,0.292466666666667,"50%"
"n500_d4_time_mar_miss50","gamlss2",500,4,"mu",0.22,0.540257987900779,0.545634454931634,0.487668875566816,0.574215175905367,-0.00468575792390899,0.0293106243725943,"time_mar",0.5,0.502,0.292466666666667,"50%"
"n500_d4_time_mar_miss50","gamlss.longitudinal",500,4,"mu",0.04,0.13677943794067,0.188033985148744,0.10343418856844,0.291863799798578,0.0559147066353525,0.0923287961507818,"time_mar",0.5,0.502,0.292466666666667,"50%"
"n500_d4_time_mar_miss50","gamlss2",500,4,"sigma",0.52,-0.292144707424046,-0.248908476175062,-0.332143632509428,-0.0024301719883417,0.0599352418442772,0.108311995461609,"time_mar",0.5,0.502,0.292466666666667,"50%"
"n500_d4_time_mar_miss50","gamlss.longitudinal",500,4,"sigma",0.34,-0.157778335523402,-0.144476264034162,-0.191729574850321,-0.0975547600052866,0.0177812667887109,0.0328013083040071,"time_mar",0.5,0.502,0.292466666666667,"50%"
"n500_d4_time_mar_miss50","gamlss2",500,4,"mu",0.16,0.464380359026108,0.466476762252424,0.434634018100292,0.509827153709353,0.00306978978805278,0.0265550837318158,"time_mar",0.5,0.502,0.292466666666667,"50%"
"n500_d4_time_mar_miss50","gamlss.longitudinal",500,4,"theta",0.64,0.0771411742149436,0.0172847084618729,-0.0245290179580367,0.0723155791888104,-0.0570485698350916,0.0648888817247645,"time_mar",0.5,0.502,0.292466666666667,"50%"
"n500_d4_time_mar_miss50","gamlss2",500,4,"sigma",0.46,-0.285205245368292,-0.244220341479685,-0.321524121686628,-0.00170912068090564,0.0595355570270846,0.111888126985786,"time_mar",0.5,0.502,0.292466666666667,"50%"
"n500_d4_time_mar_miss50","gamlss.longitudinal",500,4,"sigma",0.28,-0.0555246914054204,-0.0732675329349519,-0.100179911253101,-0.0409624640034697,-0.0145340304391045,0.0257419643936787,"time_mar",0.5,0.502,0.292466666666667,"50%"
"n500_d4_time_mar_miss50","gamlss2",500,4,"mu",0.95,-0.169959346906221,-0.177217184357073,-0.245096594541405,-0.0928673631787674,-0.008595427842793,0.0450878460034954,"time_mar",0.5,0.502,0.292466666666667,"50%"
"n500_d4_time_mar_miss50","gamlss.longitudinal",500,4,"mu",0.77,-0.545663085722963,-0.537474583106659,-0.570641451784154,-0.4767339107271,0.0109374263017903,0.033203032956184,"time_mar",0.5,0.502,0.292466666666667,"50%"
"n500_d4_time_mar_miss50","gamlss.longitudinal",500,4,"theta",0.58,0.126583737775194,0.0544370693072513,0.00391186605069946,0.112069272860063,-0.0685498788432756,0.0771428315392337,"time_mar",0.5,0.502,0.292466666666667,"50%"
"n500_d4_time_mar_miss50","gamlss2",500,4,"sigma",0.4,-0.238175395342187,-0.1891038848792,-0.303296302819618,-0.00255841100428675,0.0368014725484135,0.0985339649679467,"time_mar",0.5,0.502,0.292466666666667,"50%"
"n500_d4_time_mar_miss50","gamlss.longitudinal",500,4,"sigma",0.22,0.0539040973460145,0.00954206082910792,-0.0349520629940133,0.0491844617999766,-0.0429205830696852,0.0508499285483815,"time_mar",0.5,0.502,0.292466666666667,"50%"
"n500_d4_time_mar_miss50","gamlss2",500,4,"mu",0.04,0.13677943794067,0.139079000123967,0.0908779280142547,0.279544385152923,0.0287901440957407,0.0851537304989327,"time_mar",0.5,0.502,0.292466666666667,"50%"
"n500_d4_time_mar_miss50","gamlss.longitudinal",500,4,"theta",0.52,0.161939710247622,0.0783296486972311,0.0270225146847264,0.150389270640024,-0.0752760633080658,0.0849876280561204,"time_mar",0.5,0.502,0.292466666666667,"50%"
"n500_d4_time_mar_miss50","gamlss2",500,4,"sigma",0.34,-0.157778335523402,-0.152000356155245,-0.287516255943996,-0.00331438992037107,0.00371737813358588,0.080401429344611,"time_mar",0.5,0.502,0.292466666666667,"50%"
"n500_d4_time_mar_miss50","gamlss.longitudinal",500,4,"sigma",0.16,0.154717741463996,0.0835189284229623,0.0329332246054066,0.150018373080063,-0.0590345395749289,0.0704216461029957,"time_mar",0.5,0.502,0.292466666666667,"50%"
"n500_d4_time_mar_miss50","gamlss.longitudinal",500,4,"mu",0.65,-0.444959346906221,-0.448125391800964,-0.50126064504965,-0.398227055377873,-0.00111880752141693,0.0332229015582181,"time_mar",0.5,0.502,0.292466666666667,"50%"
"n500_d4_time_mar_miss50","gamlss.longitudinal",500,4,"theta",0.46,0.18144646150192,0.0999860611353129,0.0452549903948374,0.173638695966137,-0.0763085595104988,0.0867062952085745,"time_mar",0.5,0.502,0.292466666666667,"50%"
"n500_d4_time_mar_miss50","gamlss2",500,4,"sigma",0.28,-0.0555246914054204,-0.0696626782845393,-0.142749248291673,-0.0039935035618052,-0.0159257374399982,0.0464951115580922,"time_mar",0.5,0.502,0.292466666666667,"50%"
"n500_d4_time_mar_miss50","gamlss.longitudinal",500,4,"sigma",0.95,0.270596657858843,0.256798626177796,0.191902012430047,0.312972124863487,-0.0152454956993826,0.0427586935597976,"time_mar",0.5,0.502,0.292466666666667,"50%"
"n500_d4_time_mar_miss50","gamlss2",500,4,"mu",0.77,-0.545663085722963,-0.550359769472494,-0.580695653950862,-0.470285331606021,0.000675019522296183,0.0339958028465514,"time_mar",0.5,0.502,0.292466666666667,"50%"
"n500_d4_time_mar_miss50","gamlss.longitudinal",500,4,"mu",0.59,-0.294704737238448,-0.30039790520102,-0.336776427827691,-0.249617112352349,-0.00343708718965595,0.0277264994140129,"time_mar",0.5,0.502,0.292466666666667,"50%"
"n500_d4_time_mar_miss50","gamlss.longitudinal",500,4,"theta",0.4,0.183902827970943,0.113751728705301,0.0607059155635165,0.180581600616384,-0.0705428113717328,0.0811845663906663,"time_mar",0.5,0.502,0.292466666666667,"50%"
"n500_d4_time_mar_miss50","gamlss2",500,4,"sigma",0.22,0.0539040973460145,0.0413628398642882,-0.028103840695232,0.0982170090695866,-0.01528271356271,0.0471876422551046,"time_mar",0.5,0.502,0.292466666666667,"50%"
"n500_d4_time_mar_miss50","gamlss.longitudinal",500,4,"sigma",0.04,0.274944651308886,0.264057344833146,0.174925339433069,0.344461555377416,-0.0133129596525744,0.0611032388375762,"time_mar",0.5,0.502,0.292466666666667,"50%"
"n500_d4_time_mar_miss50","gamlss.longitudinal",500,4,"mu",0.53,-0.103059723022149,-0.11479563716515,-0.137148931154742,-0.0715395270573281,-0.00455863897117811,0.0236152348008587,"time_mar",0.5,0.502,0.292466666666667,"50%"
"n500_d4_time_mar_miss50","gamlss.longitudinal",500,4,"theta",0.34,0.168711664468909,0.118131573169592,0.0578115495760299,0.172882192145634,-0.056543548710461,0.0679715794506879,"time_mar",0.5,0.502,0.292466666666667,"50%"
"n500_d4_time_mar_miss50","gamlss2",500,4,"sigma",0.16,0.154717741463996,0.130677187839118,0.013090737698134,0.266469228047561,-0.0155886339364218,0.0827531010183316,"time_mar",0.5,0.502,0.292466666666667,"50%"
"n500_d4_time_mar_miss50","gamlss2",500,4,"mu",0.65,-0.444959346906221,-0.456413127825364,-0.499480798853106,-0.4040731618739,-0.00772642511887297,0.0368943934905221,"time_mar",0.5,0.502,0.292466666666667,"50%"
"n500_d4_time_mar_miss50","gamlss.longitudinal",500,4,"mu",0.47,0.103059723022149,0.0997818942175885,0.0735679451664839,0.131913899024443,-0.00493423181319319,0.0215302877703407,"time_mar",0.5,0.502,0.292466666666667,"50%"
"n500_d4_time_mar_miss50","gamlss.longitudinal",500,4,"theta",0.28,0.135900998357306,0.10493348154465,0.0542649833409224,0.152566407882153,-0.0326287698842574,0.0487647713701404,"time_mar",0.5,0.502,0.292466666666667,"50%"
"n500_d4_time_mar_miss50","gamlss2",500,4,"sigma",0.95,0.270596657858843,0.258716648483026,0.00883965869466619,0.351693016472966,-0.0385574125372121,0.111410130230686,"time_mar",0.5,0.502,0.292466666666667,"50%"
"n500_d4_time_mar_miss50","gamlss.longitudinal",500,4,"sigma",0.77,0.0358396730395883,0.00294485298987341,-0.0440760336195951,0.056433284198894,-0.0287200010637268,0.0445950700941718,"time_mar",0.5,0.502,0.292466666666667,"50%"
"n500_d4_time_mar_miss50","gamlss2",500,4,"mu",0.59,-0.294704737238448,-0.310050182997303,-0.342276407209898,-0.249210648778236,-0.00759050377942505,0.0320203828942948,"time_mar",0.5,0.502,0.292466666666667,"50%"
"n500_d4_time_mar_miss50","gamlss.longitudinal",500,4,"mu",0.41,0.294704737238448,0.280281579768691,0.25902403746998,0.33358470179875,-0.00672001211795899,0.0246435229823951,"time_mar",0.5,0.502,0.292466666666667,"50%"
"n500_d4_time_mar_miss50","gamlss.longitudinal",500,4,"theta",0.22,0.0861230366616402,0.100849567152127,0.0290120483024739,0.139510845692717,0.00252037030012104,0.038490620533819,"time_mar",0.5,0.502,0.292466666666667,"50%"
"n500_d4_time_mar_miss50","gamlss2",500,4,"sigma",0.04,0.274944651308886,0.2200761677712,0.0475011454810181,0.367776628146902,-0.0495752873958033,0.118903771074318,"time_mar",0.5,0.502,0.292466666666667,"50%"
"n500_d4_time_mar_miss50","gamlss2",500,4,"mu",0.53,-0.103059723022149,-0.116058606434948,-0.141425638998227,-0.0701307900687073,-0.00736113998308272,0.0254345050167994,"time_mar",0.5,0.502,0.292466666666667,"50%"
"n500_d4_time_mar_miss50","gamlss.longitudinal",500,4,"mu",0.35,0.444959346906221,0.433545523577258,0.401984528019081,0.475022212060381,-0.0116162049258728,0.0284542675900754,"time_mar",0.5,0.502,0.292466666666667,"50%"
"n500_d4_time_mar_miss50","gamlss.longitudinal",500,4,"theta",0.16,0.0206310613124014,0.0727580840652166,-0.00308468943699236,0.130878208042772,0.0494795039720605,0.06733698543544,"time_mar",0.5,0.502,0.292466666666667,"50%"
"n500_d4_time_mar_miss50","gamlss.longitudinal",500,4,"sigma",0.65,-0.173055872717445,-0.142279751363835,-0.182411087749193,-0.115369345410292,0.0301792228870925,0.0378407674071792,"time_mar",0.5,0.502,0.292466666666667,"50%"
"n500_d4_time_mar_miss50","gamlss2",500,4,"mu",0.47,0.103059723022149,0.0991482988484159,0.0680789569615904,0.122690437801873,-0.00504840807860195,0.0210023602479443,"time_mar",0.5,0.502,0.292466666666667,"50%"
"n500_d4_time_mar_miss50","gamlss.longitudinal",500,4,"mu",0.29,0.532720738620747,0.512344067839065,0.486387437811192,0.547871114815833,-0.0168468713083446,0.0271189559921848,"time_mar",0.5,0.502,0.292466666666667,"50%"
"n500_d4_time_mar_miss50","gamlss.longitudinal",500,4,"theta",0.95,-0.302525281225209,-0.263444078062858,-0.364523132934327,-0.123741122128732,0.0485195723905711,0.0961303773935799,"time_mar",0.5,0.502,0.292466666666667,"50%"
"n500_d4_time_mar_miss50","gamlss2",500,4,"sigma",0.77,0.0358396730395883,0.024898575853776,-0.0655237517204056,0.167908055052642,-0.00537961900888655,0.0702055575888074,"time_mar",0.5,0.502,0.292466666666667,"50%"
"n500_d4_time_mar_miss50","gamlss.longitudinal",500,4,"sigma",0.59,-0.248578674680307,-0.181784330179432,-0.244459473280644,-0.160923790549121,0.0549027611590888,0.0624881235606537,"time_mar",0.5,0.502,0.292466666666667,"50%"
"n500_d4_time_mar_miss50","gamlss2",500,4,"mu",0.41,0.294704737238448,0.281458884543685,0.263551322695868,0.335535155049985,-0.00279158035334678,0.0247132737470587,"time_mar",0.5,0.502,0.292466666666667,"50%"
"n500_d4_time_mar_miss50","gamlss.longitudinal",500,4,"mu",0.23,0.545663085722963,0.534447553629087,0.498665711166259,0.552185398279364,-0.0164976247400437,0.0256084075577867,"time_mar",0.5,0.502,0.292466666666667,"50%"
"n500_d4_time_mar_miss50","gamlss.longitudinal",500,4,"theta",0.04,-0.149762537475142,0.0596213378789031,-0.080027912098478,0.124932819495073,0.177214201835826,0.191483396057755,"time_mar",0.5,0.502,0.292466666666667,"50%"
"n500_d4_time_mar_miss50","gamlss.longitudinal",500,4,"sigma",0.53,-0.28924647224831,-0.210132586883985,-0.290383257592572,-0.178076345720784,0.0685185130942319,0.0778360949383577,"time_mar",0.5,0.502,0.292466666666667,"50%"
"n500_d4_time_mar_miss50","gamlss2",500,4,"mu",0.35,0.444959346906221,0.437235328674518,0.392979982465537,0.474924101155288,-0.0040310111725579,0.0298822867359801,"time_mar",0.5,0.502,0.292466666666667,"50%"
"n500_d4_time_mar_miss50","gamlss.longitudinal",500,4,"mu",0.17,0.481968674024125,0.479292695233543,0.441818879451656,0.513713489280414,-0.00618661497468719,0.0241062114413909,"time_mar",0.5,0.502,0.292466666666667,"50%"
"n500_d4_time_mar_miss50","gamlss2",500,4,"sigma",0.65,-0.173055872717445,-0.144414330186697,-0.278078526115334,-0.0125550228814009,0.0278777978164086,0.0905579075306486,"time_mar",0.5,0.502,0.292466666666667,"50%"
"n500_d4_time_mar_miss50","gamlss.longitudinal",500,4,"sigma",0.47,-0.28924647224831,-0.21524295024049,-0.29883449942187,-0.176996822708412,0.0671297933020173,0.078054736386447,"time_mar",0.5,0.502,0.292466666666667,"50%"
"n500_d4_time_mar_miss50","gamlss2",500,4,"mu",0.29,0.532720738620747,0.52025435086592,0.491792789877689,0.566795782390668,-0.00690463790253322,0.0258012733593494,"time_mar",0.5,0.502,0.292466666666667,"50%"
"n500_d4_time_mar_miss50","gamlss.longitudinal",500,4,"mu",0.96,-0.13677943794067,-0.181827306948118,-0.246576552270968,-0.08156792595658,-0.0378837583072676,0.0647761203612711,"time_mar",0.5,0.502,0.292466666666667,"50%"
"n500_d4_time_mar_miss50","gamlss.longitudinal",500,4,"theta",0.77,-0.0669553676332503,-0.0929279169460982,-0.134678284135697,-0.0296432465187136,-0.0188160257548951,0.0415502593306675,"time_mar",0.5,0.502,0.292466666666667,"50%"
"n500_d4_time_mar_miss50","gamlss2",500,4,"sigma",0.59,-0.248578674680307,-0.215920199893485,-0.31818553476703,-0.0102119827509849,0.0434331750205849,0.100146375216169,"time_mar",0.5,0.502,0.292466666666667,"50%"
"n500_d4_time_mar_miss50","gamlss.longitudinal",500,4,"sigma",0.41,-0.248578674680307,-0.194560555832244,-0.273652545107516,-0.148486421525047,0.0506178258170904,0.0627851741112855,"time_mar",0.5,0.502,0.292466666666667,"50%"
"n500_d4_time_mar_miss50","gamlss2",500,4,"mu",0.23,0.545663085722963,0.547197001279026,0.4950265824899,0.582187276930244,-0.00553480023909596,0.0289971758912461,"time_mar",0.5,0.502,0.292466666666667,"50%"
"n500_d4_time_mar_miss50","gamlss.longitudinal",500,4,"mu",0.05,0.169959346906221,0.212660561904751,0.142838845042643,0.314119378709159,0.0490126904093721,0.082548967875699,"time_mar",0.5,0.502,0.292466666666667,"50%"
"n500_d4_time_mar_miss50","gamlss2",500,4,"sigma",0.53,-0.28924647224831,-0.254043969546827,-0.339658315730259,-0.00354359938244177,0.0582283018114466,0.106912811624694,"time_mar",0.5,0.502,0.292466666666667,"50%"
"n500_d4_time_mar_miss50","gamlss.longitudinal",500,4,"sigma",0.35,-0.173055872717445,-0.150108835053136,-0.207335151563015,-0.105837719820355,0.0230176036014694,0.037154396997974,"time_mar",0.5,0.502,0.292466666666667,"50%"
"n500_d4_time_mar_miss50","gamlss2",500,4,"mu",0.17,0.481968674024125,0.486606398600399,0.447814419254792,0.521300562580167,0.00155599279969014,0.0262812731897755,"time_mar",0.5,0.502,0.292466666666667,"50%"
"n500_d4_time_mar_miss50","gamlss.longitudinal",500,4,"theta",0.65,0.0676834184975002,0.00843225642291938,-0.0296509261401125,0.0643692796824403,-0.0547169106583242,0.0625804171618131,"time_mar",0.5,0.502,0.292466666666667,"50%"
"n500_d4_time_mar_miss50","gamlss2",500,4,"sigma",0.47,-0.28924647224831,-0.250531448173098,-0.328845366121432,-0.00155741059621627,0.0611291973204389,0.112381555410491,"time_mar",0.5,0.502,0.292466666666667,"50%"
"n500_d4_time_mar_miss50","gamlss.longitudinal",500,4,"sigma",0.29,-0.0734872631791594,-0.086845920821438,-0.112654507697755,-0.0518554215390897,-0.00922251206669661,0.0234463145022116,"time_mar",0.5,0.502,0.292466666666667,"50%"
"n500_d4_time_mar_miss50","gamlss2",500,4,"mu",0.96,-0.13677943794067,-0.150529636271632,-0.230068580359661,-0.0599722783889275,-0.0135614112816985,0.0520096016157194,"time_mar",0.5,0.502,0.292466666666667,"50%"
"n500_d4_time_mar_miss50","gamlss.longitudinal",500,4,"mu",0.78,-0.540257987900779,-0.532105490965507,-0.562002514439085,-0.471158916418279,0.0121251197265513,0.0325226392411275,"time_mar",0.5,0.502,0.292466666666667,"50%"
"n500_d4_time_mar_miss50","gamlss.longitudinal",500,4,"theta",0.59,0.119266256313551,0.0487198813200687,-0.000495706438691109,0.106423377516666,-0.0669423581297005,0.0753526721247103,"time_mar",0.5,0.502,0.292466666666667,"50%"
"n500_d4_time_mar_miss50","gamlss2",500,4,"sigma",0.41,-0.248578674680307,-0.197156224539427,-0.312452699422027,-0.00242377505089072,0.0418983599980272,0.101494827706194,"time_mar",0.5,0.502,0.292466666666667,"50%"
"n500_d4_time_mar_miss50","gamlss.longitudinal",500,4,"sigma",0.23,0.0358396730395883,-0.00115857809452102,-0.0458433527758497,0.0327446804325301,-0.038795799192069,0.0464766662513829,"time_mar",0.5,0.502,0.292466666666667,"50%"
"n500_d4_time_mar_miss50","gamlss2",500,4,"mu",0.05,0.169959346906221,0.165211689188699,0.121350253422076,0.298956689184342,0.0255976439838223,0.076969578866224,"time_mar",0.5,0.502,0.292466666666667,"50%"
"n500_d4_time_mar_miss50","gamlss.longitudinal",500,4,"theta",0.53,0.157106749667138,0.0737092966959167,0.0235543921913245,0.145059728694026,-0.0745247695108998,0.0840674957235159,"time_mar",0.5,0.502,0.292466666666667,"50%"
"n500_d4_time_mar_miss50","gamlss2",500,4,"sigma",0.35,-0.173055872717445,-0.15661215611196,-0.297629602497867,-0.00319418574456547,0.00890287405409886,0.0838636940447888,"time_mar",0.5,0.502,0.292466666666667,"50%"
"n500_d4_time_mar_miss50","gamlss.longitudinal",500,4,"sigma",0.17,0.139165805200812,0.0698620145344647,0.0213807394390646,0.133519269101096,-0.0576106543567504,0.068236091411566,"time_mar",0.5,0.502,0.292466666666667,"50%"
"n500_d4_time_mar_miss50","gamlss.longitudinal",500,4,"mu",0.66,-0.464380359026108,-0.4682216602097,-0.520196012259928,-0.416828273504808,-0.00055409034447877,0.0339930123309939,"time_mar",0.5,0.502,0.292466666666667,"50%"
"n500_d4_time_mar_miss50","gamlss.longitudinal",500,4,"theta",0.47,0.179354253037097,0.0970916502846496,0.0424665848723827,0.172583033959446,-0.0765727297727275,0.086898619098055,"time_mar",0.5,0.502,0.292466666666667,"50%"
"n500_d4_time_mar_miss50","gamlss2",500,4,"sigma",0.29,-0.0734872631791594,-0.0867503229302607,-0.176583358022463,-0.00388492558285805,-0.014293228338432,0.0533159862795521,"time_mar",0.5,0.502,0.292466666666667,"50%"
"n500_d4_time_mar_miss50","gamlss.longitudinal",500,4,"sigma",0.96,0.274944651308886,0.269616595901499,0.204070289727012,0.326597056711623,-0.00620519582374821,0.0410251913306386,"time_mar",0.5,0.502,0.292466666666667,"50%"
"n500_d4_time_mar_miss50","gamlss2",500,4,"mu",0.78,-0.540257987900779,-0.543620200160723,-0.576662051594229,-0.468478949158989,0.0022504662607491,0.0334424753052621,"time_mar",0.5,0.502,0.292466666666667,"50%"
"n500_d4_time_mar_miss50","gamlss.longitudinal",500,4,"mu",0.6,-0.32328188876086,-0.329699113615496,-0.368996368173868,-0.277228036341721,-0.00313091317326006,0.0285977890347298,"time_mar",0.5,0.502,0.292466666666667,"50%"
"n500_d4_time_mar_miss50","gamlss.longitudinal",500,4,"theta",0.41,0.184710510346205,0.112221623571183,0.0582561564073198,0.180384003371366,-0.0720271964360851,0.0826345359383913,"time_mar",0.5,0.502,0.292466666666667,"50%"
"n500_d4_time_mar_miss50","gamlss2",500,4,"sigma",0.23,0.0358396730395883,0.0280636372244495,-0.0429781385749583,0.0698730576539163,-0.0160703710871437,0.0407021700143037,"time_mar",0.5,0.502,0.292466666666667,"50%"
"n500_d4_time_mar_miss50","gamlss.longitudinal",500,4,"sigma",0.05,0.270596657858843,0.248393817269256,0.162984210408429,0.32732800067506,-0.0225715205746883,0.0619265337253785,"time_mar",0.5,0.502,0.292466666666667,"50%"
"n500_d4_time_mar_miss50","gamlss.longitudinal",500,4,"mu",0.54,-0.13677943794067,-0.148382286251353,-0.169406014239141,-0.101060853807803,-0.00443794670816277,0.024208366947827,"time_mar",0.5,0.502,0.292466666666667,"50%"
"n500_d4_time_mar_miss50","gamlss.longitudinal",500,4,"theta",0.35,0.17247564632995,0.117936796145814,0.0573188315676156,0.17514877463811,-0.0595201104973574,0.0706939921539822,"time_mar",0.5,0.502,0.292466666666667,"50%"
"n500_d4_time_mar_miss50","gamlss2",500,4,"sigma",0.17,0.139165805200812,0.116390159091538,0.00268822780759165,0.241154147022921,-0.014452621613176,0.0785633315692594,"time_mar",0.5,0.502,0.292466666666667,"50%"
"n500_d4_time_mar_miss50","gamlss2",500,4,"mu",0.66,-0.464380359026108,-0.474904178377696,-0.531080345758565,-0.424925998664571,-0.00774531447946145,0.037509601162256,"time_mar",0.5,0.502,0.292466666666667,"50%"
"n500_d4_time_mar_miss50","gamlss.longitudinal",500,4,"mu",0.48,0.0689332784603675,0.0599876787879658,0.0390832762931728,0.0988994214463998,-0.00485989367342538,0.0215679337831085,"time_mar",0.5,0.502,0.292466666666667,"50%"
"n500_d4_time_mar_miss50","gamlss.longitudinal",500,4,"theta",0.29,0.142572959966697,0.108363075116891,0.0573695926692117,0.156684700160407,-0.0373656065865976,0.0520950099546828,"time_mar",0.5,0.502,0.292466666666667,"50%"
"n500_d4_time_mar_miss50","gamlss2",500,4,"sigma",0.96,0.274944651308886,0.271699857341686,0.00908906372649361,0.372178831725762,-0.0359179984461048,0.115913304600426,"time_mar",0.5,0.502,0.292466666666667,"50%"
"n500_d4_time_mar_miss50","gamlss.longitudinal",500,4,"sigma",0.78,0.0539040973460143,0.0164889939413179,-0.0330702569199296,0.0735530053910386,-0.0328442457156024,0.0482437983028831,"time_mar",0.5,0.502,0.292466666666667,"50%"
"n500_d4_time_mar_miss50","gamlss2",500,4,"mu",0.6,-0.32328188876086,-0.338300973719818,-0.374351162058919,-0.277031289468969,-0.00756472088028646,0.0327937906531409,"time_mar",0.5,0.502,0.292466666666667,"50%"
"n500_d4_time_mar_miss50","gamlss.longitudinal",500,4,"mu",0.42,0.264964520755944,0.25203757074607,0.228413544291618,0.299045949647481,-0.00621463178814212,0.02382414428378,"time_mar",0.5,0.502,0.292466666666667,"50%"
"n500_d4_time_mar_miss50","gamlss.longitudinal",500,4,"theta",0.23,0.0955516416496119,0.10064441499862,0.0364913590821376,0.142167020443756,-0.00415026872740014,0.0379347209411475,"time_mar",0.5,0.502,0.292466666666667,"50%"
"n500_d4_time_mar_miss50","gamlss2",500,4,"sigma",0.05,0.270596657858843,0.219377890358314,0.0504103290852664,0.351739866199839,-0.0480127641306429,0.112516447120945,"time_mar",0.5,0.502,0.292466666666667,"50%"
"n500_d4_time_mar_miss50","gamlss2",500,4,"mu",0.54,-0.13677943794067,-0.151090367595821,-0.173666192174968,-0.0978050292794351,-0.00750935664480473,0.0268126581208485,"time_mar",0.5,0.502,0.292466666666667,"50%"
"n500_d4_time_mar_miss50","gamlss.longitudinal",500,4,"mu",0.36,0.423782283526684,0.410697693419222,0.382247582047068,0.455130552346929,-0.0106340054601686,0.0281448162604877,"time_mar",0.5,0.502,0.292466666666667,"50%"
"n500_d4_time_mar_miss50","gamlss.longitudinal",500,4,"theta",0.17,0.0325673178431966,0.0798414881580194,0.00111583347435839,0.132356930777421,0.0408318998583845,0.0601070124993244,"time_mar",0.5,0.502,0.292466666666667,"50%"
"n500_d4_time_mar_miss50","gamlss.longitudinal",500,4,"sigma",0.66,-0.157778335523402,-0.132461801496546,-0.1731724382218,-0.104960134465609,0.0253736726169624,0.033830991824234,"time_mar",0.5,0.502,0.292466666666667,"50%"
"n500_d4_time_mar_miss50","gamlss2",500,4,"mu",0.48,0.0689332784603675,0.0671490205627047,0.032947128954782,0.0885360167480648,-0.00556376166283055,0.0209865437977437,"time_mar",0.5,0.502,0.292466666666667,"50%"
"n500_d4_time_mar_miss50","gamlss.longitudinal",500,4,"mu",0.3,0.523081083962335,0.504529465754534,0.47779933543704,0.541056842031197,-0.0162008152930497,0.0275162307362984,"time_mar",0.5,0.502,0.292466666666667,"50%"
"n500_d4_time_mar_miss50","gamlss.longitudinal",500,4,"theta",0.96,-0.315310199841068,-0.275890818736945,-0.378020572776316,-0.128918027103697,0.0517669844179964,0.100372052746318,"time_mar",0.5,0.502,0.292466666666667,"50%"
"n500_d4_time_mar_miss50","gamlss2",500,4,"sigma",0.78,0.0539040973460143,0.0519060103386118,-0.0430843661363111,0.167629883202422,-0.00847617046557042,0.0708404626963653,"time_mar",0.5,0.502,0.292466666666667,"50%"
"n500_d4_time_mar_miss50","gamlss.longitudinal",500,4,"sigma",0.6,-0.238175395342187,-0.174666384275252,-0.232109146214688,-0.154580362820274,0.051411861967146,0.0587594839549154,"time_mar",0.5,0.502,0.292466666666667,"50%"
"n500_d4_time_mar_miss50","gamlss2",500,4,"mu",0.42,0.264964520755944,0.256145125190539,0.231567036632484,0.305044744874403,-0.00296245221194908,0.0237609501985412,"time_mar",0.5,0.502,0.292466666666667,"50%"
"n500_d4_time_mar_miss50","gamlss.longitudinal",500,4,"mu",0.24,0.548914700635549,0.537021652040596,0.501346316952086,0.555795659400724,-0.017223586868993,0.0257669022751069,"time_mar",0.5,0.502,0.292466666666667,"50%"
"n500_d4_time_mar_miss50","gamlss.longitudinal",500,4,"theta",0.05,-0.133901324913069,0.062294965090675,-0.0710346545541168,0.12518727930602,0.165019216302366,0.179208326038196,"time_mar",0.5,0.502,0.292466666666667,"50%"
"n500_d4_time_mar_miss50","gamlss.longitudinal",500,4,"sigma",0.54,-0.285205245368292,-0.206588077550116,-0.285684374504229,-0.177153005291617,0.0672331453345616,0.0762498846798324,"time_mar",0.5,0.502,0.292466666666667,"50%"
"n500_d4_time_mar_miss50","gamlss2",500,4,"mu",0.36,0.423782283526684,0.416992551925244,0.374890975086101,0.45657923057585,-0.00358276051490974,0.0295790581501958,"time_mar",0.5,0.502,0.292466666666667,"50%"
"n500_d4_time_mar_miss50","gamlss.longitudinal",500,4,"mu",0.18,0.497654878856311,0.493232281782296,0.454156933946684,0.523682010122411,-0.00866483090861657,0.0242149588079485,"time_mar",0.5,0.502,0.292466666666667,"50%"
"n500_d4_time_mar_miss50","gamlss2",500,4,"sigma",0.66,-0.157778335523402,-0.134271280151375,-0.251975483027823,0.00334929059024934,0.0254001246056768,0.0878992430217461,"time_mar",0.5,0.502,0.292466666666667,"50%"
"n500_d4_time_mar_miss50","gamlss.longitudinal",500,4,"sigma",0.48,-0.292144707424046,-0.21761805024096,-0.299669731866216,-0.180129880977578,0.0684628833250423,0.0791490908558774,"time_mar",0.5,0.502,0.292466666666667,"50%"
"n500_d4_time_mar_miss50","gamlss2",500,4,"mu",0.3,0.523081083962335,0.514642538848521,0.480635087909124,0.553693210575916,-0.00656875368863584,0.0265135230124374,"time_mar",0.5,0.502,0.292466666666667,"50%"
"n500_d4_time_mar_miss50","gamlss.longitudinal",500,4,"mu",0.97,-0.103059723022149,-0.154344432908701,-0.229365848564286,-0.0481858247645761,-0.0459503313637335,0.0738316760458407,"time_mar",0.5,0.502,0.292466666666667,"50%"
"n500_d4_time_mar_miss50","gamlss.longitudinal",500,4,"theta",0.78,-0.0795289530669703,-0.100262339028467,-0.145376154356477,-0.0358004951761292,-0.0152402849704399,0.04173080450932,"time_mar",0.5,0.502,0.292466666666667,"50%"
"n500_d4_time_mar_miss50","gamlss2",500,4,"sigma",0.6,-0.238175395342187,-0.201925619734161,-0.323241303093307,-0.0113213969003062,0.0407403960209783,0.0991299752895827,"time_mar",0.5,0.502,0.292466666666667,"50%"
"n500_d4_time_mar_miss50","gamlss.longitudinal",500,4,"sigma",0.42,-0.258002301042862,-0.198366345267995,-0.280349013743906,-0.154301463537342,0.0542934040409834,0.0662767686320719,"time_mar",0.5,0.502,0.292466666666667,"50%"
"n500_d4_time_mar_miss50","gamlss2",500,4,"mu",0.24,0.548914700635549,0.546416334613674,0.501867211577834,0.586935919278532,-0.00621582857065126,0.0282902580662786,"time_mar",0.5,0.502,0.292466666666667,"50%"
"n500_d4_time_mar_miss50","gamlss.longitudinal",500,4,"mu",0.06,0.202468503976573,0.236894759668511,0.178735534705357,0.335928901565456,0.0424462495297976,0.0732940383275039,"time_mar",0.5,0.502,0.292466666666667,"50%"
"n500_d4_time_mar_miss50","gamlss2",500,4,"sigma",0.54,-0.285205245368292,-0.255879297853333,-0.341107172733266,-0.00465644118179558,0.0561921989697158,0.105549444604578,"time_mar",0.5,0.502,0.292466666666667,"50%"
"n500_d4_time_mar_miss50","gamlss.longitudinal",500,4,"sigma",0.36,-0.18765749395431,-0.155310639259967,-0.221944495976175,-0.113806727946032,0.0281246617009617,0.0416628951456389,"time_mar",0.5,0.502,0.292466666666667,"50%"
"n500_d4_time_mar_miss50","gamlss2",500,4,"mu",0.18,0.497654878856311,0.504903825057439,0.458659080100583,0.530621006131942,0.000104829364951847,0.0267743596077759,"time_mar",0.5,0.502,0.292466666666667,"50%"
"n500_d4_time_mar_miss50","gamlss.longitudinal",500,4,"mu",0,8.15367795041445e-18,0.0863377647801337,-0.0539051150246872,0.215304824376946,0.089685912763293,0.137224632071148,"time_mar",0.5,0.502,0.292466666666667,"50%"
"n500_d4_time_mar_miss50","gamlss2",500,4,"sigma",0.48,-0.292144707424046,-0.248751296861393,-0.333827923673107,-0.00140262715751799,0.0620590521556667,0.11231999626395,"time_mar",0.5,0.502,0.292466666666667,"50%"
"n500_d4_time_mar_miss50","gamlss.longitudinal",500,4,"sigma",0.3,-0.0911753953421872,-0.0987074677462357,-0.122782345777961,-0.0615288486867142,-0.00383153894900497,0.0225832022674082,"time_mar",0.5,0.502,0.292466666666667,"50%"
"n500_d4_time_mar_miss50","gamlss2",500,4,"mu",0.97,-0.103059723022149,-0.124218761260763,-0.214515363636232,-0.0272284855781336,-0.0189425269474689,0.0601451244302307,"time_mar",0.5,0.502,0.292466666666667,"50%"
"n500_d4_time_mar_miss50","gamlss.longitudinal",500,4,"mu",0.79,-0.532720738620747,-0.524686229498899,-0.552624971796696,-0.466658056298204,0.0130678887039865,0.0317151564983061,"time_mar",0.5,0.502,0.292466666666667,"50%"
"n500_d4_time_mar_miss50","gamlss.longitudinal",500,4,"theta",0.6,0.111565942276249,0.044892324352771,-0.00504953113826781,0.100380568450374,-0.0652052244119408,0.0734454929263158,"time_mar",0.5,0.502,0.292466666666667,"50%"
"n500_d4_time_mar_miss50","gamlss2",500,4,"sigma",0.42,-0.258002301042862,-0.205773703764871,-0.313275015526503,-0.00228647061815308,0.0465711362010576,0.104340124961868,"time_mar",0.5,0.502,0.292466666666667,"50%"
"n500_d4_time_mar_miss50","gamlss.longitudinal",500,4,"sigma",0.24,0.0176068588290911,-0.0153408515442564,-0.0565702172718352,0.0164820160144622,-0.0343779630627393,0.0419776738869707,"time_mar",0.5,0.502,0.292466666666667,"50%"
"n500_d4_time_mar_miss50","gamlss2",500,4,"mu",0.06,0.202468503976573,0.201819808305224,0.151483004774292,0.318154350847709,0.022671995604328,0.0695107808350243,"time_mar",0.5,0.502,0.292466666666667,"50%"
"n500_d4_time_mar_miss50","gamlss.longitudinal",500,4,"theta",0.54,0.151839401451125,0.0688464476339605,0.0199416643072318,0.13921702018712,-0.0736201099430279,0.0829840235790984,"time_mar",0.5,0.502,0.292466666666667,"50%"
"n500_d4_time_mar_miss50","gamlss2",500,4,"sigma",0.36,-0.18765749395431,-0.161623335149237,-0.304149657699095,-0.00307176632173342,0.0143854149994047,0.086944778371792,"time_mar",0.5,0.502,0.292466666666667,"50%"
"n500_d4_time_mar_miss50","gamlss.longitudinal",500,4,"sigma",0.18,0.123023490439819,0.0565482972727296,0.0099077279874927,0.116435033952123,-0.0556200182253539,0.0655574513151563,"time_mar",0.5,0.502,0.292466666666667,"50%"
"n500_d4_time_mar_miss50","gamlss2",500,4,"mu",0,8.15367795041445e-18,0.017601125913301,-0.101037760176719,0.200967180246302,0.0437643443380579,0.123579774844136,"time_mar",0.5,0.502,0.292466666666667,"50%"
"n500_d4_time_mar_miss50","gamlss.longitudinal",500,4,"theta",0.48,0.176791490275426,0.0939146399482694,0.0395913815244893,0.168139298017006,-0.0766593060344036,0.0868948139494928,"time_mar",0.5,0.502,0.292466666666667,"50%"
"n500_d4_time_mar_miss50","gamlss2",500,4,"sigma",0.3,-0.0911753953421872,-0.104548795777955,-0.206819826883434,-0.00377461525238027,-0.011973711496116,0.0600091634290747,"time_mar",0.5,0.502,0.292466666666667,"50%"
"n500_d4_time_mar_miss50","gamlss.longitudinal",500,4,"sigma",0.97,0.278125878188904,0.282422045292149,0.216258961161723,0.340241805969992,0.00398644694498895,0.0415030692770807,"time_mar",0.5,0.502,0.292466666666667,"50%"
"n500_d4_time_mar_miss50","gamlss2",500,4,"mu",0.79,-0.532720738620747,-0.534649014046644,-0.569971859856772,-0.466569017131605,0.0038655393990227,0.0327480121084998,"time_mar",0.5,0.502,0.292466666666667,"50%"
"n500_d4_time_mar_miss50","gamlss.longitudinal",500,4,"mu",0.61,-0.350583194361779,-0.357620546833327,-0.399650897586207,-0.303901441353717,-0.00277566828645804,0.029504621074781,"time_mar",0.5,0.502,0.292466666666667,"50%"
"n500_d4_time_mar_miss50","gamlss.longitudinal",500,4,"theta",0.42,0.185028141383857,0.110410780260998,0.0557615365052441,0.179722750400851,-0.073298275394237,0.0838727765616766,"time_mar",0.5,0.502,0.292466666666667,"50%"
"n500_d4_time_mar_miss50","gamlss2",500,4,"sigma",0.24,0.0176068588290911,-0.000229415487773665,-0.055032269727772,0.0440101137627461,-0.0167640055406797,0.0358975111169388,"time_mar",0.5,0.502,0.292466666666667,"50%"
"n500_d4_time_mar_miss50","gamlss.longitudinal",500,4,"sigma",0.06,0.265102648736772,0.232753525523702,0.151048810657757,0.310195576918534,-0.0307062923909505,0.0636606705035145,"time_mar",0.5,0.502,0.292466666666667,"50%"
"n500_d4_time_mar_miss50","gamlss.longitudinal",500,4,"mu",0.55,-0.169959346906221,-0.180633908559819,-0.203802429819949,-0.131350619222404,-0.00430349525198041,0.0248154472674256,"time_mar",0.5,0.502,0.292466666666667,"50%"
"n500_d4_time_mar_miss50","gamlss.longitudinal",500,4,"theta",0.36,0.175747440125566,0.117540308222358,0.0573168430520236,0.176994370331546,-0.0622288741988567,0.0732127105557523,"time_mar",0.5,0.502,0.292466666666667,"50%"
"n500_d4_time_mar_miss50","gamlss2",500,4,"sigma",0.18,0.123023490439819,0.10227587363846,-0.00728576066743911,0.220529445653682,-0.0138398736622241,0.0735734660086855,"time_mar",0.5,0.502,0.292466666666667,"50%"
"n500_d4_time_mar_miss50","gamlss.longitudinal",500,4,"sigma",0,0.280529702970297,0.320612105069365,0.213879227769128,0.40761524086164,0.033088497344569,0.0754282705479271,"time_mar",0.5,0.502,0.292466666666667,"50%"
"n500_d4_time_mar_miss50","gamlss.longitudinal",500,4,"mu",0.49,0.0345347857411225,0.021129640134905,0.00454790493943837,0.065373915970721,-0.00480488455709053,0.0217699620475322,"time_mar",0.5,0.502,0.292466666666667,"50%"
"n500_d4_time_mar_miss50","gamlss.longitudinal",500,4,"theta",0.3,0.14876803279044,0.111514356405808,0.0586867385104658,0.160527878958113,-0.0417950925705535,0.0554574680225145,"time_mar",0.5,0.502,0.292466666666667,"50%"
"n500_d4_time_mar_miss50","gamlss2",500,4,"sigma",0.97,0.278125878188904,0.26687635072402,0.00933849518027107,0.392839119269293,-0.0322488266060978,0.121921974444248,"time_mar",0.5,0.502,0.292466666666667,"50%"
"n500_d4_time_mar_miss50","gamlss.longitudinal",500,4,"sigma",0.79,0.0717266691197535,0.0317064923632805,-0.0218372024495511,0.0907704325776056,-0.0366777232165477,0.0516758403096082,"time_mar",0.5,0.502,0.292466666666667,"50%"
"n500_d4_time_mar_miss50","gamlss2",500,4,"mu",0.61,-0.350583194361779,-0.362877401228102,-0.404066756034344,-0.304186263380018,-0.00755624088900912,0.0335846784210365,"time_mar",0.5,0.502,0.292466666666667,"50%"
"n500_d4_time_mar_miss50","gamlss.longitudinal",500,4,"mu",0.43,0.23417861036079,0.224176222346838,0.197567927897325,0.263722645295077,-0.00579016053267136,0.023085849221898,"time_mar",0.5,0.502,0.292466666666667,"50%"
"n500_d4_time_mar_miss50","gamlss.longitudinal",500,4,"theta",0.24,0.104535551154696,0.0999567901268103,0.0403512581162617,0.144614478609064,-0.0104956636691549,0.0386037510629883,"time_mar",0.5,0.502,0.292466666666667,"50%"
"n500_d4_time_mar_miss50","gamlss2",500,4,"sigma",0.06,0.265102648736772,0.227838427139157,0.0492808733297215,0.352598503318433,-0.0457058159964178,0.107317057061796,"time_mar",0.5,0.502,0.292466666666667,"50%"
"n500_d4_time_mar_miss50","gamlss2",500,4,"mu",0.55,-0.169959346906221,-0.186856450445722,-0.205530039999347,-0.127451587474281,-0.00759813634326305,0.0281195980778833,"time_mar",0.5,0.502,0.292466666666667,"50%"
"n500_d4_time_mar_miss50","gamlss.longitudinal",500,4,"mu",0.37,0.400932745081776,0.386346276714116,0.361032915822447,0.434974686843259,-0.00970535337242454,0.0276685203801065,"time_mar",0.5,0.502,0.292466666666667,"50%"
"n500_d4_time_mar_miss50","gamlss.longitudinal",500,4,"theta",0.18,0.044106825753044,0.086719375890663,0.00530935766717125,0.133769268131341,0.032511269190539,0.0536528069117288,"time_mar",0.5,0.502,0.292466666666667,"50%"
"n500_d4_time_mar_miss50","gamlss2",500,4,"sigma",0,0.280529702970297,0.247601578982311,0.0153759523252677,0.462987879919101,-0.0458808574673033,0.154556298515949,"time_mar",0.5,0.502,0.292466666666667,"50%"
"n500_d4_time_mar_miss50","gamlss2",500,4,"mu",0.49,0.0345347857411225,0.0346360428684214,-0.00191058341067084,0.0540522602481523,-0.00605017406116626,0.0212762261147378,"time_mar",0.5,0.502,0.292466666666667,"50%"
"n500_d4_time_mar_miss50","gamlss.longitudinal",500,4,"mu",0.31,0.511377067238538,0.495682218423894,0.467053852834708,0.532410156577206,-0.015412438771088,0.0279407365141137,"time_mar",0.5,0.502,0.292466666666667,"50%"
"n500_d4_time_mar_miss50","gamlss.longitudinal",500,4,"theta",0.97,-0.327961441658366,-0.288347151667335,-0.391515428866588,-0.134091089961149,0.0548765050755136,0.104574943906403,"time_mar",0.5,0.502,0.292466666666667,"50%"
"n500_d4_time_mar_miss50","gamlss2",500,4,"sigma",0.79,0.0717266691197535,0.0668242725847097,-0.0332739362575026,0.182443462881587,-0.0115648023795839,0.071744982092252,"time_mar",0.5,0.502,0.292466666666667,"50%"
"n500_d4_time_mar_miss50","gamlss.longitudinal",500,4,"sigma",0.61,-0.22683426986244,-0.169874561805245,-0.220495999042338,-0.147707910579613,0.0476426479398246,0.0548036916406721,"time_mar",0.5,0.502,0.292466666666667,"50%"
"n500_d4_time_mar_miss50","gamlss2",500,4,"mu",0.43,0.23417861036079,0.226818879443748,0.198754654967142,0.27251519959126,-0.00323596028037207,0.0229423372667262,"time_mar",0.5,0.502,0.292466666666667,"50%"
"n500_d4_time_mar_miss50","gamlss.longitudinal",500,4,"mu",0.25,0.55,0.537772412148199,0.501994421009015,0.554611329989515,-0.0176189485373562,0.0259382021269707,"time_mar",0.5,0.502,0.292466666666667,"50%"
"n500_d4_time_mar_miss50","gamlss.longitudinal",500,4,"theta",0.06,-0.11830099864248,0.0628266124090093,-0.0620616706465836,0.125436340183418,0.153078450814824,0.167216463714267,"time_mar",0.5,0.502,0.292466666666667,"50%"
"n500_d4_time_mar_miss50","gamlss.longitudinal",500,4,"sigma",0.55,-0.280037251918249,-0.202252824237124,-0.280186703109092,-0.175634582337768,0.0655227153215569,0.0742548667868774,"time_mar",0.5,0.502,0.292466666666667,"50%"
"n500_d4_time_mar_miss50","gamlss2",500,4,"mu",0.37,0.400932745081776,0.392489861932315,0.356846870428522,0.436456284055644,-0.00321523124345455,0.0289131745541442,"time_mar",0.5,0.502,0.292466666666667,"50%"
"n500_d4_time_mar_miss50","gamlss.longitudinal",500,4,"mu",0.19,0.511377067238538,0.505145057520019,0.465268523707191,0.533850990185092,-0.0108435423016472,0.0245097661896222,"time_mar",0.5,0.502,0.292466666666667,"50%"
"n500_d4_time_mar_miss50","gamlss.longitudinal",500,4,"theta",0,-0.215546973847946,0.0351000187129857,-0.114532375537713,0.124043080350202,0.229042228189788,0.243469269759718,"time_mar",0.5,0.502,0.292466666666667,"50%"
"n500_d4_time_mar_miss50","gamlss.longitudinal",500,4,"sigma",0.49,-0.293888315558184,-0.21796533677346,-0.29960554260082,-0.180761906916087,0.0693648468926603,0.0797910855774398,"time_mar",0.5,0.502,0.292466666666667,"50%"
"n500_d4_time_mar_miss50","gamlss2",500,4,"mu",0.31,0.511377067238538,0.50685515030533,0.465979588560123,0.538961704538722,-0.00613175769567297,0.0274719570255528,"time_mar",0.5,0.502,0.292466666666667,"50%"
"n500_d4_time_mar_miss50","gamlss.longitudinal",500,4,"mu",0.98,-0.0689332784603676,-0.126825865521175,-0.212271786363974,-0.0147886120867867,-0.0543644665858691,0.0834434472232497,"time_mar",0.5,0.502,0.292466666666667,"50%"
"n500_d4_time_mar_miss50","gamlss.longitudinal",500,4,"theta",0.79,-0.0922441825108828,-0.107636811261041,-0.156144540258331,-0.0420291331065785,-0.0115886094062746,0.0424051507636344,"time_mar",0.5,0.502,0.292466666666667,"50%"
"n500_d4_time_mar_miss50","gamlss2",500,4,"sigma",0.61,-0.22683426986244,-0.18829672368786,-0.317258353610732,-0.0124302657223277,0.0380781278080538,0.097970748407599,"time_mar",0.5,0.502,0.292466666666667,"50%"
"n500_d4_time_mar_miss50","gamlss.longitudinal",500,4,"sigma",0.43,-0.266408412769509,-0.201569778177414,-0.286009929559194,-0.159720129516585,0.0576267039174019,0.0694178153439384,"time_mar",0.5,0.502,0.292466666666667,"50%"
"n500_d4_time_mar_miss50","gamlss2",500,4,"mu",0.25,0.55,0.543343110511905,0.508151535116158,0.588353932976811,-0.00671537370728366,0.0273565180069899,"time_mar",0.5,0.502,0.292466666666667,"50%"
"n500_d4_time_mar_miss50","gamlss.longitudinal",500,4,"mu",0.07,0.23417861036079,0.260623933878727,0.214165201626549,0.357142801331164,0.0362672918846549,0.064630055803795,"time_mar",0.5,0.502,0.292466666666667,"50%"
"n500_d4_time_mar_miss50","gamlss2",500,4,"sigma",0.55,-0.280037251918249,-0.257249076178186,-0.334688545964503,-0.00576869961669883,0.0538994086452667,0.104277801444344,"time_mar",0.5,0.502,0.292466666666667,"50%"
"n500_d4_time_mar_miss50","gamlss.longitudinal",500,4,"sigma",0.37,-0.20152442880831,-0.16129149668272,-0.235590534869915,-0.121435442833894,0.0330774876790815,0.0461922790479808,"time_mar",0.5,0.502,0.292466666666667,"50%"
"n500_d4_time_mar_miss50","gamlss2",500,4,"mu",0.19,0.511377067238538,0.518671221928233,0.465946940266215,0.538203252471403,-0.00126685500364571,0.0276546508768759,"time_mar",0.5,0.502,0.292466666666667,"50%"
"n500_d4_time_mar_miss50","gamlss.longitudinal",500,4,"mu",0.01,0.0345347857411224,0.111245091743818,-0.0179879985217346,0.227670271745862,0.0783075247323705,0.123946053161083,"time_mar",0.5,0.502,0.292466666666667,"50%"
"n500_d4_time_mar_miss50","gamlss2",500,4,"sigma",0.49,-0.293888315558184,-0.247907402940289,-0.335604555278485,-0.00124471686878015,0.062356264758622,0.111778878649387,"time_mar",0.5,0.502,0.292466666666667,"50%"
"n500_d4_time_mar_miss50","gamlss.longitudinal",500,4,"sigma",0.31,-0.108517662835106,-0.108905013588898,-0.140976461451558,-0.0709451712396479,0.00159527115197871,0.023345298551416,"time_mar",0.5,0.502,0.292466666666667,"50%"
"n500_d4_time_mar_miss50","gamlss2",500,4,"mu",0.98,-0.0689332784603676,-0.0963889914981869,-0.199211233086281,0.00542016644443077,-0.0246550595402186,0.0692105692397948,"time_mar",0.5,0.502,0.292466666666667,"50%"
"n500_d4_time_mar_miss50","gamlss.longitudinal",500,4,"mu",0.8,-0.523081083962335,-0.51532347584613,-0.541964381398184,-0.461348539154175,0.0138558141700428,0.030891651226535,"time_mar",0.5,0.502,0.292466666666667,"50%"
"n500_d4_time_mar_miss50","gamlss.longitudinal",500,4,"theta",0.61,0.103492763453817,0.0408583605821322,-0.00974833237198918,0.0939465319471199,-0.063347628694942,0.071435995824721,"time_mar",0.5,0.502,0.292466666666667,"50%"
"n500_d4_time_mar_miss50","gamlss2",500,4,"sigma",0.43,-0.266408412769509,-0.214904006397691,-0.314840799540675,-0.00214642394387255,0.0507341307759416,0.106927714840623,"time_mar",0.5,0.502,0.292466666666667,"50%"
"n500_d4_time_mar_miss50","gamlss.longitudinal",500,4,"sigma",0.25,-0.000720297029702949,-0.0294880136482585,-0.0671184423995611,0.00171098505408908,-0.0296997213819805,0.0374652723173737,"time_mar",0.5,0.502,0.292466666666667,"50%"
"n500_d4_time_mar_miss50","gamlss2",500,4,"mu",0.07,0.23417861036079,0.239999428301496,0.182059678275905,0.337065179942874,0.0200059919839918,0.0627706084012176,"time_mar",0.5,0.502,0.292466666666667,"50%"
"n500_d4_time_mar_miss50","gamlss.longitudinal",500,4,"theta",0.55,0.146145232346583,0.0636717655198417,0.0161755468999794,0.132829147006199,-0.0725709467443604,0.0817421388434626,"time_mar",0.5,0.502,0.292466666666667,"50%"
"n500_d4_time_mar_miss50","gamlss2",500,4,"sigma",0.37,-0.20152442880831,-0.169124621301242,-0.307457492238321,-0.00294705502380661,0.0200458700664137,0.0898309939137742,"time_mar",0.5,0.502,0.292466666666667,"50%"
"n500_d4_time_mar_miss50","gamlss.longitudinal",500,4,"sigma",0.19,0.1063570687757,0.0438010108012574,-0.00147860190027684,0.0994326538387709,-0.0531059120106557,0.0624275706277981,"time_mar",0.5,0.502,0.292466666666667,"50%"
"n500_d4_time_mar_miss50","gamlss2",500,4,"mu",0.01,0.0345347857411224,0.0525095426762258,-0.0537542114639164,0.220663451048494,0.0397916994654214,0.113350471470185,"time_mar",0.5,0.502,0.292466666666667,"50%"
"n500_d4_time_mar_miss50","gamlss.longitudinal",500,4,"theta",0.49,0.173763070864592,0.0904503937560814,0.0366201614306109,0.163199464633705,-0.07656977474964,0.0866967510041294,"time_mar",0.5,0.502,0.292466666666667,"50%"
"n500_d4_time_mar_miss50","gamlss2",500,4,"sigma",0.31,-0.108517662835106,-0.126383796708124,-0.233133354796371,-0.0036624884125324,-0.0089701816425166,0.0661854832649571,"time_mar",0.5,0.502,0.292466666666667,"50%"
"n500_d4_time_mar_miss50","gamlss.longitudinal",500,4,"sigma",0.98,0.28012411336464,0.295220356291844,0.228458169571984,0.353901729396496,0.0153525513453037,0.0449227594330602,"time_mar",0.5,0.502,0.292466666666667,"50%"
"n500_d4_time_mar_miss50","gamlss2",500,4,"mu",0.8,-0.523081083962335,-0.523485110718657,-0.553255505580651,-0.464420423357757,0.0054701191068124,0.0319228408169683,"time_mar",0.5,0.502,0.292466666666667,"50%"
"n500_d4_time_mar_miss50","gamlss.longitudinal",500,4,"mu",0.62,-0.376500908260779,-0.382207518159733,-0.428479908338875,-0.329604907647525,-0.00244495136519438,0.0304798716336909,"time_mar",0.5,0.502,0.292466666666667,"50%"
"n500_d4_time_mar_miss50","gamlss.longitudinal",500,4,"theta",0.43,0.184857776130657,0.107475151544249,0.053218960536232,0.178560528953429,-0.0743514093556799,0.0848963623672235,"time_mar",0.5,0.502,0.292466666666667,"50%"
"n500_d4_time_mar_miss50","gamlss2",500,4,"sigma",0.25,-0.000720297029702949,-0.0215982705019134,-0.0644763837619589,0.0217024828854494,-0.0172210821337265,0.0340155285298078,"time_mar",0.5,0.502,0.292466666666667,"50%"
"n500_d4_time_mar_miss50","gamlss.longitudinal",500,4,"sigma",0.07,0.258487818710103,0.2173264105126,0.139122888304625,0.29306591808232,-0.0377506064108125,0.0658275093767562,"time_mar",0.5,0.502,0.292466666666667,"50%"
"n500_d4_time_mar_miss50","gamlss.longitudinal",500,4,"mu",0.56,-0.202468503976573,-0.212058731831226,-0.23723639652497,-0.161948103979404,-0.00414693803415532,0.0254764539391143,"time_mar",0.5,0.502,0.292466666666667,"50%"
"n500_d4_time_mar_miss50","gamlss.longitudinal",500,4,"theta",0.37,0.178526185500532,0.116932409775328,0.0587272787547268,0.178540267497299,-0.0646766636128283,0.0755279053803516,"time_mar",0.5,0.502,0.292466666666667,"50%"
"n500_d4_time_mar_miss50","gamlss2",500,4,"sigma",0.19,0.1063570687757,0.0883669196963459,-0.00766741055076118,0.196012128350741,-0.0137100642449545,0.0677804416088904,"time_mar",0.5,0.502,0.292466666666667,"50%"
"n500_d4_time_mar_miss50","gamlss.longitudinal",500,4,"sigma",0.01,0.280927721498779,0.307173955284149,0.204377610704443,0.395860577805759,0.0214510673131001,0.0693468944392123,"time_mar",0.5,0.502,0.292466666666667,"50%"
"n500_d4_time_mar_miss50","gamlss.longitudinal",500,4,"mu",0.5,7.55070274106452e-17,-0.0132795873421908,-0.0299002287925652,0.0315263300648491,-0.00475926484258641,0.0221090564004734,"time_mar",0.5,0.502,0.292466666666667,"50%"
"n500_d4_time_mar_miss50","gamlss.longitudinal",500,4,"theta",0.31,0.154482471549843,0.114370828950228,0.0586149747702939,0.164079218831944,-0.0459212602294359,0.0587740638921604,"time_mar",0.5,0.502,0.292466666666667,"50%"
"n500_d4_time_mar_miss50","gamlss2",500,4,"sigma",0.98,0.28012411336464,0.267594184453309,0.00958794036753762,0.413601537972617,-0.0274702708424243,0.129467195123176,"time_mar",0.5,0.502,0.292466666666667,"50%"
"n500_d4_time_mar_miss50","gamlss.longitudinal",500,4,"sigma",0.8,0.0892348012827812,0.0470597935884517,-0.0103797633507756,0.107405554113581,-0.0401482882334392,0.0548043217721698,"time_mar",0.5,0.502,0.292466666666667,"50%"
"n500_d4_time_mar_miss50","gamlss2",500,4,"mu",0.62,-0.376500908260779,-0.38784726757862,-0.431370843735879,-0.330629242447999,-0.00757339980250373,0.0344163574596042,"time_mar",0.5,0.502,0.292466666666667,"50%"
"n500_d4_time_mar_miss50","gamlss.longitudinal",500,4,"mu",0.44,0.202468503976573,0.193139113208693,0.167839011187903,0.230811223378408,-0.00546648440232435,0.0224520450660432,"time_mar",0.5,0.502,0.292466666666667,"50%"
"n500_d4_time_mar_miss50","gamlss.longitudinal",500,4,"theta",0.25,0.113068267653095,0.0982773632372209,0.0440424068394622,0.146847949517828,-0.0165132903841412,0.040272351573989,"time_mar",0.5,0.502,0.292466666666667,"50%"
"n500_d4_time_mar_miss50","gamlss2",500,4,"sigma",0.07,0.258487818710103,0.224949762414476,0.0481514312471621,0.345173285715438,-0.0428092705690007,0.103260670101035,"time_mar",0.5,0.502,0.292466666666667,"50%"
"n500_d4_time_mar_miss50","gamlss2",500,4,"mu",0.56,-0.202468503976573,-0.218183115888872,-0.237440496941213,-0.15981983328058,-0.00763747545072926,0.0292970995273213,"time_mar",0.5,0.502,0.292466666666667,"50%"
"n500_d4_time_mar_miss50","gamlss.longitudinal",500,4,"mu",0.38,0.376500908260779,0.360208418044451,0.338402075384826,0.413012483474994,-0.00884656979448615,0.0270359605005921,"time_mar",0.5,0.502,0.292466666666667,"50%"
"n500_d4_time_mar_miss50","gamlss.longitudinal",500,4,"theta",0.19,0.055240565451063,0.0934154669946885,0.0094906071537776,0.135110583809593,0.0245186183913115,0.0481103300691311,"time_mar",0.5,0.502,0.292466666666667,"50%"
"n500_d4_time_mar_miss50","gamlss2",500,4,"sigma",0.01,0.280927721498779,0.238994381026976,0.0230407345076317,0.438591791829735,-0.0484889268268426,0.144395353577271,"time_mar",0.5,0.502,0.292466666666667,"50%"
"n500_d4_time_mar_miss50","gamlss2",500,4,"mu",0.5,7.55070274106452e-17,-0.00267894953409392,-0.0361946327931481,0.0201349808448378,-0.00648480572881852,0.0219092119960447,"time_mar",0.5,0.502,0.292466666666667,"50%"
"n500_d4_time_mar_miss50","gamlss.longitudinal",500,4,"mu",0.32,0.497654878856311,0.484108476769889,0.454256227746213,0.521391891048216,-0.0145642117340751,0.0282923726808045,"time_mar",0.5,0.502,0.292466666666667,"50%"
"n500_d4_time_mar_miss50","gamlss.longitudinal",500,4,"theta",0.98,-0.34046415291859,-0.300809377338447,-0.405007460179335,-0.139261714121176,0.0578354497000807,0.108724636705246,"time_mar",0.5,0.502,0.292466666666667,"50%"
"n500_d4_time_mar_miss50","gamlss2",500,4,"sigma",0.8,0.0892348012827812,0.0734421811927318,-0.0231160010153688,0.202791363771511,-0.0146413740094335,0.0729719422413645,"time_mar",0.5,0.502,0.292466666666667,"50%"
"n500_d4_time_mar_miss50","gamlss.longitudinal",500,4,"sigma",0.62,-0.214600885256126,-0.164431970131307,-0.208890921380473,-0.140453093941214,0.0435907812163256,0.0506440245222797,"time_mar",0.5,0.502,0.292466666666667,"50%"
"n500_d4_time_mar_miss50","gamlss2",500,4,"mu",0.44,0.202468503976573,0.196239443549748,0.165558356190174,0.237803056292174,-0.00359924359933664,0.0222541054658015,"time_mar",0.5,0.502,0.292466666666667,"50%"
"n500_d4_time_mar_miss50","gamlss.longitudinal",500,4,"mu",0.26,0.548914700635549,0.534826287221966,0.500989945518464,0.554819515255578,-0.0177740220297108,0.0261339045414843,"time_mar",0.5,0.502,0.292466666666667,"50%"
"n500_d4_time_mar_miss50","gamlss.longitudinal",500,4,"theta",0.07,-0.10297458579171,0.0633332650759329,-0.0531168962546019,0.12567961582868,0.141401422766913,0.155523621673065,"time_mar",0.5,0.502,0.292466666666667,"50%"
"n500_d4_time_mar_miss50","gamlss.longitudinal",500,4,"sigma",0.56,-0.273763242796178,-0.197732792208143,-0.273595388893281,-0.173645330671257,0.0634083537649632,0.0718406116802458,"time_mar",0.5,0.502,0.292466666666667,"50%"
"n500_d4_time_mar_miss50","gamlss2",500,4,"mu",0.38,0.376500908260779,0.366105197426785,0.338636361832953,0.414410614160523,-0.00294497949667565,0.0279799301171625,"time_mar",0.5,0.502,0.292466666666667,"50%"
"n500_d4_time_mar_miss50","gamlss.longitudinal",500,4,"mu",0.2,0.523081083962334,0.515245075441504,0.475437981569399,0.54129201372991,-0.0127039175231734,0.0248779210207158,"time_mar",0.5,0.502,0.292466666666667,"50%"
"n500_d4_time_mar_miss50","gamlss.longitudinal",500,4,"theta",0.01,-0.198777438580707,0.0409112925665559,-0.107068034185466,0.124155556743852,0.215210811164904,0.229849689999853,"time_mar",0.5,0.502,0.292466666666667,"50%"
"n500_d4_time_mar_miss50","gamlss.longitudinal",500,4,"sigma",0.5,-0.294470297029703,-0.216999223521735,-0.298678480013398,-0.179884461280464,0.069810848718441,0.0799734217121764,"time_mar",0.5,0.502,0.292466666666667,"50%"
"n500_d4_time_mar_miss50","gamlss2",500,4,"mu",0.32,0.497654878856311,0.491867669938527,0.448862764037884,0.523006222098747,-0.00562515725133004,0.0284575576265961,"time_mar",0.5,0.502,0.292466666666667,"50%"
"n500_d4_time_mar_miss50","gamlss.longitudinal",500,4,"mu",0.99,-0.0345347857411223,-0.099273530099625,-0.195231923571314,0.0186208303030412,-0.0630201833524621,0.0934644285871467,"time_mar",0.5,0.502,0.292466666666667,"50%"
"n500_d4_time_mar_miss50","gamlss.longitudinal",500,4,"theta",0.8,-0.10508613905841,-0.115052897693137,-0.1669798117169,-0.0483109603058901,-0.00787546490702656,0.0435848647063592,"time_mar",0.5,0.502,0.292466666666667,"50%"
"n500_d4_time_mar_miss50","gamlss2",500,4,"sigma",0.62,-0.214600885256126,-0.176708264300754,-0.30595684895923,-0.0135385999286744,0.0354602798444391,0.0965883628374301,"time_mar",0.5,0.502,0.292466666666667,"50%"
"n500_d4_time_mar_miss50","gamlss.longitudinal",500,4,"sigma",0.44,-0.273763242796178,-0.205693237397153,-0.2906674131618,-0.164709881733374,0.0606011006500397,0.0721960879978153,"time_mar",0.5,0.502,0.292466666666667,"50%"
"n500_d4_time_mar_miss50","gamlss2",500,4,"mu",0.26,0.548914700635549,0.538134835742603,0.513657210616458,0.586592922265283,-0.00702860124249358,0.0264280530664609,"time_mar",0.5,0.502,0.292466666666667,"50%"
"n500_d4_time_mar_miss50","gamlss.longitudinal",500,4,"mu",0.08,0.264964520755943,0.283489337761407,0.248021314878826,0.377592451990512,0.0304131962518218,0.0566337809598432,"time_mar",0.5,0.502,0.292466666666667,"50%"
"n500_d4_time_mar_miss50","gamlss2",500,4,"sigma",0.56,-0.273763242796178,-0.252269481328353,-0.326876365506113,-0.00688037804391056,0.0514175769888347,0.103121645917667,"time_mar",0.5,0.502,0.292466666666667,"50%"
"n500_d4_time_mar_miss50","gamlss.longitudinal",500,4,"sigma",0.38,-0.214600885256126,-0.171273246431762,-0.247244435244466,-0.12874476656698,0.0378351350209661,0.0506431701159039,"time_mar",0.5,0.502,0.292466666666667,"50%"
"n500_d4_time_mar_miss50","gamlss2",500,4,"mu",0.2,0.523081083962334,0.530990453716556,0.47310131586353,0.549181335039415,-0.00253684444088988,0.0285440384825625,"time_mar",0.5,0.502,0.292466666666667,"50%"
"n500_d4_time_mar_miss50","gamlss.longitudinal",500,4,"mu",0.02,0.0689332784603674,0.137833864904224,0.022791119986211,0.246627828223849,0.0706180548348235,0.113117844155924,"time_mar",0.5,0.502,0.292466666666667,"50%"
"n500_d4_time_mar_miss50","gamlss2",500,4,"sigma",0.5,-0.294470297029703,-0.243293607521025,-0.33426815496816,-0.00108363256488255,0.0620650398345857,0.110855957884727,"time_mar",0.5,0.502,0.292466666666667,"50%"
"n500_d4_time_mar_miss50","gamlss.longitudinal",500,4,"sigma",0.32,-0.125444084499225,-0.12420717529339,-0.158479888192785,-0.0800983950126088,0.00704051946308119,0.0255464360078786,"time_mar",0.5,0.502,0.292466666666667,"50%"
"n500_d4_time_mar_miss50","gamlss2",500,4,"mu",0.99,-0.0345347857411223,-0.0631740347498229,-0.184034559467916,0.0380266839375756,-0.0306027422889891,0.0789333604071664,"time_mar",0.5,0.502,0.292466666666667,"50%"
"n500_d4_time_mar_miss50","gamlss.longitudinal",500,4,"mu",0.81,-0.511377067238538,-0.50193421327538,-0.529026114274682,-0.454586507386887,0.0143900522460365,0.0300357894910073,"time_mar",0.5,0.502,0.292466666666667,"50%"
"n500_d4_time_mar_miss50","gamlss.longitudinal",500,4,"theta",0.62,0.0950570556093092,0.0341203374879679,-0.0145572305344413,0.0871310172758683,-0.0613606975990699,0.0693274497300221,"time_mar",0.5,0.502,0.292466666666667,"50%"
"n500_d4_time_mar_miss50","gamlss2",500,4,"sigma",0.44,-0.273763242796178,-0.224450867498314,-0.315823817267426,-0.00200356254390591,0.0543161610999205,0.109118306869564,"time_mar",0.5,0.502,0.292466666666667,"50%"
"n500_d4_time_mar_miss50","gamlss.longitudinal",500,4,"sigma",0.26,-0.019067452888497,-0.0428553266813456,-0.0774636691607244,-0.0132848582973831,-0.0248094951219089,0.0330993774441097,"time_mar",0.5,0.502,0.292466666666667,"50%"
"n500_d4_time_mar_miss50","gamlss2",500,4,"mu",0.08,0.264964520755943,0.279801699020859,0.213091855160573,0.355612120966983,0.0175788440324307,0.0566896672200188,"time_mar",0.5,0.502,0.292466666666667,"50%"
"n500_d4_time_mar_miss50","gamlss.longitudinal",500,4,"theta",0.56,0.140032230321198,0.0610799201302188,0.0122475766031962,0.126026979192127,-0.0713661540626705,0.080346487721982,"time_mar",0.5,0.502,0.292466666666667,"50%"
"n500_d4_time_mar_miss50","gamlss2",500,4,"sigma",0.38,-0.214600885256126,-0.178718699308933,-0.308044663059458,-0.00281997580382033,0.0257550462134934,0.0926775860120024,"time_mar",0.5,0.502,0.292466666666667,"50%"
"n500_d4_time_mar_miss50","gamlss.longitudinal",500,4,"sigma",0.2,0.0892348012827813,0.0316874950109538,-0.012757783089765,0.0825528873493202,-0.0501200701635055,0.0588951567065555,"time_mar",0.5,0.502,0.292466666666667,"50%"
"n500_d4_time_mar_miss50","gamlss2",500,4,"mu",0.02,0.0689332784603674,0.0873445214222892,-0.0066198906023858,0.240346018832053,0.0359252572904865,0.103452415937486,"time_mar",0.5,0.502,0.292466666666667,"50%"
"n500_d4_time_mar_miss50","gamlss.longitudinal",500,4,"theta",0.5,0.170274351999171,0.0867009752580305,0.0335421797130963,0.159450016331391,-0.0763023828195344,0.0863078091778316,"time_mar",0.5,0.502,0.292466666666667,"50%"
"n500_d4_time_mar_miss50","gamlss2",500,4,"sigma",0.32,-0.125444084499225,-0.140317242339225,-0.25537556907456,-0.00354846245789078,-0.00531190118125918,0.0716570540660999,"time_mar",0.5,0.502,0.292466666666667,"50%"
"n500_d4_time_mar_miss50","gamlss.longitudinal",500,4,"sigma",0.99,0.280927721498779,0.308015040784581,0.240663585951791,0.367570785742017,0.0279084693816595,0.0514851142518536,"time_mar",0.5,0.502,0.292466666666667,"50%"
"n500_d4_time_mar_miss50","gamlss2",500,4,"mu",0.81,-0.511377067238538,-0.507850639086201,-0.539754646746047,-0.461904839047114,0.00700742989933749,0.0310320166393817,"time_mar",0.5,0.502,0.292466666666667,"50%"
"n500_d4_time_mar_miss50","gamlss.longitudinal",500,4,"mu",0.63,-0.400932745081776,-0.404235943933476,-0.455170731493624,-0.35431625830638,-0.00203938818377099,0.0314273075021285,"time_mar",0.5,0.502,0.292466666666667,"50%"
"n500_d4_time_mar_miss50","gamlss.longitudinal",500,4,"theta",0.44,0.184201951226786,0.104945079610467,0.050624386648964,0.176891012870237,-0.075204079268514,0.0857080753788027,"time_mar",0.5,0.502,0.292466666666667,"50%"
"n500_d4_time_mar_miss50","gamlss2",500,4,"sigma",0.26,-0.019067452888497,-0.0359300422041248,-0.0888695675339112,0.00538594671172841,-0.0173078625976658,0.0356740051834169,"time_mar",0.5,0.502,0.292466666666667,"50%"
"n500_d4_time_mar_miss50","gamlss.longitudinal",500,4,"sigma",0.08,0.250781706983456,0.202408703718059,0.127209094898102,0.275943754236295,-0.0437373992863294,0.0680607027313812,"time_mar",0.5,0.502,0.292466666666667,"50%"
"n500_d4_time_mar_miss50","gamlss.longitudinal",500,4,"mu",0.57,-0.23417861036079,-0.242380308528908,-0.269402223853465,-0.191879685870052,-0.00393603131983541,0.0261733877569673,"time_mar",0.5,0.502,0.292466666666667,"50%"
"n500_d4_time_mar_miss50","gamlss.longitudinal",500,4,"theta",0.38,0.18081150867889,0.116103938780708,0.0599881344561685,0.179633929106039,-0.0668737917708251,0.0776293321056623,"time_mar",0.5,0.502,0.292466666666667,"50%"
"n500_d4_time_mar_miss50","gamlss2",500,4,"sigma",0.2,0.0892348012827813,0.074692591816602,-0.00804181099804493,0.166383683358075,-0.0139796137091846,0.061277689594631,"time_mar",0.5,0.502,0.292466666666667,"50%"
"n500_d4_time_mar_miss50","gamlss.longitudinal",500,4,"sigma",0.02,0.28012411336464,0.292179622667563,0.194716139546999,0.378727988358985,0.00867937328515887,0.0643654007075282,"time_mar",0.5,0.502,0.292466666666667,"50%"
"n500_d4_time_mar_miss50","gamlss.longitudinal",500,4,"mu",0.51,-0.0345347857411223,-0.0474005430985062,-0.0661428906509775,-0.00418015324621642,-0.00470982477790272,0.0225463204445395,"time_mar",0.5,0.502,0.292466666666667,"50%"
"n500_d4_time_mar_miss50","gamlss.longitudinal",500,4,"theta",0.32,0.159713005294007,0.115323027042359,0.0584489681984334,0.16733381918239,-0.0497527891161708,0.0619899421801291,"time_mar",0.5,0.502,0.292466666666667,"50%"
"n500_d4_time_mar_miss50","gamlss2",500,4,"sigma",0.99,0.280927721498779,0.270916268235489,0.00983739165940496,0.434407676895643,-0.0215281745982321,0.138461436269071,"time_mar",0.5,0.502,0.292466666666667,"50%"
"n500_d4_time_mar_miss50","gamlss.longitudinal",500,4,"sigma",0.81,0.106357068775701,0.0618950482440213,0.00127451311898364,0.123450073159867,-0.0432140623974022,0.0575732826602789,"time_mar",0.5,0.502,0.292466666666667,"50%"
"n500_d4_time_mar_miss50","gamlss2",500,4,"mu",0.63,-0.400932745081776,-0.41513705083405,-0.456252618939726,-0.356311028329039,-0.00761632717745299,0.0352778832816461,"time_mar",0.5,0.502,0.292466666666667,"50%"
"n500_d4_time_mar_miss50","gamlss.longitudinal",500,4,"mu",0.45,0.169959346906221,0.162517297604042,0.137447931813508,0.196712238401023,-0.00521627408295909,0.0219727185385864,"time_mar",0.5,0.502,0.292466666666667,"50%"
"n500_d4_time_mar_miss50","gamlss.longitudinal",500,4,"theta",0.26,0.121143738894038,0.099426038345922,0.0475958403392692,0.148846169589381,-0.0222062876602822,0.0426773989798226,"time_mar",0.5,0.502,0.292466666666667,"50%"
"n500_d4_time_mar_miss50","gamlss2",500,4,"sigma",0.08,0.250781706983456,0.224725052671382,0.0470220085059519,0.325538823324651,-0.0394863434334851,0.100205443914908,"time_mar",0.5,0.502,0.292466666666667,"50%"
"n500_d4_time_mar_miss50","gamlss2",500,4,"mu",0.57,-0.23417861036079,-0.249488357603922,-0.271594189251979,-0.191779944560584,-0.00764035681673591,0.030323892557903,"time_mar",0.5,0.502,0.292466666666667,"50%"
"n500_d4_time_mar_miss50","gamlss.longitudinal",500,4,"mu",0.39,0.350583194361779,0.333361886368029,0.314310393324822,0.388966332510873,-0.00806781138124235,0.026261117415523,"time_mar",0.5,0.502,0.292466666666667,"50%"
"n500_d4_time_mar_miss50","gamlss.longitudinal",500,4,"theta",0.2,0.0659599177906087,0.0998924798163797,0.0138876981286773,0.136371052967127,0.0168562121388276,0.0436389540370618,"time_mar",0.5,0.502,0.292466666666667,"50%"
"n500_d4_time_mar_miss50","gamlss2",500,4,"sigma",0.02,0.28012411336464,0.230383279058859,0.0308102133232367,0.414197158871597,-0.0499228273235208,0.134974007391042,"time_mar",0.5,0.502,0.292466666666667,"50%"
"n500_d4_time_mar_miss50","gamlss2",500,4,"mu",0.51,-0.0345347857411223,-0.0419638063852243,-0.0723889096539629,-0.0107345773525352,-0.00685164764305401,0.0228691220062528,"time_mar",0.5,0.502,0.292466666666667,"50%"
"n500_d4_time_mar_miss50","gamlss.longitudinal",500,4,"mu",0.33,0.481968674024125,0.469921621969313,0.438402046363074,0.508186465445847,-0.0135831860514486,0.0284814454856817,"time_mar",0.5,0.502,0.292466666666667,"50%"
"n500_d4_time_mar_miss50","gamlss.longitudinal",500,4,"theta",0.99,-0.352803626444951,-0.313273650213439,-0.418498617110262,-0.144431210390508,0.060630043173299,0.112807623572686,"time_mar",0.5,0.502,0.292466666666667,"50%"
"n500_d4_time_mar_miss50","gamlss2",500,4,"sigma",0.81,0.106357068775701,0.0803339566636739,-0.0132943858539258,0.220844122316254,-0.0176996187681979,0.0746158204102636,"time_mar",0.5,0.502,0.292466666666667,"50%"
"n500_d4_time_mar_miss50","gamlss.longitudinal",500,4,"sigma",0.63,-0.20152442880831,-0.157997440502486,-0.200102116386038,-0.132722594069397,0.0393196862217601,0.0463762199850298,"time_mar",0.5,0.502,0.292466666666667,"50%"
"n500_d4_time_mar_miss50","gamlss2",500,4,"mu",0.45,0.169959346906221,0.166160422863372,0.136587175001803,0.201074398944544,-0.00403759735506369,0.0216898129966723,"time_mar",0.5,0.502,0.292466666666667,"50%"
"n500_d4_time_mar_miss50","gamlss.longitudinal",500,4,"mu",0.27,0.545663085722963,0.529398148088504,0.497902059892208,0.554663140390317,-0.0177138909956223,0.0264177487973193,"time_mar",0.5,0.502,0.292466666666667,"50%"
"n500_d4_time_mar_miss50","gamlss.longitudinal",500,4,"theta",0.08,-0.0879348431696164,0.0638142531815324,-0.0449835825097864,0.125914001965743,0.129997648020268,0.144146845870154,"time_mar",0.5,0.502,0.292466666666667,"50%"
"n500_d4_time_mar_miss50","gamlss.longitudinal",500,4,"sigma",0.57,-0.266408412769509,-0.192472930382195,-0.265973248181345,-0.171082168021554,0.0609338153950255,0.0690707538136842,"time_mar",0.5,0.502,0.292466666666667,"50%"
"n500_d4_time_mar_miss50","gamlss2",500,4,"mu",0.39,0.350583194361779,0.33892429138105,0.319982244520642,0.390311767573853,-0.00278246940174182,0.0268965209143422,"time_mar",0.5,0.502,0.292466666666667,"50%"
"n500_d4_time_mar_miss50","gamlss.longitudinal",500,4,"mu",0.21,0.532720738620747,0.523421724302575,0.484587327121428,0.546434225287383,-0.0142866310586895,0.0251769063428052,"time_mar",0.5,0.502,0.292466666666667,"50%"
"n500_d4_time_mar_miss50","gamlss.longitudinal",500,4,"theta",0.02,-0.182214238754327,0.0471492783661439,-0.0980495929286322,0.124415785341166,0.202321946121033,0.216819642159403,"time_mar",0.5,0.502,0.292466666666667,"50%"
"n500_d4_time_mar_miss50","gamlss.longitudinal",500,4,"sigma",0.51,-0.293888315558184,-0.215354660883975,-0.296841528690927,-0.178380556777975,0.0698139841534899,0.0797058196232093,"time_mar",0.5,0.502,0.292466666666667,"50%"
"n500_d4_time_mar_miss50","gamlss2",500,4,"mu",0.33,0.481968674024125,0.474755292191767,0.431129900008339,0.506836541729596,-0.00508230431391651,0.0292734196190341,"time_mar",0.5,0.502,0.292466666666667,"50%"
"n500_d4_time_mar_miss50","gamlss.longitudinal",500,4,"mu",1,-1.26553020970047e-16,-0.0795812120741975,-0.180149404106611,0.0341988689828426,-0.0774380657684095,0.105400683345268,"time_mar",0.5,0.502,0.292466666666667,"50%"
"n500_d4_time_mar_miss50","gamlss.longitudinal",500,4,"theta",0.81,-0.118039780738624,-0.122520008605269,-0.177874773914146,-0.0546346118489554,-0.00410458678301908,0.0452482412846371,"time_mar",0.5,0.502,0.292466666666667,"50%"
"n500_d4_time_mar_miss50","gamlss2",500,4,"sigma",0.63,-0.20152442880831,-0.164738735076304,-0.302478145280273,-0.0146464109297066,0.0328927092834741,0.0949140569043241,"time_mar",0.5,0.502,0.292466666666667,"50%"
"n500_d4_time_mar_miss50","gamlss.longitudinal",500,4,"sigma",0.45,-0.280037251918249,-0.210097160975481,-0.294343163928629,-0.169269902047262,0.063180200261551,0.0745676050154415,"time_mar",0.5,0.502,0.292466666666667,"50%"
"n500_d4_time_mar_miss50","gamlss2",500,4,"mu",0.27,0.545663085722963,0.530955135238817,0.510649691417148,0.581842503133087,-0.00715660198151534,0.0257521415375713,"time_mar",0.5,0.502,0.292466666666667,"50%"
"n500_d4_time_mar_miss50","gamlss.longitudinal",500,4,"mu",0.09,0.294704737238448,0.305928444467677,0.277190283426863,0.397117815248942,0.0249867671917379,0.0493814971987098,"time_mar",0.5,0.502,0.292466666666667,"50%"
"n500_d4_time_mar_miss50","gamlss2",500,4,"sigma",0.57,-0.266408412769509,-0.24213354333341,-0.31765186133323,-0.00799148082316627,0.0488105617523325,0.102074940290226,"time_mar",0.5,0.502,0.292466666666667,"50%"
"n500_d4_time_mar_miss50","gamlss.longitudinal",500,4,"sigma",0.39,-0.22683426986244,-0.18070002640319,-0.257101642029994,-0.135684570158083,0.0423677586302223,0.0549297048034134,"time_mar",0.5,0.502,0.292466666666667,"50%"
"n500_d4_time_mar_miss50","gamlss2",500,4,"mu",0.21,0.532720738620747,0.540795004235573,0.480327321354829,0.563347861510378,-0.00368207127343465,0.0291501045149559,"time_mar",0.5,0.502,0.292466666666667,"50%"
"n500_d4_time_mar_miss50","gamlss.longitudinal",500,4,"mu",0.03,0.103059723022149,0.163150451954476,0.0633317233988406,0.269301326164653,0.0631313089150865,0.102548035332184,"time_mar",0.5,0.502,0.292466666666667,"50%"
"n500_d4_time_mar_miss50","gamlss2",500,4,"sigma",0.51,-0.293888315558184,-0.244556626258609,-0.330007963313202,-0.00131615794969409,0.061237944987972,0.109661976211937,"time_mar",0.5,0.502,0.292466666666667,"50%"
"n500_d4_time_mar_miss50","gamlss.longitudinal",500,4,"sigma",0.33,-0.141886399260218,-0.13546847535081,-0.175575583857218,-0.0889782401421005,0.0124334306209903,0.0288350719380017,"time_mar",0.5,0.502,0.292466666666667,"50%"
"n500_d4_time_mar_miss50","gamlss2",500,4,"mu",1,-1.26553020970047e-16,-0.0363090205250282,-0.168894614890879,0.0726190600436325,-0.0366757766970238,0.089086254267033,"time_mar",0.5,0.502,0.292466666666667,"50%"
"n500_d4_time_mar_miss50","gamlss.longitudinal",500,4,"mu",0.82,-0.497654878856311,-0.489751126595528,-0.513851328900545,-0.437293802622999,0.0146325161427279,0.0291673346718092,"time_mar",0.5,0.502,0.292466666666667,"50%"
"n500_d4_time_mar_miss50","gamlss.longitudinal",500,4,"theta",0.63,0.0862695122781584,0.0258515246378199,-0.0194913475019201,0.0799247510368094,-0.0592614231019096,0.0671414475456813,"time_mar",0.5,0.502,0.292466666666667,"50%"
"n500_d4_time_mar_miss50","gamlss2",500,4,"sigma",0.45,-0.280037251918249,-0.234280250689282,-0.318247561226702,-0.00185781686218225,0.0572624041083745,0.110797075241405,"time_mar",0.5,0.502,0.292466666666667,"50%"
"n500_d4_time_mar_miss50","gamlss.longitudinal",500,4,"sigma",0.27,-0.0373602670989943,-0.0591427222170039,-0.0875341198340348,-0.0273194593434737,-0.0197395966403451,0.0290866624118339,"time_mar",0.5,0.502,0.292466666666667,"50%"
"n500_d4_time_mar_miss50","gamlss2",500,4,"mu",0.09,0.294704737238448,0.311596476854744,0.244539549595983,0.377839936418165,0.0153605185464429,0.0511734980158201,"time_mar",0.5,0.502,0.292466666666667,"50%"
"n500_d4_time_mar_miss50","gamlss.longitudinal",500,4,"theta",0.57,0.13350879668018,0.058863474874126,0.00815236574615426,0.118710197467164,-0.0700298764010072,0.0788148599601028,"time_mar",0.5,0.502,0.292466666666667,"50%"
"n500_d4_time_mar_miss50","gamlss2",500,4,"sigma",0.39,-0.22683426986244,-0.18250660813891,-0.30647063787399,-0.00269045292384259,0.0313819135304802,0.0955744677708973,"time_mar",0.5,0.502,0.292466666666667,"50%"
"n500_d4_time_mar_miss50","gamlss.longitudinal",500,4,"sigma",0.21,0.0717266691197535,0.0201676376200441,-0.0239175715309172,0.0658025723331008,-0.0467107035116502,0.0550151239848861,"time_mar",0.5,0.502,0.292466666666667,"50%"
"n500_d4_time_mar_miss50","gamlss2",500,4,"mu",0.03,0.103059723022149,0.113787934727311,0.0456173628734,0.259987362855028,0.0322412148795409,0.0940131604467476,"time_mar",0.5,0.502,0.292466666666667,"50%"
"n500_d4_time_mar_miss50","gamlss.longitudinal",500,4,"theta",0.51,0.16633114513373,0.0826598695005835,0.0303486590862453,0.15518801296798,-0.0758688334805946,0.0857356690710135,"time_mar",0.5,0.502,0.292466666666667,"50%"
"n500_d4_time_mar_miss50","gamlss2",500,4,"sigma",0.33,-0.141886399260218,-0.146662452733332,-0.273489365890176,-0.00343245612828013,-0.0010558575980376,0.0763770593906654,"time_mar",0.5,0.502,0.292466666666667,"50%"
"n500_d4_time_mar_miss50","gamlss.longitudinal",500,4,"sigma",1,0.280529702970297,0.316480810828479,0.250046285362461,0.380658381663257,0.0391054329503949,0.0598258785116236,"time_mar",0.5,0.502,0.292466666666667,"50%"
"n500_d4_time_mar_miss50","gamlss2",500,4,"mu",0.82,-0.497654878856311,-0.492975422292115,-0.523874545736636,-0.445317814000878,0.00841905453628055,0.0301857940362521,"time_mar",0.5,0.502,0.292466666666667,"50%"
"n500_d4_time_mar_miss50","gamlss.longitudinal",500,4,"mu",0.64,-0.423782283526684,-0.42513332125109,-0.479341082850458,-0.377817149039853,-0.00158504863875298,0.0323484529266795,"time_mar",0.5,0.502,0.292466666666667,"50%"
"n500_d4_time_mar_miss50","gamlss.longitudinal",500,4,"theta",0.45,0.183063682402491,0.102601296995661,0.0479729382966054,0.174681235669134,-0.0758505531331843,0.0863080827407196,"time_mar",0.5,0.502,0.292466666666667,"50%"
"n500_d4_time_mar_miss50","gamlss2",500,4,"sigma",0.27,-0.0373602670989943,-0.049947023113502,-0.10588418769442,-0.00410043580702013,-0.0169074195094087,0.0402519459526054,"time_mar",0.5,0.502,0.292466666666667,"50%"
"n500_d4_time_mar_miss50","gamlss.longitudinal",500,4,"sigma",0.09,0.242018080620902,0.187514117183416,0.115313607334395,0.258830320866711,-0.0487094746241304,0.0700991355643137,"time_mar",0.5,0.502,0.292466666666667,"50%"
"n500_d4_time_mar_miss50","gamlss.longitudinal",500,4,"mu",0.58,-0.264964520755943,-0.271514817290863,-0.303273447219385,-0.221164231381832,-0.00371129633838762,0.026911301067698,"time_mar",0.5,0.502,0.292466666666667,"50%"
"n500_d4_time_mar_miss50","gamlss.longitudinal",500,4,"theta",0.39,0.182603522832818,0.115048090322054,0.0611107525986147,0.180347708274599,-0.0688255069540202,0.0795166114342226,"time_mar",0.5,0.502,0.292466666666667,"50%"
"n500_d4_time_mar_miss50","gamlss2",500,4,"sigma",0.21,0.0717266691197535,0.060483863726614,-0.0103204987515439,0.133599916774528,-0.014542293771272,0.0542794791009284,"time_mar",0.5,0.502,0.292466666666667,"50%"
"n500_d4_time_mar_miss50","gamlss.longitudinal",500,4,"sigma",0.03,0.278125878188904,0.277188793227066,0.185053989394116,0.361594884011384,-0.0029031686785551,0.0617409871808048,"time_mar",0.5,0.502,0.292466666666667,"50%"
"n500_d4_time_mar_miss50","gamlss.longitudinal",500,4,"mu",0.52,-0.0689332784603674,-0.0812129711798144,-0.102630461630246,-0.0411399889125601,-0.00464290977654393,0.0230562700842503,"time_mar",0.5,0.502,0.292466666666667,"50%"
"n500_d4_time_mar_miss50","gamlss.longitudinal",500,4,"theta",0.33,0.164456840627863,0.118136043501128,0.0581808117824936,0.170279007407492,-0.0532872262157313,0.0650646554894772,"time_mar",0.5,0.502,0.292466666666667,"50%"
"n500_d4_time_mar_miss50","gamlss2",500,4,"sigma",1,0.280529702970297,0.273108011187776,0.010086844498371,0.455224375230344,-0.0143943878321894,0.148769784330276,"time_mar",0.5,0.502,0.292466666666667,"50%"
"n500_d4_time_mar_miss50","gamlss.longitudinal",500,4,"sigma",0.82,0.123023490439819,0.0756071740800989,0.0131104611787913,0.138873672678878,-0.0458352468324795,0.0599211219418187,"time_mar",0.5,0.502,0.292466666666667,"50%"
"n500_d4_time_mar_miss50","gamlss2",500,4,"mu",0.64,-0.423782283526684,-0.436739018707462,-0.478740644277675,-0.381175751722602,-0.00767412675229946,0.0361255628747103,"time_mar",0.5,0.502,0.292466666666667,"50%"
"n500_d4_time_mar_miss50","gamlss.longitudinal",500,4,"mu",0.46,0.13677943794067,0.132743708593698,0.106351117913404,0.164212813192362,-0.00505719882797327,0.0216421693710805,"time_mar",0.5,0.502,0.292466666666667,"50%"
"n500_d4_time_mar_miss50","gamlss.longitudinal",500,4,"theta",0.27,0.128756363872617,0.101230810906606,0.0509982941333147,0.150613192696457,-0.0275786412366077,0.0455769987266399,"time_mar",0.5,0.502,0.292466666666667,"50%"
"n500_d4_time_mar_miss50","gamlss2",500,4,"sigma",0.09,0.242018080620902,0.225921935759064,0.0458926119329377,0.335055448296524,-0.0359039444095697,0.0979273152596542,"time_mar",0.5,0.502,0.292466666666667,"50%"
"n500_d4_time_mar_miss50","gamlss2",500,4,"mu",0.58,-0.264964520755943,-0.280271076733312,-0.307957501740514,-0.220773516466517,-0.00762042964507448,0.0312163210161895,"time_mar",0.5,0.502,0.292466666666667,"50%"
"n500_d4_time_mar_miss50","gamlss.longitudinal",500,4,"mu",0.4,0.32328188876086,0.308444762224722,0.288608701019545,0.363100717330296,-0.00734840060188996,0.0254753837267491,"time_mar",0.5,0.502,0.292466666666667,"50%"
"n500_d4_time_mar_miss50","gamlss.longitudinal",500,4,"theta",0.21,0.0762566725753297,0.100967772881393,0.0214725765837819,0.137542723379693,0.00952299856189954,0.0403946198194272,"time_mar",0.5,0.502,0.292466666666667,"50%"
"n500_d4_time_mar_miss50","gamlss2",500,4,"sigma",0.03,0.278125878188904,0.223794566472869,0.0388768326911121,0.389809903148944,-0.0502525775246575,0.12642882921059,"time_mar",0.5,0.502,0.292466666666667,"50%"
"n500_d4_time_mar_miss50","gamlss2",500,4,"mu",0.52,-0.0689332784603674,-0.08074268592546,-0.108439258093476,-0.0412406249765519,-0.0071437003415471,0.0240811925262046,"time_mar",0.5,0.502,0.292466666666667,"50%"
"n500_d4_time_mar_miss50","gamlss.longitudinal",500,4,"mu",0.34,0.464380359026108,0.453179526311101,0.420408312643167,0.492686457259487,-0.0126185149056011,0.0285705050836138,"time_mar",0.5,0.502,0.292466666666667,"50%"
"n500_d4_time_mar_miss50","gamlss.longitudinal",500,4,"theta",1,-0.364965316156597,-0.322697965083032,-0.429997563293137,-0.146842361530291,0.0651989263584965,0.117378021895263,"time_mar",0.5,0.502,0.292466666666667,"50%"
